4844 4908
32 32 32
                                                                                                                                                                                     
2 1 0 31 64 XOR
2 1 0 31 65 AND
2 1 1 65 66 XOR
2 1 31 65 67 XOR
2 1 1 67 68 XOR
2 1 66 67 69 AND
2 1 65 69 70 XOR
2 1 2 70 71 XOR
2 1 31 70 72 XOR
2 1 2 72 73 XOR
2 1 71 72 74 AND
2 1 70 74 75 XOR
2 1 3 75 76 XOR
2 1 31 75 77 XOR
2 1 3 77 78 XOR
2 1 76 77 79 AND
2 1 75 79 80 XOR
2 1 4 80 81 XOR
2 1 31 80 82 XOR
2 1 4 82 83 XOR
2 1 81 82 84 AND
2 1 80 84 85 XOR
2 1 5 85 86 XOR
2 1 31 85 87 XOR
2 1 5 87 88 XOR
2 1 86 87 89 AND
2 1 85 89 90 XOR
2 1 6 90 91 XOR
2 1 31 90 92 XOR
2 1 6 92 93 XOR
2 1 91 92 94 AND
2 1 90 94 95 XOR
2 1 7 95 96 XOR
2 1 31 95 97 XOR
2 1 7 97 98 XOR
2 1 96 97 99 AND
2 1 95 99 100 XOR
2 1 8 100 101 XOR
2 1 31 100 102 XOR
2 1 8 102 103 XOR
2 1 101 102 104 AND
2 1 100 104 105 XOR
2 1 9 105 106 XOR
2 1 31 105 107 XOR
2 1 9 107 108 XOR
2 1 106 107 109 AND
2 1 105 109 110 XOR
2 1 10 110 111 XOR
2 1 31 110 112 XOR
2 1 10 112 113 XOR
2 1 111 112 114 AND
2 1 110 114 115 XOR
2 1 11 115 116 XOR
2 1 31 115 117 XOR
2 1 11 117 118 XOR
2 1 116 117 119 AND
2 1 115 119 120 XOR
2 1 12 120 121 XOR
2 1 31 120 122 XOR
2 1 12 122 123 XOR
2 1 121 122 124 AND
2 1 120 124 125 XOR
2 1 13 125 126 XOR
2 1 31 125 127 XOR
2 1 13 127 128 XOR
2 1 126 127 129 AND
2 1 125 129 130 XOR
2 1 14 130 131 XOR
2 1 31 130 132 XOR
2 1 14 132 133 XOR
2 1 131 132 134 AND
2 1 130 134 135 XOR
2 1 15 135 136 XOR
2 1 31 135 137 XOR
2 1 15 137 138 XOR
2 1 136 137 139 AND
2 1 135 139 140 XOR
2 1 16 140 141 XOR
2 1 31 140 142 XOR
2 1 16 142 143 XOR
2 1 141 142 144 AND
2 1 140 144 145 XOR
2 1 17 145 146 XOR
2 1 31 145 147 XOR
2 1 17 147 148 XOR
2 1 146 147 149 AND
2 1 145 149 150 XOR
2 1 18 150 151 XOR
2 1 31 150 152 XOR
2 1 18 152 153 XOR
2 1 151 152 154 AND
2 1 150 154 155 XOR
2 1 19 155 156 XOR
2 1 31 155 157 XOR
2 1 19 157 158 XOR
2 1 156 157 159 AND
2 1 155 159 160 XOR
2 1 20 160 161 XOR
2 1 31 160 162 XOR
2 1 20 162 163 XOR
2 1 161 162 164 AND
2 1 160 164 165 XOR
2 1 21 165 166 XOR
2 1 31 165 167 XOR
2 1 21 167 168 XOR
2 1 166 167 169 AND
2 1 165 169 170 XOR
2 1 22 170 171 XOR
2 1 31 170 172 XOR
2 1 22 172 173 XOR
2 1 171 172 174 AND
2 1 170 174 175 XOR
2 1 23 175 176 XOR
2 1 31 175 177 XOR
2 1 23 177 178 XOR
2 1 176 177 179 AND
2 1 175 179 180 XOR
2 1 24 180 181 XOR
2 1 31 180 182 XOR
2 1 24 182 183 XOR
2 1 181 182 184 AND
2 1 180 184 185 XOR
2 1 25 185 186 XOR
2 1 31 185 187 XOR
2 1 25 187 188 XOR
2 1 186 187 189 AND
2 1 185 189 190 XOR
2 1 26 190 191 XOR
2 1 31 190 192 XOR
2 1 26 192 193 XOR
2 1 191 192 194 AND
2 1 190 194 195 XOR
2 1 27 195 196 XOR
2 1 31 195 197 XOR
2 1 27 197 198 XOR
2 1 196 197 199 AND
2 1 195 199 200 XOR
2 1 28 200 201 XOR
2 1 31 200 202 XOR
2 1 28 202 203 XOR
2 1 201 202 204 AND
2 1 200 204 205 XOR
2 1 29 205 206 XOR
2 1 31 205 207 XOR
2 1 29 207 208 XOR
2 1 206 207 209 AND
2 1 205 209 210 XOR
2 1 30 210 211 XOR
2 1 31 210 212 XOR
2 1 30 212 213 XOR
2 1 211 212 214 AND
2 1 210 214 215 XOR
2 1 215 31 216 XOR
2 1 216 31 217 XOR
2 1 64 31 218 XOR
2 1 68 31 219 XOR
2 1 73 31 220 XOR
2 1 78 31 221 XOR
2 1 83 31 222 XOR
2 1 88 31 223 XOR
2 1 93 31 224 XOR
2 1 98 31 225 XOR
2 1 103 31 226 XOR
2 1 108 31 227 XOR
2 1 113 31 228 XOR
2 1 118 31 229 XOR
2 1 123 31 230 XOR
2 1 128 31 231 XOR
2 1 133 31 232 XOR
2 1 138 31 233 XOR
2 1 143 31 234 XOR
2 1 148 31 235 XOR
2 1 153 31 236 XOR
2 1 158 31 237 XOR
2 1 163 31 238 XOR
2 1 168 31 239 XOR
2 1 173 31 240 XOR
2 1 178 31 241 XOR
2 1 183 31 242 XOR
2 1 188 31 243 XOR
2 1 193 31 244 XOR
2 1 198 31 245 XOR
2 1 203 31 246 XOR
2 1 208 31 247 XOR
2 1 213 31 248 XOR
2 1 217 31 249 XOR
2 1 32 63 250 XOR
2 1 32 63 251 AND
2 1 33 251 252 XOR
2 1 63 251 253 XOR
2 1 33 253 254 XOR
2 1 252 253 255 AND
2 1 251 255 256 XOR
2 1 34 256 257 XOR
2 1 63 256 258 XOR
2 1 34 258 259 XOR
2 1 257 258 260 AND
2 1 256 260 261 XOR
2 1 35 261 262 XOR
2 1 63 261 263 XOR
2 1 35 263 264 XOR
2 1 262 263 265 AND
2 1 261 265 266 XOR
2 1 36 266 267 XOR
2 1 63 266 268 XOR
2 1 36 268 269 XOR
2 1 267 268 270 AND
2 1 266 270 271 XOR
2 1 37 271 272 XOR
2 1 63 271 273 XOR
2 1 37 273 274 XOR
2 1 272 273 275 AND
2 1 271 275 276 XOR
2 1 38 276 277 XOR
2 1 63 276 278 XOR
2 1 38 278 279 XOR
2 1 277 278 280 AND
2 1 276 280 281 XOR
2 1 39 281 282 XOR
2 1 63 281 283 XOR
2 1 39 283 284 XOR
2 1 282 283 285 AND
2 1 281 285 286 XOR
2 1 40 286 287 XOR
2 1 63 286 288 XOR
2 1 40 288 289 XOR
2 1 287 288 290 AND
2 1 286 290 291 XOR
2 1 41 291 292 XOR
2 1 63 291 293 XOR
2 1 41 293 294 XOR
2 1 292 293 295 AND
2 1 291 295 296 XOR
2 1 42 296 297 XOR
2 1 63 296 298 XOR
2 1 42 298 299 XOR
2 1 297 298 300 AND
2 1 296 300 301 XOR
2 1 43 301 302 XOR
2 1 63 301 303 XOR
2 1 43 303 304 XOR
2 1 302 303 305 AND
2 1 301 305 306 XOR
2 1 44 306 307 XOR
2 1 63 306 308 XOR
2 1 44 308 309 XOR
2 1 307 308 310 AND
2 1 306 310 311 XOR
2 1 45 311 312 XOR
2 1 63 311 313 XOR
2 1 45 313 314 XOR
2 1 312 313 315 AND
2 1 311 315 316 XOR
2 1 46 316 317 XOR
2 1 63 316 318 XOR
2 1 46 318 319 XOR
2 1 317 318 320 AND
2 1 316 320 321 XOR
2 1 47 321 322 XOR
2 1 63 321 323 XOR
2 1 47 323 324 XOR
2 1 322 323 325 AND
2 1 321 325 326 XOR
2 1 48 326 327 XOR
2 1 63 326 328 XOR
2 1 48 328 329 XOR
2 1 327 328 330 AND
2 1 326 330 331 XOR
2 1 49 331 332 XOR
2 1 63 331 333 XOR
2 1 49 333 334 XOR
2 1 332 333 335 AND
2 1 331 335 336 XOR
2 1 50 336 337 XOR
2 1 63 336 338 XOR
2 1 50 338 339 XOR
2 1 337 338 340 AND
2 1 336 340 341 XOR
2 1 51 341 342 XOR
2 1 63 341 343 XOR
2 1 51 343 344 XOR
2 1 342 343 345 AND
2 1 341 345 346 XOR
2 1 52 346 347 XOR
2 1 63 346 348 XOR
2 1 52 348 349 XOR
2 1 347 348 350 AND
2 1 346 350 351 XOR
2 1 53 351 352 XOR
2 1 63 351 353 XOR
2 1 53 353 354 XOR
2 1 352 353 355 AND
2 1 351 355 356 XOR
2 1 54 356 357 XOR
2 1 63 356 358 XOR
2 1 54 358 359 XOR
2 1 357 358 360 AND
2 1 356 360 361 XOR
2 1 55 361 362 XOR
2 1 63 361 363 XOR
2 1 55 363 364 XOR
2 1 362 363 365 AND
2 1 361 365 366 XOR
2 1 56 366 367 XOR
2 1 63 366 368 XOR
2 1 56 368 369 XOR
2 1 367 368 370 AND
2 1 366 370 371 XOR
2 1 57 371 372 XOR
2 1 63 371 373 XOR
2 1 57 373 374 XOR
2 1 372 373 375 AND
2 1 371 375 376 XOR
2 1 58 376 377 XOR
2 1 63 376 378 XOR
2 1 58 378 379 XOR
2 1 377 378 380 AND
2 1 376 380 381 XOR
2 1 59 381 382 XOR
2 1 63 381 383 XOR
2 1 59 383 384 XOR
2 1 382 383 385 AND
2 1 381 385 386 XOR
2 1 60 386 387 XOR
2 1 63 386 388 XOR
2 1 60 388 389 XOR
2 1 387 388 390 AND
2 1 386 390 391 XOR
2 1 61 391 392 XOR
2 1 63 391 393 XOR
2 1 61 393 394 XOR
2 1 392 393 395 AND
2 1 391 395 396 XOR
2 1 62 396 397 XOR
2 1 63 396 398 XOR
2 1 62 398 399 XOR
2 1 397 398 400 AND
2 1 396 400 401 XOR
2 1 401 63 402 XOR
2 1 402 63 403 XOR
2 1 250 63 404 XOR
2 1 254 63 405 XOR
2 1 259 63 406 XOR
2 1 264 63 407 XOR
2 1 269 63 408 XOR
2 1 274 63 409 XOR
2 1 279 63 410 XOR
2 1 284 63 411 XOR
2 1 289 63 412 XOR
2 1 294 63 413 XOR
2 1 299 63 414 XOR
2 1 304 63 415 XOR
2 1 309 63 416 XOR
2 1 314 63 417 XOR
2 1 319 63 418 XOR
2 1 324 63 419 XOR
2 1 329 63 420 XOR
2 1 334 63 421 XOR
2 1 339 63 422 XOR
2 1 344 63 423 XOR
2 1 349 63 424 XOR
2 1 354 63 425 XOR
2 1 359 63 426 XOR
2 1 364 63 427 XOR
2 1 369 63 428 XOR
2 1 374 63 429 XOR
2 1 379 63 430 XOR
2 1 384 63 431 XOR
2 1 389 63 432 XOR
2 1 394 63 433 XOR
2 1 399 63 434 XOR
2 1 403 63 435 XOR
2 1 31 63 436 XOR
2 1 435 434 437 AND
2 1 435 434 438 XOR
2 1 438 437 439 XOR
2 1 439 433 440 AND
2 1 439 433 441 XOR
2 1 441 440 442 XOR
2 1 442 432 443 AND
2 1 442 432 444 XOR
2 1 444 443 445 XOR
2 1 445 431 446 AND
2 1 445 431 447 XOR
2 1 447 446 448 XOR
2 1 448 430 449 AND
2 1 448 430 450 XOR
2 1 450 449 451 XOR
2 1 451 429 452 AND
2 1 451 429 453 XOR
2 1 453 452 454 XOR
2 1 454 428 455 AND
2 1 454 428 456 XOR
2 1 456 455 457 XOR
2 1 457 427 458 AND
2 1 457 427 459 XOR
2 1 459 458 460 XOR
2 1 460 426 461 AND
2 1 460 426 462 XOR
2 1 462 461 463 XOR
2 1 463 425 464 AND
2 1 463 425 465 XOR
2 1 465 464 466 XOR
2 1 466 424 467 AND
2 1 466 424 468 XOR
2 1 468 467 469 XOR
2 1 469 423 470 AND
2 1 469 423 471 XOR
2 1 471 470 472 XOR
2 1 472 422 473 AND
2 1 472 422 474 XOR
2 1 474 473 475 XOR
2 1 475 421 476 AND
2 1 475 421 477 XOR
2 1 477 476 478 XOR
2 1 478 420 479 AND
2 1 478 420 480 XOR
2 1 480 479 481 XOR
2 1 481 419 482 AND
2 1 481 419 483 XOR
2 1 483 482 484 XOR
2 1 484 418 485 AND
2 1 484 418 486 XOR
2 1 486 485 487 XOR
2 1 487 417 488 AND
2 1 487 417 489 XOR
2 1 489 488 490 XOR
2 1 490 416 491 AND
2 1 490 416 492 XOR
2 1 492 491 493 XOR
2 1 493 415 494 AND
2 1 493 415 495 XOR
2 1 495 494 496 XOR
2 1 496 414 497 AND
2 1 496 414 498 XOR
2 1 498 497 499 XOR
2 1 499 413 500 AND
2 1 499 413 501 XOR
2 1 501 500 502 XOR
2 1 502 412 503 AND
2 1 502 412 504 XOR
2 1 504 503 505 XOR
2 1 505 411 506 AND
2 1 505 411 507 XOR
2 1 507 506 508 XOR
2 1 508 410 509 AND
2 1 508 410 510 XOR
2 1 510 509 511 XOR
2 1 511 409 512 AND
2 1 511 409 513 XOR
2 1 513 512 514 XOR
2 1 514 408 515 AND
2 1 514 408 516 XOR
2 1 516 515 517 XOR
2 1 517 407 518 AND
2 1 517 407 519 XOR
2 1 519 518 520 XOR
2 1 520 406 521 AND
2 1 520 406 522 XOR
2 1 522 521 523 XOR
2 1 523 405 524 AND
2 1 523 405 525 XOR
2 1 525 524 526 XOR
2 1 249 404 527 XOR
2 1 527 404 528 AND
2 1 528 526 529 AND
2 1 528 526 530 XOR
2 1 530 529 531 XOR
2 1 249 527 532 XOR
2 1 531 532 533 AND
2 1 533 527 534 XOR
1 1 531 535 INV
2 1 248 404 536 XOR
2 1 536 404 537 AND
2 1 534 405 538 XOR
2 1 537 405 539 XOR
2 1 538 537 540 XOR
2 1 538 539 541 AND
2 1 537 541 542 XOR
2 1 542 523 543 AND
2 1 542 523 544 XOR
2 1 544 543 545 XOR
2 1 248 536 546 XOR
2 1 545 546 547 AND
2 1 547 536 548 XOR
2 1 534 540 549 XOR
2 1 545 549 550 AND
2 1 550 540 551 XOR
1 1 545 552 INV
2 1 247 404 553 XOR
2 1 553 404 554 AND
2 1 548 405 555 XOR
2 1 554 405 556 XOR
2 1 555 554 557 XOR
2 1 555 556 558 AND
2 1 554 558 559 XOR
2 1 551 406 560 XOR
2 1 559 406 561 XOR
2 1 560 559 562 XOR
2 1 560 561 563 AND
2 1 559 563 564 XOR
2 1 564 520 565 AND
2 1 564 520 566 XOR
2 1 566 565 567 XOR
2 1 247 553 568 XOR
2 1 567 568 569 AND
2 1 569 553 570 XOR
2 1 548 557 571 XOR
2 1 567 571 572 AND
2 1 572 557 573 XOR
2 1 551 562 574 XOR
2 1 567 574 575 AND
2 1 575 562 576 XOR
1 1 567 577 INV
2 1 246 404 578 XOR
2 1 578 404 579 AND
2 1 570 405 580 XOR
2 1 579 405 581 XOR
2 1 580 579 582 XOR
2 1 580 581 583 AND
2 1 579 583 584 XOR
2 1 573 406 585 XOR
2 1 584 406 586 XOR
2 1 585 584 587 XOR
2 1 585 586 588 AND
2 1 584 588 589 XOR
2 1 576 407 590 XOR
2 1 589 407 591 XOR
2 1 590 589 592 XOR
2 1 590 591 593 AND
2 1 589 593 594 XOR
2 1 594 517 595 AND
2 1 594 517 596 XOR
2 1 596 595 597 XOR
2 1 246 578 598 XOR
2 1 597 598 599 AND
2 1 599 578 600 XOR
2 1 570 582 601 XOR
2 1 597 601 602 AND
2 1 602 582 603 XOR
2 1 573 587 604 XOR
2 1 597 604 605 AND
2 1 605 587 606 XOR
2 1 576 592 607 XOR
2 1 597 607 608 AND
2 1 608 592 609 XOR
1 1 597 610 INV
2 1 245 404 611 XOR
2 1 611 404 612 AND
2 1 600 405 613 XOR
2 1 612 405 614 XOR
2 1 613 612 615 XOR
2 1 613 614 616 AND
2 1 612 616 617 XOR
2 1 603 406 618 XOR
2 1 617 406 619 XOR
2 1 618 617 620 XOR
2 1 618 619 621 AND
2 1 617 621 622 XOR
2 1 606 407 623 XOR
2 1 622 407 624 XOR
2 1 623 622 625 XOR
2 1 623 624 626 AND
2 1 622 626 627 XOR
2 1 609 408 628 XOR
2 1 627 408 629 XOR
2 1 628 627 630 XOR
2 1 628 629 631 AND
2 1 627 631 632 XOR
2 1 632 514 633 AND
2 1 632 514 634 XOR
2 1 634 633 635 XOR
2 1 245 611 636 XOR
2 1 635 636 637 AND
2 1 637 611 638 XOR
2 1 600 615 639 XOR
2 1 635 639 640 AND
2 1 640 615 641 XOR
2 1 603 620 642 XOR
2 1 635 642 643 AND
2 1 643 620 644 XOR
2 1 606 625 645 XOR
2 1 635 645 646 AND
2 1 646 625 647 XOR
2 1 609 630 648 XOR
2 1 635 648 649 AND
2 1 649 630 650 XOR
1 1 635 651 INV
2 1 244 404 652 XOR
2 1 652 404 653 AND
2 1 638 405 654 XOR
2 1 653 405 655 XOR
2 1 654 653 656 XOR
2 1 654 655 657 AND
2 1 653 657 658 XOR
2 1 641 406 659 XOR
2 1 658 406 660 XOR
2 1 659 658 661 XOR
2 1 659 660 662 AND
2 1 658 662 663 XOR
2 1 644 407 664 XOR
2 1 663 407 665 XOR
2 1 664 663 666 XOR
2 1 664 665 667 AND
2 1 663 667 668 XOR
2 1 647 408 669 XOR
2 1 668 408 670 XOR
2 1 669 668 671 XOR
2 1 669 670 672 AND
2 1 668 672 673 XOR
2 1 650 409 674 XOR
2 1 673 409 675 XOR
2 1 674 673 676 XOR
2 1 674 675 677 AND
2 1 673 677 678 XOR
2 1 678 511 679 AND
2 1 678 511 680 XOR
2 1 680 679 681 XOR
2 1 244 652 682 XOR
2 1 681 682 683 AND
2 1 683 652 684 XOR
2 1 638 656 685 XOR
2 1 681 685 686 AND
2 1 686 656 687 XOR
2 1 641 661 688 XOR
2 1 681 688 689 AND
2 1 689 661 690 XOR
2 1 644 666 691 XOR
2 1 681 691 692 AND
2 1 692 666 693 XOR
2 1 647 671 694 XOR
2 1 681 694 695 AND
2 1 695 671 696 XOR
2 1 650 676 697 XOR
2 1 681 697 698 AND
2 1 698 676 699 XOR
1 1 681 700 INV
2 1 243 404 701 XOR
2 1 701 404 702 AND
2 1 684 405 703 XOR
2 1 702 405 704 XOR
2 1 703 702 705 XOR
2 1 703 704 706 AND
2 1 702 706 707 XOR
2 1 687 406 708 XOR
2 1 707 406 709 XOR
2 1 708 707 710 XOR
2 1 708 709 711 AND
2 1 707 711 712 XOR
2 1 690 407 713 XOR
2 1 712 407 714 XOR
2 1 713 712 715 XOR
2 1 713 714 716 AND
2 1 712 716 717 XOR
2 1 693 408 718 XOR
2 1 717 408 719 XOR
2 1 718 717 720 XOR
2 1 718 719 721 AND
2 1 717 721 722 XOR
2 1 696 409 723 XOR
2 1 722 409 724 XOR
2 1 723 722 725 XOR
2 1 723 724 726 AND
2 1 722 726 727 XOR
2 1 699 410 728 XOR
2 1 727 410 729 XOR
2 1 728 727 730 XOR
2 1 728 729 731 AND
2 1 727 731 732 XOR
2 1 732 508 733 AND
2 1 732 508 734 XOR
2 1 734 733 735 XOR
2 1 243 701 736 XOR
2 1 735 736 737 AND
2 1 737 701 738 XOR
2 1 684 705 739 XOR
2 1 735 739 740 AND
2 1 740 705 741 XOR
2 1 687 710 742 XOR
2 1 735 742 743 AND
2 1 743 710 744 XOR
2 1 690 715 745 XOR
2 1 735 745 746 AND
2 1 746 715 747 XOR
2 1 693 720 748 XOR
2 1 735 748 749 AND
2 1 749 720 750 XOR
2 1 696 725 751 XOR
2 1 735 751 752 AND
2 1 752 725 753 XOR
2 1 699 730 754 XOR
2 1 735 754 755 AND
2 1 755 730 756 XOR
1 1 735 757 INV
2 1 242 404 758 XOR
2 1 758 404 759 AND
2 1 738 405 760 XOR
2 1 759 405 761 XOR
2 1 760 759 762 XOR
2 1 760 761 763 AND
2 1 759 763 764 XOR
2 1 741 406 765 XOR
2 1 764 406 766 XOR
2 1 765 764 767 XOR
2 1 765 766 768 AND
2 1 764 768 769 XOR
2 1 744 407 770 XOR
2 1 769 407 771 XOR
2 1 770 769 772 XOR
2 1 770 771 773 AND
2 1 769 773 774 XOR
2 1 747 408 775 XOR
2 1 774 408 776 XOR
2 1 775 774 777 XOR
2 1 775 776 778 AND
2 1 774 778 779 XOR
2 1 750 409 780 XOR
2 1 779 409 781 XOR
2 1 780 779 782 XOR
2 1 780 781 783 AND
2 1 779 783 784 XOR
2 1 753 410 785 XOR
2 1 784 410 786 XOR
2 1 785 784 787 XOR
2 1 785 786 788 AND
2 1 784 788 789 XOR
2 1 756 411 790 XOR
2 1 789 411 791 XOR
2 1 790 789 792 XOR
2 1 790 791 793 AND
2 1 789 793 794 XOR
2 1 794 505 795 AND
2 1 794 505 796 XOR
2 1 796 795 797 XOR
2 1 242 758 798 XOR
2 1 797 798 799 AND
2 1 799 758 800 XOR
2 1 738 762 801 XOR
2 1 797 801 802 AND
2 1 802 762 803 XOR
2 1 741 767 804 XOR
2 1 797 804 805 AND
2 1 805 767 806 XOR
2 1 744 772 807 XOR
2 1 797 807 808 AND
2 1 808 772 809 XOR
2 1 747 777 810 XOR
2 1 797 810 811 AND
2 1 811 777 812 XOR
2 1 750 782 813 XOR
2 1 797 813 814 AND
2 1 814 782 815 XOR
2 1 753 787 816 XOR
2 1 797 816 817 AND
2 1 817 787 818 XOR
2 1 756 792 819 XOR
2 1 797 819 820 AND
2 1 820 792 821 XOR
1 1 797 822 INV
2 1 241 404 823 XOR
2 1 823 404 824 AND
2 1 800 405 825 XOR
2 1 824 405 826 XOR
2 1 825 824 827 XOR
2 1 825 826 828 AND
2 1 824 828 829 XOR
2 1 803 406 830 XOR
2 1 829 406 831 XOR
2 1 830 829 832 XOR
2 1 830 831 833 AND
2 1 829 833 834 XOR
2 1 806 407 835 XOR
2 1 834 407 836 XOR
2 1 835 834 837 XOR
2 1 835 836 838 AND
2 1 834 838 839 XOR
2 1 809 408 840 XOR
2 1 839 408 841 XOR
2 1 840 839 842 XOR
2 1 840 841 843 AND
2 1 839 843 844 XOR
2 1 812 409 845 XOR
2 1 844 409 846 XOR
2 1 845 844 847 XOR
2 1 845 846 848 AND
2 1 844 848 849 XOR
2 1 815 410 850 XOR
2 1 849 410 851 XOR
2 1 850 849 852 XOR
2 1 850 851 853 AND
2 1 849 853 854 XOR
2 1 818 411 855 XOR
2 1 854 411 856 XOR
2 1 855 854 857 XOR
2 1 855 856 858 AND
2 1 854 858 859 XOR
2 1 821 412 860 XOR
2 1 859 412 861 XOR
2 1 860 859 862 XOR
2 1 860 861 863 AND
2 1 859 863 864 XOR
2 1 864 502 865 AND
2 1 864 502 866 XOR
2 1 866 865 867 XOR
2 1 241 823 868 XOR
2 1 867 868 869 AND
2 1 869 823 870 XOR
2 1 800 827 871 XOR
2 1 867 871 872 AND
2 1 872 827 873 XOR
2 1 803 832 874 XOR
2 1 867 874 875 AND
2 1 875 832 876 XOR
2 1 806 837 877 XOR
2 1 867 877 878 AND
2 1 878 837 879 XOR
2 1 809 842 880 XOR
2 1 867 880 881 AND
2 1 881 842 882 XOR
2 1 812 847 883 XOR
2 1 867 883 884 AND
2 1 884 847 885 XOR
2 1 815 852 886 XOR
2 1 867 886 887 AND
2 1 887 852 888 XOR
2 1 818 857 889 XOR
2 1 867 889 890 AND
2 1 890 857 891 XOR
2 1 821 862 892 XOR
2 1 867 892 893 AND
2 1 893 862 894 XOR
1 1 867 895 INV
2 1 240 404 896 XOR
2 1 896 404 897 AND
2 1 870 405 898 XOR
2 1 897 405 899 XOR
2 1 898 897 900 XOR
2 1 898 899 901 AND
2 1 897 901 902 XOR
2 1 873 406 903 XOR
2 1 902 406 904 XOR
2 1 903 902 905 XOR
2 1 903 904 906 AND
2 1 902 906 907 XOR
2 1 876 407 908 XOR
2 1 907 407 909 XOR
2 1 908 907 910 XOR
2 1 908 909 911 AND
2 1 907 911 912 XOR
2 1 879 408 913 XOR
2 1 912 408 914 XOR
2 1 913 912 915 XOR
2 1 913 914 916 AND
2 1 912 916 917 XOR
2 1 882 409 918 XOR
2 1 917 409 919 XOR
2 1 918 917 920 XOR
2 1 918 919 921 AND
2 1 917 921 922 XOR
2 1 885 410 923 XOR
2 1 922 410 924 XOR
2 1 923 922 925 XOR
2 1 923 924 926 AND
2 1 922 926 927 XOR
2 1 888 411 928 XOR
2 1 927 411 929 XOR
2 1 928 927 930 XOR
2 1 928 929 931 AND
2 1 927 931 932 XOR
2 1 891 412 933 XOR
2 1 932 412 934 XOR
2 1 933 932 935 XOR
2 1 933 934 936 AND
2 1 932 936 937 XOR
2 1 894 413 938 XOR
2 1 937 413 939 XOR
2 1 938 937 940 XOR
2 1 938 939 941 AND
2 1 937 941 942 XOR
2 1 942 499 943 AND
2 1 942 499 944 XOR
2 1 944 943 945 XOR
2 1 240 896 946 XOR
2 1 945 946 947 AND
2 1 947 896 948 XOR
2 1 870 900 949 XOR
2 1 945 949 950 AND
2 1 950 900 951 XOR
2 1 873 905 952 XOR
2 1 945 952 953 AND
2 1 953 905 954 XOR
2 1 876 910 955 XOR
2 1 945 955 956 AND
2 1 956 910 957 XOR
2 1 879 915 958 XOR
2 1 945 958 959 AND
2 1 959 915 960 XOR
2 1 882 920 961 XOR
2 1 945 961 962 AND
2 1 962 920 963 XOR
2 1 885 925 964 XOR
2 1 945 964 965 AND
2 1 965 925 966 XOR
2 1 888 930 967 XOR
2 1 945 967 968 AND
2 1 968 930 969 XOR
2 1 891 935 970 XOR
2 1 945 970 971 AND
2 1 971 935 972 XOR
2 1 894 940 973 XOR
2 1 945 973 974 AND
2 1 974 940 975 XOR
1 1 945 976 INV
2 1 239 404 977 XOR
2 1 977 404 978 AND
2 1 948 405 979 XOR
2 1 978 405 980 XOR
2 1 979 978 981 XOR
2 1 979 980 982 AND
2 1 978 982 983 XOR
2 1 951 406 984 XOR
2 1 983 406 985 XOR
2 1 984 983 986 XOR
2 1 984 985 987 AND
2 1 983 987 988 XOR
2 1 954 407 989 XOR
2 1 988 407 990 XOR
2 1 989 988 991 XOR
2 1 989 990 992 AND
2 1 988 992 993 XOR
2 1 957 408 994 XOR
2 1 993 408 995 XOR
2 1 994 993 996 XOR
2 1 994 995 997 AND
2 1 993 997 998 XOR
2 1 960 409 999 XOR
2 1 998 409 1000 XOR
2 1 999 998 1001 XOR
2 1 999 1000 1002 AND
2 1 998 1002 1003 XOR
2 1 963 410 1004 XOR
2 1 1003 410 1005 XOR
2 1 1004 1003 1006 XOR
2 1 1004 1005 1007 AND
2 1 1003 1007 1008 XOR
2 1 966 411 1009 XOR
2 1 1008 411 1010 XOR
2 1 1009 1008 1011 XOR
2 1 1009 1010 1012 AND
2 1 1008 1012 1013 XOR
2 1 969 412 1014 XOR
2 1 1013 412 1015 XOR
2 1 1014 1013 1016 XOR
2 1 1014 1015 1017 AND
2 1 1013 1017 1018 XOR
2 1 972 413 1019 XOR
2 1 1018 413 1020 XOR
2 1 1019 1018 1021 XOR
2 1 1019 1020 1022 AND
2 1 1018 1022 1023 XOR
2 1 975 414 1024 XOR
2 1 1023 414 1025 XOR
2 1 1024 1023 1026 XOR
2 1 1024 1025 1027 AND
2 1 1023 1027 1028 XOR
2 1 1028 496 1029 AND
2 1 1028 496 1030 XOR
2 1 1030 1029 1031 XOR
2 1 239 977 1032 XOR
2 1 1031 1032 1033 AND
2 1 1033 977 1034 XOR
2 1 948 981 1035 XOR
2 1 1031 1035 1036 AND
2 1 1036 981 1037 XOR
2 1 951 986 1038 XOR
2 1 1031 1038 1039 AND
2 1 1039 986 1040 XOR
2 1 954 991 1041 XOR
2 1 1031 1041 1042 AND
2 1 1042 991 1043 XOR
2 1 957 996 1044 XOR
2 1 1031 1044 1045 AND
2 1 1045 996 1046 XOR
2 1 960 1001 1047 XOR
2 1 1031 1047 1048 AND
2 1 1048 1001 1049 XOR
2 1 963 1006 1050 XOR
2 1 1031 1050 1051 AND
2 1 1051 1006 1052 XOR
2 1 966 1011 1053 XOR
2 1 1031 1053 1054 AND
2 1 1054 1011 1055 XOR
2 1 969 1016 1056 XOR
2 1 1031 1056 1057 AND
2 1 1057 1016 1058 XOR
2 1 972 1021 1059 XOR
2 1 1031 1059 1060 AND
2 1 1060 1021 1061 XOR
2 1 975 1026 1062 XOR
2 1 1031 1062 1063 AND
2 1 1063 1026 1064 XOR
1 1 1031 1065 INV
2 1 238 404 1066 XOR
2 1 1066 404 1067 AND
2 1 1034 405 1068 XOR
2 1 1067 405 1069 XOR
2 1 1068 1067 1070 XOR
2 1 1068 1069 1071 AND
2 1 1067 1071 1072 XOR
2 1 1037 406 1073 XOR
2 1 1072 406 1074 XOR
2 1 1073 1072 1075 XOR
2 1 1073 1074 1076 AND
2 1 1072 1076 1077 XOR
2 1 1040 407 1078 XOR
2 1 1077 407 1079 XOR
2 1 1078 1077 1080 XOR
2 1 1078 1079 1081 AND
2 1 1077 1081 1082 XOR
2 1 1043 408 1083 XOR
2 1 1082 408 1084 XOR
2 1 1083 1082 1085 XOR
2 1 1083 1084 1086 AND
2 1 1082 1086 1087 XOR
2 1 1046 409 1088 XOR
2 1 1087 409 1089 XOR
2 1 1088 1087 1090 XOR
2 1 1088 1089 1091 AND
2 1 1087 1091 1092 XOR
2 1 1049 410 1093 XOR
2 1 1092 410 1094 XOR
2 1 1093 1092 1095 XOR
2 1 1093 1094 1096 AND
2 1 1092 1096 1097 XOR
2 1 1052 411 1098 XOR
2 1 1097 411 1099 XOR
2 1 1098 1097 1100 XOR
2 1 1098 1099 1101 AND
2 1 1097 1101 1102 XOR
2 1 1055 412 1103 XOR
2 1 1102 412 1104 XOR
2 1 1103 1102 1105 XOR
2 1 1103 1104 1106 AND
2 1 1102 1106 1107 XOR
2 1 1058 413 1108 XOR
2 1 1107 413 1109 XOR
2 1 1108 1107 1110 XOR
2 1 1108 1109 1111 AND
2 1 1107 1111 1112 XOR
2 1 1061 414 1113 XOR
2 1 1112 414 1114 XOR
2 1 1113 1112 1115 XOR
2 1 1113 1114 1116 AND
2 1 1112 1116 1117 XOR
2 1 1064 415 1118 XOR
2 1 1117 415 1119 XOR
2 1 1118 1117 1120 XOR
2 1 1118 1119 1121 AND
2 1 1117 1121 1122 XOR
2 1 1122 493 1123 AND
2 1 1122 493 1124 XOR
2 1 1124 1123 1125 XOR
2 1 238 1066 1126 XOR
2 1 1125 1126 1127 AND
2 1 1127 1066 1128 XOR
2 1 1034 1070 1129 XOR
2 1 1125 1129 1130 AND
2 1 1130 1070 1131 XOR
2 1 1037 1075 1132 XOR
2 1 1125 1132 1133 AND
2 1 1133 1075 1134 XOR
2 1 1040 1080 1135 XOR
2 1 1125 1135 1136 AND
2 1 1136 1080 1137 XOR
2 1 1043 1085 1138 XOR
2 1 1125 1138 1139 AND
2 1 1139 1085 1140 XOR
2 1 1046 1090 1141 XOR
2 1 1125 1141 1142 AND
2 1 1142 1090 1143 XOR
2 1 1049 1095 1144 XOR
2 1 1125 1144 1145 AND
2 1 1145 1095 1146 XOR
2 1 1052 1100 1147 XOR
2 1 1125 1147 1148 AND
2 1 1148 1100 1149 XOR
2 1 1055 1105 1150 XOR
2 1 1125 1150 1151 AND
2 1 1151 1105 1152 XOR
2 1 1058 1110 1153 XOR
2 1 1125 1153 1154 AND
2 1 1154 1110 1155 XOR
2 1 1061 1115 1156 XOR
2 1 1125 1156 1157 AND
2 1 1157 1115 1158 XOR
2 1 1064 1120 1159 XOR
2 1 1125 1159 1160 AND
2 1 1160 1120 1161 XOR
1 1 1125 1162 INV
2 1 237 404 1163 XOR
2 1 1163 404 1164 AND
2 1 1128 405 1165 XOR
2 1 1164 405 1166 XOR
2 1 1165 1164 1167 XOR
2 1 1165 1166 1168 AND
2 1 1164 1168 1169 XOR
2 1 1131 406 1170 XOR
2 1 1169 406 1171 XOR
2 1 1170 1169 1172 XOR
2 1 1170 1171 1173 AND
2 1 1169 1173 1174 XOR
2 1 1134 407 1175 XOR
2 1 1174 407 1176 XOR
2 1 1175 1174 1177 XOR
2 1 1175 1176 1178 AND
2 1 1174 1178 1179 XOR
2 1 1137 408 1180 XOR
2 1 1179 408 1181 XOR
2 1 1180 1179 1182 XOR
2 1 1180 1181 1183 AND
2 1 1179 1183 1184 XOR
2 1 1140 409 1185 XOR
2 1 1184 409 1186 XOR
2 1 1185 1184 1187 XOR
2 1 1185 1186 1188 AND
2 1 1184 1188 1189 XOR
2 1 1143 410 1190 XOR
2 1 1189 410 1191 XOR
2 1 1190 1189 1192 XOR
2 1 1190 1191 1193 AND
2 1 1189 1193 1194 XOR
2 1 1146 411 1195 XOR
2 1 1194 411 1196 XOR
2 1 1195 1194 1197 XOR
2 1 1195 1196 1198 AND
2 1 1194 1198 1199 XOR
2 1 1149 412 1200 XOR
2 1 1199 412 1201 XOR
2 1 1200 1199 1202 XOR
2 1 1200 1201 1203 AND
2 1 1199 1203 1204 XOR
2 1 1152 413 1205 XOR
2 1 1204 413 1206 XOR
2 1 1205 1204 1207 XOR
2 1 1205 1206 1208 AND
2 1 1204 1208 1209 XOR
2 1 1155 414 1210 XOR
2 1 1209 414 1211 XOR
2 1 1210 1209 1212 XOR
2 1 1210 1211 1213 AND
2 1 1209 1213 1214 XOR
2 1 1158 415 1215 XOR
2 1 1214 415 1216 XOR
2 1 1215 1214 1217 XOR
2 1 1215 1216 1218 AND
2 1 1214 1218 1219 XOR
2 1 1161 416 1220 XOR
2 1 1219 416 1221 XOR
2 1 1220 1219 1222 XOR
2 1 1220 1221 1223 AND
2 1 1219 1223 1224 XOR
2 1 1224 490 1225 AND
2 1 1224 490 1226 XOR
2 1 1226 1225 1227 XOR
2 1 237 1163 1228 XOR
2 1 1227 1228 1229 AND
2 1 1229 1163 1230 XOR
2 1 1128 1167 1231 XOR
2 1 1227 1231 1232 AND
2 1 1232 1167 1233 XOR
2 1 1131 1172 1234 XOR
2 1 1227 1234 1235 AND
2 1 1235 1172 1236 XOR
2 1 1134 1177 1237 XOR
2 1 1227 1237 1238 AND
2 1 1238 1177 1239 XOR
2 1 1137 1182 1240 XOR
2 1 1227 1240 1241 AND
2 1 1241 1182 1242 XOR
2 1 1140 1187 1243 XOR
2 1 1227 1243 1244 AND
2 1 1244 1187 1245 XOR
2 1 1143 1192 1246 XOR
2 1 1227 1246 1247 AND
2 1 1247 1192 1248 XOR
2 1 1146 1197 1249 XOR
2 1 1227 1249 1250 AND
2 1 1250 1197 1251 XOR
2 1 1149 1202 1252 XOR
2 1 1227 1252 1253 AND
2 1 1253 1202 1254 XOR
2 1 1152 1207 1255 XOR
2 1 1227 1255 1256 AND
2 1 1256 1207 1257 XOR
2 1 1155 1212 1258 XOR
2 1 1227 1258 1259 AND
2 1 1259 1212 1260 XOR
2 1 1158 1217 1261 XOR
2 1 1227 1261 1262 AND
2 1 1262 1217 1263 XOR
2 1 1161 1222 1264 XOR
2 1 1227 1264 1265 AND
2 1 1265 1222 1266 XOR
1 1 1227 1267 INV
2 1 236 404 1268 XOR
2 1 1268 404 1269 AND
2 1 1230 405 1270 XOR
2 1 1269 405 1271 XOR
2 1 1270 1269 1272 XOR
2 1 1270 1271 1273 AND
2 1 1269 1273 1274 XOR
2 1 1233 406 1275 XOR
2 1 1274 406 1276 XOR
2 1 1275 1274 1277 XOR
2 1 1275 1276 1278 AND
2 1 1274 1278 1279 XOR
2 1 1236 407 1280 XOR
2 1 1279 407 1281 XOR
2 1 1280 1279 1282 XOR
2 1 1280 1281 1283 AND
2 1 1279 1283 1284 XOR
2 1 1239 408 1285 XOR
2 1 1284 408 1286 XOR
2 1 1285 1284 1287 XOR
2 1 1285 1286 1288 AND
2 1 1284 1288 1289 XOR
2 1 1242 409 1290 XOR
2 1 1289 409 1291 XOR
2 1 1290 1289 1292 XOR
2 1 1290 1291 1293 AND
2 1 1289 1293 1294 XOR
2 1 1245 410 1295 XOR
2 1 1294 410 1296 XOR
2 1 1295 1294 1297 XOR
2 1 1295 1296 1298 AND
2 1 1294 1298 1299 XOR
2 1 1248 411 1300 XOR
2 1 1299 411 1301 XOR
2 1 1300 1299 1302 XOR
2 1 1300 1301 1303 AND
2 1 1299 1303 1304 XOR
2 1 1251 412 1305 XOR
2 1 1304 412 1306 XOR
2 1 1305 1304 1307 XOR
2 1 1305 1306 1308 AND
2 1 1304 1308 1309 XOR
2 1 1254 413 1310 XOR
2 1 1309 413 1311 XOR
2 1 1310 1309 1312 XOR
2 1 1310 1311 1313 AND
2 1 1309 1313 1314 XOR
2 1 1257 414 1315 XOR
2 1 1314 414 1316 XOR
2 1 1315 1314 1317 XOR
2 1 1315 1316 1318 AND
2 1 1314 1318 1319 XOR
2 1 1260 415 1320 XOR
2 1 1319 415 1321 XOR
2 1 1320 1319 1322 XOR
2 1 1320 1321 1323 AND
2 1 1319 1323 1324 XOR
2 1 1263 416 1325 XOR
2 1 1324 416 1326 XOR
2 1 1325 1324 1327 XOR
2 1 1325 1326 1328 AND
2 1 1324 1328 1329 XOR
2 1 1266 417 1330 XOR
2 1 1329 417 1331 XOR
2 1 1330 1329 1332 XOR
2 1 1330 1331 1333 AND
2 1 1329 1333 1334 XOR
2 1 1334 487 1335 AND
2 1 1334 487 1336 XOR
2 1 1336 1335 1337 XOR
2 1 236 1268 1338 XOR
2 1 1337 1338 1339 AND
2 1 1339 1268 1340 XOR
2 1 1230 1272 1341 XOR
2 1 1337 1341 1342 AND
2 1 1342 1272 1343 XOR
2 1 1233 1277 1344 XOR
2 1 1337 1344 1345 AND
2 1 1345 1277 1346 XOR
2 1 1236 1282 1347 XOR
2 1 1337 1347 1348 AND
2 1 1348 1282 1349 XOR
2 1 1239 1287 1350 XOR
2 1 1337 1350 1351 AND
2 1 1351 1287 1352 XOR
2 1 1242 1292 1353 XOR
2 1 1337 1353 1354 AND
2 1 1354 1292 1355 XOR
2 1 1245 1297 1356 XOR
2 1 1337 1356 1357 AND
2 1 1357 1297 1358 XOR
2 1 1248 1302 1359 XOR
2 1 1337 1359 1360 AND
2 1 1360 1302 1361 XOR
2 1 1251 1307 1362 XOR
2 1 1337 1362 1363 AND
2 1 1363 1307 1364 XOR
2 1 1254 1312 1365 XOR
2 1 1337 1365 1366 AND
2 1 1366 1312 1367 XOR
2 1 1257 1317 1368 XOR
2 1 1337 1368 1369 AND
2 1 1369 1317 1370 XOR
2 1 1260 1322 1371 XOR
2 1 1337 1371 1372 AND
2 1 1372 1322 1373 XOR
2 1 1263 1327 1374 XOR
2 1 1337 1374 1375 AND
2 1 1375 1327 1376 XOR
2 1 1266 1332 1377 XOR
2 1 1337 1377 1378 AND
2 1 1378 1332 1379 XOR
1 1 1337 1380 INV
2 1 235 404 1381 XOR
2 1 1381 404 1382 AND
2 1 1340 405 1383 XOR
2 1 1382 405 1384 XOR
2 1 1383 1382 1385 XOR
2 1 1383 1384 1386 AND
2 1 1382 1386 1387 XOR
2 1 1343 406 1388 XOR
2 1 1387 406 1389 XOR
2 1 1388 1387 1390 XOR
2 1 1388 1389 1391 AND
2 1 1387 1391 1392 XOR
2 1 1346 407 1393 XOR
2 1 1392 407 1394 XOR
2 1 1393 1392 1395 XOR
2 1 1393 1394 1396 AND
2 1 1392 1396 1397 XOR
2 1 1349 408 1398 XOR
2 1 1397 408 1399 XOR
2 1 1398 1397 1400 XOR
2 1 1398 1399 1401 AND
2 1 1397 1401 1402 XOR
2 1 1352 409 1403 XOR
2 1 1402 409 1404 XOR
2 1 1403 1402 1405 XOR
2 1 1403 1404 1406 AND
2 1 1402 1406 1407 XOR
2 1 1355 410 1408 XOR
2 1 1407 410 1409 XOR
2 1 1408 1407 1410 XOR
2 1 1408 1409 1411 AND
2 1 1407 1411 1412 XOR
2 1 1358 411 1413 XOR
2 1 1412 411 1414 XOR
2 1 1413 1412 1415 XOR
2 1 1413 1414 1416 AND
2 1 1412 1416 1417 XOR
2 1 1361 412 1418 XOR
2 1 1417 412 1419 XOR
2 1 1418 1417 1420 XOR
2 1 1418 1419 1421 AND
2 1 1417 1421 1422 XOR
2 1 1364 413 1423 XOR
2 1 1422 413 1424 XOR
2 1 1423 1422 1425 XOR
2 1 1423 1424 1426 AND
2 1 1422 1426 1427 XOR
2 1 1367 414 1428 XOR
2 1 1427 414 1429 XOR
2 1 1428 1427 1430 XOR
2 1 1428 1429 1431 AND
2 1 1427 1431 1432 XOR
2 1 1370 415 1433 XOR
2 1 1432 415 1434 XOR
2 1 1433 1432 1435 XOR
2 1 1433 1434 1436 AND
2 1 1432 1436 1437 XOR
2 1 1373 416 1438 XOR
2 1 1437 416 1439 XOR
2 1 1438 1437 1440 XOR
2 1 1438 1439 1441 AND
2 1 1437 1441 1442 XOR
2 1 1376 417 1443 XOR
2 1 1442 417 1444 XOR
2 1 1443 1442 1445 XOR
2 1 1443 1444 1446 AND
2 1 1442 1446 1447 XOR
2 1 1379 418 1448 XOR
2 1 1447 418 1449 XOR
2 1 1448 1447 1450 XOR
2 1 1448 1449 1451 AND
2 1 1447 1451 1452 XOR
2 1 1452 484 1453 AND
2 1 1452 484 1454 XOR
2 1 1454 1453 1455 XOR
2 1 235 1381 1456 XOR
2 1 1455 1456 1457 AND
2 1 1457 1381 1458 XOR
2 1 1340 1385 1459 XOR
2 1 1455 1459 1460 AND
2 1 1460 1385 1461 XOR
2 1 1343 1390 1462 XOR
2 1 1455 1462 1463 AND
2 1 1463 1390 1464 XOR
2 1 1346 1395 1465 XOR
2 1 1455 1465 1466 AND
2 1 1466 1395 1467 XOR
2 1 1349 1400 1468 XOR
2 1 1455 1468 1469 AND
2 1 1469 1400 1470 XOR
2 1 1352 1405 1471 XOR
2 1 1455 1471 1472 AND
2 1 1472 1405 1473 XOR
2 1 1355 1410 1474 XOR
2 1 1455 1474 1475 AND
2 1 1475 1410 1476 XOR
2 1 1358 1415 1477 XOR
2 1 1455 1477 1478 AND
2 1 1478 1415 1479 XOR
2 1 1361 1420 1480 XOR
2 1 1455 1480 1481 AND
2 1 1481 1420 1482 XOR
2 1 1364 1425 1483 XOR
2 1 1455 1483 1484 AND
2 1 1484 1425 1485 XOR
2 1 1367 1430 1486 XOR
2 1 1455 1486 1487 AND
2 1 1487 1430 1488 XOR
2 1 1370 1435 1489 XOR
2 1 1455 1489 1490 AND
2 1 1490 1435 1491 XOR
2 1 1373 1440 1492 XOR
2 1 1455 1492 1493 AND
2 1 1493 1440 1494 XOR
2 1 1376 1445 1495 XOR
2 1 1455 1495 1496 AND
2 1 1496 1445 1497 XOR
2 1 1379 1450 1498 XOR
2 1 1455 1498 1499 AND
2 1 1499 1450 1500 XOR
1 1 1455 1501 INV
2 1 234 404 1502 XOR
2 1 1502 404 1503 AND
2 1 1458 405 1504 XOR
2 1 1503 405 1505 XOR
2 1 1504 1503 1506 XOR
2 1 1504 1505 1507 AND
2 1 1503 1507 1508 XOR
2 1 1461 406 1509 XOR
2 1 1508 406 1510 XOR
2 1 1509 1508 1511 XOR
2 1 1509 1510 1512 AND
2 1 1508 1512 1513 XOR
2 1 1464 407 1514 XOR
2 1 1513 407 1515 XOR
2 1 1514 1513 1516 XOR
2 1 1514 1515 1517 AND
2 1 1513 1517 1518 XOR
2 1 1467 408 1519 XOR
2 1 1518 408 1520 XOR
2 1 1519 1518 1521 XOR
2 1 1519 1520 1522 AND
2 1 1518 1522 1523 XOR
2 1 1470 409 1524 XOR
2 1 1523 409 1525 XOR
2 1 1524 1523 1526 XOR
2 1 1524 1525 1527 AND
2 1 1523 1527 1528 XOR
2 1 1473 410 1529 XOR
2 1 1528 410 1530 XOR
2 1 1529 1528 1531 XOR
2 1 1529 1530 1532 AND
2 1 1528 1532 1533 XOR
2 1 1476 411 1534 XOR
2 1 1533 411 1535 XOR
2 1 1534 1533 1536 XOR
2 1 1534 1535 1537 AND
2 1 1533 1537 1538 XOR
2 1 1479 412 1539 XOR
2 1 1538 412 1540 XOR
2 1 1539 1538 1541 XOR
2 1 1539 1540 1542 AND
2 1 1538 1542 1543 XOR
2 1 1482 413 1544 XOR
2 1 1543 413 1545 XOR
2 1 1544 1543 1546 XOR
2 1 1544 1545 1547 AND
2 1 1543 1547 1548 XOR
2 1 1485 414 1549 XOR
2 1 1548 414 1550 XOR
2 1 1549 1548 1551 XOR
2 1 1549 1550 1552 AND
2 1 1548 1552 1553 XOR
2 1 1488 415 1554 XOR
2 1 1553 415 1555 XOR
2 1 1554 1553 1556 XOR
2 1 1554 1555 1557 AND
2 1 1553 1557 1558 XOR
2 1 1491 416 1559 XOR
2 1 1558 416 1560 XOR
2 1 1559 1558 1561 XOR
2 1 1559 1560 1562 AND
2 1 1558 1562 1563 XOR
2 1 1494 417 1564 XOR
2 1 1563 417 1565 XOR
2 1 1564 1563 1566 XOR
2 1 1564 1565 1567 AND
2 1 1563 1567 1568 XOR
2 1 1497 418 1569 XOR
2 1 1568 418 1570 XOR
2 1 1569 1568 1571 XOR
2 1 1569 1570 1572 AND
2 1 1568 1572 1573 XOR
2 1 1500 419 1574 XOR
2 1 1573 419 1575 XOR
2 1 1574 1573 1576 XOR
2 1 1574 1575 1577 AND
2 1 1573 1577 1578 XOR
2 1 1578 481 1579 AND
2 1 1578 481 1580 XOR
2 1 1580 1579 1581 XOR
2 1 234 1502 1582 XOR
2 1 1581 1582 1583 AND
2 1 1583 1502 1584 XOR
2 1 1458 1506 1585 XOR
2 1 1581 1585 1586 AND
2 1 1586 1506 1587 XOR
2 1 1461 1511 1588 XOR
2 1 1581 1588 1589 AND
2 1 1589 1511 1590 XOR
2 1 1464 1516 1591 XOR
2 1 1581 1591 1592 AND
2 1 1592 1516 1593 XOR
2 1 1467 1521 1594 XOR
2 1 1581 1594 1595 AND
2 1 1595 1521 1596 XOR
2 1 1470 1526 1597 XOR
2 1 1581 1597 1598 AND
2 1 1598 1526 1599 XOR
2 1 1473 1531 1600 XOR
2 1 1581 1600 1601 AND
2 1 1601 1531 1602 XOR
2 1 1476 1536 1603 XOR
2 1 1581 1603 1604 AND
2 1 1604 1536 1605 XOR
2 1 1479 1541 1606 XOR
2 1 1581 1606 1607 AND
2 1 1607 1541 1608 XOR
2 1 1482 1546 1609 XOR
2 1 1581 1609 1610 AND
2 1 1610 1546 1611 XOR
2 1 1485 1551 1612 XOR
2 1 1581 1612 1613 AND
2 1 1613 1551 1614 XOR
2 1 1488 1556 1615 XOR
2 1 1581 1615 1616 AND
2 1 1616 1556 1617 XOR
2 1 1491 1561 1618 XOR
2 1 1581 1618 1619 AND
2 1 1619 1561 1620 XOR
2 1 1494 1566 1621 XOR
2 1 1581 1621 1622 AND
2 1 1622 1566 1623 XOR
2 1 1497 1571 1624 XOR
2 1 1581 1624 1625 AND
2 1 1625 1571 1626 XOR
2 1 1500 1576 1627 XOR
2 1 1581 1627 1628 AND
2 1 1628 1576 1629 XOR
1 1 1581 1630 INV
2 1 233 404 1631 XOR
2 1 1631 404 1632 AND
2 1 1584 405 1633 XOR
2 1 1632 405 1634 XOR
2 1 1633 1632 1635 XOR
2 1 1633 1634 1636 AND
2 1 1632 1636 1637 XOR
2 1 1587 406 1638 XOR
2 1 1637 406 1639 XOR
2 1 1638 1637 1640 XOR
2 1 1638 1639 1641 AND
2 1 1637 1641 1642 XOR
2 1 1590 407 1643 XOR
2 1 1642 407 1644 XOR
2 1 1643 1642 1645 XOR
2 1 1643 1644 1646 AND
2 1 1642 1646 1647 XOR
2 1 1593 408 1648 XOR
2 1 1647 408 1649 XOR
2 1 1648 1647 1650 XOR
2 1 1648 1649 1651 AND
2 1 1647 1651 1652 XOR
2 1 1596 409 1653 XOR
2 1 1652 409 1654 XOR
2 1 1653 1652 1655 XOR
2 1 1653 1654 1656 AND
2 1 1652 1656 1657 XOR
2 1 1599 410 1658 XOR
2 1 1657 410 1659 XOR
2 1 1658 1657 1660 XOR
2 1 1658 1659 1661 AND
2 1 1657 1661 1662 XOR
2 1 1602 411 1663 XOR
2 1 1662 411 1664 XOR
2 1 1663 1662 1665 XOR
2 1 1663 1664 1666 AND
2 1 1662 1666 1667 XOR
2 1 1605 412 1668 XOR
2 1 1667 412 1669 XOR
2 1 1668 1667 1670 XOR
2 1 1668 1669 1671 AND
2 1 1667 1671 1672 XOR
2 1 1608 413 1673 XOR
2 1 1672 413 1674 XOR
2 1 1673 1672 1675 XOR
2 1 1673 1674 1676 AND
2 1 1672 1676 1677 XOR
2 1 1611 414 1678 XOR
2 1 1677 414 1679 XOR
2 1 1678 1677 1680 XOR
2 1 1678 1679 1681 AND
2 1 1677 1681 1682 XOR
2 1 1614 415 1683 XOR
2 1 1682 415 1684 XOR
2 1 1683 1682 1685 XOR
2 1 1683 1684 1686 AND
2 1 1682 1686 1687 XOR
2 1 1617 416 1688 XOR
2 1 1687 416 1689 XOR
2 1 1688 1687 1690 XOR
2 1 1688 1689 1691 AND
2 1 1687 1691 1692 XOR
2 1 1620 417 1693 XOR
2 1 1692 417 1694 XOR
2 1 1693 1692 1695 XOR
2 1 1693 1694 1696 AND
2 1 1692 1696 1697 XOR
2 1 1623 418 1698 XOR
2 1 1697 418 1699 XOR
2 1 1698 1697 1700 XOR
2 1 1698 1699 1701 AND
2 1 1697 1701 1702 XOR
2 1 1626 419 1703 XOR
2 1 1702 419 1704 XOR
2 1 1703 1702 1705 XOR
2 1 1703 1704 1706 AND
2 1 1702 1706 1707 XOR
2 1 1629 420 1708 XOR
2 1 1707 420 1709 XOR
2 1 1708 1707 1710 XOR
2 1 1708 1709 1711 AND
2 1 1707 1711 1712 XOR
2 1 1712 478 1713 AND
2 1 1712 478 1714 XOR
2 1 1714 1713 1715 XOR
2 1 233 1631 1716 XOR
2 1 1715 1716 1717 AND
2 1 1717 1631 1718 XOR
2 1 1584 1635 1719 XOR
2 1 1715 1719 1720 AND
2 1 1720 1635 1721 XOR
2 1 1587 1640 1722 XOR
2 1 1715 1722 1723 AND
2 1 1723 1640 1724 XOR
2 1 1590 1645 1725 XOR
2 1 1715 1725 1726 AND
2 1 1726 1645 1727 XOR
2 1 1593 1650 1728 XOR
2 1 1715 1728 1729 AND
2 1 1729 1650 1730 XOR
2 1 1596 1655 1731 XOR
2 1 1715 1731 1732 AND
2 1 1732 1655 1733 XOR
2 1 1599 1660 1734 XOR
2 1 1715 1734 1735 AND
2 1 1735 1660 1736 XOR
2 1 1602 1665 1737 XOR
2 1 1715 1737 1738 AND
2 1 1738 1665 1739 XOR
2 1 1605 1670 1740 XOR
2 1 1715 1740 1741 AND
2 1 1741 1670 1742 XOR
2 1 1608 1675 1743 XOR
2 1 1715 1743 1744 AND
2 1 1744 1675 1745 XOR
2 1 1611 1680 1746 XOR
2 1 1715 1746 1747 AND
2 1 1747 1680 1748 XOR
2 1 1614 1685 1749 XOR
2 1 1715 1749 1750 AND
2 1 1750 1685 1751 XOR
2 1 1617 1690 1752 XOR
2 1 1715 1752 1753 AND
2 1 1753 1690 1754 XOR
2 1 1620 1695 1755 XOR
2 1 1715 1755 1756 AND
2 1 1756 1695 1757 XOR
2 1 1623 1700 1758 XOR
2 1 1715 1758 1759 AND
2 1 1759 1700 1760 XOR
2 1 1626 1705 1761 XOR
2 1 1715 1761 1762 AND
2 1 1762 1705 1763 XOR
2 1 1629 1710 1764 XOR
2 1 1715 1764 1765 AND
2 1 1765 1710 1766 XOR
1 1 1715 1767 INV
2 1 232 404 1768 XOR
2 1 1768 404 1769 AND
2 1 1718 405 1770 XOR
2 1 1769 405 1771 XOR
2 1 1770 1769 1772 XOR
2 1 1770 1771 1773 AND
2 1 1769 1773 1774 XOR
2 1 1721 406 1775 XOR
2 1 1774 406 1776 XOR
2 1 1775 1774 1777 XOR
2 1 1775 1776 1778 AND
2 1 1774 1778 1779 XOR
2 1 1724 407 1780 XOR
2 1 1779 407 1781 XOR
2 1 1780 1779 1782 XOR
2 1 1780 1781 1783 AND
2 1 1779 1783 1784 XOR
2 1 1727 408 1785 XOR
2 1 1784 408 1786 XOR
2 1 1785 1784 1787 XOR
2 1 1785 1786 1788 AND
2 1 1784 1788 1789 XOR
2 1 1730 409 1790 XOR
2 1 1789 409 1791 XOR
2 1 1790 1789 1792 XOR
2 1 1790 1791 1793 AND
2 1 1789 1793 1794 XOR
2 1 1733 410 1795 XOR
2 1 1794 410 1796 XOR
2 1 1795 1794 1797 XOR
2 1 1795 1796 1798 AND
2 1 1794 1798 1799 XOR
2 1 1736 411 1800 XOR
2 1 1799 411 1801 XOR
2 1 1800 1799 1802 XOR
2 1 1800 1801 1803 AND
2 1 1799 1803 1804 XOR
2 1 1739 412 1805 XOR
2 1 1804 412 1806 XOR
2 1 1805 1804 1807 XOR
2 1 1805 1806 1808 AND
2 1 1804 1808 1809 XOR
2 1 1742 413 1810 XOR
2 1 1809 413 1811 XOR
2 1 1810 1809 1812 XOR
2 1 1810 1811 1813 AND
2 1 1809 1813 1814 XOR
2 1 1745 414 1815 XOR
2 1 1814 414 1816 XOR
2 1 1815 1814 1817 XOR
2 1 1815 1816 1818 AND
2 1 1814 1818 1819 XOR
2 1 1748 415 1820 XOR
2 1 1819 415 1821 XOR
2 1 1820 1819 1822 XOR
2 1 1820 1821 1823 AND
2 1 1819 1823 1824 XOR
2 1 1751 416 1825 XOR
2 1 1824 416 1826 XOR
2 1 1825 1824 1827 XOR
2 1 1825 1826 1828 AND
2 1 1824 1828 1829 XOR
2 1 1754 417 1830 XOR
2 1 1829 417 1831 XOR
2 1 1830 1829 1832 XOR
2 1 1830 1831 1833 AND
2 1 1829 1833 1834 XOR
2 1 1757 418 1835 XOR
2 1 1834 418 1836 XOR
2 1 1835 1834 1837 XOR
2 1 1835 1836 1838 AND
2 1 1834 1838 1839 XOR
2 1 1760 419 1840 XOR
2 1 1839 419 1841 XOR
2 1 1840 1839 1842 XOR
2 1 1840 1841 1843 AND
2 1 1839 1843 1844 XOR
2 1 1763 420 1845 XOR
2 1 1844 420 1846 XOR
2 1 1845 1844 1847 XOR
2 1 1845 1846 1848 AND
2 1 1844 1848 1849 XOR
2 1 1766 421 1850 XOR
2 1 1849 421 1851 XOR
2 1 1850 1849 1852 XOR
2 1 1850 1851 1853 AND
2 1 1849 1853 1854 XOR
2 1 1854 475 1855 AND
2 1 1854 475 1856 XOR
2 1 1856 1855 1857 XOR
2 1 232 1768 1858 XOR
2 1 1857 1858 1859 AND
2 1 1859 1768 1860 XOR
2 1 1718 1772 1861 XOR
2 1 1857 1861 1862 AND
2 1 1862 1772 1863 XOR
2 1 1721 1777 1864 XOR
2 1 1857 1864 1865 AND
2 1 1865 1777 1866 XOR
2 1 1724 1782 1867 XOR
2 1 1857 1867 1868 AND
2 1 1868 1782 1869 XOR
2 1 1727 1787 1870 XOR
2 1 1857 1870 1871 AND
2 1 1871 1787 1872 XOR
2 1 1730 1792 1873 XOR
2 1 1857 1873 1874 AND
2 1 1874 1792 1875 XOR
2 1 1733 1797 1876 XOR
2 1 1857 1876 1877 AND
2 1 1877 1797 1878 XOR
2 1 1736 1802 1879 XOR
2 1 1857 1879 1880 AND
2 1 1880 1802 1881 XOR
2 1 1739 1807 1882 XOR
2 1 1857 1882 1883 AND
2 1 1883 1807 1884 XOR
2 1 1742 1812 1885 XOR
2 1 1857 1885 1886 AND
2 1 1886 1812 1887 XOR
2 1 1745 1817 1888 XOR
2 1 1857 1888 1889 AND
2 1 1889 1817 1890 XOR
2 1 1748 1822 1891 XOR
2 1 1857 1891 1892 AND
2 1 1892 1822 1893 XOR
2 1 1751 1827 1894 XOR
2 1 1857 1894 1895 AND
2 1 1895 1827 1896 XOR
2 1 1754 1832 1897 XOR
2 1 1857 1897 1898 AND
2 1 1898 1832 1899 XOR
2 1 1757 1837 1900 XOR
2 1 1857 1900 1901 AND
2 1 1901 1837 1902 XOR
2 1 1760 1842 1903 XOR
2 1 1857 1903 1904 AND
2 1 1904 1842 1905 XOR
2 1 1763 1847 1906 XOR
2 1 1857 1906 1907 AND
2 1 1907 1847 1908 XOR
2 1 1766 1852 1909 XOR
2 1 1857 1909 1910 AND
2 1 1910 1852 1911 XOR
1 1 1857 1912 INV
2 1 231 404 1913 XOR
2 1 1913 404 1914 AND
2 1 1860 405 1915 XOR
2 1 1914 405 1916 XOR
2 1 1915 1914 1917 XOR
2 1 1915 1916 1918 AND
2 1 1914 1918 1919 XOR
2 1 1863 406 1920 XOR
2 1 1919 406 1921 XOR
2 1 1920 1919 1922 XOR
2 1 1920 1921 1923 AND
2 1 1919 1923 1924 XOR
2 1 1866 407 1925 XOR
2 1 1924 407 1926 XOR
2 1 1925 1924 1927 XOR
2 1 1925 1926 1928 AND
2 1 1924 1928 1929 XOR
2 1 1869 408 1930 XOR
2 1 1929 408 1931 XOR
2 1 1930 1929 1932 XOR
2 1 1930 1931 1933 AND
2 1 1929 1933 1934 XOR
2 1 1872 409 1935 XOR
2 1 1934 409 1936 XOR
2 1 1935 1934 1937 XOR
2 1 1935 1936 1938 AND
2 1 1934 1938 1939 XOR
2 1 1875 410 1940 XOR
2 1 1939 410 1941 XOR
2 1 1940 1939 1942 XOR
2 1 1940 1941 1943 AND
2 1 1939 1943 1944 XOR
2 1 1878 411 1945 XOR
2 1 1944 411 1946 XOR
2 1 1945 1944 1947 XOR
2 1 1945 1946 1948 AND
2 1 1944 1948 1949 XOR
2 1 1881 412 1950 XOR
2 1 1949 412 1951 XOR
2 1 1950 1949 1952 XOR
2 1 1950 1951 1953 AND
2 1 1949 1953 1954 XOR
2 1 1884 413 1955 XOR
2 1 1954 413 1956 XOR
2 1 1955 1954 1957 XOR
2 1 1955 1956 1958 AND
2 1 1954 1958 1959 XOR
2 1 1887 414 1960 XOR
2 1 1959 414 1961 XOR
2 1 1960 1959 1962 XOR
2 1 1960 1961 1963 AND
2 1 1959 1963 1964 XOR
2 1 1890 415 1965 XOR
2 1 1964 415 1966 XOR
2 1 1965 1964 1967 XOR
2 1 1965 1966 1968 AND
2 1 1964 1968 1969 XOR
2 1 1893 416 1970 XOR
2 1 1969 416 1971 XOR
2 1 1970 1969 1972 XOR
2 1 1970 1971 1973 AND
2 1 1969 1973 1974 XOR
2 1 1896 417 1975 XOR
2 1 1974 417 1976 XOR
2 1 1975 1974 1977 XOR
2 1 1975 1976 1978 AND
2 1 1974 1978 1979 XOR
2 1 1899 418 1980 XOR
2 1 1979 418 1981 XOR
2 1 1980 1979 1982 XOR
2 1 1980 1981 1983 AND
2 1 1979 1983 1984 XOR
2 1 1902 419 1985 XOR
2 1 1984 419 1986 XOR
2 1 1985 1984 1987 XOR
2 1 1985 1986 1988 AND
2 1 1984 1988 1989 XOR
2 1 1905 420 1990 XOR
2 1 1989 420 1991 XOR
2 1 1990 1989 1992 XOR
2 1 1990 1991 1993 AND
2 1 1989 1993 1994 XOR
2 1 1908 421 1995 XOR
2 1 1994 421 1996 XOR
2 1 1995 1994 1997 XOR
2 1 1995 1996 1998 AND
2 1 1994 1998 1999 XOR
2 1 1911 422 2000 XOR
2 1 1999 422 2001 XOR
2 1 2000 1999 2002 XOR
2 1 2000 2001 2003 AND
2 1 1999 2003 2004 XOR
2 1 2004 472 2005 AND
2 1 2004 472 2006 XOR
2 1 2006 2005 2007 XOR
2 1 231 1913 2008 XOR
2 1 2007 2008 2009 AND
2 1 2009 1913 2010 XOR
2 1 1860 1917 2011 XOR
2 1 2007 2011 2012 AND
2 1 2012 1917 2013 XOR
2 1 1863 1922 2014 XOR
2 1 2007 2014 2015 AND
2 1 2015 1922 2016 XOR
2 1 1866 1927 2017 XOR
2 1 2007 2017 2018 AND
2 1 2018 1927 2019 XOR
2 1 1869 1932 2020 XOR
2 1 2007 2020 2021 AND
2 1 2021 1932 2022 XOR
2 1 1872 1937 2023 XOR
2 1 2007 2023 2024 AND
2 1 2024 1937 2025 XOR
2 1 1875 1942 2026 XOR
2 1 2007 2026 2027 AND
2 1 2027 1942 2028 XOR
2 1 1878 1947 2029 XOR
2 1 2007 2029 2030 AND
2 1 2030 1947 2031 XOR
2 1 1881 1952 2032 XOR
2 1 2007 2032 2033 AND
2 1 2033 1952 2034 XOR
2 1 1884 1957 2035 XOR
2 1 2007 2035 2036 AND
2 1 2036 1957 2037 XOR
2 1 1887 1962 2038 XOR
2 1 2007 2038 2039 AND
2 1 2039 1962 2040 XOR
2 1 1890 1967 2041 XOR
2 1 2007 2041 2042 AND
2 1 2042 1967 2043 XOR
2 1 1893 1972 2044 XOR
2 1 2007 2044 2045 AND
2 1 2045 1972 2046 XOR
2 1 1896 1977 2047 XOR
2 1 2007 2047 2048 AND
2 1 2048 1977 2049 XOR
2 1 1899 1982 2050 XOR
2 1 2007 2050 2051 AND
2 1 2051 1982 2052 XOR
2 1 1902 1987 2053 XOR
2 1 2007 2053 2054 AND
2 1 2054 1987 2055 XOR
2 1 1905 1992 2056 XOR
2 1 2007 2056 2057 AND
2 1 2057 1992 2058 XOR
2 1 1908 1997 2059 XOR
2 1 2007 2059 2060 AND
2 1 2060 1997 2061 XOR
2 1 1911 2002 2062 XOR
2 1 2007 2062 2063 AND
2 1 2063 2002 2064 XOR
1 1 2007 2065 INV
2 1 230 404 2066 XOR
2 1 2066 404 2067 AND
2 1 2010 405 2068 XOR
2 1 2067 405 2069 XOR
2 1 2068 2067 2070 XOR
2 1 2068 2069 2071 AND
2 1 2067 2071 2072 XOR
2 1 2013 406 2073 XOR
2 1 2072 406 2074 XOR
2 1 2073 2072 2075 XOR
2 1 2073 2074 2076 AND
2 1 2072 2076 2077 XOR
2 1 2016 407 2078 XOR
2 1 2077 407 2079 XOR
2 1 2078 2077 2080 XOR
2 1 2078 2079 2081 AND
2 1 2077 2081 2082 XOR
2 1 2019 408 2083 XOR
2 1 2082 408 2084 XOR
2 1 2083 2082 2085 XOR
2 1 2083 2084 2086 AND
2 1 2082 2086 2087 XOR
2 1 2022 409 2088 XOR
2 1 2087 409 2089 XOR
2 1 2088 2087 2090 XOR
2 1 2088 2089 2091 AND
2 1 2087 2091 2092 XOR
2 1 2025 410 2093 XOR
2 1 2092 410 2094 XOR
2 1 2093 2092 2095 XOR
2 1 2093 2094 2096 AND
2 1 2092 2096 2097 XOR
2 1 2028 411 2098 XOR
2 1 2097 411 2099 XOR
2 1 2098 2097 2100 XOR
2 1 2098 2099 2101 AND
2 1 2097 2101 2102 XOR
2 1 2031 412 2103 XOR
2 1 2102 412 2104 XOR
2 1 2103 2102 2105 XOR
2 1 2103 2104 2106 AND
2 1 2102 2106 2107 XOR
2 1 2034 413 2108 XOR
2 1 2107 413 2109 XOR
2 1 2108 2107 2110 XOR
2 1 2108 2109 2111 AND
2 1 2107 2111 2112 XOR
2 1 2037 414 2113 XOR
2 1 2112 414 2114 XOR
2 1 2113 2112 2115 XOR
2 1 2113 2114 2116 AND
2 1 2112 2116 2117 XOR
2 1 2040 415 2118 XOR
2 1 2117 415 2119 XOR
2 1 2118 2117 2120 XOR
2 1 2118 2119 2121 AND
2 1 2117 2121 2122 XOR
2 1 2043 416 2123 XOR
2 1 2122 416 2124 XOR
2 1 2123 2122 2125 XOR
2 1 2123 2124 2126 AND
2 1 2122 2126 2127 XOR
2 1 2046 417 2128 XOR
2 1 2127 417 2129 XOR
2 1 2128 2127 2130 XOR
2 1 2128 2129 2131 AND
2 1 2127 2131 2132 XOR
2 1 2049 418 2133 XOR
2 1 2132 418 2134 XOR
2 1 2133 2132 2135 XOR
2 1 2133 2134 2136 AND
2 1 2132 2136 2137 XOR
2 1 2052 419 2138 XOR
2 1 2137 419 2139 XOR
2 1 2138 2137 2140 XOR
2 1 2138 2139 2141 AND
2 1 2137 2141 2142 XOR
2 1 2055 420 2143 XOR
2 1 2142 420 2144 XOR
2 1 2143 2142 2145 XOR
2 1 2143 2144 2146 AND
2 1 2142 2146 2147 XOR
2 1 2058 421 2148 XOR
2 1 2147 421 2149 XOR
2 1 2148 2147 2150 XOR
2 1 2148 2149 2151 AND
2 1 2147 2151 2152 XOR
2 1 2061 422 2153 XOR
2 1 2152 422 2154 XOR
2 1 2153 2152 2155 XOR
2 1 2153 2154 2156 AND
2 1 2152 2156 2157 XOR
2 1 2064 423 2158 XOR
2 1 2157 423 2159 XOR
2 1 2158 2157 2160 XOR
2 1 2158 2159 2161 AND
2 1 2157 2161 2162 XOR
2 1 2162 469 2163 AND
2 1 2162 469 2164 XOR
2 1 2164 2163 2165 XOR
2 1 230 2066 2166 XOR
2 1 2165 2166 2167 AND
2 1 2167 2066 2168 XOR
2 1 2010 2070 2169 XOR
2 1 2165 2169 2170 AND
2 1 2170 2070 2171 XOR
2 1 2013 2075 2172 XOR
2 1 2165 2172 2173 AND
2 1 2173 2075 2174 XOR
2 1 2016 2080 2175 XOR
2 1 2165 2175 2176 AND
2 1 2176 2080 2177 XOR
2 1 2019 2085 2178 XOR
2 1 2165 2178 2179 AND
2 1 2179 2085 2180 XOR
2 1 2022 2090 2181 XOR
2 1 2165 2181 2182 AND
2 1 2182 2090 2183 XOR
2 1 2025 2095 2184 XOR
2 1 2165 2184 2185 AND
2 1 2185 2095 2186 XOR
2 1 2028 2100 2187 XOR
2 1 2165 2187 2188 AND
2 1 2188 2100 2189 XOR
2 1 2031 2105 2190 XOR
2 1 2165 2190 2191 AND
2 1 2191 2105 2192 XOR
2 1 2034 2110 2193 XOR
2 1 2165 2193 2194 AND
2 1 2194 2110 2195 XOR
2 1 2037 2115 2196 XOR
2 1 2165 2196 2197 AND
2 1 2197 2115 2198 XOR
2 1 2040 2120 2199 XOR
2 1 2165 2199 2200 AND
2 1 2200 2120 2201 XOR
2 1 2043 2125 2202 XOR
2 1 2165 2202 2203 AND
2 1 2203 2125 2204 XOR
2 1 2046 2130 2205 XOR
2 1 2165 2205 2206 AND
2 1 2206 2130 2207 XOR
2 1 2049 2135 2208 XOR
2 1 2165 2208 2209 AND
2 1 2209 2135 2210 XOR
2 1 2052 2140 2211 XOR
2 1 2165 2211 2212 AND
2 1 2212 2140 2213 XOR
2 1 2055 2145 2214 XOR
2 1 2165 2214 2215 AND
2 1 2215 2145 2216 XOR
2 1 2058 2150 2217 XOR
2 1 2165 2217 2218 AND
2 1 2218 2150 2219 XOR
2 1 2061 2155 2220 XOR
2 1 2165 2220 2221 AND
2 1 2221 2155 2222 XOR
2 1 2064 2160 2223 XOR
2 1 2165 2223 2224 AND
2 1 2224 2160 2225 XOR
1 1 2165 2226 INV
2 1 229 404 2227 XOR
2 1 2227 404 2228 AND
2 1 2168 405 2229 XOR
2 1 2228 405 2230 XOR
2 1 2229 2228 2231 XOR
2 1 2229 2230 2232 AND
2 1 2228 2232 2233 XOR
2 1 2171 406 2234 XOR
2 1 2233 406 2235 XOR
2 1 2234 2233 2236 XOR
2 1 2234 2235 2237 AND
2 1 2233 2237 2238 XOR
2 1 2174 407 2239 XOR
2 1 2238 407 2240 XOR
2 1 2239 2238 2241 XOR
2 1 2239 2240 2242 AND
2 1 2238 2242 2243 XOR
2 1 2177 408 2244 XOR
2 1 2243 408 2245 XOR
2 1 2244 2243 2246 XOR
2 1 2244 2245 2247 AND
2 1 2243 2247 2248 XOR
2 1 2180 409 2249 XOR
2 1 2248 409 2250 XOR
2 1 2249 2248 2251 XOR
2 1 2249 2250 2252 AND
2 1 2248 2252 2253 XOR
2 1 2183 410 2254 XOR
2 1 2253 410 2255 XOR
2 1 2254 2253 2256 XOR
2 1 2254 2255 2257 AND
2 1 2253 2257 2258 XOR
2 1 2186 411 2259 XOR
2 1 2258 411 2260 XOR
2 1 2259 2258 2261 XOR
2 1 2259 2260 2262 AND
2 1 2258 2262 2263 XOR
2 1 2189 412 2264 XOR
2 1 2263 412 2265 XOR
2 1 2264 2263 2266 XOR
2 1 2264 2265 2267 AND
2 1 2263 2267 2268 XOR
2 1 2192 413 2269 XOR
2 1 2268 413 2270 XOR
2 1 2269 2268 2271 XOR
2 1 2269 2270 2272 AND
2 1 2268 2272 2273 XOR
2 1 2195 414 2274 XOR
2 1 2273 414 2275 XOR
2 1 2274 2273 2276 XOR
2 1 2274 2275 2277 AND
2 1 2273 2277 2278 XOR
2 1 2198 415 2279 XOR
2 1 2278 415 2280 XOR
2 1 2279 2278 2281 XOR
2 1 2279 2280 2282 AND
2 1 2278 2282 2283 XOR
2 1 2201 416 2284 XOR
2 1 2283 416 2285 XOR
2 1 2284 2283 2286 XOR
2 1 2284 2285 2287 AND
2 1 2283 2287 2288 XOR
2 1 2204 417 2289 XOR
2 1 2288 417 2290 XOR
2 1 2289 2288 2291 XOR
2 1 2289 2290 2292 AND
2 1 2288 2292 2293 XOR
2 1 2207 418 2294 XOR
2 1 2293 418 2295 XOR
2 1 2294 2293 2296 XOR
2 1 2294 2295 2297 AND
2 1 2293 2297 2298 XOR
2 1 2210 419 2299 XOR
2 1 2298 419 2300 XOR
2 1 2299 2298 2301 XOR
2 1 2299 2300 2302 AND
2 1 2298 2302 2303 XOR
2 1 2213 420 2304 XOR
2 1 2303 420 2305 XOR
2 1 2304 2303 2306 XOR
2 1 2304 2305 2307 AND
2 1 2303 2307 2308 XOR
2 1 2216 421 2309 XOR
2 1 2308 421 2310 XOR
2 1 2309 2308 2311 XOR
2 1 2309 2310 2312 AND
2 1 2308 2312 2313 XOR
2 1 2219 422 2314 XOR
2 1 2313 422 2315 XOR
2 1 2314 2313 2316 XOR
2 1 2314 2315 2317 AND
2 1 2313 2317 2318 XOR
2 1 2222 423 2319 XOR
2 1 2318 423 2320 XOR
2 1 2319 2318 2321 XOR
2 1 2319 2320 2322 AND
2 1 2318 2322 2323 XOR
2 1 2225 424 2324 XOR
2 1 2323 424 2325 XOR
2 1 2324 2323 2326 XOR
2 1 2324 2325 2327 AND
2 1 2323 2327 2328 XOR
2 1 2328 466 2329 AND
2 1 2328 466 2330 XOR
2 1 2330 2329 2331 XOR
2 1 229 2227 2332 XOR
2 1 2331 2332 2333 AND
2 1 2333 2227 2334 XOR
2 1 2168 2231 2335 XOR
2 1 2331 2335 2336 AND
2 1 2336 2231 2337 XOR
2 1 2171 2236 2338 XOR
2 1 2331 2338 2339 AND
2 1 2339 2236 2340 XOR
2 1 2174 2241 2341 XOR
2 1 2331 2341 2342 AND
2 1 2342 2241 2343 XOR
2 1 2177 2246 2344 XOR
2 1 2331 2344 2345 AND
2 1 2345 2246 2346 XOR
2 1 2180 2251 2347 XOR
2 1 2331 2347 2348 AND
2 1 2348 2251 2349 XOR
2 1 2183 2256 2350 XOR
2 1 2331 2350 2351 AND
2 1 2351 2256 2352 XOR
2 1 2186 2261 2353 XOR
2 1 2331 2353 2354 AND
2 1 2354 2261 2355 XOR
2 1 2189 2266 2356 XOR
2 1 2331 2356 2357 AND
2 1 2357 2266 2358 XOR
2 1 2192 2271 2359 XOR
2 1 2331 2359 2360 AND
2 1 2360 2271 2361 XOR
2 1 2195 2276 2362 XOR
2 1 2331 2362 2363 AND
2 1 2363 2276 2364 XOR
2 1 2198 2281 2365 XOR
2 1 2331 2365 2366 AND
2 1 2366 2281 2367 XOR
2 1 2201 2286 2368 XOR
2 1 2331 2368 2369 AND
2 1 2369 2286 2370 XOR
2 1 2204 2291 2371 XOR
2 1 2331 2371 2372 AND
2 1 2372 2291 2373 XOR
2 1 2207 2296 2374 XOR
2 1 2331 2374 2375 AND
2 1 2375 2296 2376 XOR
2 1 2210 2301 2377 XOR
2 1 2331 2377 2378 AND
2 1 2378 2301 2379 XOR
2 1 2213 2306 2380 XOR
2 1 2331 2380 2381 AND
2 1 2381 2306 2382 XOR
2 1 2216 2311 2383 XOR
2 1 2331 2383 2384 AND
2 1 2384 2311 2385 XOR
2 1 2219 2316 2386 XOR
2 1 2331 2386 2387 AND
2 1 2387 2316 2388 XOR
2 1 2222 2321 2389 XOR
2 1 2331 2389 2390 AND
2 1 2390 2321 2391 XOR
2 1 2225 2326 2392 XOR
2 1 2331 2392 2393 AND
2 1 2393 2326 2394 XOR
1 1 2331 2395 INV
2 1 228 404 2396 XOR
2 1 2396 404 2397 AND
2 1 2334 405 2398 XOR
2 1 2397 405 2399 XOR
2 1 2398 2397 2400 XOR
2 1 2398 2399 2401 AND
2 1 2397 2401 2402 XOR
2 1 2337 406 2403 XOR
2 1 2402 406 2404 XOR
2 1 2403 2402 2405 XOR
2 1 2403 2404 2406 AND
2 1 2402 2406 2407 XOR
2 1 2340 407 2408 XOR
2 1 2407 407 2409 XOR
2 1 2408 2407 2410 XOR
2 1 2408 2409 2411 AND
2 1 2407 2411 2412 XOR
2 1 2343 408 2413 XOR
2 1 2412 408 2414 XOR
2 1 2413 2412 2415 XOR
2 1 2413 2414 2416 AND
2 1 2412 2416 2417 XOR
2 1 2346 409 2418 XOR
2 1 2417 409 2419 XOR
2 1 2418 2417 2420 XOR
2 1 2418 2419 2421 AND
2 1 2417 2421 2422 XOR
2 1 2349 410 2423 XOR
2 1 2422 410 2424 XOR
2 1 2423 2422 2425 XOR
2 1 2423 2424 2426 AND
2 1 2422 2426 2427 XOR
2 1 2352 411 2428 XOR
2 1 2427 411 2429 XOR
2 1 2428 2427 2430 XOR
2 1 2428 2429 2431 AND
2 1 2427 2431 2432 XOR
2 1 2355 412 2433 XOR
2 1 2432 412 2434 XOR
2 1 2433 2432 2435 XOR
2 1 2433 2434 2436 AND
2 1 2432 2436 2437 XOR
2 1 2358 413 2438 XOR
2 1 2437 413 2439 XOR
2 1 2438 2437 2440 XOR
2 1 2438 2439 2441 AND
2 1 2437 2441 2442 XOR
2 1 2361 414 2443 XOR
2 1 2442 414 2444 XOR
2 1 2443 2442 2445 XOR
2 1 2443 2444 2446 AND
2 1 2442 2446 2447 XOR
2 1 2364 415 2448 XOR
2 1 2447 415 2449 XOR
2 1 2448 2447 2450 XOR
2 1 2448 2449 2451 AND
2 1 2447 2451 2452 XOR
2 1 2367 416 2453 XOR
2 1 2452 416 2454 XOR
2 1 2453 2452 2455 XOR
2 1 2453 2454 2456 AND
2 1 2452 2456 2457 XOR
2 1 2370 417 2458 XOR
2 1 2457 417 2459 XOR
2 1 2458 2457 2460 XOR
2 1 2458 2459 2461 AND
2 1 2457 2461 2462 XOR
2 1 2373 418 2463 XOR
2 1 2462 418 2464 XOR
2 1 2463 2462 2465 XOR
2 1 2463 2464 2466 AND
2 1 2462 2466 2467 XOR
2 1 2376 419 2468 XOR
2 1 2467 419 2469 XOR
2 1 2468 2467 2470 XOR
2 1 2468 2469 2471 AND
2 1 2467 2471 2472 XOR
2 1 2379 420 2473 XOR
2 1 2472 420 2474 XOR
2 1 2473 2472 2475 XOR
2 1 2473 2474 2476 AND
2 1 2472 2476 2477 XOR
2 1 2382 421 2478 XOR
2 1 2477 421 2479 XOR
2 1 2478 2477 2480 XOR
2 1 2478 2479 2481 AND
2 1 2477 2481 2482 XOR
2 1 2385 422 2483 XOR
2 1 2482 422 2484 XOR
2 1 2483 2482 2485 XOR
2 1 2483 2484 2486 AND
2 1 2482 2486 2487 XOR
2 1 2388 423 2488 XOR
2 1 2487 423 2489 XOR
2 1 2488 2487 2490 XOR
2 1 2488 2489 2491 AND
2 1 2487 2491 2492 XOR
2 1 2391 424 2493 XOR
2 1 2492 424 2494 XOR
2 1 2493 2492 2495 XOR
2 1 2493 2494 2496 AND
2 1 2492 2496 2497 XOR
2 1 2394 425 2498 XOR
2 1 2497 425 2499 XOR
2 1 2498 2497 2500 XOR
2 1 2498 2499 2501 AND
2 1 2497 2501 2502 XOR
2 1 2502 463 2503 AND
2 1 2502 463 2504 XOR
2 1 2504 2503 2505 XOR
2 1 228 2396 2506 XOR
2 1 2505 2506 2507 AND
2 1 2507 2396 2508 XOR
2 1 2334 2400 2509 XOR
2 1 2505 2509 2510 AND
2 1 2510 2400 2511 XOR
2 1 2337 2405 2512 XOR
2 1 2505 2512 2513 AND
2 1 2513 2405 2514 XOR
2 1 2340 2410 2515 XOR
2 1 2505 2515 2516 AND
2 1 2516 2410 2517 XOR
2 1 2343 2415 2518 XOR
2 1 2505 2518 2519 AND
2 1 2519 2415 2520 XOR
2 1 2346 2420 2521 XOR
2 1 2505 2521 2522 AND
2 1 2522 2420 2523 XOR
2 1 2349 2425 2524 XOR
2 1 2505 2524 2525 AND
2 1 2525 2425 2526 XOR
2 1 2352 2430 2527 XOR
2 1 2505 2527 2528 AND
2 1 2528 2430 2529 XOR
2 1 2355 2435 2530 XOR
2 1 2505 2530 2531 AND
2 1 2531 2435 2532 XOR
2 1 2358 2440 2533 XOR
2 1 2505 2533 2534 AND
2 1 2534 2440 2535 XOR
2 1 2361 2445 2536 XOR
2 1 2505 2536 2537 AND
2 1 2537 2445 2538 XOR
2 1 2364 2450 2539 XOR
2 1 2505 2539 2540 AND
2 1 2540 2450 2541 XOR
2 1 2367 2455 2542 XOR
2 1 2505 2542 2543 AND
2 1 2543 2455 2544 XOR
2 1 2370 2460 2545 XOR
2 1 2505 2545 2546 AND
2 1 2546 2460 2547 XOR
2 1 2373 2465 2548 XOR
2 1 2505 2548 2549 AND
2 1 2549 2465 2550 XOR
2 1 2376 2470 2551 XOR
2 1 2505 2551 2552 AND
2 1 2552 2470 2553 XOR
2 1 2379 2475 2554 XOR
2 1 2505 2554 2555 AND
2 1 2555 2475 2556 XOR
2 1 2382 2480 2557 XOR
2 1 2505 2557 2558 AND
2 1 2558 2480 2559 XOR
2 1 2385 2485 2560 XOR
2 1 2505 2560 2561 AND
2 1 2561 2485 2562 XOR
2 1 2388 2490 2563 XOR
2 1 2505 2563 2564 AND
2 1 2564 2490 2565 XOR
2 1 2391 2495 2566 XOR
2 1 2505 2566 2567 AND
2 1 2567 2495 2568 XOR
2 1 2394 2500 2569 XOR
2 1 2505 2569 2570 AND
2 1 2570 2500 2571 XOR
1 1 2505 2572 INV
2 1 227 404 2573 XOR
2 1 2573 404 2574 AND
2 1 2508 405 2575 XOR
2 1 2574 405 2576 XOR
2 1 2575 2574 2577 XOR
2 1 2575 2576 2578 AND
2 1 2574 2578 2579 XOR
2 1 2511 406 2580 XOR
2 1 2579 406 2581 XOR
2 1 2580 2579 2582 XOR
2 1 2580 2581 2583 AND
2 1 2579 2583 2584 XOR
2 1 2514 407 2585 XOR
2 1 2584 407 2586 XOR
2 1 2585 2584 2587 XOR
2 1 2585 2586 2588 AND
2 1 2584 2588 2589 XOR
2 1 2517 408 2590 XOR
2 1 2589 408 2591 XOR
2 1 2590 2589 2592 XOR
2 1 2590 2591 2593 AND
2 1 2589 2593 2594 XOR
2 1 2520 409 2595 XOR
2 1 2594 409 2596 XOR
2 1 2595 2594 2597 XOR
2 1 2595 2596 2598 AND
2 1 2594 2598 2599 XOR
2 1 2523 410 2600 XOR
2 1 2599 410 2601 XOR
2 1 2600 2599 2602 XOR
2 1 2600 2601 2603 AND
2 1 2599 2603 2604 XOR
2 1 2526 411 2605 XOR
2 1 2604 411 2606 XOR
2 1 2605 2604 2607 XOR
2 1 2605 2606 2608 AND
2 1 2604 2608 2609 XOR
2 1 2529 412 2610 XOR
2 1 2609 412 2611 XOR
2 1 2610 2609 2612 XOR
2 1 2610 2611 2613 AND
2 1 2609 2613 2614 XOR
2 1 2532 413 2615 XOR
2 1 2614 413 2616 XOR
2 1 2615 2614 2617 XOR
2 1 2615 2616 2618 AND
2 1 2614 2618 2619 XOR
2 1 2535 414 2620 XOR
2 1 2619 414 2621 XOR
2 1 2620 2619 2622 XOR
2 1 2620 2621 2623 AND
2 1 2619 2623 2624 XOR
2 1 2538 415 2625 XOR
2 1 2624 415 2626 XOR
2 1 2625 2624 2627 XOR
2 1 2625 2626 2628 AND
2 1 2624 2628 2629 XOR
2 1 2541 416 2630 XOR
2 1 2629 416 2631 XOR
2 1 2630 2629 2632 XOR
2 1 2630 2631 2633 AND
2 1 2629 2633 2634 XOR
2 1 2544 417 2635 XOR
2 1 2634 417 2636 XOR
2 1 2635 2634 2637 XOR
2 1 2635 2636 2638 AND
2 1 2634 2638 2639 XOR
2 1 2547 418 2640 XOR
2 1 2639 418 2641 XOR
2 1 2640 2639 2642 XOR
2 1 2640 2641 2643 AND
2 1 2639 2643 2644 XOR
2 1 2550 419 2645 XOR
2 1 2644 419 2646 XOR
2 1 2645 2644 2647 XOR
2 1 2645 2646 2648 AND
2 1 2644 2648 2649 XOR
2 1 2553 420 2650 XOR
2 1 2649 420 2651 XOR
2 1 2650 2649 2652 XOR
2 1 2650 2651 2653 AND
2 1 2649 2653 2654 XOR
2 1 2556 421 2655 XOR
2 1 2654 421 2656 XOR
2 1 2655 2654 2657 XOR
2 1 2655 2656 2658 AND
2 1 2654 2658 2659 XOR
2 1 2559 422 2660 XOR
2 1 2659 422 2661 XOR
2 1 2660 2659 2662 XOR
2 1 2660 2661 2663 AND
2 1 2659 2663 2664 XOR
2 1 2562 423 2665 XOR
2 1 2664 423 2666 XOR
2 1 2665 2664 2667 XOR
2 1 2665 2666 2668 AND
2 1 2664 2668 2669 XOR
2 1 2565 424 2670 XOR
2 1 2669 424 2671 XOR
2 1 2670 2669 2672 XOR
2 1 2670 2671 2673 AND
2 1 2669 2673 2674 XOR
2 1 2568 425 2675 XOR
2 1 2674 425 2676 XOR
2 1 2675 2674 2677 XOR
2 1 2675 2676 2678 AND
2 1 2674 2678 2679 XOR
2 1 2571 426 2680 XOR
2 1 2679 426 2681 XOR
2 1 2680 2679 2682 XOR
2 1 2680 2681 2683 AND
2 1 2679 2683 2684 XOR
2 1 2684 460 2685 AND
2 1 2684 460 2686 XOR
2 1 2686 2685 2687 XOR
2 1 227 2573 2688 XOR
2 1 2687 2688 2689 AND
2 1 2689 2573 2690 XOR
2 1 2508 2577 2691 XOR
2 1 2687 2691 2692 AND
2 1 2692 2577 2693 XOR
2 1 2511 2582 2694 XOR
2 1 2687 2694 2695 AND
2 1 2695 2582 2696 XOR
2 1 2514 2587 2697 XOR
2 1 2687 2697 2698 AND
2 1 2698 2587 2699 XOR
2 1 2517 2592 2700 XOR
2 1 2687 2700 2701 AND
2 1 2701 2592 2702 XOR
2 1 2520 2597 2703 XOR
2 1 2687 2703 2704 AND
2 1 2704 2597 2705 XOR
2 1 2523 2602 2706 XOR
2 1 2687 2706 2707 AND
2 1 2707 2602 2708 XOR
2 1 2526 2607 2709 XOR
2 1 2687 2709 2710 AND
2 1 2710 2607 2711 XOR
2 1 2529 2612 2712 XOR
2 1 2687 2712 2713 AND
2 1 2713 2612 2714 XOR
2 1 2532 2617 2715 XOR
2 1 2687 2715 2716 AND
2 1 2716 2617 2717 XOR
2 1 2535 2622 2718 XOR
2 1 2687 2718 2719 AND
2 1 2719 2622 2720 XOR
2 1 2538 2627 2721 XOR
2 1 2687 2721 2722 AND
2 1 2722 2627 2723 XOR
2 1 2541 2632 2724 XOR
2 1 2687 2724 2725 AND
2 1 2725 2632 2726 XOR
2 1 2544 2637 2727 XOR
2 1 2687 2727 2728 AND
2 1 2728 2637 2729 XOR
2 1 2547 2642 2730 XOR
2 1 2687 2730 2731 AND
2 1 2731 2642 2732 XOR
2 1 2550 2647 2733 XOR
2 1 2687 2733 2734 AND
2 1 2734 2647 2735 XOR
2 1 2553 2652 2736 XOR
2 1 2687 2736 2737 AND
2 1 2737 2652 2738 XOR
2 1 2556 2657 2739 XOR
2 1 2687 2739 2740 AND
2 1 2740 2657 2741 XOR
2 1 2559 2662 2742 XOR
2 1 2687 2742 2743 AND
2 1 2743 2662 2744 XOR
2 1 2562 2667 2745 XOR
2 1 2687 2745 2746 AND
2 1 2746 2667 2747 XOR
2 1 2565 2672 2748 XOR
2 1 2687 2748 2749 AND
2 1 2749 2672 2750 XOR
2 1 2568 2677 2751 XOR
2 1 2687 2751 2752 AND
2 1 2752 2677 2753 XOR
2 1 2571 2682 2754 XOR
2 1 2687 2754 2755 AND
2 1 2755 2682 2756 XOR
1 1 2687 2757 INV
2 1 226 404 2758 XOR
2 1 2758 404 2759 AND
2 1 2690 405 2760 XOR
2 1 2759 405 2761 XOR
2 1 2760 2759 2762 XOR
2 1 2760 2761 2763 AND
2 1 2759 2763 2764 XOR
2 1 2693 406 2765 XOR
2 1 2764 406 2766 XOR
2 1 2765 2764 2767 XOR
2 1 2765 2766 2768 AND
2 1 2764 2768 2769 XOR
2 1 2696 407 2770 XOR
2 1 2769 407 2771 XOR
2 1 2770 2769 2772 XOR
2 1 2770 2771 2773 AND
2 1 2769 2773 2774 XOR
2 1 2699 408 2775 XOR
2 1 2774 408 2776 XOR
2 1 2775 2774 2777 XOR
2 1 2775 2776 2778 AND
2 1 2774 2778 2779 XOR
2 1 2702 409 2780 XOR
2 1 2779 409 2781 XOR
2 1 2780 2779 2782 XOR
2 1 2780 2781 2783 AND
2 1 2779 2783 2784 XOR
2 1 2705 410 2785 XOR
2 1 2784 410 2786 XOR
2 1 2785 2784 2787 XOR
2 1 2785 2786 2788 AND
2 1 2784 2788 2789 XOR
2 1 2708 411 2790 XOR
2 1 2789 411 2791 XOR
2 1 2790 2789 2792 XOR
2 1 2790 2791 2793 AND
2 1 2789 2793 2794 XOR
2 1 2711 412 2795 XOR
2 1 2794 412 2796 XOR
2 1 2795 2794 2797 XOR
2 1 2795 2796 2798 AND
2 1 2794 2798 2799 XOR
2 1 2714 413 2800 XOR
2 1 2799 413 2801 XOR
2 1 2800 2799 2802 XOR
2 1 2800 2801 2803 AND
2 1 2799 2803 2804 XOR
2 1 2717 414 2805 XOR
2 1 2804 414 2806 XOR
2 1 2805 2804 2807 XOR
2 1 2805 2806 2808 AND
2 1 2804 2808 2809 XOR
2 1 2720 415 2810 XOR
2 1 2809 415 2811 XOR
2 1 2810 2809 2812 XOR
2 1 2810 2811 2813 AND
2 1 2809 2813 2814 XOR
2 1 2723 416 2815 XOR
2 1 2814 416 2816 XOR
2 1 2815 2814 2817 XOR
2 1 2815 2816 2818 AND
2 1 2814 2818 2819 XOR
2 1 2726 417 2820 XOR
2 1 2819 417 2821 XOR
2 1 2820 2819 2822 XOR
2 1 2820 2821 2823 AND
2 1 2819 2823 2824 XOR
2 1 2729 418 2825 XOR
2 1 2824 418 2826 XOR
2 1 2825 2824 2827 XOR
2 1 2825 2826 2828 AND
2 1 2824 2828 2829 XOR
2 1 2732 419 2830 XOR
2 1 2829 419 2831 XOR
2 1 2830 2829 2832 XOR
2 1 2830 2831 2833 AND
2 1 2829 2833 2834 XOR
2 1 2735 420 2835 XOR
2 1 2834 420 2836 XOR
2 1 2835 2834 2837 XOR
2 1 2835 2836 2838 AND
2 1 2834 2838 2839 XOR
2 1 2738 421 2840 XOR
2 1 2839 421 2841 XOR
2 1 2840 2839 2842 XOR
2 1 2840 2841 2843 AND
2 1 2839 2843 2844 XOR
2 1 2741 422 2845 XOR
2 1 2844 422 2846 XOR
2 1 2845 2844 2847 XOR
2 1 2845 2846 2848 AND
2 1 2844 2848 2849 XOR
2 1 2744 423 2850 XOR
2 1 2849 423 2851 XOR
2 1 2850 2849 2852 XOR
2 1 2850 2851 2853 AND
2 1 2849 2853 2854 XOR
2 1 2747 424 2855 XOR
2 1 2854 424 2856 XOR
2 1 2855 2854 2857 XOR
2 1 2855 2856 2858 AND
2 1 2854 2858 2859 XOR
2 1 2750 425 2860 XOR
2 1 2859 425 2861 XOR
2 1 2860 2859 2862 XOR
2 1 2860 2861 2863 AND
2 1 2859 2863 2864 XOR
2 1 2753 426 2865 XOR
2 1 2864 426 2866 XOR
2 1 2865 2864 2867 XOR
2 1 2865 2866 2868 AND
2 1 2864 2868 2869 XOR
2 1 2756 427 2870 XOR
2 1 2869 427 2871 XOR
2 1 2870 2869 2872 XOR
2 1 2870 2871 2873 AND
2 1 2869 2873 2874 XOR
2 1 2874 457 2875 AND
2 1 2874 457 2876 XOR
2 1 2876 2875 2877 XOR
2 1 226 2758 2878 XOR
2 1 2877 2878 2879 AND
2 1 2879 2758 2880 XOR
2 1 2690 2762 2881 XOR
2 1 2877 2881 2882 AND
2 1 2882 2762 2883 XOR
2 1 2693 2767 2884 XOR
2 1 2877 2884 2885 AND
2 1 2885 2767 2886 XOR
2 1 2696 2772 2887 XOR
2 1 2877 2887 2888 AND
2 1 2888 2772 2889 XOR
2 1 2699 2777 2890 XOR
2 1 2877 2890 2891 AND
2 1 2891 2777 2892 XOR
2 1 2702 2782 2893 XOR
2 1 2877 2893 2894 AND
2 1 2894 2782 2895 XOR
2 1 2705 2787 2896 XOR
2 1 2877 2896 2897 AND
2 1 2897 2787 2898 XOR
2 1 2708 2792 2899 XOR
2 1 2877 2899 2900 AND
2 1 2900 2792 2901 XOR
2 1 2711 2797 2902 XOR
2 1 2877 2902 2903 AND
2 1 2903 2797 2904 XOR
2 1 2714 2802 2905 XOR
2 1 2877 2905 2906 AND
2 1 2906 2802 2907 XOR
2 1 2717 2807 2908 XOR
2 1 2877 2908 2909 AND
2 1 2909 2807 2910 XOR
2 1 2720 2812 2911 XOR
2 1 2877 2911 2912 AND
2 1 2912 2812 2913 XOR
2 1 2723 2817 2914 XOR
2 1 2877 2914 2915 AND
2 1 2915 2817 2916 XOR
2 1 2726 2822 2917 XOR
2 1 2877 2917 2918 AND
2 1 2918 2822 2919 XOR
2 1 2729 2827 2920 XOR
2 1 2877 2920 2921 AND
2 1 2921 2827 2922 XOR
2 1 2732 2832 2923 XOR
2 1 2877 2923 2924 AND
2 1 2924 2832 2925 XOR
2 1 2735 2837 2926 XOR
2 1 2877 2926 2927 AND
2 1 2927 2837 2928 XOR
2 1 2738 2842 2929 XOR
2 1 2877 2929 2930 AND
2 1 2930 2842 2931 XOR
2 1 2741 2847 2932 XOR
2 1 2877 2932 2933 AND
2 1 2933 2847 2934 XOR
2 1 2744 2852 2935 XOR
2 1 2877 2935 2936 AND
2 1 2936 2852 2937 XOR
2 1 2747 2857 2938 XOR
2 1 2877 2938 2939 AND
2 1 2939 2857 2940 XOR
2 1 2750 2862 2941 XOR
2 1 2877 2941 2942 AND
2 1 2942 2862 2943 XOR
2 1 2753 2867 2944 XOR
2 1 2877 2944 2945 AND
2 1 2945 2867 2946 XOR
2 1 2756 2872 2947 XOR
2 1 2877 2947 2948 AND
2 1 2948 2872 2949 XOR
1 1 2877 2950 INV
2 1 225 404 2951 XOR
2 1 2951 404 2952 AND
2 1 2880 405 2953 XOR
2 1 2952 405 2954 XOR
2 1 2953 2952 2955 XOR
2 1 2953 2954 2956 AND
2 1 2952 2956 2957 XOR
2 1 2883 406 2958 XOR
2 1 2957 406 2959 XOR
2 1 2958 2957 2960 XOR
2 1 2958 2959 2961 AND
2 1 2957 2961 2962 XOR
2 1 2886 407 2963 XOR
2 1 2962 407 2964 XOR
2 1 2963 2962 2965 XOR
2 1 2963 2964 2966 AND
2 1 2962 2966 2967 XOR
2 1 2889 408 2968 XOR
2 1 2967 408 2969 XOR
2 1 2968 2967 2970 XOR
2 1 2968 2969 2971 AND
2 1 2967 2971 2972 XOR
2 1 2892 409 2973 XOR
2 1 2972 409 2974 XOR
2 1 2973 2972 2975 XOR
2 1 2973 2974 2976 AND
2 1 2972 2976 2977 XOR
2 1 2895 410 2978 XOR
2 1 2977 410 2979 XOR
2 1 2978 2977 2980 XOR
2 1 2978 2979 2981 AND
2 1 2977 2981 2982 XOR
2 1 2898 411 2983 XOR
2 1 2982 411 2984 XOR
2 1 2983 2982 2985 XOR
2 1 2983 2984 2986 AND
2 1 2982 2986 2987 XOR
2 1 2901 412 2988 XOR
2 1 2987 412 2989 XOR
2 1 2988 2987 2990 XOR
2 1 2988 2989 2991 AND
2 1 2987 2991 2992 XOR
2 1 2904 413 2993 XOR
2 1 2992 413 2994 XOR
2 1 2993 2992 2995 XOR
2 1 2993 2994 2996 AND
2 1 2992 2996 2997 XOR
2 1 2907 414 2998 XOR
2 1 2997 414 2999 XOR
2 1 2998 2997 3000 XOR
2 1 2998 2999 3001 AND
2 1 2997 3001 3002 XOR
2 1 2910 415 3003 XOR
2 1 3002 415 3004 XOR
2 1 3003 3002 3005 XOR
2 1 3003 3004 3006 AND
2 1 3002 3006 3007 XOR
2 1 2913 416 3008 XOR
2 1 3007 416 3009 XOR
2 1 3008 3007 3010 XOR
2 1 3008 3009 3011 AND
2 1 3007 3011 3012 XOR
2 1 2916 417 3013 XOR
2 1 3012 417 3014 XOR
2 1 3013 3012 3015 XOR
2 1 3013 3014 3016 AND
2 1 3012 3016 3017 XOR
2 1 2919 418 3018 XOR
2 1 3017 418 3019 XOR
2 1 3018 3017 3020 XOR
2 1 3018 3019 3021 AND
2 1 3017 3021 3022 XOR
2 1 2922 419 3023 XOR
2 1 3022 419 3024 XOR
2 1 3023 3022 3025 XOR
2 1 3023 3024 3026 AND
2 1 3022 3026 3027 XOR
2 1 2925 420 3028 XOR
2 1 3027 420 3029 XOR
2 1 3028 3027 3030 XOR
2 1 3028 3029 3031 AND
2 1 3027 3031 3032 XOR
2 1 2928 421 3033 XOR
2 1 3032 421 3034 XOR
2 1 3033 3032 3035 XOR
2 1 3033 3034 3036 AND
2 1 3032 3036 3037 XOR
2 1 2931 422 3038 XOR
2 1 3037 422 3039 XOR
2 1 3038 3037 3040 XOR
2 1 3038 3039 3041 AND
2 1 3037 3041 3042 XOR
2 1 2934 423 3043 XOR
2 1 3042 423 3044 XOR
2 1 3043 3042 3045 XOR
2 1 3043 3044 3046 AND
2 1 3042 3046 3047 XOR
2 1 2937 424 3048 XOR
2 1 3047 424 3049 XOR
2 1 3048 3047 3050 XOR
2 1 3048 3049 3051 AND
2 1 3047 3051 3052 XOR
2 1 2940 425 3053 XOR
2 1 3052 425 3054 XOR
2 1 3053 3052 3055 XOR
2 1 3053 3054 3056 AND
2 1 3052 3056 3057 XOR
2 1 2943 426 3058 XOR
2 1 3057 426 3059 XOR
2 1 3058 3057 3060 XOR
2 1 3058 3059 3061 AND
2 1 3057 3061 3062 XOR
2 1 2946 427 3063 XOR
2 1 3062 427 3064 XOR
2 1 3063 3062 3065 XOR
2 1 3063 3064 3066 AND
2 1 3062 3066 3067 XOR
2 1 2949 428 3068 XOR
2 1 3067 428 3069 XOR
2 1 3068 3067 3070 XOR
2 1 3068 3069 3071 AND
2 1 3067 3071 3072 XOR
2 1 3072 454 3073 AND
2 1 3072 454 3074 XOR
2 1 3074 3073 3075 XOR
2 1 225 2951 3076 XOR
2 1 3075 3076 3077 AND
2 1 3077 2951 3078 XOR
2 1 2880 2955 3079 XOR
2 1 3075 3079 3080 AND
2 1 3080 2955 3081 XOR
2 1 2883 2960 3082 XOR
2 1 3075 3082 3083 AND
2 1 3083 2960 3084 XOR
2 1 2886 2965 3085 XOR
2 1 3075 3085 3086 AND
2 1 3086 2965 3087 XOR
2 1 2889 2970 3088 XOR
2 1 3075 3088 3089 AND
2 1 3089 2970 3090 XOR
2 1 2892 2975 3091 XOR
2 1 3075 3091 3092 AND
2 1 3092 2975 3093 XOR
2 1 2895 2980 3094 XOR
2 1 3075 3094 3095 AND
2 1 3095 2980 3096 XOR
2 1 2898 2985 3097 XOR
2 1 3075 3097 3098 AND
2 1 3098 2985 3099 XOR
2 1 2901 2990 3100 XOR
2 1 3075 3100 3101 AND
2 1 3101 2990 3102 XOR
2 1 2904 2995 3103 XOR
2 1 3075 3103 3104 AND
2 1 3104 2995 3105 XOR
2 1 2907 3000 3106 XOR
2 1 3075 3106 3107 AND
2 1 3107 3000 3108 XOR
2 1 2910 3005 3109 XOR
2 1 3075 3109 3110 AND
2 1 3110 3005 3111 XOR
2 1 2913 3010 3112 XOR
2 1 3075 3112 3113 AND
2 1 3113 3010 3114 XOR
2 1 2916 3015 3115 XOR
2 1 3075 3115 3116 AND
2 1 3116 3015 3117 XOR
2 1 2919 3020 3118 XOR
2 1 3075 3118 3119 AND
2 1 3119 3020 3120 XOR
2 1 2922 3025 3121 XOR
2 1 3075 3121 3122 AND
2 1 3122 3025 3123 XOR
2 1 2925 3030 3124 XOR
2 1 3075 3124 3125 AND
2 1 3125 3030 3126 XOR
2 1 2928 3035 3127 XOR
2 1 3075 3127 3128 AND
2 1 3128 3035 3129 XOR
2 1 2931 3040 3130 XOR
2 1 3075 3130 3131 AND
2 1 3131 3040 3132 XOR
2 1 2934 3045 3133 XOR
2 1 3075 3133 3134 AND
2 1 3134 3045 3135 XOR
2 1 2937 3050 3136 XOR
2 1 3075 3136 3137 AND
2 1 3137 3050 3138 XOR
2 1 2940 3055 3139 XOR
2 1 3075 3139 3140 AND
2 1 3140 3055 3141 XOR
2 1 2943 3060 3142 XOR
2 1 3075 3142 3143 AND
2 1 3143 3060 3144 XOR
2 1 2946 3065 3145 XOR
2 1 3075 3145 3146 AND
2 1 3146 3065 3147 XOR
2 1 2949 3070 3148 XOR
2 1 3075 3148 3149 AND
2 1 3149 3070 3150 XOR
1 1 3075 3151 INV
2 1 224 404 3152 XOR
2 1 3152 404 3153 AND
2 1 3078 405 3154 XOR
2 1 3153 405 3155 XOR
2 1 3154 3153 3156 XOR
2 1 3154 3155 3157 AND
2 1 3153 3157 3158 XOR
2 1 3081 406 3159 XOR
2 1 3158 406 3160 XOR
2 1 3159 3158 3161 XOR
2 1 3159 3160 3162 AND
2 1 3158 3162 3163 XOR
2 1 3084 407 3164 XOR
2 1 3163 407 3165 XOR
2 1 3164 3163 3166 XOR
2 1 3164 3165 3167 AND
2 1 3163 3167 3168 XOR
2 1 3087 408 3169 XOR
2 1 3168 408 3170 XOR
2 1 3169 3168 3171 XOR
2 1 3169 3170 3172 AND
2 1 3168 3172 3173 XOR
2 1 3090 409 3174 XOR
2 1 3173 409 3175 XOR
2 1 3174 3173 3176 XOR
2 1 3174 3175 3177 AND
2 1 3173 3177 3178 XOR
2 1 3093 410 3179 XOR
2 1 3178 410 3180 XOR
2 1 3179 3178 3181 XOR
2 1 3179 3180 3182 AND
2 1 3178 3182 3183 XOR
2 1 3096 411 3184 XOR
2 1 3183 411 3185 XOR
2 1 3184 3183 3186 XOR
2 1 3184 3185 3187 AND
2 1 3183 3187 3188 XOR
2 1 3099 412 3189 XOR
2 1 3188 412 3190 XOR
2 1 3189 3188 3191 XOR
2 1 3189 3190 3192 AND
2 1 3188 3192 3193 XOR
2 1 3102 413 3194 XOR
2 1 3193 413 3195 XOR
2 1 3194 3193 3196 XOR
2 1 3194 3195 3197 AND
2 1 3193 3197 3198 XOR
2 1 3105 414 3199 XOR
2 1 3198 414 3200 XOR
2 1 3199 3198 3201 XOR
2 1 3199 3200 3202 AND
2 1 3198 3202 3203 XOR
2 1 3108 415 3204 XOR
2 1 3203 415 3205 XOR
2 1 3204 3203 3206 XOR
2 1 3204 3205 3207 AND
2 1 3203 3207 3208 XOR
2 1 3111 416 3209 XOR
2 1 3208 416 3210 XOR
2 1 3209 3208 3211 XOR
2 1 3209 3210 3212 AND
2 1 3208 3212 3213 XOR
2 1 3114 417 3214 XOR
2 1 3213 417 3215 XOR
2 1 3214 3213 3216 XOR
2 1 3214 3215 3217 AND
2 1 3213 3217 3218 XOR
2 1 3117 418 3219 XOR
2 1 3218 418 3220 XOR
2 1 3219 3218 3221 XOR
2 1 3219 3220 3222 AND
2 1 3218 3222 3223 XOR
2 1 3120 419 3224 XOR
2 1 3223 419 3225 XOR
2 1 3224 3223 3226 XOR
2 1 3224 3225 3227 AND
2 1 3223 3227 3228 XOR
2 1 3123 420 3229 XOR
2 1 3228 420 3230 XOR
2 1 3229 3228 3231 XOR
2 1 3229 3230 3232 AND
2 1 3228 3232 3233 XOR
2 1 3126 421 3234 XOR
2 1 3233 421 3235 XOR
2 1 3234 3233 3236 XOR
2 1 3234 3235 3237 AND
2 1 3233 3237 3238 XOR
2 1 3129 422 3239 XOR
2 1 3238 422 3240 XOR
2 1 3239 3238 3241 XOR
2 1 3239 3240 3242 AND
2 1 3238 3242 3243 XOR
2 1 3132 423 3244 XOR
2 1 3243 423 3245 XOR
2 1 3244 3243 3246 XOR
2 1 3244 3245 3247 AND
2 1 3243 3247 3248 XOR
2 1 3135 424 3249 XOR
2 1 3248 424 3250 XOR
2 1 3249 3248 3251 XOR
2 1 3249 3250 3252 AND
2 1 3248 3252 3253 XOR
2 1 3138 425 3254 XOR
2 1 3253 425 3255 XOR
2 1 3254 3253 3256 XOR
2 1 3254 3255 3257 AND
2 1 3253 3257 3258 XOR
2 1 3141 426 3259 XOR
2 1 3258 426 3260 XOR
2 1 3259 3258 3261 XOR
2 1 3259 3260 3262 AND
2 1 3258 3262 3263 XOR
2 1 3144 427 3264 XOR
2 1 3263 427 3265 XOR
2 1 3264 3263 3266 XOR
2 1 3264 3265 3267 AND
2 1 3263 3267 3268 XOR
2 1 3147 428 3269 XOR
2 1 3268 428 3270 XOR
2 1 3269 3268 3271 XOR
2 1 3269 3270 3272 AND
2 1 3268 3272 3273 XOR
2 1 3150 429 3274 XOR
2 1 3273 429 3275 XOR
2 1 3274 3273 3276 XOR
2 1 3274 3275 3277 AND
2 1 3273 3277 3278 XOR
2 1 3278 451 3279 AND
2 1 3278 451 3280 XOR
2 1 3280 3279 3281 XOR
2 1 224 3152 3282 XOR
2 1 3281 3282 3283 AND
2 1 3283 3152 3284 XOR
2 1 3078 3156 3285 XOR
2 1 3281 3285 3286 AND
2 1 3286 3156 3287 XOR
2 1 3081 3161 3288 XOR
2 1 3281 3288 3289 AND
2 1 3289 3161 3290 XOR
2 1 3084 3166 3291 XOR
2 1 3281 3291 3292 AND
2 1 3292 3166 3293 XOR
2 1 3087 3171 3294 XOR
2 1 3281 3294 3295 AND
2 1 3295 3171 3296 XOR
2 1 3090 3176 3297 XOR
2 1 3281 3297 3298 AND
2 1 3298 3176 3299 XOR
2 1 3093 3181 3300 XOR
2 1 3281 3300 3301 AND
2 1 3301 3181 3302 XOR
2 1 3096 3186 3303 XOR
2 1 3281 3303 3304 AND
2 1 3304 3186 3305 XOR
2 1 3099 3191 3306 XOR
2 1 3281 3306 3307 AND
2 1 3307 3191 3308 XOR
2 1 3102 3196 3309 XOR
2 1 3281 3309 3310 AND
2 1 3310 3196 3311 XOR
2 1 3105 3201 3312 XOR
2 1 3281 3312 3313 AND
2 1 3313 3201 3314 XOR
2 1 3108 3206 3315 XOR
2 1 3281 3315 3316 AND
2 1 3316 3206 3317 XOR
2 1 3111 3211 3318 XOR
2 1 3281 3318 3319 AND
2 1 3319 3211 3320 XOR
2 1 3114 3216 3321 XOR
2 1 3281 3321 3322 AND
2 1 3322 3216 3323 XOR
2 1 3117 3221 3324 XOR
2 1 3281 3324 3325 AND
2 1 3325 3221 3326 XOR
2 1 3120 3226 3327 XOR
2 1 3281 3327 3328 AND
2 1 3328 3226 3329 XOR
2 1 3123 3231 3330 XOR
2 1 3281 3330 3331 AND
2 1 3331 3231 3332 XOR
2 1 3126 3236 3333 XOR
2 1 3281 3333 3334 AND
2 1 3334 3236 3335 XOR
2 1 3129 3241 3336 XOR
2 1 3281 3336 3337 AND
2 1 3337 3241 3338 XOR
2 1 3132 3246 3339 XOR
2 1 3281 3339 3340 AND
2 1 3340 3246 3341 XOR
2 1 3135 3251 3342 XOR
2 1 3281 3342 3343 AND
2 1 3343 3251 3344 XOR
2 1 3138 3256 3345 XOR
2 1 3281 3345 3346 AND
2 1 3346 3256 3347 XOR
2 1 3141 3261 3348 XOR
2 1 3281 3348 3349 AND
2 1 3349 3261 3350 XOR
2 1 3144 3266 3351 XOR
2 1 3281 3351 3352 AND
2 1 3352 3266 3353 XOR
2 1 3147 3271 3354 XOR
2 1 3281 3354 3355 AND
2 1 3355 3271 3356 XOR
2 1 3150 3276 3357 XOR
2 1 3281 3357 3358 AND
2 1 3358 3276 3359 XOR
1 1 3281 3360 INV
2 1 223 404 3361 XOR
2 1 3361 404 3362 AND
2 1 3284 405 3363 XOR
2 1 3362 405 3364 XOR
2 1 3363 3362 3365 XOR
2 1 3363 3364 3366 AND
2 1 3362 3366 3367 XOR
2 1 3287 406 3368 XOR
2 1 3367 406 3369 XOR
2 1 3368 3367 3370 XOR
2 1 3368 3369 3371 AND
2 1 3367 3371 3372 XOR
2 1 3290 407 3373 XOR
2 1 3372 407 3374 XOR
2 1 3373 3372 3375 XOR
2 1 3373 3374 3376 AND
2 1 3372 3376 3377 XOR
2 1 3293 408 3378 XOR
2 1 3377 408 3379 XOR
2 1 3378 3377 3380 XOR
2 1 3378 3379 3381 AND
2 1 3377 3381 3382 XOR
2 1 3296 409 3383 XOR
2 1 3382 409 3384 XOR
2 1 3383 3382 3385 XOR
2 1 3383 3384 3386 AND
2 1 3382 3386 3387 XOR
2 1 3299 410 3388 XOR
2 1 3387 410 3389 XOR
2 1 3388 3387 3390 XOR
2 1 3388 3389 3391 AND
2 1 3387 3391 3392 XOR
2 1 3302 411 3393 XOR
2 1 3392 411 3394 XOR
2 1 3393 3392 3395 XOR
2 1 3393 3394 3396 AND
2 1 3392 3396 3397 XOR
2 1 3305 412 3398 XOR
2 1 3397 412 3399 XOR
2 1 3398 3397 3400 XOR
2 1 3398 3399 3401 AND
2 1 3397 3401 3402 XOR
2 1 3308 413 3403 XOR
2 1 3402 413 3404 XOR
2 1 3403 3402 3405 XOR
2 1 3403 3404 3406 AND
2 1 3402 3406 3407 XOR
2 1 3311 414 3408 XOR
2 1 3407 414 3409 XOR
2 1 3408 3407 3410 XOR
2 1 3408 3409 3411 AND
2 1 3407 3411 3412 XOR
2 1 3314 415 3413 XOR
2 1 3412 415 3414 XOR
2 1 3413 3412 3415 XOR
2 1 3413 3414 3416 AND
2 1 3412 3416 3417 XOR
2 1 3317 416 3418 XOR
2 1 3417 416 3419 XOR
2 1 3418 3417 3420 XOR
2 1 3418 3419 3421 AND
2 1 3417 3421 3422 XOR
2 1 3320 417 3423 XOR
2 1 3422 417 3424 XOR
2 1 3423 3422 3425 XOR
2 1 3423 3424 3426 AND
2 1 3422 3426 3427 XOR
2 1 3323 418 3428 XOR
2 1 3427 418 3429 XOR
2 1 3428 3427 3430 XOR
2 1 3428 3429 3431 AND
2 1 3427 3431 3432 XOR
2 1 3326 419 3433 XOR
2 1 3432 419 3434 XOR
2 1 3433 3432 3435 XOR
2 1 3433 3434 3436 AND
2 1 3432 3436 3437 XOR
2 1 3329 420 3438 XOR
2 1 3437 420 3439 XOR
2 1 3438 3437 3440 XOR
2 1 3438 3439 3441 AND
2 1 3437 3441 3442 XOR
2 1 3332 421 3443 XOR
2 1 3442 421 3444 XOR
2 1 3443 3442 3445 XOR
2 1 3443 3444 3446 AND
2 1 3442 3446 3447 XOR
2 1 3335 422 3448 XOR
2 1 3447 422 3449 XOR
2 1 3448 3447 3450 XOR
2 1 3448 3449 3451 AND
2 1 3447 3451 3452 XOR
2 1 3338 423 3453 XOR
2 1 3452 423 3454 XOR
2 1 3453 3452 3455 XOR
2 1 3453 3454 3456 AND
2 1 3452 3456 3457 XOR
2 1 3341 424 3458 XOR
2 1 3457 424 3459 XOR
2 1 3458 3457 3460 XOR
2 1 3458 3459 3461 AND
2 1 3457 3461 3462 XOR
2 1 3344 425 3463 XOR
2 1 3462 425 3464 XOR
2 1 3463 3462 3465 XOR
2 1 3463 3464 3466 AND
2 1 3462 3466 3467 XOR
2 1 3347 426 3468 XOR
2 1 3467 426 3469 XOR
2 1 3468 3467 3470 XOR
2 1 3468 3469 3471 AND
2 1 3467 3471 3472 XOR
2 1 3350 427 3473 XOR
2 1 3472 427 3474 XOR
2 1 3473 3472 3475 XOR
2 1 3473 3474 3476 AND
2 1 3472 3476 3477 XOR
2 1 3353 428 3478 XOR
2 1 3477 428 3479 XOR
2 1 3478 3477 3480 XOR
2 1 3478 3479 3481 AND
2 1 3477 3481 3482 XOR
2 1 3356 429 3483 XOR
2 1 3482 429 3484 XOR
2 1 3483 3482 3485 XOR
2 1 3483 3484 3486 AND
2 1 3482 3486 3487 XOR
2 1 3359 430 3488 XOR
2 1 3487 430 3489 XOR
2 1 3488 3487 3490 XOR
2 1 3488 3489 3491 AND
2 1 3487 3491 3492 XOR
2 1 3492 448 3493 AND
2 1 3492 448 3494 XOR
2 1 3494 3493 3495 XOR
2 1 223 3361 3496 XOR
2 1 3495 3496 3497 AND
2 1 3497 3361 3498 XOR
2 1 3284 3365 3499 XOR
2 1 3495 3499 3500 AND
2 1 3500 3365 3501 XOR
2 1 3287 3370 3502 XOR
2 1 3495 3502 3503 AND
2 1 3503 3370 3504 XOR
2 1 3290 3375 3505 XOR
2 1 3495 3505 3506 AND
2 1 3506 3375 3507 XOR
2 1 3293 3380 3508 XOR
2 1 3495 3508 3509 AND
2 1 3509 3380 3510 XOR
2 1 3296 3385 3511 XOR
2 1 3495 3511 3512 AND
2 1 3512 3385 3513 XOR
2 1 3299 3390 3514 XOR
2 1 3495 3514 3515 AND
2 1 3515 3390 3516 XOR
2 1 3302 3395 3517 XOR
2 1 3495 3517 3518 AND
2 1 3518 3395 3519 XOR
2 1 3305 3400 3520 XOR
2 1 3495 3520 3521 AND
2 1 3521 3400 3522 XOR
2 1 3308 3405 3523 XOR
2 1 3495 3523 3524 AND
2 1 3524 3405 3525 XOR
2 1 3311 3410 3526 XOR
2 1 3495 3526 3527 AND
2 1 3527 3410 3528 XOR
2 1 3314 3415 3529 XOR
2 1 3495 3529 3530 AND
2 1 3530 3415 3531 XOR
2 1 3317 3420 3532 XOR
2 1 3495 3532 3533 AND
2 1 3533 3420 3534 XOR
2 1 3320 3425 3535 XOR
2 1 3495 3535 3536 AND
2 1 3536 3425 3537 XOR
2 1 3323 3430 3538 XOR
2 1 3495 3538 3539 AND
2 1 3539 3430 3540 XOR
2 1 3326 3435 3541 XOR
2 1 3495 3541 3542 AND
2 1 3542 3435 3543 XOR
2 1 3329 3440 3544 XOR
2 1 3495 3544 3545 AND
2 1 3545 3440 3546 XOR
2 1 3332 3445 3547 XOR
2 1 3495 3547 3548 AND
2 1 3548 3445 3549 XOR
2 1 3335 3450 3550 XOR
2 1 3495 3550 3551 AND
2 1 3551 3450 3552 XOR
2 1 3338 3455 3553 XOR
2 1 3495 3553 3554 AND
2 1 3554 3455 3555 XOR
2 1 3341 3460 3556 XOR
2 1 3495 3556 3557 AND
2 1 3557 3460 3558 XOR
2 1 3344 3465 3559 XOR
2 1 3495 3559 3560 AND
2 1 3560 3465 3561 XOR
2 1 3347 3470 3562 XOR
2 1 3495 3562 3563 AND
2 1 3563 3470 3564 XOR
2 1 3350 3475 3565 XOR
2 1 3495 3565 3566 AND
2 1 3566 3475 3567 XOR
2 1 3353 3480 3568 XOR
2 1 3495 3568 3569 AND
2 1 3569 3480 3570 XOR
2 1 3356 3485 3571 XOR
2 1 3495 3571 3572 AND
2 1 3572 3485 3573 XOR
2 1 3359 3490 3574 XOR
2 1 3495 3574 3575 AND
2 1 3575 3490 3576 XOR
1 1 3495 3577 INV
2 1 222 404 3578 XOR
2 1 3578 404 3579 AND
2 1 3498 405 3580 XOR
2 1 3579 405 3581 XOR
2 1 3580 3579 3582 XOR
2 1 3580 3581 3583 AND
2 1 3579 3583 3584 XOR
2 1 3501 406 3585 XOR
2 1 3584 406 3586 XOR
2 1 3585 3584 3587 XOR
2 1 3585 3586 3588 AND
2 1 3584 3588 3589 XOR
2 1 3504 407 3590 XOR
2 1 3589 407 3591 XOR
2 1 3590 3589 3592 XOR
2 1 3590 3591 3593 AND
2 1 3589 3593 3594 XOR
2 1 3507 408 3595 XOR
2 1 3594 408 3596 XOR
2 1 3595 3594 3597 XOR
2 1 3595 3596 3598 AND
2 1 3594 3598 3599 XOR
2 1 3510 409 3600 XOR
2 1 3599 409 3601 XOR
2 1 3600 3599 3602 XOR
2 1 3600 3601 3603 AND
2 1 3599 3603 3604 XOR
2 1 3513 410 3605 XOR
2 1 3604 410 3606 XOR
2 1 3605 3604 3607 XOR
2 1 3605 3606 3608 AND
2 1 3604 3608 3609 XOR
2 1 3516 411 3610 XOR
2 1 3609 411 3611 XOR
2 1 3610 3609 3612 XOR
2 1 3610 3611 3613 AND
2 1 3609 3613 3614 XOR
2 1 3519 412 3615 XOR
2 1 3614 412 3616 XOR
2 1 3615 3614 3617 XOR
2 1 3615 3616 3618 AND
2 1 3614 3618 3619 XOR
2 1 3522 413 3620 XOR
2 1 3619 413 3621 XOR
2 1 3620 3619 3622 XOR
2 1 3620 3621 3623 AND
2 1 3619 3623 3624 XOR
2 1 3525 414 3625 XOR
2 1 3624 414 3626 XOR
2 1 3625 3624 3627 XOR
2 1 3625 3626 3628 AND
2 1 3624 3628 3629 XOR
2 1 3528 415 3630 XOR
2 1 3629 415 3631 XOR
2 1 3630 3629 3632 XOR
2 1 3630 3631 3633 AND
2 1 3629 3633 3634 XOR
2 1 3531 416 3635 XOR
2 1 3634 416 3636 XOR
2 1 3635 3634 3637 XOR
2 1 3635 3636 3638 AND
2 1 3634 3638 3639 XOR
2 1 3534 417 3640 XOR
2 1 3639 417 3641 XOR
2 1 3640 3639 3642 XOR
2 1 3640 3641 3643 AND
2 1 3639 3643 3644 XOR
2 1 3537 418 3645 XOR
2 1 3644 418 3646 XOR
2 1 3645 3644 3647 XOR
2 1 3645 3646 3648 AND
2 1 3644 3648 3649 XOR
2 1 3540 419 3650 XOR
2 1 3649 419 3651 XOR
2 1 3650 3649 3652 XOR
2 1 3650 3651 3653 AND
2 1 3649 3653 3654 XOR
2 1 3543 420 3655 XOR
2 1 3654 420 3656 XOR
2 1 3655 3654 3657 XOR
2 1 3655 3656 3658 AND
2 1 3654 3658 3659 XOR
2 1 3546 421 3660 XOR
2 1 3659 421 3661 XOR
2 1 3660 3659 3662 XOR
2 1 3660 3661 3663 AND
2 1 3659 3663 3664 XOR
2 1 3549 422 3665 XOR
2 1 3664 422 3666 XOR
2 1 3665 3664 3667 XOR
2 1 3665 3666 3668 AND
2 1 3664 3668 3669 XOR
2 1 3552 423 3670 XOR
2 1 3669 423 3671 XOR
2 1 3670 3669 3672 XOR
2 1 3670 3671 3673 AND
2 1 3669 3673 3674 XOR
2 1 3555 424 3675 XOR
2 1 3674 424 3676 XOR
2 1 3675 3674 3677 XOR
2 1 3675 3676 3678 AND
2 1 3674 3678 3679 XOR
2 1 3558 425 3680 XOR
2 1 3679 425 3681 XOR
2 1 3680 3679 3682 XOR
2 1 3680 3681 3683 AND
2 1 3679 3683 3684 XOR
2 1 3561 426 3685 XOR
2 1 3684 426 3686 XOR
2 1 3685 3684 3687 XOR
2 1 3685 3686 3688 AND
2 1 3684 3688 3689 XOR
2 1 3564 427 3690 XOR
2 1 3689 427 3691 XOR
2 1 3690 3689 3692 XOR
2 1 3690 3691 3693 AND
2 1 3689 3693 3694 XOR
2 1 3567 428 3695 XOR
2 1 3694 428 3696 XOR
2 1 3695 3694 3697 XOR
2 1 3695 3696 3698 AND
2 1 3694 3698 3699 XOR
2 1 3570 429 3700 XOR
2 1 3699 429 3701 XOR
2 1 3700 3699 3702 XOR
2 1 3700 3701 3703 AND
2 1 3699 3703 3704 XOR
2 1 3573 430 3705 XOR
2 1 3704 430 3706 XOR
2 1 3705 3704 3707 XOR
2 1 3705 3706 3708 AND
2 1 3704 3708 3709 XOR
2 1 3576 431 3710 XOR
2 1 3709 431 3711 XOR
2 1 3710 3709 3712 XOR
2 1 3710 3711 3713 AND
2 1 3709 3713 3714 XOR
2 1 3714 445 3715 AND
2 1 3714 445 3716 XOR
2 1 3716 3715 3717 XOR
2 1 222 3578 3718 XOR
2 1 3717 3718 3719 AND
2 1 3719 3578 3720 XOR
2 1 3498 3582 3721 XOR
2 1 3717 3721 3722 AND
2 1 3722 3582 3723 XOR
2 1 3501 3587 3724 XOR
2 1 3717 3724 3725 AND
2 1 3725 3587 3726 XOR
2 1 3504 3592 3727 XOR
2 1 3717 3727 3728 AND
2 1 3728 3592 3729 XOR
2 1 3507 3597 3730 XOR
2 1 3717 3730 3731 AND
2 1 3731 3597 3732 XOR
2 1 3510 3602 3733 XOR
2 1 3717 3733 3734 AND
2 1 3734 3602 3735 XOR
2 1 3513 3607 3736 XOR
2 1 3717 3736 3737 AND
2 1 3737 3607 3738 XOR
2 1 3516 3612 3739 XOR
2 1 3717 3739 3740 AND
2 1 3740 3612 3741 XOR
2 1 3519 3617 3742 XOR
2 1 3717 3742 3743 AND
2 1 3743 3617 3744 XOR
2 1 3522 3622 3745 XOR
2 1 3717 3745 3746 AND
2 1 3746 3622 3747 XOR
2 1 3525 3627 3748 XOR
2 1 3717 3748 3749 AND
2 1 3749 3627 3750 XOR
2 1 3528 3632 3751 XOR
2 1 3717 3751 3752 AND
2 1 3752 3632 3753 XOR
2 1 3531 3637 3754 XOR
2 1 3717 3754 3755 AND
2 1 3755 3637 3756 XOR
2 1 3534 3642 3757 XOR
2 1 3717 3757 3758 AND
2 1 3758 3642 3759 XOR
2 1 3537 3647 3760 XOR
2 1 3717 3760 3761 AND
2 1 3761 3647 3762 XOR
2 1 3540 3652 3763 XOR
2 1 3717 3763 3764 AND
2 1 3764 3652 3765 XOR
2 1 3543 3657 3766 XOR
2 1 3717 3766 3767 AND
2 1 3767 3657 3768 XOR
2 1 3546 3662 3769 XOR
2 1 3717 3769 3770 AND
2 1 3770 3662 3771 XOR
2 1 3549 3667 3772 XOR
2 1 3717 3772 3773 AND
2 1 3773 3667 3774 XOR
2 1 3552 3672 3775 XOR
2 1 3717 3775 3776 AND
2 1 3776 3672 3777 XOR
2 1 3555 3677 3778 XOR
2 1 3717 3778 3779 AND
2 1 3779 3677 3780 XOR
2 1 3558 3682 3781 XOR
2 1 3717 3781 3782 AND
2 1 3782 3682 3783 XOR
2 1 3561 3687 3784 XOR
2 1 3717 3784 3785 AND
2 1 3785 3687 3786 XOR
2 1 3564 3692 3787 XOR
2 1 3717 3787 3788 AND
2 1 3788 3692 3789 XOR
2 1 3567 3697 3790 XOR
2 1 3717 3790 3791 AND
2 1 3791 3697 3792 XOR
2 1 3570 3702 3793 XOR
2 1 3717 3793 3794 AND
2 1 3794 3702 3795 XOR
2 1 3573 3707 3796 XOR
2 1 3717 3796 3797 AND
2 1 3797 3707 3798 XOR
2 1 3576 3712 3799 XOR
2 1 3717 3799 3800 AND
2 1 3800 3712 3801 XOR
1 1 3717 3802 INV
2 1 221 404 3803 XOR
2 1 3803 404 3804 AND
2 1 3720 405 3805 XOR
2 1 3804 405 3806 XOR
2 1 3805 3804 3807 XOR
2 1 3805 3806 3808 AND
2 1 3804 3808 3809 XOR
2 1 3723 406 3810 XOR
2 1 3809 406 3811 XOR
2 1 3810 3809 3812 XOR
2 1 3810 3811 3813 AND
2 1 3809 3813 3814 XOR
2 1 3726 407 3815 XOR
2 1 3814 407 3816 XOR
2 1 3815 3814 3817 XOR
2 1 3815 3816 3818 AND
2 1 3814 3818 3819 XOR
2 1 3729 408 3820 XOR
2 1 3819 408 3821 XOR
2 1 3820 3819 3822 XOR
2 1 3820 3821 3823 AND
2 1 3819 3823 3824 XOR
2 1 3732 409 3825 XOR
2 1 3824 409 3826 XOR
2 1 3825 3824 3827 XOR
2 1 3825 3826 3828 AND
2 1 3824 3828 3829 XOR
2 1 3735 410 3830 XOR
2 1 3829 410 3831 XOR
2 1 3830 3829 3832 XOR
2 1 3830 3831 3833 AND
2 1 3829 3833 3834 XOR
2 1 3738 411 3835 XOR
2 1 3834 411 3836 XOR
2 1 3835 3834 3837 XOR
2 1 3835 3836 3838 AND
2 1 3834 3838 3839 XOR
2 1 3741 412 3840 XOR
2 1 3839 412 3841 XOR
2 1 3840 3839 3842 XOR
2 1 3840 3841 3843 AND
2 1 3839 3843 3844 XOR
2 1 3744 413 3845 XOR
2 1 3844 413 3846 XOR
2 1 3845 3844 3847 XOR
2 1 3845 3846 3848 AND
2 1 3844 3848 3849 XOR
2 1 3747 414 3850 XOR
2 1 3849 414 3851 XOR
2 1 3850 3849 3852 XOR
2 1 3850 3851 3853 AND
2 1 3849 3853 3854 XOR
2 1 3750 415 3855 XOR
2 1 3854 415 3856 XOR
2 1 3855 3854 3857 XOR
2 1 3855 3856 3858 AND
2 1 3854 3858 3859 XOR
2 1 3753 416 3860 XOR
2 1 3859 416 3861 XOR
2 1 3860 3859 3862 XOR
2 1 3860 3861 3863 AND
2 1 3859 3863 3864 XOR
2 1 3756 417 3865 XOR
2 1 3864 417 3866 XOR
2 1 3865 3864 3867 XOR
2 1 3865 3866 3868 AND
2 1 3864 3868 3869 XOR
2 1 3759 418 3870 XOR
2 1 3869 418 3871 XOR
2 1 3870 3869 3872 XOR
2 1 3870 3871 3873 AND
2 1 3869 3873 3874 XOR
2 1 3762 419 3875 XOR
2 1 3874 419 3876 XOR
2 1 3875 3874 3877 XOR
2 1 3875 3876 3878 AND
2 1 3874 3878 3879 XOR
2 1 3765 420 3880 XOR
2 1 3879 420 3881 XOR
2 1 3880 3879 3882 XOR
2 1 3880 3881 3883 AND
2 1 3879 3883 3884 XOR
2 1 3768 421 3885 XOR
2 1 3884 421 3886 XOR
2 1 3885 3884 3887 XOR
2 1 3885 3886 3888 AND
2 1 3884 3888 3889 XOR
2 1 3771 422 3890 XOR
2 1 3889 422 3891 XOR
2 1 3890 3889 3892 XOR
2 1 3890 3891 3893 AND
2 1 3889 3893 3894 XOR
2 1 3774 423 3895 XOR
2 1 3894 423 3896 XOR
2 1 3895 3894 3897 XOR
2 1 3895 3896 3898 AND
2 1 3894 3898 3899 XOR
2 1 3777 424 3900 XOR
2 1 3899 424 3901 XOR
2 1 3900 3899 3902 XOR
2 1 3900 3901 3903 AND
2 1 3899 3903 3904 XOR
2 1 3780 425 3905 XOR
2 1 3904 425 3906 XOR
2 1 3905 3904 3907 XOR
2 1 3905 3906 3908 AND
2 1 3904 3908 3909 XOR
2 1 3783 426 3910 XOR
2 1 3909 426 3911 XOR
2 1 3910 3909 3912 XOR
2 1 3910 3911 3913 AND
2 1 3909 3913 3914 XOR
2 1 3786 427 3915 XOR
2 1 3914 427 3916 XOR
2 1 3915 3914 3917 XOR
2 1 3915 3916 3918 AND
2 1 3914 3918 3919 XOR
2 1 3789 428 3920 XOR
2 1 3919 428 3921 XOR
2 1 3920 3919 3922 XOR
2 1 3920 3921 3923 AND
2 1 3919 3923 3924 XOR
2 1 3792 429 3925 XOR
2 1 3924 429 3926 XOR
2 1 3925 3924 3927 XOR
2 1 3925 3926 3928 AND
2 1 3924 3928 3929 XOR
2 1 3795 430 3930 XOR
2 1 3929 430 3931 XOR
2 1 3930 3929 3932 XOR
2 1 3930 3931 3933 AND
2 1 3929 3933 3934 XOR
2 1 3798 431 3935 XOR
2 1 3934 431 3936 XOR
2 1 3935 3934 3937 XOR
2 1 3935 3936 3938 AND
2 1 3934 3938 3939 XOR
2 1 3801 432 3940 XOR
2 1 3939 432 3941 XOR
2 1 3940 3939 3942 XOR
2 1 3940 3941 3943 AND
2 1 3939 3943 3944 XOR
2 1 3944 442 3945 AND
2 1 3944 442 3946 XOR
2 1 3946 3945 3947 XOR
2 1 221 3803 3948 XOR
2 1 3947 3948 3949 AND
2 1 3949 3803 3950 XOR
2 1 3720 3807 3951 XOR
2 1 3947 3951 3952 AND
2 1 3952 3807 3953 XOR
2 1 3723 3812 3954 XOR
2 1 3947 3954 3955 AND
2 1 3955 3812 3956 XOR
2 1 3726 3817 3957 XOR
2 1 3947 3957 3958 AND
2 1 3958 3817 3959 XOR
2 1 3729 3822 3960 XOR
2 1 3947 3960 3961 AND
2 1 3961 3822 3962 XOR
2 1 3732 3827 3963 XOR
2 1 3947 3963 3964 AND
2 1 3964 3827 3965 XOR
2 1 3735 3832 3966 XOR
2 1 3947 3966 3967 AND
2 1 3967 3832 3968 XOR
2 1 3738 3837 3969 XOR
2 1 3947 3969 3970 AND
2 1 3970 3837 3971 XOR
2 1 3741 3842 3972 XOR
2 1 3947 3972 3973 AND
2 1 3973 3842 3974 XOR
2 1 3744 3847 3975 XOR
2 1 3947 3975 3976 AND
2 1 3976 3847 3977 XOR
2 1 3747 3852 3978 XOR
2 1 3947 3978 3979 AND
2 1 3979 3852 3980 XOR
2 1 3750 3857 3981 XOR
2 1 3947 3981 3982 AND
2 1 3982 3857 3983 XOR
2 1 3753 3862 3984 XOR
2 1 3947 3984 3985 AND
2 1 3985 3862 3986 XOR
2 1 3756 3867 3987 XOR
2 1 3947 3987 3988 AND
2 1 3988 3867 3989 XOR
2 1 3759 3872 3990 XOR
2 1 3947 3990 3991 AND
2 1 3991 3872 3992 XOR
2 1 3762 3877 3993 XOR
2 1 3947 3993 3994 AND
2 1 3994 3877 3995 XOR
2 1 3765 3882 3996 XOR
2 1 3947 3996 3997 AND
2 1 3997 3882 3998 XOR
2 1 3768 3887 3999 XOR
2 1 3947 3999 4000 AND
2 1 4000 3887 4001 XOR
2 1 3771 3892 4002 XOR
2 1 3947 4002 4003 AND
2 1 4003 3892 4004 XOR
2 1 3774 3897 4005 XOR
2 1 3947 4005 4006 AND
2 1 4006 3897 4007 XOR
2 1 3777 3902 4008 XOR
2 1 3947 4008 4009 AND
2 1 4009 3902 4010 XOR
2 1 3780 3907 4011 XOR
2 1 3947 4011 4012 AND
2 1 4012 3907 4013 XOR
2 1 3783 3912 4014 XOR
2 1 3947 4014 4015 AND
2 1 4015 3912 4016 XOR
2 1 3786 3917 4017 XOR
2 1 3947 4017 4018 AND
2 1 4018 3917 4019 XOR
2 1 3789 3922 4020 XOR
2 1 3947 4020 4021 AND
2 1 4021 3922 4022 XOR
2 1 3792 3927 4023 XOR
2 1 3947 4023 4024 AND
2 1 4024 3927 4025 XOR
2 1 3795 3932 4026 XOR
2 1 3947 4026 4027 AND
2 1 4027 3932 4028 XOR
2 1 3798 3937 4029 XOR
2 1 3947 4029 4030 AND
2 1 4030 3937 4031 XOR
2 1 3801 3942 4032 XOR
2 1 3947 4032 4033 AND
2 1 4033 3942 4034 XOR
1 1 3947 4035 INV
2 1 220 404 4036 XOR
2 1 4036 404 4037 AND
2 1 3950 405 4038 XOR
2 1 4037 405 4039 XOR
2 1 4038 4037 4040 XOR
2 1 4038 4039 4041 AND
2 1 4037 4041 4042 XOR
2 1 3953 406 4043 XOR
2 1 4042 406 4044 XOR
2 1 4043 4042 4045 XOR
2 1 4043 4044 4046 AND
2 1 4042 4046 4047 XOR
2 1 3956 407 4048 XOR
2 1 4047 407 4049 XOR
2 1 4048 4047 4050 XOR
2 1 4048 4049 4051 AND
2 1 4047 4051 4052 XOR
2 1 3959 408 4053 XOR
2 1 4052 408 4054 XOR
2 1 4053 4052 4055 XOR
2 1 4053 4054 4056 AND
2 1 4052 4056 4057 XOR
2 1 3962 409 4058 XOR
2 1 4057 409 4059 XOR
2 1 4058 4057 4060 XOR
2 1 4058 4059 4061 AND
2 1 4057 4061 4062 XOR
2 1 3965 410 4063 XOR
2 1 4062 410 4064 XOR
2 1 4063 4062 4065 XOR
2 1 4063 4064 4066 AND
2 1 4062 4066 4067 XOR
2 1 3968 411 4068 XOR
2 1 4067 411 4069 XOR
2 1 4068 4067 4070 XOR
2 1 4068 4069 4071 AND
2 1 4067 4071 4072 XOR
2 1 3971 412 4073 XOR
2 1 4072 412 4074 XOR
2 1 4073 4072 4075 XOR
2 1 4073 4074 4076 AND
2 1 4072 4076 4077 XOR
2 1 3974 413 4078 XOR
2 1 4077 413 4079 XOR
2 1 4078 4077 4080 XOR
2 1 4078 4079 4081 AND
2 1 4077 4081 4082 XOR
2 1 3977 414 4083 XOR
2 1 4082 414 4084 XOR
2 1 4083 4082 4085 XOR
2 1 4083 4084 4086 AND
2 1 4082 4086 4087 XOR
2 1 3980 415 4088 XOR
2 1 4087 415 4089 XOR
2 1 4088 4087 4090 XOR
2 1 4088 4089 4091 AND
2 1 4087 4091 4092 XOR
2 1 3983 416 4093 XOR
2 1 4092 416 4094 XOR
2 1 4093 4092 4095 XOR
2 1 4093 4094 4096 AND
2 1 4092 4096 4097 XOR
2 1 3986 417 4098 XOR
2 1 4097 417 4099 XOR
2 1 4098 4097 4100 XOR
2 1 4098 4099 4101 AND
2 1 4097 4101 4102 XOR
2 1 3989 418 4103 XOR
2 1 4102 418 4104 XOR
2 1 4103 4102 4105 XOR
2 1 4103 4104 4106 AND
2 1 4102 4106 4107 XOR
2 1 3992 419 4108 XOR
2 1 4107 419 4109 XOR
2 1 4108 4107 4110 XOR
2 1 4108 4109 4111 AND
2 1 4107 4111 4112 XOR
2 1 3995 420 4113 XOR
2 1 4112 420 4114 XOR
2 1 4113 4112 4115 XOR
2 1 4113 4114 4116 AND
2 1 4112 4116 4117 XOR
2 1 3998 421 4118 XOR
2 1 4117 421 4119 XOR
2 1 4118 4117 4120 XOR
2 1 4118 4119 4121 AND
2 1 4117 4121 4122 XOR
2 1 4001 422 4123 XOR
2 1 4122 422 4124 XOR
2 1 4123 4122 4125 XOR
2 1 4123 4124 4126 AND
2 1 4122 4126 4127 XOR
2 1 4004 423 4128 XOR
2 1 4127 423 4129 XOR
2 1 4128 4127 4130 XOR
2 1 4128 4129 4131 AND
2 1 4127 4131 4132 XOR
2 1 4007 424 4133 XOR
2 1 4132 424 4134 XOR
2 1 4133 4132 4135 XOR
2 1 4133 4134 4136 AND
2 1 4132 4136 4137 XOR
2 1 4010 425 4138 XOR
2 1 4137 425 4139 XOR
2 1 4138 4137 4140 XOR
2 1 4138 4139 4141 AND
2 1 4137 4141 4142 XOR
2 1 4013 426 4143 XOR
2 1 4142 426 4144 XOR
2 1 4143 4142 4145 XOR
2 1 4143 4144 4146 AND
2 1 4142 4146 4147 XOR
2 1 4016 427 4148 XOR
2 1 4147 427 4149 XOR
2 1 4148 4147 4150 XOR
2 1 4148 4149 4151 AND
2 1 4147 4151 4152 XOR
2 1 4019 428 4153 XOR
2 1 4152 428 4154 XOR
2 1 4153 4152 4155 XOR
2 1 4153 4154 4156 AND
2 1 4152 4156 4157 XOR
2 1 4022 429 4158 XOR
2 1 4157 429 4159 XOR
2 1 4158 4157 4160 XOR
2 1 4158 4159 4161 AND
2 1 4157 4161 4162 XOR
2 1 4025 430 4163 XOR
2 1 4162 430 4164 XOR
2 1 4163 4162 4165 XOR
2 1 4163 4164 4166 AND
2 1 4162 4166 4167 XOR
2 1 4028 431 4168 XOR
2 1 4167 431 4169 XOR
2 1 4168 4167 4170 XOR
2 1 4168 4169 4171 AND
2 1 4167 4171 4172 XOR
2 1 4031 432 4173 XOR
2 1 4172 432 4174 XOR
2 1 4173 4172 4175 XOR
2 1 4173 4174 4176 AND
2 1 4172 4176 4177 XOR
2 1 4034 433 4178 XOR
2 1 4177 433 4179 XOR
2 1 4178 4177 4180 XOR
2 1 4178 4179 4181 AND
2 1 4177 4181 4182 XOR
2 1 4182 439 4183 AND
2 1 4182 439 4184 XOR
2 1 4184 4183 4185 XOR
2 1 220 4036 4186 XOR
2 1 4185 4186 4187 AND
2 1 4187 4036 4188 XOR
2 1 3950 4040 4189 XOR
2 1 4185 4189 4190 AND
2 1 4190 4040 4191 XOR
2 1 3953 4045 4192 XOR
2 1 4185 4192 4193 AND
2 1 4193 4045 4194 XOR
2 1 3956 4050 4195 XOR
2 1 4185 4195 4196 AND
2 1 4196 4050 4197 XOR
2 1 3959 4055 4198 XOR
2 1 4185 4198 4199 AND
2 1 4199 4055 4200 XOR
2 1 3962 4060 4201 XOR
2 1 4185 4201 4202 AND
2 1 4202 4060 4203 XOR
2 1 3965 4065 4204 XOR
2 1 4185 4204 4205 AND
2 1 4205 4065 4206 XOR
2 1 3968 4070 4207 XOR
2 1 4185 4207 4208 AND
2 1 4208 4070 4209 XOR
2 1 3971 4075 4210 XOR
2 1 4185 4210 4211 AND
2 1 4211 4075 4212 XOR
2 1 3974 4080 4213 XOR
2 1 4185 4213 4214 AND
2 1 4214 4080 4215 XOR
2 1 3977 4085 4216 XOR
2 1 4185 4216 4217 AND
2 1 4217 4085 4218 XOR
2 1 3980 4090 4219 XOR
2 1 4185 4219 4220 AND
2 1 4220 4090 4221 XOR
2 1 3983 4095 4222 XOR
2 1 4185 4222 4223 AND
2 1 4223 4095 4224 XOR
2 1 3986 4100 4225 XOR
2 1 4185 4225 4226 AND
2 1 4226 4100 4227 XOR
2 1 3989 4105 4228 XOR
2 1 4185 4228 4229 AND
2 1 4229 4105 4230 XOR
2 1 3992 4110 4231 XOR
2 1 4185 4231 4232 AND
2 1 4232 4110 4233 XOR
2 1 3995 4115 4234 XOR
2 1 4185 4234 4235 AND
2 1 4235 4115 4236 XOR
2 1 3998 4120 4237 XOR
2 1 4185 4237 4238 AND
2 1 4238 4120 4239 XOR
2 1 4001 4125 4240 XOR
2 1 4185 4240 4241 AND
2 1 4241 4125 4242 XOR
2 1 4004 4130 4243 XOR
2 1 4185 4243 4244 AND
2 1 4244 4130 4245 XOR
2 1 4007 4135 4246 XOR
2 1 4185 4246 4247 AND
2 1 4247 4135 4248 XOR
2 1 4010 4140 4249 XOR
2 1 4185 4249 4250 AND
2 1 4250 4140 4251 XOR
2 1 4013 4145 4252 XOR
2 1 4185 4252 4253 AND
2 1 4253 4145 4254 XOR
2 1 4016 4150 4255 XOR
2 1 4185 4255 4256 AND
2 1 4256 4150 4257 XOR
2 1 4019 4155 4258 XOR
2 1 4185 4258 4259 AND
2 1 4259 4155 4260 XOR
2 1 4022 4160 4261 XOR
2 1 4185 4261 4262 AND
2 1 4262 4160 4263 XOR
2 1 4025 4165 4264 XOR
2 1 4185 4264 4265 AND
2 1 4265 4165 4266 XOR
2 1 4028 4170 4267 XOR
2 1 4185 4267 4268 AND
2 1 4268 4170 4269 XOR
2 1 4031 4175 4270 XOR
2 1 4185 4270 4271 AND
2 1 4271 4175 4272 XOR
2 1 4034 4180 4273 XOR
2 1 4185 4273 4274 AND
2 1 4274 4180 4275 XOR
1 1 4185 4276 INV
2 1 219 404 4277 XOR
2 1 4277 404 4278 AND
2 1 4188 405 4279 XOR
2 1 4278 405 4280 XOR
2 1 4279 4278 4281 XOR
2 1 4279 4280 4282 AND
2 1 4278 4282 4283 XOR
2 1 4191 406 4284 XOR
2 1 4283 406 4285 XOR
2 1 4284 4283 4286 XOR
2 1 4284 4285 4287 AND
2 1 4283 4287 4288 XOR
2 1 4194 407 4289 XOR
2 1 4288 407 4290 XOR
2 1 4289 4288 4291 XOR
2 1 4289 4290 4292 AND
2 1 4288 4292 4293 XOR
2 1 4197 408 4294 XOR
2 1 4293 408 4295 XOR
2 1 4294 4293 4296 XOR
2 1 4294 4295 4297 AND
2 1 4293 4297 4298 XOR
2 1 4200 409 4299 XOR
2 1 4298 409 4300 XOR
2 1 4299 4298 4301 XOR
2 1 4299 4300 4302 AND
2 1 4298 4302 4303 XOR
2 1 4203 410 4304 XOR
2 1 4303 410 4305 XOR
2 1 4304 4303 4306 XOR
2 1 4304 4305 4307 AND
2 1 4303 4307 4308 XOR
2 1 4206 411 4309 XOR
2 1 4308 411 4310 XOR
2 1 4309 4308 4311 XOR
2 1 4309 4310 4312 AND
2 1 4308 4312 4313 XOR
2 1 4209 412 4314 XOR
2 1 4313 412 4315 XOR
2 1 4314 4313 4316 XOR
2 1 4314 4315 4317 AND
2 1 4313 4317 4318 XOR
2 1 4212 413 4319 XOR
2 1 4318 413 4320 XOR
2 1 4319 4318 4321 XOR
2 1 4319 4320 4322 AND
2 1 4318 4322 4323 XOR
2 1 4215 414 4324 XOR
2 1 4323 414 4325 XOR
2 1 4324 4323 4326 XOR
2 1 4324 4325 4327 AND
2 1 4323 4327 4328 XOR
2 1 4218 415 4329 XOR
2 1 4328 415 4330 XOR
2 1 4329 4328 4331 XOR
2 1 4329 4330 4332 AND
2 1 4328 4332 4333 XOR
2 1 4221 416 4334 XOR
2 1 4333 416 4335 XOR
2 1 4334 4333 4336 XOR
2 1 4334 4335 4337 AND
2 1 4333 4337 4338 XOR
2 1 4224 417 4339 XOR
2 1 4338 417 4340 XOR
2 1 4339 4338 4341 XOR
2 1 4339 4340 4342 AND
2 1 4338 4342 4343 XOR
2 1 4227 418 4344 XOR
2 1 4343 418 4345 XOR
2 1 4344 4343 4346 XOR
2 1 4344 4345 4347 AND
2 1 4343 4347 4348 XOR
2 1 4230 419 4349 XOR
2 1 4348 419 4350 XOR
2 1 4349 4348 4351 XOR
2 1 4349 4350 4352 AND
2 1 4348 4352 4353 XOR
2 1 4233 420 4354 XOR
2 1 4353 420 4355 XOR
2 1 4354 4353 4356 XOR
2 1 4354 4355 4357 AND
2 1 4353 4357 4358 XOR
2 1 4236 421 4359 XOR
2 1 4358 421 4360 XOR
2 1 4359 4358 4361 XOR
2 1 4359 4360 4362 AND
2 1 4358 4362 4363 XOR
2 1 4239 422 4364 XOR
2 1 4363 422 4365 XOR
2 1 4364 4363 4366 XOR
2 1 4364 4365 4367 AND
2 1 4363 4367 4368 XOR
2 1 4242 423 4369 XOR
2 1 4368 423 4370 XOR
2 1 4369 4368 4371 XOR
2 1 4369 4370 4372 AND
2 1 4368 4372 4373 XOR
2 1 4245 424 4374 XOR
2 1 4373 424 4375 XOR
2 1 4374 4373 4376 XOR
2 1 4374 4375 4377 AND
2 1 4373 4377 4378 XOR
2 1 4248 425 4379 XOR
2 1 4378 425 4380 XOR
2 1 4379 4378 4381 XOR
2 1 4379 4380 4382 AND
2 1 4378 4382 4383 XOR
2 1 4251 426 4384 XOR
2 1 4383 426 4385 XOR
2 1 4384 4383 4386 XOR
2 1 4384 4385 4387 AND
2 1 4383 4387 4388 XOR
2 1 4254 427 4389 XOR
2 1 4388 427 4390 XOR
2 1 4389 4388 4391 XOR
2 1 4389 4390 4392 AND
2 1 4388 4392 4393 XOR
2 1 4257 428 4394 XOR
2 1 4393 428 4395 XOR
2 1 4394 4393 4396 XOR
2 1 4394 4395 4397 AND
2 1 4393 4397 4398 XOR
2 1 4260 429 4399 XOR
2 1 4398 429 4400 XOR
2 1 4399 4398 4401 XOR
2 1 4399 4400 4402 AND
2 1 4398 4402 4403 XOR
2 1 4263 430 4404 XOR
2 1 4403 430 4405 XOR
2 1 4404 4403 4406 XOR
2 1 4404 4405 4407 AND
2 1 4403 4407 4408 XOR
2 1 4266 431 4409 XOR
2 1 4408 431 4410 XOR
2 1 4409 4408 4411 XOR
2 1 4409 4410 4412 AND
2 1 4408 4412 4413 XOR
2 1 4269 432 4414 XOR
2 1 4413 432 4415 XOR
2 1 4414 4413 4416 XOR
2 1 4414 4415 4417 AND
2 1 4413 4417 4418 XOR
2 1 4272 433 4419 XOR
2 1 4418 433 4420 XOR
2 1 4419 4418 4421 XOR
2 1 4419 4420 4422 AND
2 1 4418 4422 4423 XOR
2 1 4275 434 4424 XOR
2 1 4423 434 4425 XOR
2 1 4424 4423 4426 XOR
2 1 4424 4425 4427 AND
2 1 4423 4427 4428 XOR
2 1 4428 435 4429 AND
2 1 4428 435 4430 XOR
2 1 4430 4429 4431 XOR
2 1 219 4277 4432 XOR
2 1 4431 4432 4433 AND
2 1 4433 4277 4434 XOR
2 1 4188 4281 4435 XOR
2 1 4431 4435 4436 AND
2 1 4436 4281 4437 XOR
2 1 4191 4286 4438 XOR
2 1 4431 4438 4439 AND
2 1 4439 4286 4440 XOR
2 1 4194 4291 4441 XOR
2 1 4431 4441 4442 AND
2 1 4442 4291 4443 XOR
2 1 4197 4296 4444 XOR
2 1 4431 4444 4445 AND
2 1 4445 4296 4446 XOR
2 1 4200 4301 4447 XOR
2 1 4431 4447 4448 AND
2 1 4448 4301 4449 XOR
2 1 4203 4306 4450 XOR
2 1 4431 4450 4451 AND
2 1 4451 4306 4452 XOR
2 1 4206 4311 4453 XOR
2 1 4431 4453 4454 AND
2 1 4454 4311 4455 XOR
2 1 4209 4316 4456 XOR
2 1 4431 4456 4457 AND
2 1 4457 4316 4458 XOR
2 1 4212 4321 4459 XOR
2 1 4431 4459 4460 AND
2 1 4460 4321 4461 XOR
2 1 4215 4326 4462 XOR
2 1 4431 4462 4463 AND
2 1 4463 4326 4464 XOR
2 1 4218 4331 4465 XOR
2 1 4431 4465 4466 AND
2 1 4466 4331 4467 XOR
2 1 4221 4336 4468 XOR
2 1 4431 4468 4469 AND
2 1 4469 4336 4470 XOR
2 1 4224 4341 4471 XOR
2 1 4431 4471 4472 AND
2 1 4472 4341 4473 XOR
2 1 4227 4346 4474 XOR
2 1 4431 4474 4475 AND
2 1 4475 4346 4476 XOR
2 1 4230 4351 4477 XOR
2 1 4431 4477 4478 AND
2 1 4478 4351 4479 XOR
2 1 4233 4356 4480 XOR
2 1 4431 4480 4481 AND
2 1 4481 4356 4482 XOR
2 1 4236 4361 4483 XOR
2 1 4431 4483 4484 AND
2 1 4484 4361 4485 XOR
2 1 4239 4366 4486 XOR
2 1 4431 4486 4487 AND
2 1 4487 4366 4488 XOR
2 1 4242 4371 4489 XOR
2 1 4431 4489 4490 AND
2 1 4490 4371 4491 XOR
2 1 4245 4376 4492 XOR
2 1 4431 4492 4493 AND
2 1 4493 4376 4494 XOR
2 1 4248 4381 4495 XOR
2 1 4431 4495 4496 AND
2 1 4496 4381 4497 XOR
2 1 4251 4386 4498 XOR
2 1 4431 4498 4499 AND
2 1 4499 4386 4500 XOR
2 1 4254 4391 4501 XOR
2 1 4431 4501 4502 AND
2 1 4502 4391 4503 XOR
2 1 4257 4396 4504 XOR
2 1 4431 4504 4505 AND
2 1 4505 4396 4506 XOR
2 1 4260 4401 4507 XOR
2 1 4431 4507 4508 AND
2 1 4508 4401 4509 XOR
2 1 4263 4406 4510 XOR
2 1 4431 4510 4511 AND
2 1 4511 4406 4512 XOR
2 1 4266 4411 4513 XOR
2 1 4431 4513 4514 AND
2 1 4514 4411 4515 XOR
2 1 4269 4416 4516 XOR
2 1 4431 4516 4517 AND
2 1 4517 4416 4518 XOR
2 1 4272 4421 4519 XOR
2 1 4431 4519 4520 AND
2 1 4520 4421 4521 XOR
2 1 4275 4426 4522 XOR
2 1 4431 4522 4523 AND
2 1 4523 4426 4524 XOR
1 1 4431 4525 INV
2 1 218 404 4526 XOR
2 1 4526 404 4527 AND
2 1 4434 405 4528 XOR
2 1 4527 405 4529 XOR
2 1 4528 4527 4530 XOR
2 1 4528 4529 4531 AND
2 1 4527 4531 4532 XOR
2 1 4437 406 4533 XOR
2 1 4532 406 4534 XOR
2 1 4533 4532 4535 XOR
2 1 4533 4534 4536 AND
2 1 4532 4536 4537 XOR
2 1 4440 407 4538 XOR
2 1 4537 407 4539 XOR
2 1 4538 4537 4540 XOR
2 1 4538 4539 4541 AND
2 1 4537 4541 4542 XOR
2 1 4443 408 4543 XOR
2 1 4542 408 4544 XOR
2 1 4543 4542 4545 XOR
2 1 4543 4544 4546 AND
2 1 4542 4546 4547 XOR
2 1 4446 409 4548 XOR
2 1 4547 409 4549 XOR
2 1 4548 4547 4550 XOR
2 1 4548 4549 4551 AND
2 1 4547 4551 4552 XOR
2 1 4449 410 4553 XOR
2 1 4552 410 4554 XOR
2 1 4553 4552 4555 XOR
2 1 4553 4554 4556 AND
2 1 4552 4556 4557 XOR
2 1 4452 411 4558 XOR
2 1 4557 411 4559 XOR
2 1 4558 4557 4560 XOR
2 1 4558 4559 4561 AND
2 1 4557 4561 4562 XOR
2 1 4455 412 4563 XOR
2 1 4562 412 4564 XOR
2 1 4563 4562 4565 XOR
2 1 4563 4564 4566 AND
2 1 4562 4566 4567 XOR
2 1 4458 413 4568 XOR
2 1 4567 413 4569 XOR
2 1 4568 4567 4570 XOR
2 1 4568 4569 4571 AND
2 1 4567 4571 4572 XOR
2 1 4461 414 4573 XOR
2 1 4572 414 4574 XOR
2 1 4573 4572 4575 XOR
2 1 4573 4574 4576 AND
2 1 4572 4576 4577 XOR
2 1 4464 415 4578 XOR
2 1 4577 415 4579 XOR
2 1 4578 4577 4580 XOR
2 1 4578 4579 4581 AND
2 1 4577 4581 4582 XOR
2 1 4467 416 4583 XOR
2 1 4582 416 4584 XOR
2 1 4583 4582 4585 XOR
2 1 4583 4584 4586 AND
2 1 4582 4586 4587 XOR
2 1 4470 417 4588 XOR
2 1 4587 417 4589 XOR
2 1 4588 4587 4590 XOR
2 1 4588 4589 4591 AND
2 1 4587 4591 4592 XOR
2 1 4473 418 4593 XOR
2 1 4592 418 4594 XOR
2 1 4593 4592 4595 XOR
2 1 4593 4594 4596 AND
2 1 4592 4596 4597 XOR
2 1 4476 419 4598 XOR
2 1 4597 419 4599 XOR
2 1 4598 4597 4600 XOR
2 1 4598 4599 4601 AND
2 1 4597 4601 4602 XOR
2 1 4479 420 4603 XOR
2 1 4602 420 4604 XOR
2 1 4603 4602 4605 XOR
2 1 4603 4604 4606 AND
2 1 4602 4606 4607 XOR
2 1 4482 421 4608 XOR
2 1 4607 421 4609 XOR
2 1 4608 4607 4610 XOR
2 1 4608 4609 4611 AND
2 1 4607 4611 4612 XOR
2 1 4485 422 4613 XOR
2 1 4612 422 4614 XOR
2 1 4613 4612 4615 XOR
2 1 4613 4614 4616 AND
2 1 4612 4616 4617 XOR
2 1 4488 423 4618 XOR
2 1 4617 423 4619 XOR
2 1 4618 4617 4620 XOR
2 1 4618 4619 4621 AND
2 1 4617 4621 4622 XOR
2 1 4491 424 4623 XOR
2 1 4622 424 4624 XOR
2 1 4623 4622 4625 XOR
2 1 4623 4624 4626 AND
2 1 4622 4626 4627 XOR
2 1 4494 425 4628 XOR
2 1 4627 425 4629 XOR
2 1 4628 4627 4630 XOR
2 1 4628 4629 4631 AND
2 1 4627 4631 4632 XOR
2 1 4497 426 4633 XOR
2 1 4632 426 4634 XOR
2 1 4633 4632 4635 XOR
2 1 4633 4634 4636 AND
2 1 4632 4636 4637 XOR
2 1 4500 427 4638 XOR
2 1 4637 427 4639 XOR
2 1 4638 4637 4640 XOR
2 1 4638 4639 4641 AND
2 1 4637 4641 4642 XOR
2 1 4503 428 4643 XOR
2 1 4642 428 4644 XOR
2 1 4643 4642 4645 XOR
2 1 4643 4644 4646 AND
2 1 4642 4646 4647 XOR
2 1 4506 429 4648 XOR
2 1 4647 429 4649 XOR
2 1 4648 4647 4650 XOR
2 1 4648 4649 4651 AND
2 1 4647 4651 4652 XOR
2 1 4509 430 4653 XOR
2 1 4652 430 4654 XOR
2 1 4653 4652 4655 XOR
2 1 4653 4654 4656 AND
2 1 4652 4656 4657 XOR
2 1 4512 431 4658 XOR
2 1 4657 431 4659 XOR
2 1 4658 4657 4660 XOR
2 1 4658 4659 4661 AND
2 1 4657 4661 4662 XOR
2 1 4515 432 4663 XOR
2 1 4662 432 4664 XOR
2 1 4663 4662 4665 XOR
2 1 4663 4664 4666 AND
2 1 4662 4666 4667 XOR
2 1 4518 433 4668 XOR
2 1 4667 433 4669 XOR
2 1 4668 4667 4670 XOR
2 1 4668 4669 4671 AND
2 1 4667 4671 4672 XOR
2 1 4521 434 4673 XOR
2 1 4672 434 4674 XOR
2 1 4673 4672 4675 XOR
2 1 4673 4674 4676 AND
2 1 4672 4676 4677 XOR
2 1 4524 435 4678 XOR
2 1 4677 435 4679 XOR
2 1 4678 4677 4680 XOR
2 1 4678 4679 4681 AND
2 1 4677 4681 4682 XOR
2 1 218 4526 4683 XOR
2 1 4682 4683 4684 AND
2 1 4684 4526 4685 XOR
2 1 4434 4530 4686 XOR
2 1 4682 4686 4687 AND
2 1 4687 4530 4688 XOR
2 1 4437 4535 4689 XOR
2 1 4682 4689 4690 AND
2 1 4690 4535 4691 XOR
2 1 4440 4540 4692 XOR
2 1 4682 4692 4693 AND
2 1 4693 4540 4694 XOR
2 1 4443 4545 4695 XOR
2 1 4682 4695 4696 AND
2 1 4696 4545 4697 XOR
2 1 4446 4550 4698 XOR
2 1 4682 4698 4699 AND
2 1 4699 4550 4700 XOR
2 1 4449 4555 4701 XOR
2 1 4682 4701 4702 AND
2 1 4702 4555 4703 XOR
2 1 4452 4560 4704 XOR
2 1 4682 4704 4705 AND
2 1 4705 4560 4706 XOR
2 1 4455 4565 4707 XOR
2 1 4682 4707 4708 AND
2 1 4708 4565 4709 XOR
2 1 4458 4570 4710 XOR
2 1 4682 4710 4711 AND
2 1 4711 4570 4712 XOR
2 1 4461 4575 4713 XOR
2 1 4682 4713 4714 AND
2 1 4714 4575 4715 XOR
2 1 4464 4580 4716 XOR
2 1 4682 4716 4717 AND
2 1 4717 4580 4718 XOR
2 1 4467 4585 4719 XOR
2 1 4682 4719 4720 AND
2 1 4720 4585 4721 XOR
2 1 4470 4590 4722 XOR
2 1 4682 4722 4723 AND
2 1 4723 4590 4724 XOR
2 1 4473 4595 4725 XOR
2 1 4682 4725 4726 AND
2 1 4726 4595 4727 XOR
2 1 4476 4600 4728 XOR
2 1 4682 4728 4729 AND
2 1 4729 4600 4730 XOR
2 1 4479 4605 4731 XOR
2 1 4682 4731 4732 AND
2 1 4732 4605 4733 XOR
2 1 4482 4610 4734 XOR
2 1 4682 4734 4735 AND
2 1 4735 4610 4736 XOR
2 1 4485 4615 4737 XOR
2 1 4682 4737 4738 AND
2 1 4738 4615 4739 XOR
2 1 4488 4620 4740 XOR
2 1 4682 4740 4741 AND
2 1 4741 4620 4742 XOR
2 1 4491 4625 4743 XOR
2 1 4682 4743 4744 AND
2 1 4744 4625 4745 XOR
2 1 4494 4630 4746 XOR
2 1 4682 4746 4747 AND
2 1 4747 4630 4748 XOR
2 1 4497 4635 4749 XOR
2 1 4682 4749 4750 AND
2 1 4750 4635 4751 XOR
2 1 4500 4640 4752 XOR
2 1 4682 4752 4753 AND
2 1 4753 4640 4754 XOR
2 1 4503 4645 4755 XOR
2 1 4682 4755 4756 AND
2 1 4756 4645 4757 XOR
2 1 4506 4650 4758 XOR
2 1 4682 4758 4759 AND
2 1 4759 4650 4760 XOR
2 1 4509 4655 4761 XOR
2 1 4682 4761 4762 AND
2 1 4762 4655 4763 XOR
2 1 4512 4660 4764 XOR
2 1 4682 4764 4765 AND
2 1 4765 4660 4766 XOR
2 1 4515 4665 4767 XOR
2 1 4682 4767 4768 AND
2 1 4768 4665 4769 XOR
2 1 4518 4670 4770 XOR
2 1 4682 4770 4771 AND
2 1 4771 4670 4772 XOR
2 1 4521 4675 4773 XOR
2 1 4682 4773 4774 AND
2 1 4774 4675 4775 XOR
2 1 4524 4680 4776 XOR
2 1 4682 4776 4777 AND
2 1 4777 4680 4778 XOR
1 1 4682 4779 INV
2 1 4779 436 4780 XOR
2 1 4780 436 4781 XOR
2 1 436 4780 4782 AND
2 1 4525 436 4783 XOR
2 1 4783 4782 4784 XOR
2 1 4782 4783 4785 AND
2 1 4276 436 4786 XOR
2 1 4786 4785 4787 XOR
2 1 4785 4786 4788 AND
2 1 4035 436 4789 XOR
2 1 4789 4788 4790 XOR
2 1 4788 4789 4791 AND
2 1 3802 436 4792 XOR
2 1 4792 4791 4793 XOR
2 1 4791 4792 4794 AND
2 1 3577 436 4795 XOR
2 1 4795 4794 4796 XOR
2 1 4794 4795 4797 AND
2 1 3360 436 4798 XOR
2 1 4798 4797 4799 XOR
2 1 4797 4798 4800 AND
2 1 3151 436 4801 XOR
2 1 4801 4800 4802 XOR
2 1 4800 4801 4803 AND
2 1 2950 436 4804 XOR
2 1 4804 4803 4805 XOR
2 1 4803 4804 4806 AND
2 1 2757 436 4807 XOR
2 1 4807 4806 4808 XOR
2 1 4806 4807 4809 AND
2 1 2572 436 4810 XOR
2 1 4810 4809 4811 XOR
2 1 4809 4810 4812 AND
2 1 2395 436 4813 XOR
2 1 4813 4812 4814 XOR
2 1 4812 4813 4815 AND
2 1 2226 436 4816 XOR
2 1 4816 4815 4817 XOR
2 1 4815 4816 4818 AND
2 1 2065 436 4819 XOR
2 1 4819 4818 4820 XOR
2 1 4818 4819 4821 AND
2 1 1912 436 4822 XOR
2 1 4822 4821 4823 XOR
2 1 4821 4822 4824 AND
2 1 1767 436 4825 XOR
2 1 4825 4824 4826 XOR
2 1 4824 4825 4827 AND
2 1 1630 436 4828 XOR
2 1 4828 4827 4829 XOR
2 1 4827 4828 4830 AND
2 1 1501 436 4831 XOR
2 1 4831 4830 4832 XOR
2 1 4830 4831 4833 AND
2 1 1380 436 4834 XOR
2 1 4834 4833 4835 XOR
2 1 4833 4834 4836 AND
2 1 1267 436 4837 XOR
2 1 4837 4836 4838 XOR
2 1 4836 4837 4839 AND
2 1 1162 436 4840 XOR
2 1 4840 4839 4841 XOR
2 1 4839 4840 4842 AND
2 1 1065 436 4843 XOR
2 1 4843 4842 4844 XOR
2 1 4842 4843 4845 AND
2 1 976 436 4846 XOR
2 1 4846 4845 4847 XOR
2 1 4845 4846 4848 AND
2 1 895 436 4849 XOR
2 1 4849 4848 4850 XOR
2 1 4848 4849 4851 AND
2 1 822 436 4852 XOR
2 1 4852 4851 4853 XOR
2 1 4851 4852 4854 AND
2 1 757 436 4855 XOR
2 1 4855 4854 4856 XOR
2 1 4854 4855 4857 AND
2 1 700 436 4858 XOR
2 1 4858 4857 4859 XOR
2 1 4857 4858 4860 AND
2 1 651 436 4861 XOR
2 1 4861 4860 4862 XOR
2 1 4860 4861 4863 AND
2 1 610 436 4864 XOR
2 1 4864 4863 4865 XOR
2 1 4863 4864 4866 AND
2 1 577 436 4867 XOR
2 1 4867 4866 4868 XOR
2 1 4866 4867 4869 AND
2 1 552 436 4870 XOR
2 1 4870 4869 4871 XOR
2 1 4869 4870 4872 AND
2 1 436 4872 4873 XOR
2 1 4873 535 4874 XOR
2 1 0 0 4875 XOR
2 1 4875 4781 4876 XOR
2 1 4875 4784 4877 XOR
2 1 4875 4787 4878 XOR
2 1 4875 4790 4879 XOR
2 1 4875 4793 4880 XOR
2 1 4875 4796 4881 XOR
2 1 4875 4799 4882 XOR
2 1 4875 4802 4883 XOR
2 1 4875 4805 4884 XOR
2 1 4875 4808 4885 XOR
2 1 4875 4811 4886 XOR
2 1 4875 4814 4887 XOR
2 1 4875 4817 4888 XOR
2 1 4875 4820 4889 XOR
2 1 4875 4823 4890 XOR
2 1 4875 4826 4891 XOR
2 1 4875 4829 4892 XOR
2 1 4875 4832 4893 XOR
2 1 4875 4835 4894 XOR
2 1 4875 4838 4895 XOR
2 1 4875 4841 4896 XOR
2 1 4875 4844 4897 XOR
2 1 4875 4847 4898 XOR
2 1 4875 4850 4899 XOR
2 1 4875 4853 4900 XOR
2 1 4875 4856 4901 XOR
2 1 4875 4859 4902 XOR
2 1 4875 4862 4903 XOR
2 1 4875 4865 4904 XOR
2 1 4875 4868 4905 XOR
2 1 4875 4871 4906 XOR
2 1 4875 4874 4907 XOR
