17900 18028
64 64 64
                                                                                                                                                                                   
2 1 0 63 128 XOR
2 1 0 63 129 AND
2 1 1 129 130 XOR
2 1 63 129 131 XOR
2 1 1 131 132 XOR
2 1 130 131 133 AND
2 1 129 133 134 XOR
2 1 2 134 135 XOR
2 1 63 134 136 XOR
2 1 2 136 137 XOR
2 1 135 136 138 AND
2 1 134 138 139 XOR
2 1 3 139 140 XOR
2 1 63 139 141 XOR
2 1 3 141 142 XOR
2 1 140 141 143 AND
2 1 139 143 144 XOR
2 1 4 144 145 XOR
2 1 63 144 146 XOR
2 1 4 146 147 XOR
2 1 145 146 148 AND
2 1 144 148 149 XOR
2 1 5 149 150 XOR
2 1 63 149 151 XOR
2 1 5 151 152 XOR
2 1 150 151 153 AND
2 1 149 153 154 XOR
2 1 6 154 155 XOR
2 1 63 154 156 XOR
2 1 6 156 157 XOR
2 1 155 156 158 AND
2 1 154 158 159 XOR
2 1 7 159 160 XOR
2 1 63 159 161 XOR
2 1 7 161 162 XOR
2 1 160 161 163 AND
2 1 159 163 164 XOR
2 1 8 164 165 XOR
2 1 63 164 166 XOR
2 1 8 166 167 XOR
2 1 165 166 168 AND
2 1 164 168 169 XOR
2 1 9 169 170 XOR
2 1 63 169 171 XOR
2 1 9 171 172 XOR
2 1 170 171 173 AND
2 1 169 173 174 XOR
2 1 10 174 175 XOR
2 1 63 174 176 XOR
2 1 10 176 177 XOR
2 1 175 176 178 AND
2 1 174 178 179 XOR
2 1 11 179 180 XOR
2 1 63 179 181 XOR
2 1 11 181 182 XOR
2 1 180 181 183 AND
2 1 179 183 184 XOR
2 1 12 184 185 XOR
2 1 63 184 186 XOR
2 1 12 186 187 XOR
2 1 185 186 188 AND
2 1 184 188 189 XOR
2 1 13 189 190 XOR
2 1 63 189 191 XOR
2 1 13 191 192 XOR
2 1 190 191 193 AND
2 1 189 193 194 XOR
2 1 14 194 195 XOR
2 1 63 194 196 XOR
2 1 14 196 197 XOR
2 1 195 196 198 AND
2 1 194 198 199 XOR
2 1 15 199 200 XOR
2 1 63 199 201 XOR
2 1 15 201 202 XOR
2 1 200 201 203 AND
2 1 199 203 204 XOR
2 1 16 204 205 XOR
2 1 63 204 206 XOR
2 1 16 206 207 XOR
2 1 205 206 208 AND
2 1 204 208 209 XOR
2 1 17 209 210 XOR
2 1 63 209 211 XOR
2 1 17 211 212 XOR
2 1 210 211 213 AND
2 1 209 213 214 XOR
2 1 18 214 215 XOR
2 1 63 214 216 XOR
2 1 18 216 217 XOR
2 1 215 216 218 AND
2 1 214 218 219 XOR
2 1 19 219 220 XOR
2 1 63 219 221 XOR
2 1 19 221 222 XOR
2 1 220 221 223 AND
2 1 219 223 224 XOR
2 1 20 224 225 XOR
2 1 63 224 226 XOR
2 1 20 226 227 XOR
2 1 225 226 228 AND
2 1 224 228 229 XOR
2 1 21 229 230 XOR
2 1 63 229 231 XOR
2 1 21 231 232 XOR
2 1 230 231 233 AND
2 1 229 233 234 XOR
2 1 22 234 235 XOR
2 1 63 234 236 XOR
2 1 22 236 237 XOR
2 1 235 236 238 AND
2 1 234 238 239 XOR
2 1 23 239 240 XOR
2 1 63 239 241 XOR
2 1 23 241 242 XOR
2 1 240 241 243 AND
2 1 239 243 244 XOR
2 1 24 244 245 XOR
2 1 63 244 246 XOR
2 1 24 246 247 XOR
2 1 245 246 248 AND
2 1 244 248 249 XOR
2 1 25 249 250 XOR
2 1 63 249 251 XOR
2 1 25 251 252 XOR
2 1 250 251 253 AND
2 1 249 253 254 XOR
2 1 26 254 255 XOR
2 1 63 254 256 XOR
2 1 26 256 257 XOR
2 1 255 256 258 AND
2 1 254 258 259 XOR
2 1 27 259 260 XOR
2 1 63 259 261 XOR
2 1 27 261 262 XOR
2 1 260 261 263 AND
2 1 259 263 264 XOR
2 1 28 264 265 XOR
2 1 63 264 266 XOR
2 1 28 266 267 XOR
2 1 265 266 268 AND
2 1 264 268 269 XOR
2 1 29 269 270 XOR
2 1 63 269 271 XOR
2 1 29 271 272 XOR
2 1 270 271 273 AND
2 1 269 273 274 XOR
2 1 30 274 275 XOR
2 1 63 274 276 XOR
2 1 30 276 277 XOR
2 1 275 276 278 AND
2 1 274 278 279 XOR
2 1 31 279 280 XOR
2 1 63 279 281 XOR
2 1 31 281 282 XOR
2 1 280 281 283 AND
2 1 279 283 284 XOR
2 1 32 284 285 XOR
2 1 63 284 286 XOR
2 1 32 286 287 XOR
2 1 285 286 288 AND
2 1 284 288 289 XOR
2 1 33 289 290 XOR
2 1 63 289 291 XOR
2 1 33 291 292 XOR
2 1 290 291 293 AND
2 1 289 293 294 XOR
2 1 34 294 295 XOR
2 1 63 294 296 XOR
2 1 34 296 297 XOR
2 1 295 296 298 AND
2 1 294 298 299 XOR
2 1 35 299 300 XOR
2 1 63 299 301 XOR
2 1 35 301 302 XOR
2 1 300 301 303 AND
2 1 299 303 304 XOR
2 1 36 304 305 XOR
2 1 63 304 306 XOR
2 1 36 306 307 XOR
2 1 305 306 308 AND
2 1 304 308 309 XOR
2 1 37 309 310 XOR
2 1 63 309 311 XOR
2 1 37 311 312 XOR
2 1 310 311 313 AND
2 1 309 313 314 XOR
2 1 38 314 315 XOR
2 1 63 314 316 XOR
2 1 38 316 317 XOR
2 1 315 316 318 AND
2 1 314 318 319 XOR
2 1 39 319 320 XOR
2 1 63 319 321 XOR
2 1 39 321 322 XOR
2 1 320 321 323 AND
2 1 319 323 324 XOR
2 1 40 324 325 XOR
2 1 63 324 326 XOR
2 1 40 326 327 XOR
2 1 325 326 328 AND
2 1 324 328 329 XOR
2 1 41 329 330 XOR
2 1 63 329 331 XOR
2 1 41 331 332 XOR
2 1 330 331 333 AND
2 1 329 333 334 XOR
2 1 42 334 335 XOR
2 1 63 334 336 XOR
2 1 42 336 337 XOR
2 1 335 336 338 AND
2 1 334 338 339 XOR
2 1 43 339 340 XOR
2 1 63 339 341 XOR
2 1 43 341 342 XOR
2 1 340 341 343 AND
2 1 339 343 344 XOR
2 1 44 344 345 XOR
2 1 63 344 346 XOR
2 1 44 346 347 XOR
2 1 345 346 348 AND
2 1 344 348 349 XOR
2 1 45 349 350 XOR
2 1 63 349 351 XOR
2 1 45 351 352 XOR
2 1 350 351 353 AND
2 1 349 353 354 XOR
2 1 46 354 355 XOR
2 1 63 354 356 XOR
2 1 46 356 357 XOR
2 1 355 356 358 AND
2 1 354 358 359 XOR
2 1 47 359 360 XOR
2 1 63 359 361 XOR
2 1 47 361 362 XOR
2 1 360 361 363 AND
2 1 359 363 364 XOR
2 1 48 364 365 XOR
2 1 63 364 366 XOR
2 1 48 366 367 XOR
2 1 365 366 368 AND
2 1 364 368 369 XOR
2 1 49 369 370 XOR
2 1 63 369 371 XOR
2 1 49 371 372 XOR
2 1 370 371 373 AND
2 1 369 373 374 XOR
2 1 50 374 375 XOR
2 1 63 374 376 XOR
2 1 50 376 377 XOR
2 1 375 376 378 AND
2 1 374 378 379 XOR
2 1 51 379 380 XOR
2 1 63 379 381 XOR
2 1 51 381 382 XOR
2 1 380 381 383 AND
2 1 379 383 384 XOR
2 1 52 384 385 XOR
2 1 63 384 386 XOR
2 1 52 386 387 XOR
2 1 385 386 388 AND
2 1 384 388 389 XOR
2 1 53 389 390 XOR
2 1 63 389 391 XOR
2 1 53 391 392 XOR
2 1 390 391 393 AND
2 1 389 393 394 XOR
2 1 54 394 395 XOR
2 1 63 394 396 XOR
2 1 54 396 397 XOR
2 1 395 396 398 AND
2 1 394 398 399 XOR
2 1 55 399 400 XOR
2 1 63 399 401 XOR
2 1 55 401 402 XOR
2 1 400 401 403 AND
2 1 399 403 404 XOR
2 1 56 404 405 XOR
2 1 63 404 406 XOR
2 1 56 406 407 XOR
2 1 405 406 408 AND
2 1 404 408 409 XOR
2 1 57 409 410 XOR
2 1 63 409 411 XOR
2 1 57 411 412 XOR
2 1 410 411 413 AND
2 1 409 413 414 XOR
2 1 58 414 415 XOR
2 1 63 414 416 XOR
2 1 58 416 417 XOR
2 1 415 416 418 AND
2 1 414 418 419 XOR
2 1 59 419 420 XOR
2 1 63 419 421 XOR
2 1 59 421 422 XOR
2 1 420 421 423 AND
2 1 419 423 424 XOR
2 1 60 424 425 XOR
2 1 63 424 426 XOR
2 1 60 426 427 XOR
2 1 425 426 428 AND
2 1 424 428 429 XOR
2 1 61 429 430 XOR
2 1 63 429 431 XOR
2 1 61 431 432 XOR
2 1 430 431 433 AND
2 1 429 433 434 XOR
2 1 62 434 435 XOR
2 1 63 434 436 XOR
2 1 62 436 437 XOR
2 1 435 436 438 AND
2 1 434 438 439 XOR
2 1 439 63 440 XOR
2 1 440 63 441 XOR
2 1 128 63 442 XOR
2 1 132 63 443 XOR
2 1 137 63 444 XOR
2 1 142 63 445 XOR
2 1 147 63 446 XOR
2 1 152 63 447 XOR
2 1 157 63 448 XOR
2 1 162 63 449 XOR
2 1 167 63 450 XOR
2 1 172 63 451 XOR
2 1 177 63 452 XOR
2 1 182 63 453 XOR
2 1 187 63 454 XOR
2 1 192 63 455 XOR
2 1 197 63 456 XOR
2 1 202 63 457 XOR
2 1 207 63 458 XOR
2 1 212 63 459 XOR
2 1 217 63 460 XOR
2 1 222 63 461 XOR
2 1 227 63 462 XOR
2 1 232 63 463 XOR
2 1 237 63 464 XOR
2 1 242 63 465 XOR
2 1 247 63 466 XOR
2 1 252 63 467 XOR
2 1 257 63 468 XOR
2 1 262 63 469 XOR
2 1 267 63 470 XOR
2 1 272 63 471 XOR
2 1 277 63 472 XOR
2 1 282 63 473 XOR
2 1 287 63 474 XOR
2 1 292 63 475 XOR
2 1 297 63 476 XOR
2 1 302 63 477 XOR
2 1 307 63 478 XOR
2 1 312 63 479 XOR
2 1 317 63 480 XOR
2 1 322 63 481 XOR
2 1 327 63 482 XOR
2 1 332 63 483 XOR
2 1 337 63 484 XOR
2 1 342 63 485 XOR
2 1 347 63 486 XOR
2 1 352 63 487 XOR
2 1 357 63 488 XOR
2 1 362 63 489 XOR
2 1 367 63 490 XOR
2 1 372 63 491 XOR
2 1 377 63 492 XOR
2 1 382 63 493 XOR
2 1 387 63 494 XOR
2 1 392 63 495 XOR
2 1 397 63 496 XOR
2 1 402 63 497 XOR
2 1 407 63 498 XOR
2 1 412 63 499 XOR
2 1 417 63 500 XOR
2 1 422 63 501 XOR
2 1 427 63 502 XOR
2 1 432 63 503 XOR
2 1 437 63 504 XOR
2 1 441 63 505 XOR
2 1 64 127 506 XOR
2 1 64 127 507 AND
2 1 65 507 508 XOR
2 1 127 507 509 XOR
2 1 65 509 510 XOR
2 1 508 509 511 AND
2 1 507 511 512 XOR
2 1 66 512 513 XOR
2 1 127 512 514 XOR
2 1 66 514 515 XOR
2 1 513 514 516 AND
2 1 512 516 517 XOR
2 1 67 517 518 XOR
2 1 127 517 519 XOR
2 1 67 519 520 XOR
2 1 518 519 521 AND
2 1 517 521 522 XOR
2 1 68 522 523 XOR
2 1 127 522 524 XOR
2 1 68 524 525 XOR
2 1 523 524 526 AND
2 1 522 526 527 XOR
2 1 69 527 528 XOR
2 1 127 527 529 XOR
2 1 69 529 530 XOR
2 1 528 529 531 AND
2 1 527 531 532 XOR
2 1 70 532 533 XOR
2 1 127 532 534 XOR
2 1 70 534 535 XOR
2 1 533 534 536 AND
2 1 532 536 537 XOR
2 1 71 537 538 XOR
2 1 127 537 539 XOR
2 1 71 539 540 XOR
2 1 538 539 541 AND
2 1 537 541 542 XOR
2 1 72 542 543 XOR
2 1 127 542 544 XOR
2 1 72 544 545 XOR
2 1 543 544 546 AND
2 1 542 546 547 XOR
2 1 73 547 548 XOR
2 1 127 547 549 XOR
2 1 73 549 550 XOR
2 1 548 549 551 AND
2 1 547 551 552 XOR
2 1 74 552 553 XOR
2 1 127 552 554 XOR
2 1 74 554 555 XOR
2 1 553 554 556 AND
2 1 552 556 557 XOR
2 1 75 557 558 XOR
2 1 127 557 559 XOR
2 1 75 559 560 XOR
2 1 558 559 561 AND
2 1 557 561 562 XOR
2 1 76 562 563 XOR
2 1 127 562 564 XOR
2 1 76 564 565 XOR
2 1 563 564 566 AND
2 1 562 566 567 XOR
2 1 77 567 568 XOR
2 1 127 567 569 XOR
2 1 77 569 570 XOR
2 1 568 569 571 AND
2 1 567 571 572 XOR
2 1 78 572 573 XOR
2 1 127 572 574 XOR
2 1 78 574 575 XOR
2 1 573 574 576 AND
2 1 572 576 577 XOR
2 1 79 577 578 XOR
2 1 127 577 579 XOR
2 1 79 579 580 XOR
2 1 578 579 581 AND
2 1 577 581 582 XOR
2 1 80 582 583 XOR
2 1 127 582 584 XOR
2 1 80 584 585 XOR
2 1 583 584 586 AND
2 1 582 586 587 XOR
2 1 81 587 588 XOR
2 1 127 587 589 XOR
2 1 81 589 590 XOR
2 1 588 589 591 AND
2 1 587 591 592 XOR
2 1 82 592 593 XOR
2 1 127 592 594 XOR
2 1 82 594 595 XOR
2 1 593 594 596 AND
2 1 592 596 597 XOR
2 1 83 597 598 XOR
2 1 127 597 599 XOR
2 1 83 599 600 XOR
2 1 598 599 601 AND
2 1 597 601 602 XOR
2 1 84 602 603 XOR
2 1 127 602 604 XOR
2 1 84 604 605 XOR
2 1 603 604 606 AND
2 1 602 606 607 XOR
2 1 85 607 608 XOR
2 1 127 607 609 XOR
2 1 85 609 610 XOR
2 1 608 609 611 AND
2 1 607 611 612 XOR
2 1 86 612 613 XOR
2 1 127 612 614 XOR
2 1 86 614 615 XOR
2 1 613 614 616 AND
2 1 612 616 617 XOR
2 1 87 617 618 XOR
2 1 127 617 619 XOR
2 1 87 619 620 XOR
2 1 618 619 621 AND
2 1 617 621 622 XOR
2 1 88 622 623 XOR
2 1 127 622 624 XOR
2 1 88 624 625 XOR
2 1 623 624 626 AND
2 1 622 626 627 XOR
2 1 89 627 628 XOR
2 1 127 627 629 XOR
2 1 89 629 630 XOR
2 1 628 629 631 AND
2 1 627 631 632 XOR
2 1 90 632 633 XOR
2 1 127 632 634 XOR
2 1 90 634 635 XOR
2 1 633 634 636 AND
2 1 632 636 637 XOR
2 1 91 637 638 XOR
2 1 127 637 639 XOR
2 1 91 639 640 XOR
2 1 638 639 641 AND
2 1 637 641 642 XOR
2 1 92 642 643 XOR
2 1 127 642 644 XOR
2 1 92 644 645 XOR
2 1 643 644 646 AND
2 1 642 646 647 XOR
2 1 93 647 648 XOR
2 1 127 647 649 XOR
2 1 93 649 650 XOR
2 1 648 649 651 AND
2 1 647 651 652 XOR
2 1 94 652 653 XOR
2 1 127 652 654 XOR
2 1 94 654 655 XOR
2 1 653 654 656 AND
2 1 652 656 657 XOR
2 1 95 657 658 XOR
2 1 127 657 659 XOR
2 1 95 659 660 XOR
2 1 658 659 661 AND
2 1 657 661 662 XOR
2 1 96 662 663 XOR
2 1 127 662 664 XOR
2 1 96 664 665 XOR
2 1 663 664 666 AND
2 1 662 666 667 XOR
2 1 97 667 668 XOR
2 1 127 667 669 XOR
2 1 97 669 670 XOR
2 1 668 669 671 AND
2 1 667 671 672 XOR
2 1 98 672 673 XOR
2 1 127 672 674 XOR
2 1 98 674 675 XOR
2 1 673 674 676 AND
2 1 672 676 677 XOR
2 1 99 677 678 XOR
2 1 127 677 679 XOR
2 1 99 679 680 XOR
2 1 678 679 681 AND
2 1 677 681 682 XOR
2 1 100 682 683 XOR
2 1 127 682 684 XOR
2 1 100 684 685 XOR
2 1 683 684 686 AND
2 1 682 686 687 XOR
2 1 101 687 688 XOR
2 1 127 687 689 XOR
2 1 101 689 690 XOR
2 1 688 689 691 AND
2 1 687 691 692 XOR
2 1 102 692 693 XOR
2 1 127 692 694 XOR
2 1 102 694 695 XOR
2 1 693 694 696 AND
2 1 692 696 697 XOR
2 1 103 697 698 XOR
2 1 127 697 699 XOR
2 1 103 699 700 XOR
2 1 698 699 701 AND
2 1 697 701 702 XOR
2 1 104 702 703 XOR
2 1 127 702 704 XOR
2 1 104 704 705 XOR
2 1 703 704 706 AND
2 1 702 706 707 XOR
2 1 105 707 708 XOR
2 1 127 707 709 XOR
2 1 105 709 710 XOR
2 1 708 709 711 AND
2 1 707 711 712 XOR
2 1 106 712 713 XOR
2 1 127 712 714 XOR
2 1 106 714 715 XOR
2 1 713 714 716 AND
2 1 712 716 717 XOR
2 1 107 717 718 XOR
2 1 127 717 719 XOR
2 1 107 719 720 XOR
2 1 718 719 721 AND
2 1 717 721 722 XOR
2 1 108 722 723 XOR
2 1 127 722 724 XOR
2 1 108 724 725 XOR
2 1 723 724 726 AND
2 1 722 726 727 XOR
2 1 109 727 728 XOR
2 1 127 727 729 XOR
2 1 109 729 730 XOR
2 1 728 729 731 AND
2 1 727 731 732 XOR
2 1 110 732 733 XOR
2 1 127 732 734 XOR
2 1 110 734 735 XOR
2 1 733 734 736 AND
2 1 732 736 737 XOR
2 1 111 737 738 XOR
2 1 127 737 739 XOR
2 1 111 739 740 XOR
2 1 738 739 741 AND
2 1 737 741 742 XOR
2 1 112 742 743 XOR
2 1 127 742 744 XOR
2 1 112 744 745 XOR
2 1 743 744 746 AND
2 1 742 746 747 XOR
2 1 113 747 748 XOR
2 1 127 747 749 XOR
2 1 113 749 750 XOR
2 1 748 749 751 AND
2 1 747 751 752 XOR
2 1 114 752 753 XOR
2 1 127 752 754 XOR
2 1 114 754 755 XOR
2 1 753 754 756 AND
2 1 752 756 757 XOR
2 1 115 757 758 XOR
2 1 127 757 759 XOR
2 1 115 759 760 XOR
2 1 758 759 761 AND
2 1 757 761 762 XOR
2 1 116 762 763 XOR
2 1 127 762 764 XOR
2 1 116 764 765 XOR
2 1 763 764 766 AND
2 1 762 766 767 XOR
2 1 117 767 768 XOR
2 1 127 767 769 XOR
2 1 117 769 770 XOR
2 1 768 769 771 AND
2 1 767 771 772 XOR
2 1 118 772 773 XOR
2 1 127 772 774 XOR
2 1 118 774 775 XOR
2 1 773 774 776 AND
2 1 772 776 777 XOR
2 1 119 777 778 XOR
2 1 127 777 779 XOR
2 1 119 779 780 XOR
2 1 778 779 781 AND
2 1 777 781 782 XOR
2 1 120 782 783 XOR
2 1 127 782 784 XOR
2 1 120 784 785 XOR
2 1 783 784 786 AND
2 1 782 786 787 XOR
2 1 121 787 788 XOR
2 1 127 787 789 XOR
2 1 121 789 790 XOR
2 1 788 789 791 AND
2 1 787 791 792 XOR
2 1 122 792 793 XOR
2 1 127 792 794 XOR
2 1 122 794 795 XOR
2 1 793 794 796 AND
2 1 792 796 797 XOR
2 1 123 797 798 XOR
2 1 127 797 799 XOR
2 1 123 799 800 XOR
2 1 798 799 801 AND
2 1 797 801 802 XOR
2 1 124 802 803 XOR
2 1 127 802 804 XOR
2 1 124 804 805 XOR
2 1 803 804 806 AND
2 1 802 806 807 XOR
2 1 125 807 808 XOR
2 1 127 807 809 XOR
2 1 125 809 810 XOR
2 1 808 809 811 AND
2 1 807 811 812 XOR
2 1 126 812 813 XOR
2 1 127 812 814 XOR
2 1 126 814 815 XOR
2 1 813 814 816 AND
2 1 812 816 817 XOR
2 1 817 127 818 XOR
2 1 818 127 819 XOR
2 1 506 127 820 XOR
2 1 510 127 821 XOR
2 1 515 127 822 XOR
2 1 520 127 823 XOR
2 1 525 127 824 XOR
2 1 530 127 825 XOR
2 1 535 127 826 XOR
2 1 540 127 827 XOR
2 1 545 127 828 XOR
2 1 550 127 829 XOR
2 1 555 127 830 XOR
2 1 560 127 831 XOR
2 1 565 127 832 XOR
2 1 570 127 833 XOR
2 1 575 127 834 XOR
2 1 580 127 835 XOR
2 1 585 127 836 XOR
2 1 590 127 837 XOR
2 1 595 127 838 XOR
2 1 600 127 839 XOR
2 1 605 127 840 XOR
2 1 610 127 841 XOR
2 1 615 127 842 XOR
2 1 620 127 843 XOR
2 1 625 127 844 XOR
2 1 630 127 845 XOR
2 1 635 127 846 XOR
2 1 640 127 847 XOR
2 1 645 127 848 XOR
2 1 650 127 849 XOR
2 1 655 127 850 XOR
2 1 660 127 851 XOR
2 1 665 127 852 XOR
2 1 670 127 853 XOR
2 1 675 127 854 XOR
2 1 680 127 855 XOR
2 1 685 127 856 XOR
2 1 690 127 857 XOR
2 1 695 127 858 XOR
2 1 700 127 859 XOR
2 1 705 127 860 XOR
2 1 710 127 861 XOR
2 1 715 127 862 XOR
2 1 720 127 863 XOR
2 1 725 127 864 XOR
2 1 730 127 865 XOR
2 1 735 127 866 XOR
2 1 740 127 867 XOR
2 1 745 127 868 XOR
2 1 750 127 869 XOR
2 1 755 127 870 XOR
2 1 760 127 871 XOR
2 1 765 127 872 XOR
2 1 770 127 873 XOR
2 1 775 127 874 XOR
2 1 780 127 875 XOR
2 1 785 127 876 XOR
2 1 790 127 877 XOR
2 1 795 127 878 XOR
2 1 800 127 879 XOR
2 1 805 127 880 XOR
2 1 810 127 881 XOR
2 1 815 127 882 XOR
2 1 819 127 883 XOR
2 1 63 127 884 XOR
2 1 883 882 885 AND
2 1 883 882 886 XOR
2 1 886 885 887 XOR
2 1 887 881 888 AND
2 1 887 881 889 XOR
2 1 889 888 890 XOR
2 1 890 880 891 AND
2 1 890 880 892 XOR
2 1 892 891 893 XOR
2 1 893 879 894 AND
2 1 893 879 895 XOR
2 1 895 894 896 XOR
2 1 896 878 897 AND
2 1 896 878 898 XOR
2 1 898 897 899 XOR
2 1 899 877 900 AND
2 1 899 877 901 XOR
2 1 901 900 902 XOR
2 1 902 876 903 AND
2 1 902 876 904 XOR
2 1 904 903 905 XOR
2 1 905 875 906 AND
2 1 905 875 907 XOR
2 1 907 906 908 XOR
2 1 908 874 909 AND
2 1 908 874 910 XOR
2 1 910 909 911 XOR
2 1 911 873 912 AND
2 1 911 873 913 XOR
2 1 913 912 914 XOR
2 1 914 872 915 AND
2 1 914 872 916 XOR
2 1 916 915 917 XOR
2 1 917 871 918 AND
2 1 917 871 919 XOR
2 1 919 918 920 XOR
2 1 920 870 921 AND
2 1 920 870 922 XOR
2 1 922 921 923 XOR
2 1 923 869 924 AND
2 1 923 869 925 XOR
2 1 925 924 926 XOR
2 1 926 868 927 AND
2 1 926 868 928 XOR
2 1 928 927 929 XOR
2 1 929 867 930 AND
2 1 929 867 931 XOR
2 1 931 930 932 XOR
2 1 932 866 933 AND
2 1 932 866 934 XOR
2 1 934 933 935 XOR
2 1 935 865 936 AND
2 1 935 865 937 XOR
2 1 937 936 938 XOR
2 1 938 864 939 AND
2 1 938 864 940 XOR
2 1 940 939 941 XOR
2 1 941 863 942 AND
2 1 941 863 943 XOR
2 1 943 942 944 XOR
2 1 944 862 945 AND
2 1 944 862 946 XOR
2 1 946 945 947 XOR
2 1 947 861 948 AND
2 1 947 861 949 XOR
2 1 949 948 950 XOR
2 1 950 860 951 AND
2 1 950 860 952 XOR
2 1 952 951 953 XOR
2 1 953 859 954 AND
2 1 953 859 955 XOR
2 1 955 954 956 XOR
2 1 956 858 957 AND
2 1 956 858 958 XOR
2 1 958 957 959 XOR
2 1 959 857 960 AND
2 1 959 857 961 XOR
2 1 961 960 962 XOR
2 1 962 856 963 AND
2 1 962 856 964 XOR
2 1 964 963 965 XOR
2 1 965 855 966 AND
2 1 965 855 967 XOR
2 1 967 966 968 XOR
2 1 968 854 969 AND
2 1 968 854 970 XOR
2 1 970 969 971 XOR
2 1 971 853 972 AND
2 1 971 853 973 XOR
2 1 973 972 974 XOR
2 1 974 852 975 AND
2 1 974 852 976 XOR
2 1 976 975 977 XOR
2 1 977 851 978 AND
2 1 977 851 979 XOR
2 1 979 978 980 XOR
2 1 980 850 981 AND
2 1 980 850 982 XOR
2 1 982 981 983 XOR
2 1 983 849 984 AND
2 1 983 849 985 XOR
2 1 985 984 986 XOR
2 1 986 848 987 AND
2 1 986 848 988 XOR
2 1 988 987 989 XOR
2 1 989 847 990 AND
2 1 989 847 991 XOR
2 1 991 990 992 XOR
2 1 992 846 993 AND
2 1 992 846 994 XOR
2 1 994 993 995 XOR
2 1 995 845 996 AND
2 1 995 845 997 XOR
2 1 997 996 998 XOR
2 1 998 844 999 AND
2 1 998 844 1000 XOR
2 1 1000 999 1001 XOR
2 1 1001 843 1002 AND
2 1 1001 843 1003 XOR
2 1 1003 1002 1004 XOR
2 1 1004 842 1005 AND
2 1 1004 842 1006 XOR
2 1 1006 1005 1007 XOR
2 1 1007 841 1008 AND
2 1 1007 841 1009 XOR
2 1 1009 1008 1010 XOR
2 1 1010 840 1011 AND
2 1 1010 840 1012 XOR
2 1 1012 1011 1013 XOR
2 1 1013 839 1014 AND
2 1 1013 839 1015 XOR
2 1 1015 1014 1016 XOR
2 1 1016 838 1017 AND
2 1 1016 838 1018 XOR
2 1 1018 1017 1019 XOR
2 1 1019 837 1020 AND
2 1 1019 837 1021 XOR
2 1 1021 1020 1022 XOR
2 1 1022 836 1023 AND
2 1 1022 836 1024 XOR
2 1 1024 1023 1025 XOR
2 1 1025 835 1026 AND
2 1 1025 835 1027 XOR
2 1 1027 1026 1028 XOR
2 1 1028 834 1029 AND
2 1 1028 834 1030 XOR
2 1 1030 1029 1031 XOR
2 1 1031 833 1032 AND
2 1 1031 833 1033 XOR
2 1 1033 1032 1034 XOR
2 1 1034 832 1035 AND
2 1 1034 832 1036 XOR
2 1 1036 1035 1037 XOR
2 1 1037 831 1038 AND
2 1 1037 831 1039 XOR
2 1 1039 1038 1040 XOR
2 1 1040 830 1041 AND
2 1 1040 830 1042 XOR
2 1 1042 1041 1043 XOR
2 1 1043 829 1044 AND
2 1 1043 829 1045 XOR
2 1 1045 1044 1046 XOR
2 1 1046 828 1047 AND
2 1 1046 828 1048 XOR
2 1 1048 1047 1049 XOR
2 1 1049 827 1050 AND
2 1 1049 827 1051 XOR
2 1 1051 1050 1052 XOR
2 1 1052 826 1053 AND
2 1 1052 826 1054 XOR
2 1 1054 1053 1055 XOR
2 1 1055 825 1056 AND
2 1 1055 825 1057 XOR
2 1 1057 1056 1058 XOR
2 1 1058 824 1059 AND
2 1 1058 824 1060 XOR
2 1 1060 1059 1061 XOR
2 1 1061 823 1062 AND
2 1 1061 823 1063 XOR
2 1 1063 1062 1064 XOR
2 1 1064 822 1065 AND
2 1 1064 822 1066 XOR
2 1 1066 1065 1067 XOR
2 1 1067 821 1068 AND
2 1 1067 821 1069 XOR
2 1 1069 1068 1070 XOR
2 1 505 820 1071 XOR
2 1 1071 820 1072 AND
2 1 1072 1070 1073 AND
2 1 1072 1070 1074 XOR
2 1 1074 1073 1075 XOR
2 1 505 1071 1076 XOR
2 1 1075 1076 1077 AND
2 1 1077 1071 1078 XOR
1 1 1075 1079 INV
2 1 504 820 1080 XOR
2 1 1080 820 1081 AND
2 1 1078 821 1082 XOR
2 1 1081 821 1083 XOR
2 1 1082 1081 1084 XOR
2 1 1082 1083 1085 AND
2 1 1081 1085 1086 XOR
2 1 1086 1067 1087 AND
2 1 1086 1067 1088 XOR
2 1 1088 1087 1089 XOR
2 1 504 1080 1090 XOR
2 1 1089 1090 1091 AND
2 1 1091 1080 1092 XOR
2 1 1078 1084 1093 XOR
2 1 1089 1093 1094 AND
2 1 1094 1084 1095 XOR
1 1 1089 1096 INV
2 1 503 820 1097 XOR
2 1 1097 820 1098 AND
2 1 1092 821 1099 XOR
2 1 1098 821 1100 XOR
2 1 1099 1098 1101 XOR
2 1 1099 1100 1102 AND
2 1 1098 1102 1103 XOR
2 1 1095 822 1104 XOR
2 1 1103 822 1105 XOR
2 1 1104 1103 1106 XOR
2 1 1104 1105 1107 AND
2 1 1103 1107 1108 XOR
2 1 1108 1064 1109 AND
2 1 1108 1064 1110 XOR
2 1 1110 1109 1111 XOR
2 1 503 1097 1112 XOR
2 1 1111 1112 1113 AND
2 1 1113 1097 1114 XOR
2 1 1092 1101 1115 XOR
2 1 1111 1115 1116 AND
2 1 1116 1101 1117 XOR
2 1 1095 1106 1118 XOR
2 1 1111 1118 1119 AND
2 1 1119 1106 1120 XOR
1 1 1111 1121 INV
2 1 502 820 1122 XOR
2 1 1122 820 1123 AND
2 1 1114 821 1124 XOR
2 1 1123 821 1125 XOR
2 1 1124 1123 1126 XOR
2 1 1124 1125 1127 AND
2 1 1123 1127 1128 XOR
2 1 1117 822 1129 XOR
2 1 1128 822 1130 XOR
2 1 1129 1128 1131 XOR
2 1 1129 1130 1132 AND
2 1 1128 1132 1133 XOR
2 1 1120 823 1134 XOR
2 1 1133 823 1135 XOR
2 1 1134 1133 1136 XOR
2 1 1134 1135 1137 AND
2 1 1133 1137 1138 XOR
2 1 1138 1061 1139 AND
2 1 1138 1061 1140 XOR
2 1 1140 1139 1141 XOR
2 1 502 1122 1142 XOR
2 1 1141 1142 1143 AND
2 1 1143 1122 1144 XOR
2 1 1114 1126 1145 XOR
2 1 1141 1145 1146 AND
2 1 1146 1126 1147 XOR
2 1 1117 1131 1148 XOR
2 1 1141 1148 1149 AND
2 1 1149 1131 1150 XOR
2 1 1120 1136 1151 XOR
2 1 1141 1151 1152 AND
2 1 1152 1136 1153 XOR
1 1 1141 1154 INV
2 1 501 820 1155 XOR
2 1 1155 820 1156 AND
2 1 1144 821 1157 XOR
2 1 1156 821 1158 XOR
2 1 1157 1156 1159 XOR
2 1 1157 1158 1160 AND
2 1 1156 1160 1161 XOR
2 1 1147 822 1162 XOR
2 1 1161 822 1163 XOR
2 1 1162 1161 1164 XOR
2 1 1162 1163 1165 AND
2 1 1161 1165 1166 XOR
2 1 1150 823 1167 XOR
2 1 1166 823 1168 XOR
2 1 1167 1166 1169 XOR
2 1 1167 1168 1170 AND
2 1 1166 1170 1171 XOR
2 1 1153 824 1172 XOR
2 1 1171 824 1173 XOR
2 1 1172 1171 1174 XOR
2 1 1172 1173 1175 AND
2 1 1171 1175 1176 XOR
2 1 1176 1058 1177 AND
2 1 1176 1058 1178 XOR
2 1 1178 1177 1179 XOR
2 1 501 1155 1180 XOR
2 1 1179 1180 1181 AND
2 1 1181 1155 1182 XOR
2 1 1144 1159 1183 XOR
2 1 1179 1183 1184 AND
2 1 1184 1159 1185 XOR
2 1 1147 1164 1186 XOR
2 1 1179 1186 1187 AND
2 1 1187 1164 1188 XOR
2 1 1150 1169 1189 XOR
2 1 1179 1189 1190 AND
2 1 1190 1169 1191 XOR
2 1 1153 1174 1192 XOR
2 1 1179 1192 1193 AND
2 1 1193 1174 1194 XOR
1 1 1179 1195 INV
2 1 500 820 1196 XOR
2 1 1196 820 1197 AND
2 1 1182 821 1198 XOR
2 1 1197 821 1199 XOR
2 1 1198 1197 1200 XOR
2 1 1198 1199 1201 AND
2 1 1197 1201 1202 XOR
2 1 1185 822 1203 XOR
2 1 1202 822 1204 XOR
2 1 1203 1202 1205 XOR
2 1 1203 1204 1206 AND
2 1 1202 1206 1207 XOR
2 1 1188 823 1208 XOR
2 1 1207 823 1209 XOR
2 1 1208 1207 1210 XOR
2 1 1208 1209 1211 AND
2 1 1207 1211 1212 XOR
2 1 1191 824 1213 XOR
2 1 1212 824 1214 XOR
2 1 1213 1212 1215 XOR
2 1 1213 1214 1216 AND
2 1 1212 1216 1217 XOR
2 1 1194 825 1218 XOR
2 1 1217 825 1219 XOR
2 1 1218 1217 1220 XOR
2 1 1218 1219 1221 AND
2 1 1217 1221 1222 XOR
2 1 1222 1055 1223 AND
2 1 1222 1055 1224 XOR
2 1 1224 1223 1225 XOR
2 1 500 1196 1226 XOR
2 1 1225 1226 1227 AND
2 1 1227 1196 1228 XOR
2 1 1182 1200 1229 XOR
2 1 1225 1229 1230 AND
2 1 1230 1200 1231 XOR
2 1 1185 1205 1232 XOR
2 1 1225 1232 1233 AND
2 1 1233 1205 1234 XOR
2 1 1188 1210 1235 XOR
2 1 1225 1235 1236 AND
2 1 1236 1210 1237 XOR
2 1 1191 1215 1238 XOR
2 1 1225 1238 1239 AND
2 1 1239 1215 1240 XOR
2 1 1194 1220 1241 XOR
2 1 1225 1241 1242 AND
2 1 1242 1220 1243 XOR
1 1 1225 1244 INV
2 1 499 820 1245 XOR
2 1 1245 820 1246 AND
2 1 1228 821 1247 XOR
2 1 1246 821 1248 XOR
2 1 1247 1246 1249 XOR
2 1 1247 1248 1250 AND
2 1 1246 1250 1251 XOR
2 1 1231 822 1252 XOR
2 1 1251 822 1253 XOR
2 1 1252 1251 1254 XOR
2 1 1252 1253 1255 AND
2 1 1251 1255 1256 XOR
2 1 1234 823 1257 XOR
2 1 1256 823 1258 XOR
2 1 1257 1256 1259 XOR
2 1 1257 1258 1260 AND
2 1 1256 1260 1261 XOR
2 1 1237 824 1262 XOR
2 1 1261 824 1263 XOR
2 1 1262 1261 1264 XOR
2 1 1262 1263 1265 AND
2 1 1261 1265 1266 XOR
2 1 1240 825 1267 XOR
2 1 1266 825 1268 XOR
2 1 1267 1266 1269 XOR
2 1 1267 1268 1270 AND
2 1 1266 1270 1271 XOR
2 1 1243 826 1272 XOR
2 1 1271 826 1273 XOR
2 1 1272 1271 1274 XOR
2 1 1272 1273 1275 AND
2 1 1271 1275 1276 XOR
2 1 1276 1052 1277 AND
2 1 1276 1052 1278 XOR
2 1 1278 1277 1279 XOR
2 1 499 1245 1280 XOR
2 1 1279 1280 1281 AND
2 1 1281 1245 1282 XOR
2 1 1228 1249 1283 XOR
2 1 1279 1283 1284 AND
2 1 1284 1249 1285 XOR
2 1 1231 1254 1286 XOR
2 1 1279 1286 1287 AND
2 1 1287 1254 1288 XOR
2 1 1234 1259 1289 XOR
2 1 1279 1289 1290 AND
2 1 1290 1259 1291 XOR
2 1 1237 1264 1292 XOR
2 1 1279 1292 1293 AND
2 1 1293 1264 1294 XOR
2 1 1240 1269 1295 XOR
2 1 1279 1295 1296 AND
2 1 1296 1269 1297 XOR
2 1 1243 1274 1298 XOR
2 1 1279 1298 1299 AND
2 1 1299 1274 1300 XOR
1 1 1279 1301 INV
2 1 498 820 1302 XOR
2 1 1302 820 1303 AND
2 1 1282 821 1304 XOR
2 1 1303 821 1305 XOR
2 1 1304 1303 1306 XOR
2 1 1304 1305 1307 AND
2 1 1303 1307 1308 XOR
2 1 1285 822 1309 XOR
2 1 1308 822 1310 XOR
2 1 1309 1308 1311 XOR
2 1 1309 1310 1312 AND
2 1 1308 1312 1313 XOR
2 1 1288 823 1314 XOR
2 1 1313 823 1315 XOR
2 1 1314 1313 1316 XOR
2 1 1314 1315 1317 AND
2 1 1313 1317 1318 XOR
2 1 1291 824 1319 XOR
2 1 1318 824 1320 XOR
2 1 1319 1318 1321 XOR
2 1 1319 1320 1322 AND
2 1 1318 1322 1323 XOR
2 1 1294 825 1324 XOR
2 1 1323 825 1325 XOR
2 1 1324 1323 1326 XOR
2 1 1324 1325 1327 AND
2 1 1323 1327 1328 XOR
2 1 1297 826 1329 XOR
2 1 1328 826 1330 XOR
2 1 1329 1328 1331 XOR
2 1 1329 1330 1332 AND
2 1 1328 1332 1333 XOR
2 1 1300 827 1334 XOR
2 1 1333 827 1335 XOR
2 1 1334 1333 1336 XOR
2 1 1334 1335 1337 AND
2 1 1333 1337 1338 XOR
2 1 1338 1049 1339 AND
2 1 1338 1049 1340 XOR
2 1 1340 1339 1341 XOR
2 1 498 1302 1342 XOR
2 1 1341 1342 1343 AND
2 1 1343 1302 1344 XOR
2 1 1282 1306 1345 XOR
2 1 1341 1345 1346 AND
2 1 1346 1306 1347 XOR
2 1 1285 1311 1348 XOR
2 1 1341 1348 1349 AND
2 1 1349 1311 1350 XOR
2 1 1288 1316 1351 XOR
2 1 1341 1351 1352 AND
2 1 1352 1316 1353 XOR
2 1 1291 1321 1354 XOR
2 1 1341 1354 1355 AND
2 1 1355 1321 1356 XOR
2 1 1294 1326 1357 XOR
2 1 1341 1357 1358 AND
2 1 1358 1326 1359 XOR
2 1 1297 1331 1360 XOR
2 1 1341 1360 1361 AND
2 1 1361 1331 1362 XOR
2 1 1300 1336 1363 XOR
2 1 1341 1363 1364 AND
2 1 1364 1336 1365 XOR
1 1 1341 1366 INV
2 1 497 820 1367 XOR
2 1 1367 820 1368 AND
2 1 1344 821 1369 XOR
2 1 1368 821 1370 XOR
2 1 1369 1368 1371 XOR
2 1 1369 1370 1372 AND
2 1 1368 1372 1373 XOR
2 1 1347 822 1374 XOR
2 1 1373 822 1375 XOR
2 1 1374 1373 1376 XOR
2 1 1374 1375 1377 AND
2 1 1373 1377 1378 XOR
2 1 1350 823 1379 XOR
2 1 1378 823 1380 XOR
2 1 1379 1378 1381 XOR
2 1 1379 1380 1382 AND
2 1 1378 1382 1383 XOR
2 1 1353 824 1384 XOR
2 1 1383 824 1385 XOR
2 1 1384 1383 1386 XOR
2 1 1384 1385 1387 AND
2 1 1383 1387 1388 XOR
2 1 1356 825 1389 XOR
2 1 1388 825 1390 XOR
2 1 1389 1388 1391 XOR
2 1 1389 1390 1392 AND
2 1 1388 1392 1393 XOR
2 1 1359 826 1394 XOR
2 1 1393 826 1395 XOR
2 1 1394 1393 1396 XOR
2 1 1394 1395 1397 AND
2 1 1393 1397 1398 XOR
2 1 1362 827 1399 XOR
2 1 1398 827 1400 XOR
2 1 1399 1398 1401 XOR
2 1 1399 1400 1402 AND
2 1 1398 1402 1403 XOR
2 1 1365 828 1404 XOR
2 1 1403 828 1405 XOR
2 1 1404 1403 1406 XOR
2 1 1404 1405 1407 AND
2 1 1403 1407 1408 XOR
2 1 1408 1046 1409 AND
2 1 1408 1046 1410 XOR
2 1 1410 1409 1411 XOR
2 1 497 1367 1412 XOR
2 1 1411 1412 1413 AND
2 1 1413 1367 1414 XOR
2 1 1344 1371 1415 XOR
2 1 1411 1415 1416 AND
2 1 1416 1371 1417 XOR
2 1 1347 1376 1418 XOR
2 1 1411 1418 1419 AND
2 1 1419 1376 1420 XOR
2 1 1350 1381 1421 XOR
2 1 1411 1421 1422 AND
2 1 1422 1381 1423 XOR
2 1 1353 1386 1424 XOR
2 1 1411 1424 1425 AND
2 1 1425 1386 1426 XOR
2 1 1356 1391 1427 XOR
2 1 1411 1427 1428 AND
2 1 1428 1391 1429 XOR
2 1 1359 1396 1430 XOR
2 1 1411 1430 1431 AND
2 1 1431 1396 1432 XOR
2 1 1362 1401 1433 XOR
2 1 1411 1433 1434 AND
2 1 1434 1401 1435 XOR
2 1 1365 1406 1436 XOR
2 1 1411 1436 1437 AND
2 1 1437 1406 1438 XOR
1 1 1411 1439 INV
2 1 496 820 1440 XOR
2 1 1440 820 1441 AND
2 1 1414 821 1442 XOR
2 1 1441 821 1443 XOR
2 1 1442 1441 1444 XOR
2 1 1442 1443 1445 AND
2 1 1441 1445 1446 XOR
2 1 1417 822 1447 XOR
2 1 1446 822 1448 XOR
2 1 1447 1446 1449 XOR
2 1 1447 1448 1450 AND
2 1 1446 1450 1451 XOR
2 1 1420 823 1452 XOR
2 1 1451 823 1453 XOR
2 1 1452 1451 1454 XOR
2 1 1452 1453 1455 AND
2 1 1451 1455 1456 XOR
2 1 1423 824 1457 XOR
2 1 1456 824 1458 XOR
2 1 1457 1456 1459 XOR
2 1 1457 1458 1460 AND
2 1 1456 1460 1461 XOR
2 1 1426 825 1462 XOR
2 1 1461 825 1463 XOR
2 1 1462 1461 1464 XOR
2 1 1462 1463 1465 AND
2 1 1461 1465 1466 XOR
2 1 1429 826 1467 XOR
2 1 1466 826 1468 XOR
2 1 1467 1466 1469 XOR
2 1 1467 1468 1470 AND
2 1 1466 1470 1471 XOR
2 1 1432 827 1472 XOR
2 1 1471 827 1473 XOR
2 1 1472 1471 1474 XOR
2 1 1472 1473 1475 AND
2 1 1471 1475 1476 XOR
2 1 1435 828 1477 XOR
2 1 1476 828 1478 XOR
2 1 1477 1476 1479 XOR
2 1 1477 1478 1480 AND
2 1 1476 1480 1481 XOR
2 1 1438 829 1482 XOR
2 1 1481 829 1483 XOR
2 1 1482 1481 1484 XOR
2 1 1482 1483 1485 AND
2 1 1481 1485 1486 XOR
2 1 1486 1043 1487 AND
2 1 1486 1043 1488 XOR
2 1 1488 1487 1489 XOR
2 1 496 1440 1490 XOR
2 1 1489 1490 1491 AND
2 1 1491 1440 1492 XOR
2 1 1414 1444 1493 XOR
2 1 1489 1493 1494 AND
2 1 1494 1444 1495 XOR
2 1 1417 1449 1496 XOR
2 1 1489 1496 1497 AND
2 1 1497 1449 1498 XOR
2 1 1420 1454 1499 XOR
2 1 1489 1499 1500 AND
2 1 1500 1454 1501 XOR
2 1 1423 1459 1502 XOR
2 1 1489 1502 1503 AND
2 1 1503 1459 1504 XOR
2 1 1426 1464 1505 XOR
2 1 1489 1505 1506 AND
2 1 1506 1464 1507 XOR
2 1 1429 1469 1508 XOR
2 1 1489 1508 1509 AND
2 1 1509 1469 1510 XOR
2 1 1432 1474 1511 XOR
2 1 1489 1511 1512 AND
2 1 1512 1474 1513 XOR
2 1 1435 1479 1514 XOR
2 1 1489 1514 1515 AND
2 1 1515 1479 1516 XOR
2 1 1438 1484 1517 XOR
2 1 1489 1517 1518 AND
2 1 1518 1484 1519 XOR
1 1 1489 1520 INV
2 1 495 820 1521 XOR
2 1 1521 820 1522 AND
2 1 1492 821 1523 XOR
2 1 1522 821 1524 XOR
2 1 1523 1522 1525 XOR
2 1 1523 1524 1526 AND
2 1 1522 1526 1527 XOR
2 1 1495 822 1528 XOR
2 1 1527 822 1529 XOR
2 1 1528 1527 1530 XOR
2 1 1528 1529 1531 AND
2 1 1527 1531 1532 XOR
2 1 1498 823 1533 XOR
2 1 1532 823 1534 XOR
2 1 1533 1532 1535 XOR
2 1 1533 1534 1536 AND
2 1 1532 1536 1537 XOR
2 1 1501 824 1538 XOR
2 1 1537 824 1539 XOR
2 1 1538 1537 1540 XOR
2 1 1538 1539 1541 AND
2 1 1537 1541 1542 XOR
2 1 1504 825 1543 XOR
2 1 1542 825 1544 XOR
2 1 1543 1542 1545 XOR
2 1 1543 1544 1546 AND
2 1 1542 1546 1547 XOR
2 1 1507 826 1548 XOR
2 1 1547 826 1549 XOR
2 1 1548 1547 1550 XOR
2 1 1548 1549 1551 AND
2 1 1547 1551 1552 XOR
2 1 1510 827 1553 XOR
2 1 1552 827 1554 XOR
2 1 1553 1552 1555 XOR
2 1 1553 1554 1556 AND
2 1 1552 1556 1557 XOR
2 1 1513 828 1558 XOR
2 1 1557 828 1559 XOR
2 1 1558 1557 1560 XOR
2 1 1558 1559 1561 AND
2 1 1557 1561 1562 XOR
2 1 1516 829 1563 XOR
2 1 1562 829 1564 XOR
2 1 1563 1562 1565 XOR
2 1 1563 1564 1566 AND
2 1 1562 1566 1567 XOR
2 1 1519 830 1568 XOR
2 1 1567 830 1569 XOR
2 1 1568 1567 1570 XOR
2 1 1568 1569 1571 AND
2 1 1567 1571 1572 XOR
2 1 1572 1040 1573 AND
2 1 1572 1040 1574 XOR
2 1 1574 1573 1575 XOR
2 1 495 1521 1576 XOR
2 1 1575 1576 1577 AND
2 1 1577 1521 1578 XOR
2 1 1492 1525 1579 XOR
2 1 1575 1579 1580 AND
2 1 1580 1525 1581 XOR
2 1 1495 1530 1582 XOR
2 1 1575 1582 1583 AND
2 1 1583 1530 1584 XOR
2 1 1498 1535 1585 XOR
2 1 1575 1585 1586 AND
2 1 1586 1535 1587 XOR
2 1 1501 1540 1588 XOR
2 1 1575 1588 1589 AND
2 1 1589 1540 1590 XOR
2 1 1504 1545 1591 XOR
2 1 1575 1591 1592 AND
2 1 1592 1545 1593 XOR
2 1 1507 1550 1594 XOR
2 1 1575 1594 1595 AND
2 1 1595 1550 1596 XOR
2 1 1510 1555 1597 XOR
2 1 1575 1597 1598 AND
2 1 1598 1555 1599 XOR
2 1 1513 1560 1600 XOR
2 1 1575 1600 1601 AND
2 1 1601 1560 1602 XOR
2 1 1516 1565 1603 XOR
2 1 1575 1603 1604 AND
2 1 1604 1565 1605 XOR
2 1 1519 1570 1606 XOR
2 1 1575 1606 1607 AND
2 1 1607 1570 1608 XOR
1 1 1575 1609 INV
2 1 494 820 1610 XOR
2 1 1610 820 1611 AND
2 1 1578 821 1612 XOR
2 1 1611 821 1613 XOR
2 1 1612 1611 1614 XOR
2 1 1612 1613 1615 AND
2 1 1611 1615 1616 XOR
2 1 1581 822 1617 XOR
2 1 1616 822 1618 XOR
2 1 1617 1616 1619 XOR
2 1 1617 1618 1620 AND
2 1 1616 1620 1621 XOR
2 1 1584 823 1622 XOR
2 1 1621 823 1623 XOR
2 1 1622 1621 1624 XOR
2 1 1622 1623 1625 AND
2 1 1621 1625 1626 XOR
2 1 1587 824 1627 XOR
2 1 1626 824 1628 XOR
2 1 1627 1626 1629 XOR
2 1 1627 1628 1630 AND
2 1 1626 1630 1631 XOR
2 1 1590 825 1632 XOR
2 1 1631 825 1633 XOR
2 1 1632 1631 1634 XOR
2 1 1632 1633 1635 AND
2 1 1631 1635 1636 XOR
2 1 1593 826 1637 XOR
2 1 1636 826 1638 XOR
2 1 1637 1636 1639 XOR
2 1 1637 1638 1640 AND
2 1 1636 1640 1641 XOR
2 1 1596 827 1642 XOR
2 1 1641 827 1643 XOR
2 1 1642 1641 1644 XOR
2 1 1642 1643 1645 AND
2 1 1641 1645 1646 XOR
2 1 1599 828 1647 XOR
2 1 1646 828 1648 XOR
2 1 1647 1646 1649 XOR
2 1 1647 1648 1650 AND
2 1 1646 1650 1651 XOR
2 1 1602 829 1652 XOR
2 1 1651 829 1653 XOR
2 1 1652 1651 1654 XOR
2 1 1652 1653 1655 AND
2 1 1651 1655 1656 XOR
2 1 1605 830 1657 XOR
2 1 1656 830 1658 XOR
2 1 1657 1656 1659 XOR
2 1 1657 1658 1660 AND
2 1 1656 1660 1661 XOR
2 1 1608 831 1662 XOR
2 1 1661 831 1663 XOR
2 1 1662 1661 1664 XOR
2 1 1662 1663 1665 AND
2 1 1661 1665 1666 XOR
2 1 1666 1037 1667 AND
2 1 1666 1037 1668 XOR
2 1 1668 1667 1669 XOR
2 1 494 1610 1670 XOR
2 1 1669 1670 1671 AND
2 1 1671 1610 1672 XOR
2 1 1578 1614 1673 XOR
2 1 1669 1673 1674 AND
2 1 1674 1614 1675 XOR
2 1 1581 1619 1676 XOR
2 1 1669 1676 1677 AND
2 1 1677 1619 1678 XOR
2 1 1584 1624 1679 XOR
2 1 1669 1679 1680 AND
2 1 1680 1624 1681 XOR
2 1 1587 1629 1682 XOR
2 1 1669 1682 1683 AND
2 1 1683 1629 1684 XOR
2 1 1590 1634 1685 XOR
2 1 1669 1685 1686 AND
2 1 1686 1634 1687 XOR
2 1 1593 1639 1688 XOR
2 1 1669 1688 1689 AND
2 1 1689 1639 1690 XOR
2 1 1596 1644 1691 XOR
2 1 1669 1691 1692 AND
2 1 1692 1644 1693 XOR
2 1 1599 1649 1694 XOR
2 1 1669 1694 1695 AND
2 1 1695 1649 1696 XOR
2 1 1602 1654 1697 XOR
2 1 1669 1697 1698 AND
2 1 1698 1654 1699 XOR
2 1 1605 1659 1700 XOR
2 1 1669 1700 1701 AND
2 1 1701 1659 1702 XOR
2 1 1608 1664 1703 XOR
2 1 1669 1703 1704 AND
2 1 1704 1664 1705 XOR
1 1 1669 1706 INV
2 1 493 820 1707 XOR
2 1 1707 820 1708 AND
2 1 1672 821 1709 XOR
2 1 1708 821 1710 XOR
2 1 1709 1708 1711 XOR
2 1 1709 1710 1712 AND
2 1 1708 1712 1713 XOR
2 1 1675 822 1714 XOR
2 1 1713 822 1715 XOR
2 1 1714 1713 1716 XOR
2 1 1714 1715 1717 AND
2 1 1713 1717 1718 XOR
2 1 1678 823 1719 XOR
2 1 1718 823 1720 XOR
2 1 1719 1718 1721 XOR
2 1 1719 1720 1722 AND
2 1 1718 1722 1723 XOR
2 1 1681 824 1724 XOR
2 1 1723 824 1725 XOR
2 1 1724 1723 1726 XOR
2 1 1724 1725 1727 AND
2 1 1723 1727 1728 XOR
2 1 1684 825 1729 XOR
2 1 1728 825 1730 XOR
2 1 1729 1728 1731 XOR
2 1 1729 1730 1732 AND
2 1 1728 1732 1733 XOR
2 1 1687 826 1734 XOR
2 1 1733 826 1735 XOR
2 1 1734 1733 1736 XOR
2 1 1734 1735 1737 AND
2 1 1733 1737 1738 XOR
2 1 1690 827 1739 XOR
2 1 1738 827 1740 XOR
2 1 1739 1738 1741 XOR
2 1 1739 1740 1742 AND
2 1 1738 1742 1743 XOR
2 1 1693 828 1744 XOR
2 1 1743 828 1745 XOR
2 1 1744 1743 1746 XOR
2 1 1744 1745 1747 AND
2 1 1743 1747 1748 XOR
2 1 1696 829 1749 XOR
2 1 1748 829 1750 XOR
2 1 1749 1748 1751 XOR
2 1 1749 1750 1752 AND
2 1 1748 1752 1753 XOR
2 1 1699 830 1754 XOR
2 1 1753 830 1755 XOR
2 1 1754 1753 1756 XOR
2 1 1754 1755 1757 AND
2 1 1753 1757 1758 XOR
2 1 1702 831 1759 XOR
2 1 1758 831 1760 XOR
2 1 1759 1758 1761 XOR
2 1 1759 1760 1762 AND
2 1 1758 1762 1763 XOR
2 1 1705 832 1764 XOR
2 1 1763 832 1765 XOR
2 1 1764 1763 1766 XOR
2 1 1764 1765 1767 AND
2 1 1763 1767 1768 XOR
2 1 1768 1034 1769 AND
2 1 1768 1034 1770 XOR
2 1 1770 1769 1771 XOR
2 1 493 1707 1772 XOR
2 1 1771 1772 1773 AND
2 1 1773 1707 1774 XOR
2 1 1672 1711 1775 XOR
2 1 1771 1775 1776 AND
2 1 1776 1711 1777 XOR
2 1 1675 1716 1778 XOR
2 1 1771 1778 1779 AND
2 1 1779 1716 1780 XOR
2 1 1678 1721 1781 XOR
2 1 1771 1781 1782 AND
2 1 1782 1721 1783 XOR
2 1 1681 1726 1784 XOR
2 1 1771 1784 1785 AND
2 1 1785 1726 1786 XOR
2 1 1684 1731 1787 XOR
2 1 1771 1787 1788 AND
2 1 1788 1731 1789 XOR
2 1 1687 1736 1790 XOR
2 1 1771 1790 1791 AND
2 1 1791 1736 1792 XOR
2 1 1690 1741 1793 XOR
2 1 1771 1793 1794 AND
2 1 1794 1741 1795 XOR
2 1 1693 1746 1796 XOR
2 1 1771 1796 1797 AND
2 1 1797 1746 1798 XOR
2 1 1696 1751 1799 XOR
2 1 1771 1799 1800 AND
2 1 1800 1751 1801 XOR
2 1 1699 1756 1802 XOR
2 1 1771 1802 1803 AND
2 1 1803 1756 1804 XOR
2 1 1702 1761 1805 XOR
2 1 1771 1805 1806 AND
2 1 1806 1761 1807 XOR
2 1 1705 1766 1808 XOR
2 1 1771 1808 1809 AND
2 1 1809 1766 1810 XOR
1 1 1771 1811 INV
2 1 492 820 1812 XOR
2 1 1812 820 1813 AND
2 1 1774 821 1814 XOR
2 1 1813 821 1815 XOR
2 1 1814 1813 1816 XOR
2 1 1814 1815 1817 AND
2 1 1813 1817 1818 XOR
2 1 1777 822 1819 XOR
2 1 1818 822 1820 XOR
2 1 1819 1818 1821 XOR
2 1 1819 1820 1822 AND
2 1 1818 1822 1823 XOR
2 1 1780 823 1824 XOR
2 1 1823 823 1825 XOR
2 1 1824 1823 1826 XOR
2 1 1824 1825 1827 AND
2 1 1823 1827 1828 XOR
2 1 1783 824 1829 XOR
2 1 1828 824 1830 XOR
2 1 1829 1828 1831 XOR
2 1 1829 1830 1832 AND
2 1 1828 1832 1833 XOR
2 1 1786 825 1834 XOR
2 1 1833 825 1835 XOR
2 1 1834 1833 1836 XOR
2 1 1834 1835 1837 AND
2 1 1833 1837 1838 XOR
2 1 1789 826 1839 XOR
2 1 1838 826 1840 XOR
2 1 1839 1838 1841 XOR
2 1 1839 1840 1842 AND
2 1 1838 1842 1843 XOR
2 1 1792 827 1844 XOR
2 1 1843 827 1845 XOR
2 1 1844 1843 1846 XOR
2 1 1844 1845 1847 AND
2 1 1843 1847 1848 XOR
2 1 1795 828 1849 XOR
2 1 1848 828 1850 XOR
2 1 1849 1848 1851 XOR
2 1 1849 1850 1852 AND
2 1 1848 1852 1853 XOR
2 1 1798 829 1854 XOR
2 1 1853 829 1855 XOR
2 1 1854 1853 1856 XOR
2 1 1854 1855 1857 AND
2 1 1853 1857 1858 XOR
2 1 1801 830 1859 XOR
2 1 1858 830 1860 XOR
2 1 1859 1858 1861 XOR
2 1 1859 1860 1862 AND
2 1 1858 1862 1863 XOR
2 1 1804 831 1864 XOR
2 1 1863 831 1865 XOR
2 1 1864 1863 1866 XOR
2 1 1864 1865 1867 AND
2 1 1863 1867 1868 XOR
2 1 1807 832 1869 XOR
2 1 1868 832 1870 XOR
2 1 1869 1868 1871 XOR
2 1 1869 1870 1872 AND
2 1 1868 1872 1873 XOR
2 1 1810 833 1874 XOR
2 1 1873 833 1875 XOR
2 1 1874 1873 1876 XOR
2 1 1874 1875 1877 AND
2 1 1873 1877 1878 XOR
2 1 1878 1031 1879 AND
2 1 1878 1031 1880 XOR
2 1 1880 1879 1881 XOR
2 1 492 1812 1882 XOR
2 1 1881 1882 1883 AND
2 1 1883 1812 1884 XOR
2 1 1774 1816 1885 XOR
2 1 1881 1885 1886 AND
2 1 1886 1816 1887 XOR
2 1 1777 1821 1888 XOR
2 1 1881 1888 1889 AND
2 1 1889 1821 1890 XOR
2 1 1780 1826 1891 XOR
2 1 1881 1891 1892 AND
2 1 1892 1826 1893 XOR
2 1 1783 1831 1894 XOR
2 1 1881 1894 1895 AND
2 1 1895 1831 1896 XOR
2 1 1786 1836 1897 XOR
2 1 1881 1897 1898 AND
2 1 1898 1836 1899 XOR
2 1 1789 1841 1900 XOR
2 1 1881 1900 1901 AND
2 1 1901 1841 1902 XOR
2 1 1792 1846 1903 XOR
2 1 1881 1903 1904 AND
2 1 1904 1846 1905 XOR
2 1 1795 1851 1906 XOR
2 1 1881 1906 1907 AND
2 1 1907 1851 1908 XOR
2 1 1798 1856 1909 XOR
2 1 1881 1909 1910 AND
2 1 1910 1856 1911 XOR
2 1 1801 1861 1912 XOR
2 1 1881 1912 1913 AND
2 1 1913 1861 1914 XOR
2 1 1804 1866 1915 XOR
2 1 1881 1915 1916 AND
2 1 1916 1866 1917 XOR
2 1 1807 1871 1918 XOR
2 1 1881 1918 1919 AND
2 1 1919 1871 1920 XOR
2 1 1810 1876 1921 XOR
2 1 1881 1921 1922 AND
2 1 1922 1876 1923 XOR
1 1 1881 1924 INV
2 1 491 820 1925 XOR
2 1 1925 820 1926 AND
2 1 1884 821 1927 XOR
2 1 1926 821 1928 XOR
2 1 1927 1926 1929 XOR
2 1 1927 1928 1930 AND
2 1 1926 1930 1931 XOR
2 1 1887 822 1932 XOR
2 1 1931 822 1933 XOR
2 1 1932 1931 1934 XOR
2 1 1932 1933 1935 AND
2 1 1931 1935 1936 XOR
2 1 1890 823 1937 XOR
2 1 1936 823 1938 XOR
2 1 1937 1936 1939 XOR
2 1 1937 1938 1940 AND
2 1 1936 1940 1941 XOR
2 1 1893 824 1942 XOR
2 1 1941 824 1943 XOR
2 1 1942 1941 1944 XOR
2 1 1942 1943 1945 AND
2 1 1941 1945 1946 XOR
2 1 1896 825 1947 XOR
2 1 1946 825 1948 XOR
2 1 1947 1946 1949 XOR
2 1 1947 1948 1950 AND
2 1 1946 1950 1951 XOR
2 1 1899 826 1952 XOR
2 1 1951 826 1953 XOR
2 1 1952 1951 1954 XOR
2 1 1952 1953 1955 AND
2 1 1951 1955 1956 XOR
2 1 1902 827 1957 XOR
2 1 1956 827 1958 XOR
2 1 1957 1956 1959 XOR
2 1 1957 1958 1960 AND
2 1 1956 1960 1961 XOR
2 1 1905 828 1962 XOR
2 1 1961 828 1963 XOR
2 1 1962 1961 1964 XOR
2 1 1962 1963 1965 AND
2 1 1961 1965 1966 XOR
2 1 1908 829 1967 XOR
2 1 1966 829 1968 XOR
2 1 1967 1966 1969 XOR
2 1 1967 1968 1970 AND
2 1 1966 1970 1971 XOR
2 1 1911 830 1972 XOR
2 1 1971 830 1973 XOR
2 1 1972 1971 1974 XOR
2 1 1972 1973 1975 AND
2 1 1971 1975 1976 XOR
2 1 1914 831 1977 XOR
2 1 1976 831 1978 XOR
2 1 1977 1976 1979 XOR
2 1 1977 1978 1980 AND
2 1 1976 1980 1981 XOR
2 1 1917 832 1982 XOR
2 1 1981 832 1983 XOR
2 1 1982 1981 1984 XOR
2 1 1982 1983 1985 AND
2 1 1981 1985 1986 XOR
2 1 1920 833 1987 XOR
2 1 1986 833 1988 XOR
2 1 1987 1986 1989 XOR
2 1 1987 1988 1990 AND
2 1 1986 1990 1991 XOR
2 1 1923 834 1992 XOR
2 1 1991 834 1993 XOR
2 1 1992 1991 1994 XOR
2 1 1992 1993 1995 AND
2 1 1991 1995 1996 XOR
2 1 1996 1028 1997 AND
2 1 1996 1028 1998 XOR
2 1 1998 1997 1999 XOR
2 1 491 1925 2000 XOR
2 1 1999 2000 2001 AND
2 1 2001 1925 2002 XOR
2 1 1884 1929 2003 XOR
2 1 1999 2003 2004 AND
2 1 2004 1929 2005 XOR
2 1 1887 1934 2006 XOR
2 1 1999 2006 2007 AND
2 1 2007 1934 2008 XOR
2 1 1890 1939 2009 XOR
2 1 1999 2009 2010 AND
2 1 2010 1939 2011 XOR
2 1 1893 1944 2012 XOR
2 1 1999 2012 2013 AND
2 1 2013 1944 2014 XOR
2 1 1896 1949 2015 XOR
2 1 1999 2015 2016 AND
2 1 2016 1949 2017 XOR
2 1 1899 1954 2018 XOR
2 1 1999 2018 2019 AND
2 1 2019 1954 2020 XOR
2 1 1902 1959 2021 XOR
2 1 1999 2021 2022 AND
2 1 2022 1959 2023 XOR
2 1 1905 1964 2024 XOR
2 1 1999 2024 2025 AND
2 1 2025 1964 2026 XOR
2 1 1908 1969 2027 XOR
2 1 1999 2027 2028 AND
2 1 2028 1969 2029 XOR
2 1 1911 1974 2030 XOR
2 1 1999 2030 2031 AND
2 1 2031 1974 2032 XOR
2 1 1914 1979 2033 XOR
2 1 1999 2033 2034 AND
2 1 2034 1979 2035 XOR
2 1 1917 1984 2036 XOR
2 1 1999 2036 2037 AND
2 1 2037 1984 2038 XOR
2 1 1920 1989 2039 XOR
2 1 1999 2039 2040 AND
2 1 2040 1989 2041 XOR
2 1 1923 1994 2042 XOR
2 1 1999 2042 2043 AND
2 1 2043 1994 2044 XOR
1 1 1999 2045 INV
2 1 490 820 2046 XOR
2 1 2046 820 2047 AND
2 1 2002 821 2048 XOR
2 1 2047 821 2049 XOR
2 1 2048 2047 2050 XOR
2 1 2048 2049 2051 AND
2 1 2047 2051 2052 XOR
2 1 2005 822 2053 XOR
2 1 2052 822 2054 XOR
2 1 2053 2052 2055 XOR
2 1 2053 2054 2056 AND
2 1 2052 2056 2057 XOR
2 1 2008 823 2058 XOR
2 1 2057 823 2059 XOR
2 1 2058 2057 2060 XOR
2 1 2058 2059 2061 AND
2 1 2057 2061 2062 XOR
2 1 2011 824 2063 XOR
2 1 2062 824 2064 XOR
2 1 2063 2062 2065 XOR
2 1 2063 2064 2066 AND
2 1 2062 2066 2067 XOR
2 1 2014 825 2068 XOR
2 1 2067 825 2069 XOR
2 1 2068 2067 2070 XOR
2 1 2068 2069 2071 AND
2 1 2067 2071 2072 XOR
2 1 2017 826 2073 XOR
2 1 2072 826 2074 XOR
2 1 2073 2072 2075 XOR
2 1 2073 2074 2076 AND
2 1 2072 2076 2077 XOR
2 1 2020 827 2078 XOR
2 1 2077 827 2079 XOR
2 1 2078 2077 2080 XOR
2 1 2078 2079 2081 AND
2 1 2077 2081 2082 XOR
2 1 2023 828 2083 XOR
2 1 2082 828 2084 XOR
2 1 2083 2082 2085 XOR
2 1 2083 2084 2086 AND
2 1 2082 2086 2087 XOR
2 1 2026 829 2088 XOR
2 1 2087 829 2089 XOR
2 1 2088 2087 2090 XOR
2 1 2088 2089 2091 AND
2 1 2087 2091 2092 XOR
2 1 2029 830 2093 XOR
2 1 2092 830 2094 XOR
2 1 2093 2092 2095 XOR
2 1 2093 2094 2096 AND
2 1 2092 2096 2097 XOR
2 1 2032 831 2098 XOR
2 1 2097 831 2099 XOR
2 1 2098 2097 2100 XOR
2 1 2098 2099 2101 AND
2 1 2097 2101 2102 XOR
2 1 2035 832 2103 XOR
2 1 2102 832 2104 XOR
2 1 2103 2102 2105 XOR
2 1 2103 2104 2106 AND
2 1 2102 2106 2107 XOR
2 1 2038 833 2108 XOR
2 1 2107 833 2109 XOR
2 1 2108 2107 2110 XOR
2 1 2108 2109 2111 AND
2 1 2107 2111 2112 XOR
2 1 2041 834 2113 XOR
2 1 2112 834 2114 XOR
2 1 2113 2112 2115 XOR
2 1 2113 2114 2116 AND
2 1 2112 2116 2117 XOR
2 1 2044 835 2118 XOR
2 1 2117 835 2119 XOR
2 1 2118 2117 2120 XOR
2 1 2118 2119 2121 AND
2 1 2117 2121 2122 XOR
2 1 2122 1025 2123 AND
2 1 2122 1025 2124 XOR
2 1 2124 2123 2125 XOR
2 1 490 2046 2126 XOR
2 1 2125 2126 2127 AND
2 1 2127 2046 2128 XOR
2 1 2002 2050 2129 XOR
2 1 2125 2129 2130 AND
2 1 2130 2050 2131 XOR
2 1 2005 2055 2132 XOR
2 1 2125 2132 2133 AND
2 1 2133 2055 2134 XOR
2 1 2008 2060 2135 XOR
2 1 2125 2135 2136 AND
2 1 2136 2060 2137 XOR
2 1 2011 2065 2138 XOR
2 1 2125 2138 2139 AND
2 1 2139 2065 2140 XOR
2 1 2014 2070 2141 XOR
2 1 2125 2141 2142 AND
2 1 2142 2070 2143 XOR
2 1 2017 2075 2144 XOR
2 1 2125 2144 2145 AND
2 1 2145 2075 2146 XOR
2 1 2020 2080 2147 XOR
2 1 2125 2147 2148 AND
2 1 2148 2080 2149 XOR
2 1 2023 2085 2150 XOR
2 1 2125 2150 2151 AND
2 1 2151 2085 2152 XOR
2 1 2026 2090 2153 XOR
2 1 2125 2153 2154 AND
2 1 2154 2090 2155 XOR
2 1 2029 2095 2156 XOR
2 1 2125 2156 2157 AND
2 1 2157 2095 2158 XOR
2 1 2032 2100 2159 XOR
2 1 2125 2159 2160 AND
2 1 2160 2100 2161 XOR
2 1 2035 2105 2162 XOR
2 1 2125 2162 2163 AND
2 1 2163 2105 2164 XOR
2 1 2038 2110 2165 XOR
2 1 2125 2165 2166 AND
2 1 2166 2110 2167 XOR
2 1 2041 2115 2168 XOR
2 1 2125 2168 2169 AND
2 1 2169 2115 2170 XOR
2 1 2044 2120 2171 XOR
2 1 2125 2171 2172 AND
2 1 2172 2120 2173 XOR
1 1 2125 2174 INV
2 1 489 820 2175 XOR
2 1 2175 820 2176 AND
2 1 2128 821 2177 XOR
2 1 2176 821 2178 XOR
2 1 2177 2176 2179 XOR
2 1 2177 2178 2180 AND
2 1 2176 2180 2181 XOR
2 1 2131 822 2182 XOR
2 1 2181 822 2183 XOR
2 1 2182 2181 2184 XOR
2 1 2182 2183 2185 AND
2 1 2181 2185 2186 XOR
2 1 2134 823 2187 XOR
2 1 2186 823 2188 XOR
2 1 2187 2186 2189 XOR
2 1 2187 2188 2190 AND
2 1 2186 2190 2191 XOR
2 1 2137 824 2192 XOR
2 1 2191 824 2193 XOR
2 1 2192 2191 2194 XOR
2 1 2192 2193 2195 AND
2 1 2191 2195 2196 XOR
2 1 2140 825 2197 XOR
2 1 2196 825 2198 XOR
2 1 2197 2196 2199 XOR
2 1 2197 2198 2200 AND
2 1 2196 2200 2201 XOR
2 1 2143 826 2202 XOR
2 1 2201 826 2203 XOR
2 1 2202 2201 2204 XOR
2 1 2202 2203 2205 AND
2 1 2201 2205 2206 XOR
2 1 2146 827 2207 XOR
2 1 2206 827 2208 XOR
2 1 2207 2206 2209 XOR
2 1 2207 2208 2210 AND
2 1 2206 2210 2211 XOR
2 1 2149 828 2212 XOR
2 1 2211 828 2213 XOR
2 1 2212 2211 2214 XOR
2 1 2212 2213 2215 AND
2 1 2211 2215 2216 XOR
2 1 2152 829 2217 XOR
2 1 2216 829 2218 XOR
2 1 2217 2216 2219 XOR
2 1 2217 2218 2220 AND
2 1 2216 2220 2221 XOR
2 1 2155 830 2222 XOR
2 1 2221 830 2223 XOR
2 1 2222 2221 2224 XOR
2 1 2222 2223 2225 AND
2 1 2221 2225 2226 XOR
2 1 2158 831 2227 XOR
2 1 2226 831 2228 XOR
2 1 2227 2226 2229 XOR
2 1 2227 2228 2230 AND
2 1 2226 2230 2231 XOR
2 1 2161 832 2232 XOR
2 1 2231 832 2233 XOR
2 1 2232 2231 2234 XOR
2 1 2232 2233 2235 AND
2 1 2231 2235 2236 XOR
2 1 2164 833 2237 XOR
2 1 2236 833 2238 XOR
2 1 2237 2236 2239 XOR
2 1 2237 2238 2240 AND
2 1 2236 2240 2241 XOR
2 1 2167 834 2242 XOR
2 1 2241 834 2243 XOR
2 1 2242 2241 2244 XOR
2 1 2242 2243 2245 AND
2 1 2241 2245 2246 XOR
2 1 2170 835 2247 XOR
2 1 2246 835 2248 XOR
2 1 2247 2246 2249 XOR
2 1 2247 2248 2250 AND
2 1 2246 2250 2251 XOR
2 1 2173 836 2252 XOR
2 1 2251 836 2253 XOR
2 1 2252 2251 2254 XOR
2 1 2252 2253 2255 AND
2 1 2251 2255 2256 XOR
2 1 2256 1022 2257 AND
2 1 2256 1022 2258 XOR
2 1 2258 2257 2259 XOR
2 1 489 2175 2260 XOR
2 1 2259 2260 2261 AND
2 1 2261 2175 2262 XOR
2 1 2128 2179 2263 XOR
2 1 2259 2263 2264 AND
2 1 2264 2179 2265 XOR
2 1 2131 2184 2266 XOR
2 1 2259 2266 2267 AND
2 1 2267 2184 2268 XOR
2 1 2134 2189 2269 XOR
2 1 2259 2269 2270 AND
2 1 2270 2189 2271 XOR
2 1 2137 2194 2272 XOR
2 1 2259 2272 2273 AND
2 1 2273 2194 2274 XOR
2 1 2140 2199 2275 XOR
2 1 2259 2275 2276 AND
2 1 2276 2199 2277 XOR
2 1 2143 2204 2278 XOR
2 1 2259 2278 2279 AND
2 1 2279 2204 2280 XOR
2 1 2146 2209 2281 XOR
2 1 2259 2281 2282 AND
2 1 2282 2209 2283 XOR
2 1 2149 2214 2284 XOR
2 1 2259 2284 2285 AND
2 1 2285 2214 2286 XOR
2 1 2152 2219 2287 XOR
2 1 2259 2287 2288 AND
2 1 2288 2219 2289 XOR
2 1 2155 2224 2290 XOR
2 1 2259 2290 2291 AND
2 1 2291 2224 2292 XOR
2 1 2158 2229 2293 XOR
2 1 2259 2293 2294 AND
2 1 2294 2229 2295 XOR
2 1 2161 2234 2296 XOR
2 1 2259 2296 2297 AND
2 1 2297 2234 2298 XOR
2 1 2164 2239 2299 XOR
2 1 2259 2299 2300 AND
2 1 2300 2239 2301 XOR
2 1 2167 2244 2302 XOR
2 1 2259 2302 2303 AND
2 1 2303 2244 2304 XOR
2 1 2170 2249 2305 XOR
2 1 2259 2305 2306 AND
2 1 2306 2249 2307 XOR
2 1 2173 2254 2308 XOR
2 1 2259 2308 2309 AND
2 1 2309 2254 2310 XOR
1 1 2259 2311 INV
2 1 488 820 2312 XOR
2 1 2312 820 2313 AND
2 1 2262 821 2314 XOR
2 1 2313 821 2315 XOR
2 1 2314 2313 2316 XOR
2 1 2314 2315 2317 AND
2 1 2313 2317 2318 XOR
2 1 2265 822 2319 XOR
2 1 2318 822 2320 XOR
2 1 2319 2318 2321 XOR
2 1 2319 2320 2322 AND
2 1 2318 2322 2323 XOR
2 1 2268 823 2324 XOR
2 1 2323 823 2325 XOR
2 1 2324 2323 2326 XOR
2 1 2324 2325 2327 AND
2 1 2323 2327 2328 XOR
2 1 2271 824 2329 XOR
2 1 2328 824 2330 XOR
2 1 2329 2328 2331 XOR
2 1 2329 2330 2332 AND
2 1 2328 2332 2333 XOR
2 1 2274 825 2334 XOR
2 1 2333 825 2335 XOR
2 1 2334 2333 2336 XOR
2 1 2334 2335 2337 AND
2 1 2333 2337 2338 XOR
2 1 2277 826 2339 XOR
2 1 2338 826 2340 XOR
2 1 2339 2338 2341 XOR
2 1 2339 2340 2342 AND
2 1 2338 2342 2343 XOR
2 1 2280 827 2344 XOR
2 1 2343 827 2345 XOR
2 1 2344 2343 2346 XOR
2 1 2344 2345 2347 AND
2 1 2343 2347 2348 XOR
2 1 2283 828 2349 XOR
2 1 2348 828 2350 XOR
2 1 2349 2348 2351 XOR
2 1 2349 2350 2352 AND
2 1 2348 2352 2353 XOR
2 1 2286 829 2354 XOR
2 1 2353 829 2355 XOR
2 1 2354 2353 2356 XOR
2 1 2354 2355 2357 AND
2 1 2353 2357 2358 XOR
2 1 2289 830 2359 XOR
2 1 2358 830 2360 XOR
2 1 2359 2358 2361 XOR
2 1 2359 2360 2362 AND
2 1 2358 2362 2363 XOR
2 1 2292 831 2364 XOR
2 1 2363 831 2365 XOR
2 1 2364 2363 2366 XOR
2 1 2364 2365 2367 AND
2 1 2363 2367 2368 XOR
2 1 2295 832 2369 XOR
2 1 2368 832 2370 XOR
2 1 2369 2368 2371 XOR
2 1 2369 2370 2372 AND
2 1 2368 2372 2373 XOR
2 1 2298 833 2374 XOR
2 1 2373 833 2375 XOR
2 1 2374 2373 2376 XOR
2 1 2374 2375 2377 AND
2 1 2373 2377 2378 XOR
2 1 2301 834 2379 XOR
2 1 2378 834 2380 XOR
2 1 2379 2378 2381 XOR
2 1 2379 2380 2382 AND
2 1 2378 2382 2383 XOR
2 1 2304 835 2384 XOR
2 1 2383 835 2385 XOR
2 1 2384 2383 2386 XOR
2 1 2384 2385 2387 AND
2 1 2383 2387 2388 XOR
2 1 2307 836 2389 XOR
2 1 2388 836 2390 XOR
2 1 2389 2388 2391 XOR
2 1 2389 2390 2392 AND
2 1 2388 2392 2393 XOR
2 1 2310 837 2394 XOR
2 1 2393 837 2395 XOR
2 1 2394 2393 2396 XOR
2 1 2394 2395 2397 AND
2 1 2393 2397 2398 XOR
2 1 2398 1019 2399 AND
2 1 2398 1019 2400 XOR
2 1 2400 2399 2401 XOR
2 1 488 2312 2402 XOR
2 1 2401 2402 2403 AND
2 1 2403 2312 2404 XOR
2 1 2262 2316 2405 XOR
2 1 2401 2405 2406 AND
2 1 2406 2316 2407 XOR
2 1 2265 2321 2408 XOR
2 1 2401 2408 2409 AND
2 1 2409 2321 2410 XOR
2 1 2268 2326 2411 XOR
2 1 2401 2411 2412 AND
2 1 2412 2326 2413 XOR
2 1 2271 2331 2414 XOR
2 1 2401 2414 2415 AND
2 1 2415 2331 2416 XOR
2 1 2274 2336 2417 XOR
2 1 2401 2417 2418 AND
2 1 2418 2336 2419 XOR
2 1 2277 2341 2420 XOR
2 1 2401 2420 2421 AND
2 1 2421 2341 2422 XOR
2 1 2280 2346 2423 XOR
2 1 2401 2423 2424 AND
2 1 2424 2346 2425 XOR
2 1 2283 2351 2426 XOR
2 1 2401 2426 2427 AND
2 1 2427 2351 2428 XOR
2 1 2286 2356 2429 XOR
2 1 2401 2429 2430 AND
2 1 2430 2356 2431 XOR
2 1 2289 2361 2432 XOR
2 1 2401 2432 2433 AND
2 1 2433 2361 2434 XOR
2 1 2292 2366 2435 XOR
2 1 2401 2435 2436 AND
2 1 2436 2366 2437 XOR
2 1 2295 2371 2438 XOR
2 1 2401 2438 2439 AND
2 1 2439 2371 2440 XOR
2 1 2298 2376 2441 XOR
2 1 2401 2441 2442 AND
2 1 2442 2376 2443 XOR
2 1 2301 2381 2444 XOR
2 1 2401 2444 2445 AND
2 1 2445 2381 2446 XOR
2 1 2304 2386 2447 XOR
2 1 2401 2447 2448 AND
2 1 2448 2386 2449 XOR
2 1 2307 2391 2450 XOR
2 1 2401 2450 2451 AND
2 1 2451 2391 2452 XOR
2 1 2310 2396 2453 XOR
2 1 2401 2453 2454 AND
2 1 2454 2396 2455 XOR
1 1 2401 2456 INV
2 1 487 820 2457 XOR
2 1 2457 820 2458 AND
2 1 2404 821 2459 XOR
2 1 2458 821 2460 XOR
2 1 2459 2458 2461 XOR
2 1 2459 2460 2462 AND
2 1 2458 2462 2463 XOR
2 1 2407 822 2464 XOR
2 1 2463 822 2465 XOR
2 1 2464 2463 2466 XOR
2 1 2464 2465 2467 AND
2 1 2463 2467 2468 XOR
2 1 2410 823 2469 XOR
2 1 2468 823 2470 XOR
2 1 2469 2468 2471 XOR
2 1 2469 2470 2472 AND
2 1 2468 2472 2473 XOR
2 1 2413 824 2474 XOR
2 1 2473 824 2475 XOR
2 1 2474 2473 2476 XOR
2 1 2474 2475 2477 AND
2 1 2473 2477 2478 XOR
2 1 2416 825 2479 XOR
2 1 2478 825 2480 XOR
2 1 2479 2478 2481 XOR
2 1 2479 2480 2482 AND
2 1 2478 2482 2483 XOR
2 1 2419 826 2484 XOR
2 1 2483 826 2485 XOR
2 1 2484 2483 2486 XOR
2 1 2484 2485 2487 AND
2 1 2483 2487 2488 XOR
2 1 2422 827 2489 XOR
2 1 2488 827 2490 XOR
2 1 2489 2488 2491 XOR
2 1 2489 2490 2492 AND
2 1 2488 2492 2493 XOR
2 1 2425 828 2494 XOR
2 1 2493 828 2495 XOR
2 1 2494 2493 2496 XOR
2 1 2494 2495 2497 AND
2 1 2493 2497 2498 XOR
2 1 2428 829 2499 XOR
2 1 2498 829 2500 XOR
2 1 2499 2498 2501 XOR
2 1 2499 2500 2502 AND
2 1 2498 2502 2503 XOR
2 1 2431 830 2504 XOR
2 1 2503 830 2505 XOR
2 1 2504 2503 2506 XOR
2 1 2504 2505 2507 AND
2 1 2503 2507 2508 XOR
2 1 2434 831 2509 XOR
2 1 2508 831 2510 XOR
2 1 2509 2508 2511 XOR
2 1 2509 2510 2512 AND
2 1 2508 2512 2513 XOR
2 1 2437 832 2514 XOR
2 1 2513 832 2515 XOR
2 1 2514 2513 2516 XOR
2 1 2514 2515 2517 AND
2 1 2513 2517 2518 XOR
2 1 2440 833 2519 XOR
2 1 2518 833 2520 XOR
2 1 2519 2518 2521 XOR
2 1 2519 2520 2522 AND
2 1 2518 2522 2523 XOR
2 1 2443 834 2524 XOR
2 1 2523 834 2525 XOR
2 1 2524 2523 2526 XOR
2 1 2524 2525 2527 AND
2 1 2523 2527 2528 XOR
2 1 2446 835 2529 XOR
2 1 2528 835 2530 XOR
2 1 2529 2528 2531 XOR
2 1 2529 2530 2532 AND
2 1 2528 2532 2533 XOR
2 1 2449 836 2534 XOR
2 1 2533 836 2535 XOR
2 1 2534 2533 2536 XOR
2 1 2534 2535 2537 AND
2 1 2533 2537 2538 XOR
2 1 2452 837 2539 XOR
2 1 2538 837 2540 XOR
2 1 2539 2538 2541 XOR
2 1 2539 2540 2542 AND
2 1 2538 2542 2543 XOR
2 1 2455 838 2544 XOR
2 1 2543 838 2545 XOR
2 1 2544 2543 2546 XOR
2 1 2544 2545 2547 AND
2 1 2543 2547 2548 XOR
2 1 2548 1016 2549 AND
2 1 2548 1016 2550 XOR
2 1 2550 2549 2551 XOR
2 1 487 2457 2552 XOR
2 1 2551 2552 2553 AND
2 1 2553 2457 2554 XOR
2 1 2404 2461 2555 XOR
2 1 2551 2555 2556 AND
2 1 2556 2461 2557 XOR
2 1 2407 2466 2558 XOR
2 1 2551 2558 2559 AND
2 1 2559 2466 2560 XOR
2 1 2410 2471 2561 XOR
2 1 2551 2561 2562 AND
2 1 2562 2471 2563 XOR
2 1 2413 2476 2564 XOR
2 1 2551 2564 2565 AND
2 1 2565 2476 2566 XOR
2 1 2416 2481 2567 XOR
2 1 2551 2567 2568 AND
2 1 2568 2481 2569 XOR
2 1 2419 2486 2570 XOR
2 1 2551 2570 2571 AND
2 1 2571 2486 2572 XOR
2 1 2422 2491 2573 XOR
2 1 2551 2573 2574 AND
2 1 2574 2491 2575 XOR
2 1 2425 2496 2576 XOR
2 1 2551 2576 2577 AND
2 1 2577 2496 2578 XOR
2 1 2428 2501 2579 XOR
2 1 2551 2579 2580 AND
2 1 2580 2501 2581 XOR
2 1 2431 2506 2582 XOR
2 1 2551 2582 2583 AND
2 1 2583 2506 2584 XOR
2 1 2434 2511 2585 XOR
2 1 2551 2585 2586 AND
2 1 2586 2511 2587 XOR
2 1 2437 2516 2588 XOR
2 1 2551 2588 2589 AND
2 1 2589 2516 2590 XOR
2 1 2440 2521 2591 XOR
2 1 2551 2591 2592 AND
2 1 2592 2521 2593 XOR
2 1 2443 2526 2594 XOR
2 1 2551 2594 2595 AND
2 1 2595 2526 2596 XOR
2 1 2446 2531 2597 XOR
2 1 2551 2597 2598 AND
2 1 2598 2531 2599 XOR
2 1 2449 2536 2600 XOR
2 1 2551 2600 2601 AND
2 1 2601 2536 2602 XOR
2 1 2452 2541 2603 XOR
2 1 2551 2603 2604 AND
2 1 2604 2541 2605 XOR
2 1 2455 2546 2606 XOR
2 1 2551 2606 2607 AND
2 1 2607 2546 2608 XOR
1 1 2551 2609 INV
2 1 486 820 2610 XOR
2 1 2610 820 2611 AND
2 1 2554 821 2612 XOR
2 1 2611 821 2613 XOR
2 1 2612 2611 2614 XOR
2 1 2612 2613 2615 AND
2 1 2611 2615 2616 XOR
2 1 2557 822 2617 XOR
2 1 2616 822 2618 XOR
2 1 2617 2616 2619 XOR
2 1 2617 2618 2620 AND
2 1 2616 2620 2621 XOR
2 1 2560 823 2622 XOR
2 1 2621 823 2623 XOR
2 1 2622 2621 2624 XOR
2 1 2622 2623 2625 AND
2 1 2621 2625 2626 XOR
2 1 2563 824 2627 XOR
2 1 2626 824 2628 XOR
2 1 2627 2626 2629 XOR
2 1 2627 2628 2630 AND
2 1 2626 2630 2631 XOR
2 1 2566 825 2632 XOR
2 1 2631 825 2633 XOR
2 1 2632 2631 2634 XOR
2 1 2632 2633 2635 AND
2 1 2631 2635 2636 XOR
2 1 2569 826 2637 XOR
2 1 2636 826 2638 XOR
2 1 2637 2636 2639 XOR
2 1 2637 2638 2640 AND
2 1 2636 2640 2641 XOR
2 1 2572 827 2642 XOR
2 1 2641 827 2643 XOR
2 1 2642 2641 2644 XOR
2 1 2642 2643 2645 AND
2 1 2641 2645 2646 XOR
2 1 2575 828 2647 XOR
2 1 2646 828 2648 XOR
2 1 2647 2646 2649 XOR
2 1 2647 2648 2650 AND
2 1 2646 2650 2651 XOR
2 1 2578 829 2652 XOR
2 1 2651 829 2653 XOR
2 1 2652 2651 2654 XOR
2 1 2652 2653 2655 AND
2 1 2651 2655 2656 XOR
2 1 2581 830 2657 XOR
2 1 2656 830 2658 XOR
2 1 2657 2656 2659 XOR
2 1 2657 2658 2660 AND
2 1 2656 2660 2661 XOR
2 1 2584 831 2662 XOR
2 1 2661 831 2663 XOR
2 1 2662 2661 2664 XOR
2 1 2662 2663 2665 AND
2 1 2661 2665 2666 XOR
2 1 2587 832 2667 XOR
2 1 2666 832 2668 XOR
2 1 2667 2666 2669 XOR
2 1 2667 2668 2670 AND
2 1 2666 2670 2671 XOR
2 1 2590 833 2672 XOR
2 1 2671 833 2673 XOR
2 1 2672 2671 2674 XOR
2 1 2672 2673 2675 AND
2 1 2671 2675 2676 XOR
2 1 2593 834 2677 XOR
2 1 2676 834 2678 XOR
2 1 2677 2676 2679 XOR
2 1 2677 2678 2680 AND
2 1 2676 2680 2681 XOR
2 1 2596 835 2682 XOR
2 1 2681 835 2683 XOR
2 1 2682 2681 2684 XOR
2 1 2682 2683 2685 AND
2 1 2681 2685 2686 XOR
2 1 2599 836 2687 XOR
2 1 2686 836 2688 XOR
2 1 2687 2686 2689 XOR
2 1 2687 2688 2690 AND
2 1 2686 2690 2691 XOR
2 1 2602 837 2692 XOR
2 1 2691 837 2693 XOR
2 1 2692 2691 2694 XOR
2 1 2692 2693 2695 AND
2 1 2691 2695 2696 XOR
2 1 2605 838 2697 XOR
2 1 2696 838 2698 XOR
2 1 2697 2696 2699 XOR
2 1 2697 2698 2700 AND
2 1 2696 2700 2701 XOR
2 1 2608 839 2702 XOR
2 1 2701 839 2703 XOR
2 1 2702 2701 2704 XOR
2 1 2702 2703 2705 AND
2 1 2701 2705 2706 XOR
2 1 2706 1013 2707 AND
2 1 2706 1013 2708 XOR
2 1 2708 2707 2709 XOR
2 1 486 2610 2710 XOR
2 1 2709 2710 2711 AND
2 1 2711 2610 2712 XOR
2 1 2554 2614 2713 XOR
2 1 2709 2713 2714 AND
2 1 2714 2614 2715 XOR
2 1 2557 2619 2716 XOR
2 1 2709 2716 2717 AND
2 1 2717 2619 2718 XOR
2 1 2560 2624 2719 XOR
2 1 2709 2719 2720 AND
2 1 2720 2624 2721 XOR
2 1 2563 2629 2722 XOR
2 1 2709 2722 2723 AND
2 1 2723 2629 2724 XOR
2 1 2566 2634 2725 XOR
2 1 2709 2725 2726 AND
2 1 2726 2634 2727 XOR
2 1 2569 2639 2728 XOR
2 1 2709 2728 2729 AND
2 1 2729 2639 2730 XOR
2 1 2572 2644 2731 XOR
2 1 2709 2731 2732 AND
2 1 2732 2644 2733 XOR
2 1 2575 2649 2734 XOR
2 1 2709 2734 2735 AND
2 1 2735 2649 2736 XOR
2 1 2578 2654 2737 XOR
2 1 2709 2737 2738 AND
2 1 2738 2654 2739 XOR
2 1 2581 2659 2740 XOR
2 1 2709 2740 2741 AND
2 1 2741 2659 2742 XOR
2 1 2584 2664 2743 XOR
2 1 2709 2743 2744 AND
2 1 2744 2664 2745 XOR
2 1 2587 2669 2746 XOR
2 1 2709 2746 2747 AND
2 1 2747 2669 2748 XOR
2 1 2590 2674 2749 XOR
2 1 2709 2749 2750 AND
2 1 2750 2674 2751 XOR
2 1 2593 2679 2752 XOR
2 1 2709 2752 2753 AND
2 1 2753 2679 2754 XOR
2 1 2596 2684 2755 XOR
2 1 2709 2755 2756 AND
2 1 2756 2684 2757 XOR
2 1 2599 2689 2758 XOR
2 1 2709 2758 2759 AND
2 1 2759 2689 2760 XOR
2 1 2602 2694 2761 XOR
2 1 2709 2761 2762 AND
2 1 2762 2694 2763 XOR
2 1 2605 2699 2764 XOR
2 1 2709 2764 2765 AND
2 1 2765 2699 2766 XOR
2 1 2608 2704 2767 XOR
2 1 2709 2767 2768 AND
2 1 2768 2704 2769 XOR
1 1 2709 2770 INV
2 1 485 820 2771 XOR
2 1 2771 820 2772 AND
2 1 2712 821 2773 XOR
2 1 2772 821 2774 XOR
2 1 2773 2772 2775 XOR
2 1 2773 2774 2776 AND
2 1 2772 2776 2777 XOR
2 1 2715 822 2778 XOR
2 1 2777 822 2779 XOR
2 1 2778 2777 2780 XOR
2 1 2778 2779 2781 AND
2 1 2777 2781 2782 XOR
2 1 2718 823 2783 XOR
2 1 2782 823 2784 XOR
2 1 2783 2782 2785 XOR
2 1 2783 2784 2786 AND
2 1 2782 2786 2787 XOR
2 1 2721 824 2788 XOR
2 1 2787 824 2789 XOR
2 1 2788 2787 2790 XOR
2 1 2788 2789 2791 AND
2 1 2787 2791 2792 XOR
2 1 2724 825 2793 XOR
2 1 2792 825 2794 XOR
2 1 2793 2792 2795 XOR
2 1 2793 2794 2796 AND
2 1 2792 2796 2797 XOR
2 1 2727 826 2798 XOR
2 1 2797 826 2799 XOR
2 1 2798 2797 2800 XOR
2 1 2798 2799 2801 AND
2 1 2797 2801 2802 XOR
2 1 2730 827 2803 XOR
2 1 2802 827 2804 XOR
2 1 2803 2802 2805 XOR
2 1 2803 2804 2806 AND
2 1 2802 2806 2807 XOR
2 1 2733 828 2808 XOR
2 1 2807 828 2809 XOR
2 1 2808 2807 2810 XOR
2 1 2808 2809 2811 AND
2 1 2807 2811 2812 XOR
2 1 2736 829 2813 XOR
2 1 2812 829 2814 XOR
2 1 2813 2812 2815 XOR
2 1 2813 2814 2816 AND
2 1 2812 2816 2817 XOR
2 1 2739 830 2818 XOR
2 1 2817 830 2819 XOR
2 1 2818 2817 2820 XOR
2 1 2818 2819 2821 AND
2 1 2817 2821 2822 XOR
2 1 2742 831 2823 XOR
2 1 2822 831 2824 XOR
2 1 2823 2822 2825 XOR
2 1 2823 2824 2826 AND
2 1 2822 2826 2827 XOR
2 1 2745 832 2828 XOR
2 1 2827 832 2829 XOR
2 1 2828 2827 2830 XOR
2 1 2828 2829 2831 AND
2 1 2827 2831 2832 XOR
2 1 2748 833 2833 XOR
2 1 2832 833 2834 XOR
2 1 2833 2832 2835 XOR
2 1 2833 2834 2836 AND
2 1 2832 2836 2837 XOR
2 1 2751 834 2838 XOR
2 1 2837 834 2839 XOR
2 1 2838 2837 2840 XOR
2 1 2838 2839 2841 AND
2 1 2837 2841 2842 XOR
2 1 2754 835 2843 XOR
2 1 2842 835 2844 XOR
2 1 2843 2842 2845 XOR
2 1 2843 2844 2846 AND
2 1 2842 2846 2847 XOR
2 1 2757 836 2848 XOR
2 1 2847 836 2849 XOR
2 1 2848 2847 2850 XOR
2 1 2848 2849 2851 AND
2 1 2847 2851 2852 XOR
2 1 2760 837 2853 XOR
2 1 2852 837 2854 XOR
2 1 2853 2852 2855 XOR
2 1 2853 2854 2856 AND
2 1 2852 2856 2857 XOR
2 1 2763 838 2858 XOR
2 1 2857 838 2859 XOR
2 1 2858 2857 2860 XOR
2 1 2858 2859 2861 AND
2 1 2857 2861 2862 XOR
2 1 2766 839 2863 XOR
2 1 2862 839 2864 XOR
2 1 2863 2862 2865 XOR
2 1 2863 2864 2866 AND
2 1 2862 2866 2867 XOR
2 1 2769 840 2868 XOR
2 1 2867 840 2869 XOR
2 1 2868 2867 2870 XOR
2 1 2868 2869 2871 AND
2 1 2867 2871 2872 XOR
2 1 2872 1010 2873 AND
2 1 2872 1010 2874 XOR
2 1 2874 2873 2875 XOR
2 1 485 2771 2876 XOR
2 1 2875 2876 2877 AND
2 1 2877 2771 2878 XOR
2 1 2712 2775 2879 XOR
2 1 2875 2879 2880 AND
2 1 2880 2775 2881 XOR
2 1 2715 2780 2882 XOR
2 1 2875 2882 2883 AND
2 1 2883 2780 2884 XOR
2 1 2718 2785 2885 XOR
2 1 2875 2885 2886 AND
2 1 2886 2785 2887 XOR
2 1 2721 2790 2888 XOR
2 1 2875 2888 2889 AND
2 1 2889 2790 2890 XOR
2 1 2724 2795 2891 XOR
2 1 2875 2891 2892 AND
2 1 2892 2795 2893 XOR
2 1 2727 2800 2894 XOR
2 1 2875 2894 2895 AND
2 1 2895 2800 2896 XOR
2 1 2730 2805 2897 XOR
2 1 2875 2897 2898 AND
2 1 2898 2805 2899 XOR
2 1 2733 2810 2900 XOR
2 1 2875 2900 2901 AND
2 1 2901 2810 2902 XOR
2 1 2736 2815 2903 XOR
2 1 2875 2903 2904 AND
2 1 2904 2815 2905 XOR
2 1 2739 2820 2906 XOR
2 1 2875 2906 2907 AND
2 1 2907 2820 2908 XOR
2 1 2742 2825 2909 XOR
2 1 2875 2909 2910 AND
2 1 2910 2825 2911 XOR
2 1 2745 2830 2912 XOR
2 1 2875 2912 2913 AND
2 1 2913 2830 2914 XOR
2 1 2748 2835 2915 XOR
2 1 2875 2915 2916 AND
2 1 2916 2835 2917 XOR
2 1 2751 2840 2918 XOR
2 1 2875 2918 2919 AND
2 1 2919 2840 2920 XOR
2 1 2754 2845 2921 XOR
2 1 2875 2921 2922 AND
2 1 2922 2845 2923 XOR
2 1 2757 2850 2924 XOR
2 1 2875 2924 2925 AND
2 1 2925 2850 2926 XOR
2 1 2760 2855 2927 XOR
2 1 2875 2927 2928 AND
2 1 2928 2855 2929 XOR
2 1 2763 2860 2930 XOR
2 1 2875 2930 2931 AND
2 1 2931 2860 2932 XOR
2 1 2766 2865 2933 XOR
2 1 2875 2933 2934 AND
2 1 2934 2865 2935 XOR
2 1 2769 2870 2936 XOR
2 1 2875 2936 2937 AND
2 1 2937 2870 2938 XOR
1 1 2875 2939 INV
2 1 484 820 2940 XOR
2 1 2940 820 2941 AND
2 1 2878 821 2942 XOR
2 1 2941 821 2943 XOR
2 1 2942 2941 2944 XOR
2 1 2942 2943 2945 AND
2 1 2941 2945 2946 XOR
2 1 2881 822 2947 XOR
2 1 2946 822 2948 XOR
2 1 2947 2946 2949 XOR
2 1 2947 2948 2950 AND
2 1 2946 2950 2951 XOR
2 1 2884 823 2952 XOR
2 1 2951 823 2953 XOR
2 1 2952 2951 2954 XOR
2 1 2952 2953 2955 AND
2 1 2951 2955 2956 XOR
2 1 2887 824 2957 XOR
2 1 2956 824 2958 XOR
2 1 2957 2956 2959 XOR
2 1 2957 2958 2960 AND
2 1 2956 2960 2961 XOR
2 1 2890 825 2962 XOR
2 1 2961 825 2963 XOR
2 1 2962 2961 2964 XOR
2 1 2962 2963 2965 AND
2 1 2961 2965 2966 XOR
2 1 2893 826 2967 XOR
2 1 2966 826 2968 XOR
2 1 2967 2966 2969 XOR
2 1 2967 2968 2970 AND
2 1 2966 2970 2971 XOR
2 1 2896 827 2972 XOR
2 1 2971 827 2973 XOR
2 1 2972 2971 2974 XOR
2 1 2972 2973 2975 AND
2 1 2971 2975 2976 XOR
2 1 2899 828 2977 XOR
2 1 2976 828 2978 XOR
2 1 2977 2976 2979 XOR
2 1 2977 2978 2980 AND
2 1 2976 2980 2981 XOR
2 1 2902 829 2982 XOR
2 1 2981 829 2983 XOR
2 1 2982 2981 2984 XOR
2 1 2982 2983 2985 AND
2 1 2981 2985 2986 XOR
2 1 2905 830 2987 XOR
2 1 2986 830 2988 XOR
2 1 2987 2986 2989 XOR
2 1 2987 2988 2990 AND
2 1 2986 2990 2991 XOR
2 1 2908 831 2992 XOR
2 1 2991 831 2993 XOR
2 1 2992 2991 2994 XOR
2 1 2992 2993 2995 AND
2 1 2991 2995 2996 XOR
2 1 2911 832 2997 XOR
2 1 2996 832 2998 XOR
2 1 2997 2996 2999 XOR
2 1 2997 2998 3000 AND
2 1 2996 3000 3001 XOR
2 1 2914 833 3002 XOR
2 1 3001 833 3003 XOR
2 1 3002 3001 3004 XOR
2 1 3002 3003 3005 AND
2 1 3001 3005 3006 XOR
2 1 2917 834 3007 XOR
2 1 3006 834 3008 XOR
2 1 3007 3006 3009 XOR
2 1 3007 3008 3010 AND
2 1 3006 3010 3011 XOR
2 1 2920 835 3012 XOR
2 1 3011 835 3013 XOR
2 1 3012 3011 3014 XOR
2 1 3012 3013 3015 AND
2 1 3011 3015 3016 XOR
2 1 2923 836 3017 XOR
2 1 3016 836 3018 XOR
2 1 3017 3016 3019 XOR
2 1 3017 3018 3020 AND
2 1 3016 3020 3021 XOR
2 1 2926 837 3022 XOR
2 1 3021 837 3023 XOR
2 1 3022 3021 3024 XOR
2 1 3022 3023 3025 AND
2 1 3021 3025 3026 XOR
2 1 2929 838 3027 XOR
2 1 3026 838 3028 XOR
2 1 3027 3026 3029 XOR
2 1 3027 3028 3030 AND
2 1 3026 3030 3031 XOR
2 1 2932 839 3032 XOR
2 1 3031 839 3033 XOR
2 1 3032 3031 3034 XOR
2 1 3032 3033 3035 AND
2 1 3031 3035 3036 XOR
2 1 2935 840 3037 XOR
2 1 3036 840 3038 XOR
2 1 3037 3036 3039 XOR
2 1 3037 3038 3040 AND
2 1 3036 3040 3041 XOR
2 1 2938 841 3042 XOR
2 1 3041 841 3043 XOR
2 1 3042 3041 3044 XOR
2 1 3042 3043 3045 AND
2 1 3041 3045 3046 XOR
2 1 3046 1007 3047 AND
2 1 3046 1007 3048 XOR
2 1 3048 3047 3049 XOR
2 1 484 2940 3050 XOR
2 1 3049 3050 3051 AND
2 1 3051 2940 3052 XOR
2 1 2878 2944 3053 XOR
2 1 3049 3053 3054 AND
2 1 3054 2944 3055 XOR
2 1 2881 2949 3056 XOR
2 1 3049 3056 3057 AND
2 1 3057 2949 3058 XOR
2 1 2884 2954 3059 XOR
2 1 3049 3059 3060 AND
2 1 3060 2954 3061 XOR
2 1 2887 2959 3062 XOR
2 1 3049 3062 3063 AND
2 1 3063 2959 3064 XOR
2 1 2890 2964 3065 XOR
2 1 3049 3065 3066 AND
2 1 3066 2964 3067 XOR
2 1 2893 2969 3068 XOR
2 1 3049 3068 3069 AND
2 1 3069 2969 3070 XOR
2 1 2896 2974 3071 XOR
2 1 3049 3071 3072 AND
2 1 3072 2974 3073 XOR
2 1 2899 2979 3074 XOR
2 1 3049 3074 3075 AND
2 1 3075 2979 3076 XOR
2 1 2902 2984 3077 XOR
2 1 3049 3077 3078 AND
2 1 3078 2984 3079 XOR
2 1 2905 2989 3080 XOR
2 1 3049 3080 3081 AND
2 1 3081 2989 3082 XOR
2 1 2908 2994 3083 XOR
2 1 3049 3083 3084 AND
2 1 3084 2994 3085 XOR
2 1 2911 2999 3086 XOR
2 1 3049 3086 3087 AND
2 1 3087 2999 3088 XOR
2 1 2914 3004 3089 XOR
2 1 3049 3089 3090 AND
2 1 3090 3004 3091 XOR
2 1 2917 3009 3092 XOR
2 1 3049 3092 3093 AND
2 1 3093 3009 3094 XOR
2 1 2920 3014 3095 XOR
2 1 3049 3095 3096 AND
2 1 3096 3014 3097 XOR
2 1 2923 3019 3098 XOR
2 1 3049 3098 3099 AND
2 1 3099 3019 3100 XOR
2 1 2926 3024 3101 XOR
2 1 3049 3101 3102 AND
2 1 3102 3024 3103 XOR
2 1 2929 3029 3104 XOR
2 1 3049 3104 3105 AND
2 1 3105 3029 3106 XOR
2 1 2932 3034 3107 XOR
2 1 3049 3107 3108 AND
2 1 3108 3034 3109 XOR
2 1 2935 3039 3110 XOR
2 1 3049 3110 3111 AND
2 1 3111 3039 3112 XOR
2 1 2938 3044 3113 XOR
2 1 3049 3113 3114 AND
2 1 3114 3044 3115 XOR
1 1 3049 3116 INV
2 1 483 820 3117 XOR
2 1 3117 820 3118 AND
2 1 3052 821 3119 XOR
2 1 3118 821 3120 XOR
2 1 3119 3118 3121 XOR
2 1 3119 3120 3122 AND
2 1 3118 3122 3123 XOR
2 1 3055 822 3124 XOR
2 1 3123 822 3125 XOR
2 1 3124 3123 3126 XOR
2 1 3124 3125 3127 AND
2 1 3123 3127 3128 XOR
2 1 3058 823 3129 XOR
2 1 3128 823 3130 XOR
2 1 3129 3128 3131 XOR
2 1 3129 3130 3132 AND
2 1 3128 3132 3133 XOR
2 1 3061 824 3134 XOR
2 1 3133 824 3135 XOR
2 1 3134 3133 3136 XOR
2 1 3134 3135 3137 AND
2 1 3133 3137 3138 XOR
2 1 3064 825 3139 XOR
2 1 3138 825 3140 XOR
2 1 3139 3138 3141 XOR
2 1 3139 3140 3142 AND
2 1 3138 3142 3143 XOR
2 1 3067 826 3144 XOR
2 1 3143 826 3145 XOR
2 1 3144 3143 3146 XOR
2 1 3144 3145 3147 AND
2 1 3143 3147 3148 XOR
2 1 3070 827 3149 XOR
2 1 3148 827 3150 XOR
2 1 3149 3148 3151 XOR
2 1 3149 3150 3152 AND
2 1 3148 3152 3153 XOR
2 1 3073 828 3154 XOR
2 1 3153 828 3155 XOR
2 1 3154 3153 3156 XOR
2 1 3154 3155 3157 AND
2 1 3153 3157 3158 XOR
2 1 3076 829 3159 XOR
2 1 3158 829 3160 XOR
2 1 3159 3158 3161 XOR
2 1 3159 3160 3162 AND
2 1 3158 3162 3163 XOR
2 1 3079 830 3164 XOR
2 1 3163 830 3165 XOR
2 1 3164 3163 3166 XOR
2 1 3164 3165 3167 AND
2 1 3163 3167 3168 XOR
2 1 3082 831 3169 XOR
2 1 3168 831 3170 XOR
2 1 3169 3168 3171 XOR
2 1 3169 3170 3172 AND
2 1 3168 3172 3173 XOR
2 1 3085 832 3174 XOR
2 1 3173 832 3175 XOR
2 1 3174 3173 3176 XOR
2 1 3174 3175 3177 AND
2 1 3173 3177 3178 XOR
2 1 3088 833 3179 XOR
2 1 3178 833 3180 XOR
2 1 3179 3178 3181 XOR
2 1 3179 3180 3182 AND
2 1 3178 3182 3183 XOR
2 1 3091 834 3184 XOR
2 1 3183 834 3185 XOR
2 1 3184 3183 3186 XOR
2 1 3184 3185 3187 AND
2 1 3183 3187 3188 XOR
2 1 3094 835 3189 XOR
2 1 3188 835 3190 XOR
2 1 3189 3188 3191 XOR
2 1 3189 3190 3192 AND
2 1 3188 3192 3193 XOR
2 1 3097 836 3194 XOR
2 1 3193 836 3195 XOR
2 1 3194 3193 3196 XOR
2 1 3194 3195 3197 AND
2 1 3193 3197 3198 XOR
2 1 3100 837 3199 XOR
2 1 3198 837 3200 XOR
2 1 3199 3198 3201 XOR
2 1 3199 3200 3202 AND
2 1 3198 3202 3203 XOR
2 1 3103 838 3204 XOR
2 1 3203 838 3205 XOR
2 1 3204 3203 3206 XOR
2 1 3204 3205 3207 AND
2 1 3203 3207 3208 XOR
2 1 3106 839 3209 XOR
2 1 3208 839 3210 XOR
2 1 3209 3208 3211 XOR
2 1 3209 3210 3212 AND
2 1 3208 3212 3213 XOR
2 1 3109 840 3214 XOR
2 1 3213 840 3215 XOR
2 1 3214 3213 3216 XOR
2 1 3214 3215 3217 AND
2 1 3213 3217 3218 XOR
2 1 3112 841 3219 XOR
2 1 3218 841 3220 XOR
2 1 3219 3218 3221 XOR
2 1 3219 3220 3222 AND
2 1 3218 3222 3223 XOR
2 1 3115 842 3224 XOR
2 1 3223 842 3225 XOR
2 1 3224 3223 3226 XOR
2 1 3224 3225 3227 AND
2 1 3223 3227 3228 XOR
2 1 3228 1004 3229 AND
2 1 3228 1004 3230 XOR
2 1 3230 3229 3231 XOR
2 1 483 3117 3232 XOR
2 1 3231 3232 3233 AND
2 1 3233 3117 3234 XOR
2 1 3052 3121 3235 XOR
2 1 3231 3235 3236 AND
2 1 3236 3121 3237 XOR
2 1 3055 3126 3238 XOR
2 1 3231 3238 3239 AND
2 1 3239 3126 3240 XOR
2 1 3058 3131 3241 XOR
2 1 3231 3241 3242 AND
2 1 3242 3131 3243 XOR
2 1 3061 3136 3244 XOR
2 1 3231 3244 3245 AND
2 1 3245 3136 3246 XOR
2 1 3064 3141 3247 XOR
2 1 3231 3247 3248 AND
2 1 3248 3141 3249 XOR
2 1 3067 3146 3250 XOR
2 1 3231 3250 3251 AND
2 1 3251 3146 3252 XOR
2 1 3070 3151 3253 XOR
2 1 3231 3253 3254 AND
2 1 3254 3151 3255 XOR
2 1 3073 3156 3256 XOR
2 1 3231 3256 3257 AND
2 1 3257 3156 3258 XOR
2 1 3076 3161 3259 XOR
2 1 3231 3259 3260 AND
2 1 3260 3161 3261 XOR
2 1 3079 3166 3262 XOR
2 1 3231 3262 3263 AND
2 1 3263 3166 3264 XOR
2 1 3082 3171 3265 XOR
2 1 3231 3265 3266 AND
2 1 3266 3171 3267 XOR
2 1 3085 3176 3268 XOR
2 1 3231 3268 3269 AND
2 1 3269 3176 3270 XOR
2 1 3088 3181 3271 XOR
2 1 3231 3271 3272 AND
2 1 3272 3181 3273 XOR
2 1 3091 3186 3274 XOR
2 1 3231 3274 3275 AND
2 1 3275 3186 3276 XOR
2 1 3094 3191 3277 XOR
2 1 3231 3277 3278 AND
2 1 3278 3191 3279 XOR
2 1 3097 3196 3280 XOR
2 1 3231 3280 3281 AND
2 1 3281 3196 3282 XOR
2 1 3100 3201 3283 XOR
2 1 3231 3283 3284 AND
2 1 3284 3201 3285 XOR
2 1 3103 3206 3286 XOR
2 1 3231 3286 3287 AND
2 1 3287 3206 3288 XOR
2 1 3106 3211 3289 XOR
2 1 3231 3289 3290 AND
2 1 3290 3211 3291 XOR
2 1 3109 3216 3292 XOR
2 1 3231 3292 3293 AND
2 1 3293 3216 3294 XOR
2 1 3112 3221 3295 XOR
2 1 3231 3295 3296 AND
2 1 3296 3221 3297 XOR
2 1 3115 3226 3298 XOR
2 1 3231 3298 3299 AND
2 1 3299 3226 3300 XOR
1 1 3231 3301 INV
2 1 482 820 3302 XOR
2 1 3302 820 3303 AND
2 1 3234 821 3304 XOR
2 1 3303 821 3305 XOR
2 1 3304 3303 3306 XOR
2 1 3304 3305 3307 AND
2 1 3303 3307 3308 XOR
2 1 3237 822 3309 XOR
2 1 3308 822 3310 XOR
2 1 3309 3308 3311 XOR
2 1 3309 3310 3312 AND
2 1 3308 3312 3313 XOR
2 1 3240 823 3314 XOR
2 1 3313 823 3315 XOR
2 1 3314 3313 3316 XOR
2 1 3314 3315 3317 AND
2 1 3313 3317 3318 XOR
2 1 3243 824 3319 XOR
2 1 3318 824 3320 XOR
2 1 3319 3318 3321 XOR
2 1 3319 3320 3322 AND
2 1 3318 3322 3323 XOR
2 1 3246 825 3324 XOR
2 1 3323 825 3325 XOR
2 1 3324 3323 3326 XOR
2 1 3324 3325 3327 AND
2 1 3323 3327 3328 XOR
2 1 3249 826 3329 XOR
2 1 3328 826 3330 XOR
2 1 3329 3328 3331 XOR
2 1 3329 3330 3332 AND
2 1 3328 3332 3333 XOR
2 1 3252 827 3334 XOR
2 1 3333 827 3335 XOR
2 1 3334 3333 3336 XOR
2 1 3334 3335 3337 AND
2 1 3333 3337 3338 XOR
2 1 3255 828 3339 XOR
2 1 3338 828 3340 XOR
2 1 3339 3338 3341 XOR
2 1 3339 3340 3342 AND
2 1 3338 3342 3343 XOR
2 1 3258 829 3344 XOR
2 1 3343 829 3345 XOR
2 1 3344 3343 3346 XOR
2 1 3344 3345 3347 AND
2 1 3343 3347 3348 XOR
2 1 3261 830 3349 XOR
2 1 3348 830 3350 XOR
2 1 3349 3348 3351 XOR
2 1 3349 3350 3352 AND
2 1 3348 3352 3353 XOR
2 1 3264 831 3354 XOR
2 1 3353 831 3355 XOR
2 1 3354 3353 3356 XOR
2 1 3354 3355 3357 AND
2 1 3353 3357 3358 XOR
2 1 3267 832 3359 XOR
2 1 3358 832 3360 XOR
2 1 3359 3358 3361 XOR
2 1 3359 3360 3362 AND
2 1 3358 3362 3363 XOR
2 1 3270 833 3364 XOR
2 1 3363 833 3365 XOR
2 1 3364 3363 3366 XOR
2 1 3364 3365 3367 AND
2 1 3363 3367 3368 XOR
2 1 3273 834 3369 XOR
2 1 3368 834 3370 XOR
2 1 3369 3368 3371 XOR
2 1 3369 3370 3372 AND
2 1 3368 3372 3373 XOR
2 1 3276 835 3374 XOR
2 1 3373 835 3375 XOR
2 1 3374 3373 3376 XOR
2 1 3374 3375 3377 AND
2 1 3373 3377 3378 XOR
2 1 3279 836 3379 XOR
2 1 3378 836 3380 XOR
2 1 3379 3378 3381 XOR
2 1 3379 3380 3382 AND
2 1 3378 3382 3383 XOR
2 1 3282 837 3384 XOR
2 1 3383 837 3385 XOR
2 1 3384 3383 3386 XOR
2 1 3384 3385 3387 AND
2 1 3383 3387 3388 XOR
2 1 3285 838 3389 XOR
2 1 3388 838 3390 XOR
2 1 3389 3388 3391 XOR
2 1 3389 3390 3392 AND
2 1 3388 3392 3393 XOR
2 1 3288 839 3394 XOR
2 1 3393 839 3395 XOR
2 1 3394 3393 3396 XOR
2 1 3394 3395 3397 AND
2 1 3393 3397 3398 XOR
2 1 3291 840 3399 XOR
2 1 3398 840 3400 XOR
2 1 3399 3398 3401 XOR
2 1 3399 3400 3402 AND
2 1 3398 3402 3403 XOR
2 1 3294 841 3404 XOR
2 1 3403 841 3405 XOR
2 1 3404 3403 3406 XOR
2 1 3404 3405 3407 AND
2 1 3403 3407 3408 XOR
2 1 3297 842 3409 XOR
2 1 3408 842 3410 XOR
2 1 3409 3408 3411 XOR
2 1 3409 3410 3412 AND
2 1 3408 3412 3413 XOR
2 1 3300 843 3414 XOR
2 1 3413 843 3415 XOR
2 1 3414 3413 3416 XOR
2 1 3414 3415 3417 AND
2 1 3413 3417 3418 XOR
2 1 3418 1001 3419 AND
2 1 3418 1001 3420 XOR
2 1 3420 3419 3421 XOR
2 1 482 3302 3422 XOR
2 1 3421 3422 3423 AND
2 1 3423 3302 3424 XOR
2 1 3234 3306 3425 XOR
2 1 3421 3425 3426 AND
2 1 3426 3306 3427 XOR
2 1 3237 3311 3428 XOR
2 1 3421 3428 3429 AND
2 1 3429 3311 3430 XOR
2 1 3240 3316 3431 XOR
2 1 3421 3431 3432 AND
2 1 3432 3316 3433 XOR
2 1 3243 3321 3434 XOR
2 1 3421 3434 3435 AND
2 1 3435 3321 3436 XOR
2 1 3246 3326 3437 XOR
2 1 3421 3437 3438 AND
2 1 3438 3326 3439 XOR
2 1 3249 3331 3440 XOR
2 1 3421 3440 3441 AND
2 1 3441 3331 3442 XOR
2 1 3252 3336 3443 XOR
2 1 3421 3443 3444 AND
2 1 3444 3336 3445 XOR
2 1 3255 3341 3446 XOR
2 1 3421 3446 3447 AND
2 1 3447 3341 3448 XOR
2 1 3258 3346 3449 XOR
2 1 3421 3449 3450 AND
2 1 3450 3346 3451 XOR
2 1 3261 3351 3452 XOR
2 1 3421 3452 3453 AND
2 1 3453 3351 3454 XOR
2 1 3264 3356 3455 XOR
2 1 3421 3455 3456 AND
2 1 3456 3356 3457 XOR
2 1 3267 3361 3458 XOR
2 1 3421 3458 3459 AND
2 1 3459 3361 3460 XOR
2 1 3270 3366 3461 XOR
2 1 3421 3461 3462 AND
2 1 3462 3366 3463 XOR
2 1 3273 3371 3464 XOR
2 1 3421 3464 3465 AND
2 1 3465 3371 3466 XOR
2 1 3276 3376 3467 XOR
2 1 3421 3467 3468 AND
2 1 3468 3376 3469 XOR
2 1 3279 3381 3470 XOR
2 1 3421 3470 3471 AND
2 1 3471 3381 3472 XOR
2 1 3282 3386 3473 XOR
2 1 3421 3473 3474 AND
2 1 3474 3386 3475 XOR
2 1 3285 3391 3476 XOR
2 1 3421 3476 3477 AND
2 1 3477 3391 3478 XOR
2 1 3288 3396 3479 XOR
2 1 3421 3479 3480 AND
2 1 3480 3396 3481 XOR
2 1 3291 3401 3482 XOR
2 1 3421 3482 3483 AND
2 1 3483 3401 3484 XOR
2 1 3294 3406 3485 XOR
2 1 3421 3485 3486 AND
2 1 3486 3406 3487 XOR
2 1 3297 3411 3488 XOR
2 1 3421 3488 3489 AND
2 1 3489 3411 3490 XOR
2 1 3300 3416 3491 XOR
2 1 3421 3491 3492 AND
2 1 3492 3416 3493 XOR
1 1 3421 3494 INV
2 1 481 820 3495 XOR
2 1 3495 820 3496 AND
2 1 3424 821 3497 XOR
2 1 3496 821 3498 XOR
2 1 3497 3496 3499 XOR
2 1 3497 3498 3500 AND
2 1 3496 3500 3501 XOR
2 1 3427 822 3502 XOR
2 1 3501 822 3503 XOR
2 1 3502 3501 3504 XOR
2 1 3502 3503 3505 AND
2 1 3501 3505 3506 XOR
2 1 3430 823 3507 XOR
2 1 3506 823 3508 XOR
2 1 3507 3506 3509 XOR
2 1 3507 3508 3510 AND
2 1 3506 3510 3511 XOR
2 1 3433 824 3512 XOR
2 1 3511 824 3513 XOR
2 1 3512 3511 3514 XOR
2 1 3512 3513 3515 AND
2 1 3511 3515 3516 XOR
2 1 3436 825 3517 XOR
2 1 3516 825 3518 XOR
2 1 3517 3516 3519 XOR
2 1 3517 3518 3520 AND
2 1 3516 3520 3521 XOR
2 1 3439 826 3522 XOR
2 1 3521 826 3523 XOR
2 1 3522 3521 3524 XOR
2 1 3522 3523 3525 AND
2 1 3521 3525 3526 XOR
2 1 3442 827 3527 XOR
2 1 3526 827 3528 XOR
2 1 3527 3526 3529 XOR
2 1 3527 3528 3530 AND
2 1 3526 3530 3531 XOR
2 1 3445 828 3532 XOR
2 1 3531 828 3533 XOR
2 1 3532 3531 3534 XOR
2 1 3532 3533 3535 AND
2 1 3531 3535 3536 XOR
2 1 3448 829 3537 XOR
2 1 3536 829 3538 XOR
2 1 3537 3536 3539 XOR
2 1 3537 3538 3540 AND
2 1 3536 3540 3541 XOR
2 1 3451 830 3542 XOR
2 1 3541 830 3543 XOR
2 1 3542 3541 3544 XOR
2 1 3542 3543 3545 AND
2 1 3541 3545 3546 XOR
2 1 3454 831 3547 XOR
2 1 3546 831 3548 XOR
2 1 3547 3546 3549 XOR
2 1 3547 3548 3550 AND
2 1 3546 3550 3551 XOR
2 1 3457 832 3552 XOR
2 1 3551 832 3553 XOR
2 1 3552 3551 3554 XOR
2 1 3552 3553 3555 AND
2 1 3551 3555 3556 XOR
2 1 3460 833 3557 XOR
2 1 3556 833 3558 XOR
2 1 3557 3556 3559 XOR
2 1 3557 3558 3560 AND
2 1 3556 3560 3561 XOR
2 1 3463 834 3562 XOR
2 1 3561 834 3563 XOR
2 1 3562 3561 3564 XOR
2 1 3562 3563 3565 AND
2 1 3561 3565 3566 XOR
2 1 3466 835 3567 XOR
2 1 3566 835 3568 XOR
2 1 3567 3566 3569 XOR
2 1 3567 3568 3570 AND
2 1 3566 3570 3571 XOR
2 1 3469 836 3572 XOR
2 1 3571 836 3573 XOR
2 1 3572 3571 3574 XOR
2 1 3572 3573 3575 AND
2 1 3571 3575 3576 XOR
2 1 3472 837 3577 XOR
2 1 3576 837 3578 XOR
2 1 3577 3576 3579 XOR
2 1 3577 3578 3580 AND
2 1 3576 3580 3581 XOR
2 1 3475 838 3582 XOR
2 1 3581 838 3583 XOR
2 1 3582 3581 3584 XOR
2 1 3582 3583 3585 AND
2 1 3581 3585 3586 XOR
2 1 3478 839 3587 XOR
2 1 3586 839 3588 XOR
2 1 3587 3586 3589 XOR
2 1 3587 3588 3590 AND
2 1 3586 3590 3591 XOR
2 1 3481 840 3592 XOR
2 1 3591 840 3593 XOR
2 1 3592 3591 3594 XOR
2 1 3592 3593 3595 AND
2 1 3591 3595 3596 XOR
2 1 3484 841 3597 XOR
2 1 3596 841 3598 XOR
2 1 3597 3596 3599 XOR
2 1 3597 3598 3600 AND
2 1 3596 3600 3601 XOR
2 1 3487 842 3602 XOR
2 1 3601 842 3603 XOR
2 1 3602 3601 3604 XOR
2 1 3602 3603 3605 AND
2 1 3601 3605 3606 XOR
2 1 3490 843 3607 XOR
2 1 3606 843 3608 XOR
2 1 3607 3606 3609 XOR
2 1 3607 3608 3610 AND
2 1 3606 3610 3611 XOR
2 1 3493 844 3612 XOR
2 1 3611 844 3613 XOR
2 1 3612 3611 3614 XOR
2 1 3612 3613 3615 AND
2 1 3611 3615 3616 XOR
2 1 3616 998 3617 AND
2 1 3616 998 3618 XOR
2 1 3618 3617 3619 XOR
2 1 481 3495 3620 XOR
2 1 3619 3620 3621 AND
2 1 3621 3495 3622 XOR
2 1 3424 3499 3623 XOR
2 1 3619 3623 3624 AND
2 1 3624 3499 3625 XOR
2 1 3427 3504 3626 XOR
2 1 3619 3626 3627 AND
2 1 3627 3504 3628 XOR
2 1 3430 3509 3629 XOR
2 1 3619 3629 3630 AND
2 1 3630 3509 3631 XOR
2 1 3433 3514 3632 XOR
2 1 3619 3632 3633 AND
2 1 3633 3514 3634 XOR
2 1 3436 3519 3635 XOR
2 1 3619 3635 3636 AND
2 1 3636 3519 3637 XOR
2 1 3439 3524 3638 XOR
2 1 3619 3638 3639 AND
2 1 3639 3524 3640 XOR
2 1 3442 3529 3641 XOR
2 1 3619 3641 3642 AND
2 1 3642 3529 3643 XOR
2 1 3445 3534 3644 XOR
2 1 3619 3644 3645 AND
2 1 3645 3534 3646 XOR
2 1 3448 3539 3647 XOR
2 1 3619 3647 3648 AND
2 1 3648 3539 3649 XOR
2 1 3451 3544 3650 XOR
2 1 3619 3650 3651 AND
2 1 3651 3544 3652 XOR
2 1 3454 3549 3653 XOR
2 1 3619 3653 3654 AND
2 1 3654 3549 3655 XOR
2 1 3457 3554 3656 XOR
2 1 3619 3656 3657 AND
2 1 3657 3554 3658 XOR
2 1 3460 3559 3659 XOR
2 1 3619 3659 3660 AND
2 1 3660 3559 3661 XOR
2 1 3463 3564 3662 XOR
2 1 3619 3662 3663 AND
2 1 3663 3564 3664 XOR
2 1 3466 3569 3665 XOR
2 1 3619 3665 3666 AND
2 1 3666 3569 3667 XOR
2 1 3469 3574 3668 XOR
2 1 3619 3668 3669 AND
2 1 3669 3574 3670 XOR
2 1 3472 3579 3671 XOR
2 1 3619 3671 3672 AND
2 1 3672 3579 3673 XOR
2 1 3475 3584 3674 XOR
2 1 3619 3674 3675 AND
2 1 3675 3584 3676 XOR
2 1 3478 3589 3677 XOR
2 1 3619 3677 3678 AND
2 1 3678 3589 3679 XOR
2 1 3481 3594 3680 XOR
2 1 3619 3680 3681 AND
2 1 3681 3594 3682 XOR
2 1 3484 3599 3683 XOR
2 1 3619 3683 3684 AND
2 1 3684 3599 3685 XOR
2 1 3487 3604 3686 XOR
2 1 3619 3686 3687 AND
2 1 3687 3604 3688 XOR
2 1 3490 3609 3689 XOR
2 1 3619 3689 3690 AND
2 1 3690 3609 3691 XOR
2 1 3493 3614 3692 XOR
2 1 3619 3692 3693 AND
2 1 3693 3614 3694 XOR
1 1 3619 3695 INV
2 1 480 820 3696 XOR
2 1 3696 820 3697 AND
2 1 3622 821 3698 XOR
2 1 3697 821 3699 XOR
2 1 3698 3697 3700 XOR
2 1 3698 3699 3701 AND
2 1 3697 3701 3702 XOR
2 1 3625 822 3703 XOR
2 1 3702 822 3704 XOR
2 1 3703 3702 3705 XOR
2 1 3703 3704 3706 AND
2 1 3702 3706 3707 XOR
2 1 3628 823 3708 XOR
2 1 3707 823 3709 XOR
2 1 3708 3707 3710 XOR
2 1 3708 3709 3711 AND
2 1 3707 3711 3712 XOR
2 1 3631 824 3713 XOR
2 1 3712 824 3714 XOR
2 1 3713 3712 3715 XOR
2 1 3713 3714 3716 AND
2 1 3712 3716 3717 XOR
2 1 3634 825 3718 XOR
2 1 3717 825 3719 XOR
2 1 3718 3717 3720 XOR
2 1 3718 3719 3721 AND
2 1 3717 3721 3722 XOR
2 1 3637 826 3723 XOR
2 1 3722 826 3724 XOR
2 1 3723 3722 3725 XOR
2 1 3723 3724 3726 AND
2 1 3722 3726 3727 XOR
2 1 3640 827 3728 XOR
2 1 3727 827 3729 XOR
2 1 3728 3727 3730 XOR
2 1 3728 3729 3731 AND
2 1 3727 3731 3732 XOR
2 1 3643 828 3733 XOR
2 1 3732 828 3734 XOR
2 1 3733 3732 3735 XOR
2 1 3733 3734 3736 AND
2 1 3732 3736 3737 XOR
2 1 3646 829 3738 XOR
2 1 3737 829 3739 XOR
2 1 3738 3737 3740 XOR
2 1 3738 3739 3741 AND
2 1 3737 3741 3742 XOR
2 1 3649 830 3743 XOR
2 1 3742 830 3744 XOR
2 1 3743 3742 3745 XOR
2 1 3743 3744 3746 AND
2 1 3742 3746 3747 XOR
2 1 3652 831 3748 XOR
2 1 3747 831 3749 XOR
2 1 3748 3747 3750 XOR
2 1 3748 3749 3751 AND
2 1 3747 3751 3752 XOR
2 1 3655 832 3753 XOR
2 1 3752 832 3754 XOR
2 1 3753 3752 3755 XOR
2 1 3753 3754 3756 AND
2 1 3752 3756 3757 XOR
2 1 3658 833 3758 XOR
2 1 3757 833 3759 XOR
2 1 3758 3757 3760 XOR
2 1 3758 3759 3761 AND
2 1 3757 3761 3762 XOR
2 1 3661 834 3763 XOR
2 1 3762 834 3764 XOR
2 1 3763 3762 3765 XOR
2 1 3763 3764 3766 AND
2 1 3762 3766 3767 XOR
2 1 3664 835 3768 XOR
2 1 3767 835 3769 XOR
2 1 3768 3767 3770 XOR
2 1 3768 3769 3771 AND
2 1 3767 3771 3772 XOR
2 1 3667 836 3773 XOR
2 1 3772 836 3774 XOR
2 1 3773 3772 3775 XOR
2 1 3773 3774 3776 AND
2 1 3772 3776 3777 XOR
2 1 3670 837 3778 XOR
2 1 3777 837 3779 XOR
2 1 3778 3777 3780 XOR
2 1 3778 3779 3781 AND
2 1 3777 3781 3782 XOR
2 1 3673 838 3783 XOR
2 1 3782 838 3784 XOR
2 1 3783 3782 3785 XOR
2 1 3783 3784 3786 AND
2 1 3782 3786 3787 XOR
2 1 3676 839 3788 XOR
2 1 3787 839 3789 XOR
2 1 3788 3787 3790 XOR
2 1 3788 3789 3791 AND
2 1 3787 3791 3792 XOR
2 1 3679 840 3793 XOR
2 1 3792 840 3794 XOR
2 1 3793 3792 3795 XOR
2 1 3793 3794 3796 AND
2 1 3792 3796 3797 XOR
2 1 3682 841 3798 XOR
2 1 3797 841 3799 XOR
2 1 3798 3797 3800 XOR
2 1 3798 3799 3801 AND
2 1 3797 3801 3802 XOR
2 1 3685 842 3803 XOR
2 1 3802 842 3804 XOR
2 1 3803 3802 3805 XOR
2 1 3803 3804 3806 AND
2 1 3802 3806 3807 XOR
2 1 3688 843 3808 XOR
2 1 3807 843 3809 XOR
2 1 3808 3807 3810 XOR
2 1 3808 3809 3811 AND
2 1 3807 3811 3812 XOR
2 1 3691 844 3813 XOR
2 1 3812 844 3814 XOR
2 1 3813 3812 3815 XOR
2 1 3813 3814 3816 AND
2 1 3812 3816 3817 XOR
2 1 3694 845 3818 XOR
2 1 3817 845 3819 XOR
2 1 3818 3817 3820 XOR
2 1 3818 3819 3821 AND
2 1 3817 3821 3822 XOR
2 1 3822 995 3823 AND
2 1 3822 995 3824 XOR
2 1 3824 3823 3825 XOR
2 1 480 3696 3826 XOR
2 1 3825 3826 3827 AND
2 1 3827 3696 3828 XOR
2 1 3622 3700 3829 XOR
2 1 3825 3829 3830 AND
2 1 3830 3700 3831 XOR
2 1 3625 3705 3832 XOR
2 1 3825 3832 3833 AND
2 1 3833 3705 3834 XOR
2 1 3628 3710 3835 XOR
2 1 3825 3835 3836 AND
2 1 3836 3710 3837 XOR
2 1 3631 3715 3838 XOR
2 1 3825 3838 3839 AND
2 1 3839 3715 3840 XOR
2 1 3634 3720 3841 XOR
2 1 3825 3841 3842 AND
2 1 3842 3720 3843 XOR
2 1 3637 3725 3844 XOR
2 1 3825 3844 3845 AND
2 1 3845 3725 3846 XOR
2 1 3640 3730 3847 XOR
2 1 3825 3847 3848 AND
2 1 3848 3730 3849 XOR
2 1 3643 3735 3850 XOR
2 1 3825 3850 3851 AND
2 1 3851 3735 3852 XOR
2 1 3646 3740 3853 XOR
2 1 3825 3853 3854 AND
2 1 3854 3740 3855 XOR
2 1 3649 3745 3856 XOR
2 1 3825 3856 3857 AND
2 1 3857 3745 3858 XOR
2 1 3652 3750 3859 XOR
2 1 3825 3859 3860 AND
2 1 3860 3750 3861 XOR
2 1 3655 3755 3862 XOR
2 1 3825 3862 3863 AND
2 1 3863 3755 3864 XOR
2 1 3658 3760 3865 XOR
2 1 3825 3865 3866 AND
2 1 3866 3760 3867 XOR
2 1 3661 3765 3868 XOR
2 1 3825 3868 3869 AND
2 1 3869 3765 3870 XOR
2 1 3664 3770 3871 XOR
2 1 3825 3871 3872 AND
2 1 3872 3770 3873 XOR
2 1 3667 3775 3874 XOR
2 1 3825 3874 3875 AND
2 1 3875 3775 3876 XOR
2 1 3670 3780 3877 XOR
2 1 3825 3877 3878 AND
2 1 3878 3780 3879 XOR
2 1 3673 3785 3880 XOR
2 1 3825 3880 3881 AND
2 1 3881 3785 3882 XOR
2 1 3676 3790 3883 XOR
2 1 3825 3883 3884 AND
2 1 3884 3790 3885 XOR
2 1 3679 3795 3886 XOR
2 1 3825 3886 3887 AND
2 1 3887 3795 3888 XOR
2 1 3682 3800 3889 XOR
2 1 3825 3889 3890 AND
2 1 3890 3800 3891 XOR
2 1 3685 3805 3892 XOR
2 1 3825 3892 3893 AND
2 1 3893 3805 3894 XOR
2 1 3688 3810 3895 XOR
2 1 3825 3895 3896 AND
2 1 3896 3810 3897 XOR
2 1 3691 3815 3898 XOR
2 1 3825 3898 3899 AND
2 1 3899 3815 3900 XOR
2 1 3694 3820 3901 XOR
2 1 3825 3901 3902 AND
2 1 3902 3820 3903 XOR
1 1 3825 3904 INV
2 1 479 820 3905 XOR
2 1 3905 820 3906 AND
2 1 3828 821 3907 XOR
2 1 3906 821 3908 XOR
2 1 3907 3906 3909 XOR
2 1 3907 3908 3910 AND
2 1 3906 3910 3911 XOR
2 1 3831 822 3912 XOR
2 1 3911 822 3913 XOR
2 1 3912 3911 3914 XOR
2 1 3912 3913 3915 AND
2 1 3911 3915 3916 XOR
2 1 3834 823 3917 XOR
2 1 3916 823 3918 XOR
2 1 3917 3916 3919 XOR
2 1 3917 3918 3920 AND
2 1 3916 3920 3921 XOR
2 1 3837 824 3922 XOR
2 1 3921 824 3923 XOR
2 1 3922 3921 3924 XOR
2 1 3922 3923 3925 AND
2 1 3921 3925 3926 XOR
2 1 3840 825 3927 XOR
2 1 3926 825 3928 XOR
2 1 3927 3926 3929 XOR
2 1 3927 3928 3930 AND
2 1 3926 3930 3931 XOR
2 1 3843 826 3932 XOR
2 1 3931 826 3933 XOR
2 1 3932 3931 3934 XOR
2 1 3932 3933 3935 AND
2 1 3931 3935 3936 XOR
2 1 3846 827 3937 XOR
2 1 3936 827 3938 XOR
2 1 3937 3936 3939 XOR
2 1 3937 3938 3940 AND
2 1 3936 3940 3941 XOR
2 1 3849 828 3942 XOR
2 1 3941 828 3943 XOR
2 1 3942 3941 3944 XOR
2 1 3942 3943 3945 AND
2 1 3941 3945 3946 XOR
2 1 3852 829 3947 XOR
2 1 3946 829 3948 XOR
2 1 3947 3946 3949 XOR
2 1 3947 3948 3950 AND
2 1 3946 3950 3951 XOR
2 1 3855 830 3952 XOR
2 1 3951 830 3953 XOR
2 1 3952 3951 3954 XOR
2 1 3952 3953 3955 AND
2 1 3951 3955 3956 XOR
2 1 3858 831 3957 XOR
2 1 3956 831 3958 XOR
2 1 3957 3956 3959 XOR
2 1 3957 3958 3960 AND
2 1 3956 3960 3961 XOR
2 1 3861 832 3962 XOR
2 1 3961 832 3963 XOR
2 1 3962 3961 3964 XOR
2 1 3962 3963 3965 AND
2 1 3961 3965 3966 XOR
2 1 3864 833 3967 XOR
2 1 3966 833 3968 XOR
2 1 3967 3966 3969 XOR
2 1 3967 3968 3970 AND
2 1 3966 3970 3971 XOR
2 1 3867 834 3972 XOR
2 1 3971 834 3973 XOR
2 1 3972 3971 3974 XOR
2 1 3972 3973 3975 AND
2 1 3971 3975 3976 XOR
2 1 3870 835 3977 XOR
2 1 3976 835 3978 XOR
2 1 3977 3976 3979 XOR
2 1 3977 3978 3980 AND
2 1 3976 3980 3981 XOR
2 1 3873 836 3982 XOR
2 1 3981 836 3983 XOR
2 1 3982 3981 3984 XOR
2 1 3982 3983 3985 AND
2 1 3981 3985 3986 XOR
2 1 3876 837 3987 XOR
2 1 3986 837 3988 XOR
2 1 3987 3986 3989 XOR
2 1 3987 3988 3990 AND
2 1 3986 3990 3991 XOR
2 1 3879 838 3992 XOR
2 1 3991 838 3993 XOR
2 1 3992 3991 3994 XOR
2 1 3992 3993 3995 AND
2 1 3991 3995 3996 XOR
2 1 3882 839 3997 XOR
2 1 3996 839 3998 XOR
2 1 3997 3996 3999 XOR
2 1 3997 3998 4000 AND
2 1 3996 4000 4001 XOR
2 1 3885 840 4002 XOR
2 1 4001 840 4003 XOR
2 1 4002 4001 4004 XOR
2 1 4002 4003 4005 AND
2 1 4001 4005 4006 XOR
2 1 3888 841 4007 XOR
2 1 4006 841 4008 XOR
2 1 4007 4006 4009 XOR
2 1 4007 4008 4010 AND
2 1 4006 4010 4011 XOR
2 1 3891 842 4012 XOR
2 1 4011 842 4013 XOR
2 1 4012 4011 4014 XOR
2 1 4012 4013 4015 AND
2 1 4011 4015 4016 XOR
2 1 3894 843 4017 XOR
2 1 4016 843 4018 XOR
2 1 4017 4016 4019 XOR
2 1 4017 4018 4020 AND
2 1 4016 4020 4021 XOR
2 1 3897 844 4022 XOR
2 1 4021 844 4023 XOR
2 1 4022 4021 4024 XOR
2 1 4022 4023 4025 AND
2 1 4021 4025 4026 XOR
2 1 3900 845 4027 XOR
2 1 4026 845 4028 XOR
2 1 4027 4026 4029 XOR
2 1 4027 4028 4030 AND
2 1 4026 4030 4031 XOR
2 1 3903 846 4032 XOR
2 1 4031 846 4033 XOR
2 1 4032 4031 4034 XOR
2 1 4032 4033 4035 AND
2 1 4031 4035 4036 XOR
2 1 4036 992 4037 AND
2 1 4036 992 4038 XOR
2 1 4038 4037 4039 XOR
2 1 479 3905 4040 XOR
2 1 4039 4040 4041 AND
2 1 4041 3905 4042 XOR
2 1 3828 3909 4043 XOR
2 1 4039 4043 4044 AND
2 1 4044 3909 4045 XOR
2 1 3831 3914 4046 XOR
2 1 4039 4046 4047 AND
2 1 4047 3914 4048 XOR
2 1 3834 3919 4049 XOR
2 1 4039 4049 4050 AND
2 1 4050 3919 4051 XOR
2 1 3837 3924 4052 XOR
2 1 4039 4052 4053 AND
2 1 4053 3924 4054 XOR
2 1 3840 3929 4055 XOR
2 1 4039 4055 4056 AND
2 1 4056 3929 4057 XOR
2 1 3843 3934 4058 XOR
2 1 4039 4058 4059 AND
2 1 4059 3934 4060 XOR
2 1 3846 3939 4061 XOR
2 1 4039 4061 4062 AND
2 1 4062 3939 4063 XOR
2 1 3849 3944 4064 XOR
2 1 4039 4064 4065 AND
2 1 4065 3944 4066 XOR
2 1 3852 3949 4067 XOR
2 1 4039 4067 4068 AND
2 1 4068 3949 4069 XOR
2 1 3855 3954 4070 XOR
2 1 4039 4070 4071 AND
2 1 4071 3954 4072 XOR
2 1 3858 3959 4073 XOR
2 1 4039 4073 4074 AND
2 1 4074 3959 4075 XOR
2 1 3861 3964 4076 XOR
2 1 4039 4076 4077 AND
2 1 4077 3964 4078 XOR
2 1 3864 3969 4079 XOR
2 1 4039 4079 4080 AND
2 1 4080 3969 4081 XOR
2 1 3867 3974 4082 XOR
2 1 4039 4082 4083 AND
2 1 4083 3974 4084 XOR
2 1 3870 3979 4085 XOR
2 1 4039 4085 4086 AND
2 1 4086 3979 4087 XOR
2 1 3873 3984 4088 XOR
2 1 4039 4088 4089 AND
2 1 4089 3984 4090 XOR
2 1 3876 3989 4091 XOR
2 1 4039 4091 4092 AND
2 1 4092 3989 4093 XOR
2 1 3879 3994 4094 XOR
2 1 4039 4094 4095 AND
2 1 4095 3994 4096 XOR
2 1 3882 3999 4097 XOR
2 1 4039 4097 4098 AND
2 1 4098 3999 4099 XOR
2 1 3885 4004 4100 XOR
2 1 4039 4100 4101 AND
2 1 4101 4004 4102 XOR
2 1 3888 4009 4103 XOR
2 1 4039 4103 4104 AND
2 1 4104 4009 4105 XOR
2 1 3891 4014 4106 XOR
2 1 4039 4106 4107 AND
2 1 4107 4014 4108 XOR
2 1 3894 4019 4109 XOR
2 1 4039 4109 4110 AND
2 1 4110 4019 4111 XOR
2 1 3897 4024 4112 XOR
2 1 4039 4112 4113 AND
2 1 4113 4024 4114 XOR
2 1 3900 4029 4115 XOR
2 1 4039 4115 4116 AND
2 1 4116 4029 4117 XOR
2 1 3903 4034 4118 XOR
2 1 4039 4118 4119 AND
2 1 4119 4034 4120 XOR
1 1 4039 4121 INV
2 1 478 820 4122 XOR
2 1 4122 820 4123 AND
2 1 4042 821 4124 XOR
2 1 4123 821 4125 XOR
2 1 4124 4123 4126 XOR
2 1 4124 4125 4127 AND
2 1 4123 4127 4128 XOR
2 1 4045 822 4129 XOR
2 1 4128 822 4130 XOR
2 1 4129 4128 4131 XOR
2 1 4129 4130 4132 AND
2 1 4128 4132 4133 XOR
2 1 4048 823 4134 XOR
2 1 4133 823 4135 XOR
2 1 4134 4133 4136 XOR
2 1 4134 4135 4137 AND
2 1 4133 4137 4138 XOR
2 1 4051 824 4139 XOR
2 1 4138 824 4140 XOR
2 1 4139 4138 4141 XOR
2 1 4139 4140 4142 AND
2 1 4138 4142 4143 XOR
2 1 4054 825 4144 XOR
2 1 4143 825 4145 XOR
2 1 4144 4143 4146 XOR
2 1 4144 4145 4147 AND
2 1 4143 4147 4148 XOR
2 1 4057 826 4149 XOR
2 1 4148 826 4150 XOR
2 1 4149 4148 4151 XOR
2 1 4149 4150 4152 AND
2 1 4148 4152 4153 XOR
2 1 4060 827 4154 XOR
2 1 4153 827 4155 XOR
2 1 4154 4153 4156 XOR
2 1 4154 4155 4157 AND
2 1 4153 4157 4158 XOR
2 1 4063 828 4159 XOR
2 1 4158 828 4160 XOR
2 1 4159 4158 4161 XOR
2 1 4159 4160 4162 AND
2 1 4158 4162 4163 XOR
2 1 4066 829 4164 XOR
2 1 4163 829 4165 XOR
2 1 4164 4163 4166 XOR
2 1 4164 4165 4167 AND
2 1 4163 4167 4168 XOR
2 1 4069 830 4169 XOR
2 1 4168 830 4170 XOR
2 1 4169 4168 4171 XOR
2 1 4169 4170 4172 AND
2 1 4168 4172 4173 XOR
2 1 4072 831 4174 XOR
2 1 4173 831 4175 XOR
2 1 4174 4173 4176 XOR
2 1 4174 4175 4177 AND
2 1 4173 4177 4178 XOR
2 1 4075 832 4179 XOR
2 1 4178 832 4180 XOR
2 1 4179 4178 4181 XOR
2 1 4179 4180 4182 AND
2 1 4178 4182 4183 XOR
2 1 4078 833 4184 XOR
2 1 4183 833 4185 XOR
2 1 4184 4183 4186 XOR
2 1 4184 4185 4187 AND
2 1 4183 4187 4188 XOR
2 1 4081 834 4189 XOR
2 1 4188 834 4190 XOR
2 1 4189 4188 4191 XOR
2 1 4189 4190 4192 AND
2 1 4188 4192 4193 XOR
2 1 4084 835 4194 XOR
2 1 4193 835 4195 XOR
2 1 4194 4193 4196 XOR
2 1 4194 4195 4197 AND
2 1 4193 4197 4198 XOR
2 1 4087 836 4199 XOR
2 1 4198 836 4200 XOR
2 1 4199 4198 4201 XOR
2 1 4199 4200 4202 AND
2 1 4198 4202 4203 XOR
2 1 4090 837 4204 XOR
2 1 4203 837 4205 XOR
2 1 4204 4203 4206 XOR
2 1 4204 4205 4207 AND
2 1 4203 4207 4208 XOR
2 1 4093 838 4209 XOR
2 1 4208 838 4210 XOR
2 1 4209 4208 4211 XOR
2 1 4209 4210 4212 AND
2 1 4208 4212 4213 XOR
2 1 4096 839 4214 XOR
2 1 4213 839 4215 XOR
2 1 4214 4213 4216 XOR
2 1 4214 4215 4217 AND
2 1 4213 4217 4218 XOR
2 1 4099 840 4219 XOR
2 1 4218 840 4220 XOR
2 1 4219 4218 4221 XOR
2 1 4219 4220 4222 AND
2 1 4218 4222 4223 XOR
2 1 4102 841 4224 XOR
2 1 4223 841 4225 XOR
2 1 4224 4223 4226 XOR
2 1 4224 4225 4227 AND
2 1 4223 4227 4228 XOR
2 1 4105 842 4229 XOR
2 1 4228 842 4230 XOR
2 1 4229 4228 4231 XOR
2 1 4229 4230 4232 AND
2 1 4228 4232 4233 XOR
2 1 4108 843 4234 XOR
2 1 4233 843 4235 XOR
2 1 4234 4233 4236 XOR
2 1 4234 4235 4237 AND
2 1 4233 4237 4238 XOR
2 1 4111 844 4239 XOR
2 1 4238 844 4240 XOR
2 1 4239 4238 4241 XOR
2 1 4239 4240 4242 AND
2 1 4238 4242 4243 XOR
2 1 4114 845 4244 XOR
2 1 4243 845 4245 XOR
2 1 4244 4243 4246 XOR
2 1 4244 4245 4247 AND
2 1 4243 4247 4248 XOR
2 1 4117 846 4249 XOR
2 1 4248 846 4250 XOR
2 1 4249 4248 4251 XOR
2 1 4249 4250 4252 AND
2 1 4248 4252 4253 XOR
2 1 4120 847 4254 XOR
2 1 4253 847 4255 XOR
2 1 4254 4253 4256 XOR
2 1 4254 4255 4257 AND
2 1 4253 4257 4258 XOR
2 1 4258 989 4259 AND
2 1 4258 989 4260 XOR
2 1 4260 4259 4261 XOR
2 1 478 4122 4262 XOR
2 1 4261 4262 4263 AND
2 1 4263 4122 4264 XOR
2 1 4042 4126 4265 XOR
2 1 4261 4265 4266 AND
2 1 4266 4126 4267 XOR
2 1 4045 4131 4268 XOR
2 1 4261 4268 4269 AND
2 1 4269 4131 4270 XOR
2 1 4048 4136 4271 XOR
2 1 4261 4271 4272 AND
2 1 4272 4136 4273 XOR
2 1 4051 4141 4274 XOR
2 1 4261 4274 4275 AND
2 1 4275 4141 4276 XOR
2 1 4054 4146 4277 XOR
2 1 4261 4277 4278 AND
2 1 4278 4146 4279 XOR
2 1 4057 4151 4280 XOR
2 1 4261 4280 4281 AND
2 1 4281 4151 4282 XOR
2 1 4060 4156 4283 XOR
2 1 4261 4283 4284 AND
2 1 4284 4156 4285 XOR
2 1 4063 4161 4286 XOR
2 1 4261 4286 4287 AND
2 1 4287 4161 4288 XOR
2 1 4066 4166 4289 XOR
2 1 4261 4289 4290 AND
2 1 4290 4166 4291 XOR
2 1 4069 4171 4292 XOR
2 1 4261 4292 4293 AND
2 1 4293 4171 4294 XOR
2 1 4072 4176 4295 XOR
2 1 4261 4295 4296 AND
2 1 4296 4176 4297 XOR
2 1 4075 4181 4298 XOR
2 1 4261 4298 4299 AND
2 1 4299 4181 4300 XOR
2 1 4078 4186 4301 XOR
2 1 4261 4301 4302 AND
2 1 4302 4186 4303 XOR
2 1 4081 4191 4304 XOR
2 1 4261 4304 4305 AND
2 1 4305 4191 4306 XOR
2 1 4084 4196 4307 XOR
2 1 4261 4307 4308 AND
2 1 4308 4196 4309 XOR
2 1 4087 4201 4310 XOR
2 1 4261 4310 4311 AND
2 1 4311 4201 4312 XOR
2 1 4090 4206 4313 XOR
2 1 4261 4313 4314 AND
2 1 4314 4206 4315 XOR
2 1 4093 4211 4316 XOR
2 1 4261 4316 4317 AND
2 1 4317 4211 4318 XOR
2 1 4096 4216 4319 XOR
2 1 4261 4319 4320 AND
2 1 4320 4216 4321 XOR
2 1 4099 4221 4322 XOR
2 1 4261 4322 4323 AND
2 1 4323 4221 4324 XOR
2 1 4102 4226 4325 XOR
2 1 4261 4325 4326 AND
2 1 4326 4226 4327 XOR
2 1 4105 4231 4328 XOR
2 1 4261 4328 4329 AND
2 1 4329 4231 4330 XOR
2 1 4108 4236 4331 XOR
2 1 4261 4331 4332 AND
2 1 4332 4236 4333 XOR
2 1 4111 4241 4334 XOR
2 1 4261 4334 4335 AND
2 1 4335 4241 4336 XOR
2 1 4114 4246 4337 XOR
2 1 4261 4337 4338 AND
2 1 4338 4246 4339 XOR
2 1 4117 4251 4340 XOR
2 1 4261 4340 4341 AND
2 1 4341 4251 4342 XOR
2 1 4120 4256 4343 XOR
2 1 4261 4343 4344 AND
2 1 4344 4256 4345 XOR
1 1 4261 4346 INV
2 1 477 820 4347 XOR
2 1 4347 820 4348 AND
2 1 4264 821 4349 XOR
2 1 4348 821 4350 XOR
2 1 4349 4348 4351 XOR
2 1 4349 4350 4352 AND
2 1 4348 4352 4353 XOR
2 1 4267 822 4354 XOR
2 1 4353 822 4355 XOR
2 1 4354 4353 4356 XOR
2 1 4354 4355 4357 AND
2 1 4353 4357 4358 XOR
2 1 4270 823 4359 XOR
2 1 4358 823 4360 XOR
2 1 4359 4358 4361 XOR
2 1 4359 4360 4362 AND
2 1 4358 4362 4363 XOR
2 1 4273 824 4364 XOR
2 1 4363 824 4365 XOR
2 1 4364 4363 4366 XOR
2 1 4364 4365 4367 AND
2 1 4363 4367 4368 XOR
2 1 4276 825 4369 XOR
2 1 4368 825 4370 XOR
2 1 4369 4368 4371 XOR
2 1 4369 4370 4372 AND
2 1 4368 4372 4373 XOR
2 1 4279 826 4374 XOR
2 1 4373 826 4375 XOR
2 1 4374 4373 4376 XOR
2 1 4374 4375 4377 AND
2 1 4373 4377 4378 XOR
2 1 4282 827 4379 XOR
2 1 4378 827 4380 XOR
2 1 4379 4378 4381 XOR
2 1 4379 4380 4382 AND
2 1 4378 4382 4383 XOR
2 1 4285 828 4384 XOR
2 1 4383 828 4385 XOR
2 1 4384 4383 4386 XOR
2 1 4384 4385 4387 AND
2 1 4383 4387 4388 XOR
2 1 4288 829 4389 XOR
2 1 4388 829 4390 XOR
2 1 4389 4388 4391 XOR
2 1 4389 4390 4392 AND
2 1 4388 4392 4393 XOR
2 1 4291 830 4394 XOR
2 1 4393 830 4395 XOR
2 1 4394 4393 4396 XOR
2 1 4394 4395 4397 AND
2 1 4393 4397 4398 XOR
2 1 4294 831 4399 XOR
2 1 4398 831 4400 XOR
2 1 4399 4398 4401 XOR
2 1 4399 4400 4402 AND
2 1 4398 4402 4403 XOR
2 1 4297 832 4404 XOR
2 1 4403 832 4405 XOR
2 1 4404 4403 4406 XOR
2 1 4404 4405 4407 AND
2 1 4403 4407 4408 XOR
2 1 4300 833 4409 XOR
2 1 4408 833 4410 XOR
2 1 4409 4408 4411 XOR
2 1 4409 4410 4412 AND
2 1 4408 4412 4413 XOR
2 1 4303 834 4414 XOR
2 1 4413 834 4415 XOR
2 1 4414 4413 4416 XOR
2 1 4414 4415 4417 AND
2 1 4413 4417 4418 XOR
2 1 4306 835 4419 XOR
2 1 4418 835 4420 XOR
2 1 4419 4418 4421 XOR
2 1 4419 4420 4422 AND
2 1 4418 4422 4423 XOR
2 1 4309 836 4424 XOR
2 1 4423 836 4425 XOR
2 1 4424 4423 4426 XOR
2 1 4424 4425 4427 AND
2 1 4423 4427 4428 XOR
2 1 4312 837 4429 XOR
2 1 4428 837 4430 XOR
2 1 4429 4428 4431 XOR
2 1 4429 4430 4432 AND
2 1 4428 4432 4433 XOR
2 1 4315 838 4434 XOR
2 1 4433 838 4435 XOR
2 1 4434 4433 4436 XOR
2 1 4434 4435 4437 AND
2 1 4433 4437 4438 XOR
2 1 4318 839 4439 XOR
2 1 4438 839 4440 XOR
2 1 4439 4438 4441 XOR
2 1 4439 4440 4442 AND
2 1 4438 4442 4443 XOR
2 1 4321 840 4444 XOR
2 1 4443 840 4445 XOR
2 1 4444 4443 4446 XOR
2 1 4444 4445 4447 AND
2 1 4443 4447 4448 XOR
2 1 4324 841 4449 XOR
2 1 4448 841 4450 XOR
2 1 4449 4448 4451 XOR
2 1 4449 4450 4452 AND
2 1 4448 4452 4453 XOR
2 1 4327 842 4454 XOR
2 1 4453 842 4455 XOR
2 1 4454 4453 4456 XOR
2 1 4454 4455 4457 AND
2 1 4453 4457 4458 XOR
2 1 4330 843 4459 XOR
2 1 4458 843 4460 XOR
2 1 4459 4458 4461 XOR
2 1 4459 4460 4462 AND
2 1 4458 4462 4463 XOR
2 1 4333 844 4464 XOR
2 1 4463 844 4465 XOR
2 1 4464 4463 4466 XOR
2 1 4464 4465 4467 AND
2 1 4463 4467 4468 XOR
2 1 4336 845 4469 XOR
2 1 4468 845 4470 XOR
2 1 4469 4468 4471 XOR
2 1 4469 4470 4472 AND
2 1 4468 4472 4473 XOR
2 1 4339 846 4474 XOR
2 1 4473 846 4475 XOR
2 1 4474 4473 4476 XOR
2 1 4474 4475 4477 AND
2 1 4473 4477 4478 XOR
2 1 4342 847 4479 XOR
2 1 4478 847 4480 XOR
2 1 4479 4478 4481 XOR
2 1 4479 4480 4482 AND
2 1 4478 4482 4483 XOR
2 1 4345 848 4484 XOR
2 1 4483 848 4485 XOR
2 1 4484 4483 4486 XOR
2 1 4484 4485 4487 AND
2 1 4483 4487 4488 XOR
2 1 4488 986 4489 AND
2 1 4488 986 4490 XOR
2 1 4490 4489 4491 XOR
2 1 477 4347 4492 XOR
2 1 4491 4492 4493 AND
2 1 4493 4347 4494 XOR
2 1 4264 4351 4495 XOR
2 1 4491 4495 4496 AND
2 1 4496 4351 4497 XOR
2 1 4267 4356 4498 XOR
2 1 4491 4498 4499 AND
2 1 4499 4356 4500 XOR
2 1 4270 4361 4501 XOR
2 1 4491 4501 4502 AND
2 1 4502 4361 4503 XOR
2 1 4273 4366 4504 XOR
2 1 4491 4504 4505 AND
2 1 4505 4366 4506 XOR
2 1 4276 4371 4507 XOR
2 1 4491 4507 4508 AND
2 1 4508 4371 4509 XOR
2 1 4279 4376 4510 XOR
2 1 4491 4510 4511 AND
2 1 4511 4376 4512 XOR
2 1 4282 4381 4513 XOR
2 1 4491 4513 4514 AND
2 1 4514 4381 4515 XOR
2 1 4285 4386 4516 XOR
2 1 4491 4516 4517 AND
2 1 4517 4386 4518 XOR
2 1 4288 4391 4519 XOR
2 1 4491 4519 4520 AND
2 1 4520 4391 4521 XOR
2 1 4291 4396 4522 XOR
2 1 4491 4522 4523 AND
2 1 4523 4396 4524 XOR
2 1 4294 4401 4525 XOR
2 1 4491 4525 4526 AND
2 1 4526 4401 4527 XOR
2 1 4297 4406 4528 XOR
2 1 4491 4528 4529 AND
2 1 4529 4406 4530 XOR
2 1 4300 4411 4531 XOR
2 1 4491 4531 4532 AND
2 1 4532 4411 4533 XOR
2 1 4303 4416 4534 XOR
2 1 4491 4534 4535 AND
2 1 4535 4416 4536 XOR
2 1 4306 4421 4537 XOR
2 1 4491 4537 4538 AND
2 1 4538 4421 4539 XOR
2 1 4309 4426 4540 XOR
2 1 4491 4540 4541 AND
2 1 4541 4426 4542 XOR
2 1 4312 4431 4543 XOR
2 1 4491 4543 4544 AND
2 1 4544 4431 4545 XOR
2 1 4315 4436 4546 XOR
2 1 4491 4546 4547 AND
2 1 4547 4436 4548 XOR
2 1 4318 4441 4549 XOR
2 1 4491 4549 4550 AND
2 1 4550 4441 4551 XOR
2 1 4321 4446 4552 XOR
2 1 4491 4552 4553 AND
2 1 4553 4446 4554 XOR
2 1 4324 4451 4555 XOR
2 1 4491 4555 4556 AND
2 1 4556 4451 4557 XOR
2 1 4327 4456 4558 XOR
2 1 4491 4558 4559 AND
2 1 4559 4456 4560 XOR
2 1 4330 4461 4561 XOR
2 1 4491 4561 4562 AND
2 1 4562 4461 4563 XOR
2 1 4333 4466 4564 XOR
2 1 4491 4564 4565 AND
2 1 4565 4466 4566 XOR
2 1 4336 4471 4567 XOR
2 1 4491 4567 4568 AND
2 1 4568 4471 4569 XOR
2 1 4339 4476 4570 XOR
2 1 4491 4570 4571 AND
2 1 4571 4476 4572 XOR
2 1 4342 4481 4573 XOR
2 1 4491 4573 4574 AND
2 1 4574 4481 4575 XOR
2 1 4345 4486 4576 XOR
2 1 4491 4576 4577 AND
2 1 4577 4486 4578 XOR
1 1 4491 4579 INV
2 1 476 820 4580 XOR
2 1 4580 820 4581 AND
2 1 4494 821 4582 XOR
2 1 4581 821 4583 XOR
2 1 4582 4581 4584 XOR
2 1 4582 4583 4585 AND
2 1 4581 4585 4586 XOR
2 1 4497 822 4587 XOR
2 1 4586 822 4588 XOR
2 1 4587 4586 4589 XOR
2 1 4587 4588 4590 AND
2 1 4586 4590 4591 XOR
2 1 4500 823 4592 XOR
2 1 4591 823 4593 XOR
2 1 4592 4591 4594 XOR
2 1 4592 4593 4595 AND
2 1 4591 4595 4596 XOR
2 1 4503 824 4597 XOR
2 1 4596 824 4598 XOR
2 1 4597 4596 4599 XOR
2 1 4597 4598 4600 AND
2 1 4596 4600 4601 XOR
2 1 4506 825 4602 XOR
2 1 4601 825 4603 XOR
2 1 4602 4601 4604 XOR
2 1 4602 4603 4605 AND
2 1 4601 4605 4606 XOR
2 1 4509 826 4607 XOR
2 1 4606 826 4608 XOR
2 1 4607 4606 4609 XOR
2 1 4607 4608 4610 AND
2 1 4606 4610 4611 XOR
2 1 4512 827 4612 XOR
2 1 4611 827 4613 XOR
2 1 4612 4611 4614 XOR
2 1 4612 4613 4615 AND
2 1 4611 4615 4616 XOR
2 1 4515 828 4617 XOR
2 1 4616 828 4618 XOR
2 1 4617 4616 4619 XOR
2 1 4617 4618 4620 AND
2 1 4616 4620 4621 XOR
2 1 4518 829 4622 XOR
2 1 4621 829 4623 XOR
2 1 4622 4621 4624 XOR
2 1 4622 4623 4625 AND
2 1 4621 4625 4626 XOR
2 1 4521 830 4627 XOR
2 1 4626 830 4628 XOR
2 1 4627 4626 4629 XOR
2 1 4627 4628 4630 AND
2 1 4626 4630 4631 XOR
2 1 4524 831 4632 XOR
2 1 4631 831 4633 XOR
2 1 4632 4631 4634 XOR
2 1 4632 4633 4635 AND
2 1 4631 4635 4636 XOR
2 1 4527 832 4637 XOR
2 1 4636 832 4638 XOR
2 1 4637 4636 4639 XOR
2 1 4637 4638 4640 AND
2 1 4636 4640 4641 XOR
2 1 4530 833 4642 XOR
2 1 4641 833 4643 XOR
2 1 4642 4641 4644 XOR
2 1 4642 4643 4645 AND
2 1 4641 4645 4646 XOR
2 1 4533 834 4647 XOR
2 1 4646 834 4648 XOR
2 1 4647 4646 4649 XOR
2 1 4647 4648 4650 AND
2 1 4646 4650 4651 XOR
2 1 4536 835 4652 XOR
2 1 4651 835 4653 XOR
2 1 4652 4651 4654 XOR
2 1 4652 4653 4655 AND
2 1 4651 4655 4656 XOR
2 1 4539 836 4657 XOR
2 1 4656 836 4658 XOR
2 1 4657 4656 4659 XOR
2 1 4657 4658 4660 AND
2 1 4656 4660 4661 XOR
2 1 4542 837 4662 XOR
2 1 4661 837 4663 XOR
2 1 4662 4661 4664 XOR
2 1 4662 4663 4665 AND
2 1 4661 4665 4666 XOR
2 1 4545 838 4667 XOR
2 1 4666 838 4668 XOR
2 1 4667 4666 4669 XOR
2 1 4667 4668 4670 AND
2 1 4666 4670 4671 XOR
2 1 4548 839 4672 XOR
2 1 4671 839 4673 XOR
2 1 4672 4671 4674 XOR
2 1 4672 4673 4675 AND
2 1 4671 4675 4676 XOR
2 1 4551 840 4677 XOR
2 1 4676 840 4678 XOR
2 1 4677 4676 4679 XOR
2 1 4677 4678 4680 AND
2 1 4676 4680 4681 XOR
2 1 4554 841 4682 XOR
2 1 4681 841 4683 XOR
2 1 4682 4681 4684 XOR
2 1 4682 4683 4685 AND
2 1 4681 4685 4686 XOR
2 1 4557 842 4687 XOR
2 1 4686 842 4688 XOR
2 1 4687 4686 4689 XOR
2 1 4687 4688 4690 AND
2 1 4686 4690 4691 XOR
2 1 4560 843 4692 XOR
2 1 4691 843 4693 XOR
2 1 4692 4691 4694 XOR
2 1 4692 4693 4695 AND
2 1 4691 4695 4696 XOR
2 1 4563 844 4697 XOR
2 1 4696 844 4698 XOR
2 1 4697 4696 4699 XOR
2 1 4697 4698 4700 AND
2 1 4696 4700 4701 XOR
2 1 4566 845 4702 XOR
2 1 4701 845 4703 XOR
2 1 4702 4701 4704 XOR
2 1 4702 4703 4705 AND
2 1 4701 4705 4706 XOR
2 1 4569 846 4707 XOR
2 1 4706 846 4708 XOR
2 1 4707 4706 4709 XOR
2 1 4707 4708 4710 AND
2 1 4706 4710 4711 XOR
2 1 4572 847 4712 XOR
2 1 4711 847 4713 XOR
2 1 4712 4711 4714 XOR
2 1 4712 4713 4715 AND
2 1 4711 4715 4716 XOR
2 1 4575 848 4717 XOR
2 1 4716 848 4718 XOR
2 1 4717 4716 4719 XOR
2 1 4717 4718 4720 AND
2 1 4716 4720 4721 XOR
2 1 4578 849 4722 XOR
2 1 4721 849 4723 XOR
2 1 4722 4721 4724 XOR
2 1 4722 4723 4725 AND
2 1 4721 4725 4726 XOR
2 1 4726 983 4727 AND
2 1 4726 983 4728 XOR
2 1 4728 4727 4729 XOR
2 1 476 4580 4730 XOR
2 1 4729 4730 4731 AND
2 1 4731 4580 4732 XOR
2 1 4494 4584 4733 XOR
2 1 4729 4733 4734 AND
2 1 4734 4584 4735 XOR
2 1 4497 4589 4736 XOR
2 1 4729 4736 4737 AND
2 1 4737 4589 4738 XOR
2 1 4500 4594 4739 XOR
2 1 4729 4739 4740 AND
2 1 4740 4594 4741 XOR
2 1 4503 4599 4742 XOR
2 1 4729 4742 4743 AND
2 1 4743 4599 4744 XOR
2 1 4506 4604 4745 XOR
2 1 4729 4745 4746 AND
2 1 4746 4604 4747 XOR
2 1 4509 4609 4748 XOR
2 1 4729 4748 4749 AND
2 1 4749 4609 4750 XOR
2 1 4512 4614 4751 XOR
2 1 4729 4751 4752 AND
2 1 4752 4614 4753 XOR
2 1 4515 4619 4754 XOR
2 1 4729 4754 4755 AND
2 1 4755 4619 4756 XOR
2 1 4518 4624 4757 XOR
2 1 4729 4757 4758 AND
2 1 4758 4624 4759 XOR
2 1 4521 4629 4760 XOR
2 1 4729 4760 4761 AND
2 1 4761 4629 4762 XOR
2 1 4524 4634 4763 XOR
2 1 4729 4763 4764 AND
2 1 4764 4634 4765 XOR
2 1 4527 4639 4766 XOR
2 1 4729 4766 4767 AND
2 1 4767 4639 4768 XOR
2 1 4530 4644 4769 XOR
2 1 4729 4769 4770 AND
2 1 4770 4644 4771 XOR
2 1 4533 4649 4772 XOR
2 1 4729 4772 4773 AND
2 1 4773 4649 4774 XOR
2 1 4536 4654 4775 XOR
2 1 4729 4775 4776 AND
2 1 4776 4654 4777 XOR
2 1 4539 4659 4778 XOR
2 1 4729 4778 4779 AND
2 1 4779 4659 4780 XOR
2 1 4542 4664 4781 XOR
2 1 4729 4781 4782 AND
2 1 4782 4664 4783 XOR
2 1 4545 4669 4784 XOR
2 1 4729 4784 4785 AND
2 1 4785 4669 4786 XOR
2 1 4548 4674 4787 XOR
2 1 4729 4787 4788 AND
2 1 4788 4674 4789 XOR
2 1 4551 4679 4790 XOR
2 1 4729 4790 4791 AND
2 1 4791 4679 4792 XOR
2 1 4554 4684 4793 XOR
2 1 4729 4793 4794 AND
2 1 4794 4684 4795 XOR
2 1 4557 4689 4796 XOR
2 1 4729 4796 4797 AND
2 1 4797 4689 4798 XOR
2 1 4560 4694 4799 XOR
2 1 4729 4799 4800 AND
2 1 4800 4694 4801 XOR
2 1 4563 4699 4802 XOR
2 1 4729 4802 4803 AND
2 1 4803 4699 4804 XOR
2 1 4566 4704 4805 XOR
2 1 4729 4805 4806 AND
2 1 4806 4704 4807 XOR
2 1 4569 4709 4808 XOR
2 1 4729 4808 4809 AND
2 1 4809 4709 4810 XOR
2 1 4572 4714 4811 XOR
2 1 4729 4811 4812 AND
2 1 4812 4714 4813 XOR
2 1 4575 4719 4814 XOR
2 1 4729 4814 4815 AND
2 1 4815 4719 4816 XOR
2 1 4578 4724 4817 XOR
2 1 4729 4817 4818 AND
2 1 4818 4724 4819 XOR
1 1 4729 4820 INV
2 1 475 820 4821 XOR
2 1 4821 820 4822 AND
2 1 4732 821 4823 XOR
2 1 4822 821 4824 XOR
2 1 4823 4822 4825 XOR
2 1 4823 4824 4826 AND
2 1 4822 4826 4827 XOR
2 1 4735 822 4828 XOR
2 1 4827 822 4829 XOR
2 1 4828 4827 4830 XOR
2 1 4828 4829 4831 AND
2 1 4827 4831 4832 XOR
2 1 4738 823 4833 XOR
2 1 4832 823 4834 XOR
2 1 4833 4832 4835 XOR
2 1 4833 4834 4836 AND
2 1 4832 4836 4837 XOR
2 1 4741 824 4838 XOR
2 1 4837 824 4839 XOR
2 1 4838 4837 4840 XOR
2 1 4838 4839 4841 AND
2 1 4837 4841 4842 XOR
2 1 4744 825 4843 XOR
2 1 4842 825 4844 XOR
2 1 4843 4842 4845 XOR
2 1 4843 4844 4846 AND
2 1 4842 4846 4847 XOR
2 1 4747 826 4848 XOR
2 1 4847 826 4849 XOR
2 1 4848 4847 4850 XOR
2 1 4848 4849 4851 AND
2 1 4847 4851 4852 XOR
2 1 4750 827 4853 XOR
2 1 4852 827 4854 XOR
2 1 4853 4852 4855 XOR
2 1 4853 4854 4856 AND
2 1 4852 4856 4857 XOR
2 1 4753 828 4858 XOR
2 1 4857 828 4859 XOR
2 1 4858 4857 4860 XOR
2 1 4858 4859 4861 AND
2 1 4857 4861 4862 XOR
2 1 4756 829 4863 XOR
2 1 4862 829 4864 XOR
2 1 4863 4862 4865 XOR
2 1 4863 4864 4866 AND
2 1 4862 4866 4867 XOR
2 1 4759 830 4868 XOR
2 1 4867 830 4869 XOR
2 1 4868 4867 4870 XOR
2 1 4868 4869 4871 AND
2 1 4867 4871 4872 XOR
2 1 4762 831 4873 XOR
2 1 4872 831 4874 XOR
2 1 4873 4872 4875 XOR
2 1 4873 4874 4876 AND
2 1 4872 4876 4877 XOR
2 1 4765 832 4878 XOR
2 1 4877 832 4879 XOR
2 1 4878 4877 4880 XOR
2 1 4878 4879 4881 AND
2 1 4877 4881 4882 XOR
2 1 4768 833 4883 XOR
2 1 4882 833 4884 XOR
2 1 4883 4882 4885 XOR
2 1 4883 4884 4886 AND
2 1 4882 4886 4887 XOR
2 1 4771 834 4888 XOR
2 1 4887 834 4889 XOR
2 1 4888 4887 4890 XOR
2 1 4888 4889 4891 AND
2 1 4887 4891 4892 XOR
2 1 4774 835 4893 XOR
2 1 4892 835 4894 XOR
2 1 4893 4892 4895 XOR
2 1 4893 4894 4896 AND
2 1 4892 4896 4897 XOR
2 1 4777 836 4898 XOR
2 1 4897 836 4899 XOR
2 1 4898 4897 4900 XOR
2 1 4898 4899 4901 AND
2 1 4897 4901 4902 XOR
2 1 4780 837 4903 XOR
2 1 4902 837 4904 XOR
2 1 4903 4902 4905 XOR
2 1 4903 4904 4906 AND
2 1 4902 4906 4907 XOR
2 1 4783 838 4908 XOR
2 1 4907 838 4909 XOR
2 1 4908 4907 4910 XOR
2 1 4908 4909 4911 AND
2 1 4907 4911 4912 XOR
2 1 4786 839 4913 XOR
2 1 4912 839 4914 XOR
2 1 4913 4912 4915 XOR
2 1 4913 4914 4916 AND
2 1 4912 4916 4917 XOR
2 1 4789 840 4918 XOR
2 1 4917 840 4919 XOR
2 1 4918 4917 4920 XOR
2 1 4918 4919 4921 AND
2 1 4917 4921 4922 XOR
2 1 4792 841 4923 XOR
2 1 4922 841 4924 XOR
2 1 4923 4922 4925 XOR
2 1 4923 4924 4926 AND
2 1 4922 4926 4927 XOR
2 1 4795 842 4928 XOR
2 1 4927 842 4929 XOR
2 1 4928 4927 4930 XOR
2 1 4928 4929 4931 AND
2 1 4927 4931 4932 XOR
2 1 4798 843 4933 XOR
2 1 4932 843 4934 XOR
2 1 4933 4932 4935 XOR
2 1 4933 4934 4936 AND
2 1 4932 4936 4937 XOR
2 1 4801 844 4938 XOR
2 1 4937 844 4939 XOR
2 1 4938 4937 4940 XOR
2 1 4938 4939 4941 AND
2 1 4937 4941 4942 XOR
2 1 4804 845 4943 XOR
2 1 4942 845 4944 XOR
2 1 4943 4942 4945 XOR
2 1 4943 4944 4946 AND
2 1 4942 4946 4947 XOR
2 1 4807 846 4948 XOR
2 1 4947 846 4949 XOR
2 1 4948 4947 4950 XOR
2 1 4948 4949 4951 AND
2 1 4947 4951 4952 XOR
2 1 4810 847 4953 XOR
2 1 4952 847 4954 XOR
2 1 4953 4952 4955 XOR
2 1 4953 4954 4956 AND
2 1 4952 4956 4957 XOR
2 1 4813 848 4958 XOR
2 1 4957 848 4959 XOR
2 1 4958 4957 4960 XOR
2 1 4958 4959 4961 AND
2 1 4957 4961 4962 XOR
2 1 4816 849 4963 XOR
2 1 4962 849 4964 XOR
2 1 4963 4962 4965 XOR
2 1 4963 4964 4966 AND
2 1 4962 4966 4967 XOR
2 1 4819 850 4968 XOR
2 1 4967 850 4969 XOR
2 1 4968 4967 4970 XOR
2 1 4968 4969 4971 AND
2 1 4967 4971 4972 XOR
2 1 4972 980 4973 AND
2 1 4972 980 4974 XOR
2 1 4974 4973 4975 XOR
2 1 475 4821 4976 XOR
2 1 4975 4976 4977 AND
2 1 4977 4821 4978 XOR
2 1 4732 4825 4979 XOR
2 1 4975 4979 4980 AND
2 1 4980 4825 4981 XOR
2 1 4735 4830 4982 XOR
2 1 4975 4982 4983 AND
2 1 4983 4830 4984 XOR
2 1 4738 4835 4985 XOR
2 1 4975 4985 4986 AND
2 1 4986 4835 4987 XOR
2 1 4741 4840 4988 XOR
2 1 4975 4988 4989 AND
2 1 4989 4840 4990 XOR
2 1 4744 4845 4991 XOR
2 1 4975 4991 4992 AND
2 1 4992 4845 4993 XOR
2 1 4747 4850 4994 XOR
2 1 4975 4994 4995 AND
2 1 4995 4850 4996 XOR
2 1 4750 4855 4997 XOR
2 1 4975 4997 4998 AND
2 1 4998 4855 4999 XOR
2 1 4753 4860 5000 XOR
2 1 4975 5000 5001 AND
2 1 5001 4860 5002 XOR
2 1 4756 4865 5003 XOR
2 1 4975 5003 5004 AND
2 1 5004 4865 5005 XOR
2 1 4759 4870 5006 XOR
2 1 4975 5006 5007 AND
2 1 5007 4870 5008 XOR
2 1 4762 4875 5009 XOR
2 1 4975 5009 5010 AND
2 1 5010 4875 5011 XOR
2 1 4765 4880 5012 XOR
2 1 4975 5012 5013 AND
2 1 5013 4880 5014 XOR
2 1 4768 4885 5015 XOR
2 1 4975 5015 5016 AND
2 1 5016 4885 5017 XOR
2 1 4771 4890 5018 XOR
2 1 4975 5018 5019 AND
2 1 5019 4890 5020 XOR
2 1 4774 4895 5021 XOR
2 1 4975 5021 5022 AND
2 1 5022 4895 5023 XOR
2 1 4777 4900 5024 XOR
2 1 4975 5024 5025 AND
2 1 5025 4900 5026 XOR
2 1 4780 4905 5027 XOR
2 1 4975 5027 5028 AND
2 1 5028 4905 5029 XOR
2 1 4783 4910 5030 XOR
2 1 4975 5030 5031 AND
2 1 5031 4910 5032 XOR
2 1 4786 4915 5033 XOR
2 1 4975 5033 5034 AND
2 1 5034 4915 5035 XOR
2 1 4789 4920 5036 XOR
2 1 4975 5036 5037 AND
2 1 5037 4920 5038 XOR
2 1 4792 4925 5039 XOR
2 1 4975 5039 5040 AND
2 1 5040 4925 5041 XOR
2 1 4795 4930 5042 XOR
2 1 4975 5042 5043 AND
2 1 5043 4930 5044 XOR
2 1 4798 4935 5045 XOR
2 1 4975 5045 5046 AND
2 1 5046 4935 5047 XOR
2 1 4801 4940 5048 XOR
2 1 4975 5048 5049 AND
2 1 5049 4940 5050 XOR
2 1 4804 4945 5051 XOR
2 1 4975 5051 5052 AND
2 1 5052 4945 5053 XOR
2 1 4807 4950 5054 XOR
2 1 4975 5054 5055 AND
2 1 5055 4950 5056 XOR
2 1 4810 4955 5057 XOR
2 1 4975 5057 5058 AND
2 1 5058 4955 5059 XOR
2 1 4813 4960 5060 XOR
2 1 4975 5060 5061 AND
2 1 5061 4960 5062 XOR
2 1 4816 4965 5063 XOR
2 1 4975 5063 5064 AND
2 1 5064 4965 5065 XOR
2 1 4819 4970 5066 XOR
2 1 4975 5066 5067 AND
2 1 5067 4970 5068 XOR
1 1 4975 5069 INV
2 1 474 820 5070 XOR
2 1 5070 820 5071 AND
2 1 4978 821 5072 XOR
2 1 5071 821 5073 XOR
2 1 5072 5071 5074 XOR
2 1 5072 5073 5075 AND
2 1 5071 5075 5076 XOR
2 1 4981 822 5077 XOR
2 1 5076 822 5078 XOR
2 1 5077 5076 5079 XOR
2 1 5077 5078 5080 AND
2 1 5076 5080 5081 XOR
2 1 4984 823 5082 XOR
2 1 5081 823 5083 XOR
2 1 5082 5081 5084 XOR
2 1 5082 5083 5085 AND
2 1 5081 5085 5086 XOR
2 1 4987 824 5087 XOR
2 1 5086 824 5088 XOR
2 1 5087 5086 5089 XOR
2 1 5087 5088 5090 AND
2 1 5086 5090 5091 XOR
2 1 4990 825 5092 XOR
2 1 5091 825 5093 XOR
2 1 5092 5091 5094 XOR
2 1 5092 5093 5095 AND
2 1 5091 5095 5096 XOR
2 1 4993 826 5097 XOR
2 1 5096 826 5098 XOR
2 1 5097 5096 5099 XOR
2 1 5097 5098 5100 AND
2 1 5096 5100 5101 XOR
2 1 4996 827 5102 XOR
2 1 5101 827 5103 XOR
2 1 5102 5101 5104 XOR
2 1 5102 5103 5105 AND
2 1 5101 5105 5106 XOR
2 1 4999 828 5107 XOR
2 1 5106 828 5108 XOR
2 1 5107 5106 5109 XOR
2 1 5107 5108 5110 AND
2 1 5106 5110 5111 XOR
2 1 5002 829 5112 XOR
2 1 5111 829 5113 XOR
2 1 5112 5111 5114 XOR
2 1 5112 5113 5115 AND
2 1 5111 5115 5116 XOR
2 1 5005 830 5117 XOR
2 1 5116 830 5118 XOR
2 1 5117 5116 5119 XOR
2 1 5117 5118 5120 AND
2 1 5116 5120 5121 XOR
2 1 5008 831 5122 XOR
2 1 5121 831 5123 XOR
2 1 5122 5121 5124 XOR
2 1 5122 5123 5125 AND
2 1 5121 5125 5126 XOR
2 1 5011 832 5127 XOR
2 1 5126 832 5128 XOR
2 1 5127 5126 5129 XOR
2 1 5127 5128 5130 AND
2 1 5126 5130 5131 XOR
2 1 5014 833 5132 XOR
2 1 5131 833 5133 XOR
2 1 5132 5131 5134 XOR
2 1 5132 5133 5135 AND
2 1 5131 5135 5136 XOR
2 1 5017 834 5137 XOR
2 1 5136 834 5138 XOR
2 1 5137 5136 5139 XOR
2 1 5137 5138 5140 AND
2 1 5136 5140 5141 XOR
2 1 5020 835 5142 XOR
2 1 5141 835 5143 XOR
2 1 5142 5141 5144 XOR
2 1 5142 5143 5145 AND
2 1 5141 5145 5146 XOR
2 1 5023 836 5147 XOR
2 1 5146 836 5148 XOR
2 1 5147 5146 5149 XOR
2 1 5147 5148 5150 AND
2 1 5146 5150 5151 XOR
2 1 5026 837 5152 XOR
2 1 5151 837 5153 XOR
2 1 5152 5151 5154 XOR
2 1 5152 5153 5155 AND
2 1 5151 5155 5156 XOR
2 1 5029 838 5157 XOR
2 1 5156 838 5158 XOR
2 1 5157 5156 5159 XOR
2 1 5157 5158 5160 AND
2 1 5156 5160 5161 XOR
2 1 5032 839 5162 XOR
2 1 5161 839 5163 XOR
2 1 5162 5161 5164 XOR
2 1 5162 5163 5165 AND
2 1 5161 5165 5166 XOR
2 1 5035 840 5167 XOR
2 1 5166 840 5168 XOR
2 1 5167 5166 5169 XOR
2 1 5167 5168 5170 AND
2 1 5166 5170 5171 XOR
2 1 5038 841 5172 XOR
2 1 5171 841 5173 XOR
2 1 5172 5171 5174 XOR
2 1 5172 5173 5175 AND
2 1 5171 5175 5176 XOR
2 1 5041 842 5177 XOR
2 1 5176 842 5178 XOR
2 1 5177 5176 5179 XOR
2 1 5177 5178 5180 AND
2 1 5176 5180 5181 XOR
2 1 5044 843 5182 XOR
2 1 5181 843 5183 XOR
2 1 5182 5181 5184 XOR
2 1 5182 5183 5185 AND
2 1 5181 5185 5186 XOR
2 1 5047 844 5187 XOR
2 1 5186 844 5188 XOR
2 1 5187 5186 5189 XOR
2 1 5187 5188 5190 AND
2 1 5186 5190 5191 XOR
2 1 5050 845 5192 XOR
2 1 5191 845 5193 XOR
2 1 5192 5191 5194 XOR
2 1 5192 5193 5195 AND
2 1 5191 5195 5196 XOR
2 1 5053 846 5197 XOR
2 1 5196 846 5198 XOR
2 1 5197 5196 5199 XOR
2 1 5197 5198 5200 AND
2 1 5196 5200 5201 XOR
2 1 5056 847 5202 XOR
2 1 5201 847 5203 XOR
2 1 5202 5201 5204 XOR
2 1 5202 5203 5205 AND
2 1 5201 5205 5206 XOR
2 1 5059 848 5207 XOR
2 1 5206 848 5208 XOR
2 1 5207 5206 5209 XOR
2 1 5207 5208 5210 AND
2 1 5206 5210 5211 XOR
2 1 5062 849 5212 XOR
2 1 5211 849 5213 XOR
2 1 5212 5211 5214 XOR
2 1 5212 5213 5215 AND
2 1 5211 5215 5216 XOR
2 1 5065 850 5217 XOR
2 1 5216 850 5218 XOR
2 1 5217 5216 5219 XOR
2 1 5217 5218 5220 AND
2 1 5216 5220 5221 XOR
2 1 5068 851 5222 XOR
2 1 5221 851 5223 XOR
2 1 5222 5221 5224 XOR
2 1 5222 5223 5225 AND
2 1 5221 5225 5226 XOR
2 1 5226 977 5227 AND
2 1 5226 977 5228 XOR
2 1 5228 5227 5229 XOR
2 1 474 5070 5230 XOR
2 1 5229 5230 5231 AND
2 1 5231 5070 5232 XOR
2 1 4978 5074 5233 XOR
2 1 5229 5233 5234 AND
2 1 5234 5074 5235 XOR
2 1 4981 5079 5236 XOR
2 1 5229 5236 5237 AND
2 1 5237 5079 5238 XOR
2 1 4984 5084 5239 XOR
2 1 5229 5239 5240 AND
2 1 5240 5084 5241 XOR
2 1 4987 5089 5242 XOR
2 1 5229 5242 5243 AND
2 1 5243 5089 5244 XOR
2 1 4990 5094 5245 XOR
2 1 5229 5245 5246 AND
2 1 5246 5094 5247 XOR
2 1 4993 5099 5248 XOR
2 1 5229 5248 5249 AND
2 1 5249 5099 5250 XOR
2 1 4996 5104 5251 XOR
2 1 5229 5251 5252 AND
2 1 5252 5104 5253 XOR
2 1 4999 5109 5254 XOR
2 1 5229 5254 5255 AND
2 1 5255 5109 5256 XOR
2 1 5002 5114 5257 XOR
2 1 5229 5257 5258 AND
2 1 5258 5114 5259 XOR
2 1 5005 5119 5260 XOR
2 1 5229 5260 5261 AND
2 1 5261 5119 5262 XOR
2 1 5008 5124 5263 XOR
2 1 5229 5263 5264 AND
2 1 5264 5124 5265 XOR
2 1 5011 5129 5266 XOR
2 1 5229 5266 5267 AND
2 1 5267 5129 5268 XOR
2 1 5014 5134 5269 XOR
2 1 5229 5269 5270 AND
2 1 5270 5134 5271 XOR
2 1 5017 5139 5272 XOR
2 1 5229 5272 5273 AND
2 1 5273 5139 5274 XOR
2 1 5020 5144 5275 XOR
2 1 5229 5275 5276 AND
2 1 5276 5144 5277 XOR
2 1 5023 5149 5278 XOR
2 1 5229 5278 5279 AND
2 1 5279 5149 5280 XOR
2 1 5026 5154 5281 XOR
2 1 5229 5281 5282 AND
2 1 5282 5154 5283 XOR
2 1 5029 5159 5284 XOR
2 1 5229 5284 5285 AND
2 1 5285 5159 5286 XOR
2 1 5032 5164 5287 XOR
2 1 5229 5287 5288 AND
2 1 5288 5164 5289 XOR
2 1 5035 5169 5290 XOR
2 1 5229 5290 5291 AND
2 1 5291 5169 5292 XOR
2 1 5038 5174 5293 XOR
2 1 5229 5293 5294 AND
2 1 5294 5174 5295 XOR
2 1 5041 5179 5296 XOR
2 1 5229 5296 5297 AND
2 1 5297 5179 5298 XOR
2 1 5044 5184 5299 XOR
2 1 5229 5299 5300 AND
2 1 5300 5184 5301 XOR
2 1 5047 5189 5302 XOR
2 1 5229 5302 5303 AND
2 1 5303 5189 5304 XOR
2 1 5050 5194 5305 XOR
2 1 5229 5305 5306 AND
2 1 5306 5194 5307 XOR
2 1 5053 5199 5308 XOR
2 1 5229 5308 5309 AND
2 1 5309 5199 5310 XOR
2 1 5056 5204 5311 XOR
2 1 5229 5311 5312 AND
2 1 5312 5204 5313 XOR
2 1 5059 5209 5314 XOR
2 1 5229 5314 5315 AND
2 1 5315 5209 5316 XOR
2 1 5062 5214 5317 XOR
2 1 5229 5317 5318 AND
2 1 5318 5214 5319 XOR
2 1 5065 5219 5320 XOR
2 1 5229 5320 5321 AND
2 1 5321 5219 5322 XOR
2 1 5068 5224 5323 XOR
2 1 5229 5323 5324 AND
2 1 5324 5224 5325 XOR
1 1 5229 5326 INV
2 1 473 820 5327 XOR
2 1 5327 820 5328 AND
2 1 5232 821 5329 XOR
2 1 5328 821 5330 XOR
2 1 5329 5328 5331 XOR
2 1 5329 5330 5332 AND
2 1 5328 5332 5333 XOR
2 1 5235 822 5334 XOR
2 1 5333 822 5335 XOR
2 1 5334 5333 5336 XOR
2 1 5334 5335 5337 AND
2 1 5333 5337 5338 XOR
2 1 5238 823 5339 XOR
2 1 5338 823 5340 XOR
2 1 5339 5338 5341 XOR
2 1 5339 5340 5342 AND
2 1 5338 5342 5343 XOR
2 1 5241 824 5344 XOR
2 1 5343 824 5345 XOR
2 1 5344 5343 5346 XOR
2 1 5344 5345 5347 AND
2 1 5343 5347 5348 XOR
2 1 5244 825 5349 XOR
2 1 5348 825 5350 XOR
2 1 5349 5348 5351 XOR
2 1 5349 5350 5352 AND
2 1 5348 5352 5353 XOR
2 1 5247 826 5354 XOR
2 1 5353 826 5355 XOR
2 1 5354 5353 5356 XOR
2 1 5354 5355 5357 AND
2 1 5353 5357 5358 XOR
2 1 5250 827 5359 XOR
2 1 5358 827 5360 XOR
2 1 5359 5358 5361 XOR
2 1 5359 5360 5362 AND
2 1 5358 5362 5363 XOR
2 1 5253 828 5364 XOR
2 1 5363 828 5365 XOR
2 1 5364 5363 5366 XOR
2 1 5364 5365 5367 AND
2 1 5363 5367 5368 XOR
2 1 5256 829 5369 XOR
2 1 5368 829 5370 XOR
2 1 5369 5368 5371 XOR
2 1 5369 5370 5372 AND
2 1 5368 5372 5373 XOR
2 1 5259 830 5374 XOR
2 1 5373 830 5375 XOR
2 1 5374 5373 5376 XOR
2 1 5374 5375 5377 AND
2 1 5373 5377 5378 XOR
2 1 5262 831 5379 XOR
2 1 5378 831 5380 XOR
2 1 5379 5378 5381 XOR
2 1 5379 5380 5382 AND
2 1 5378 5382 5383 XOR
2 1 5265 832 5384 XOR
2 1 5383 832 5385 XOR
2 1 5384 5383 5386 XOR
2 1 5384 5385 5387 AND
2 1 5383 5387 5388 XOR
2 1 5268 833 5389 XOR
2 1 5388 833 5390 XOR
2 1 5389 5388 5391 XOR
2 1 5389 5390 5392 AND
2 1 5388 5392 5393 XOR
2 1 5271 834 5394 XOR
2 1 5393 834 5395 XOR
2 1 5394 5393 5396 XOR
2 1 5394 5395 5397 AND
2 1 5393 5397 5398 XOR
2 1 5274 835 5399 XOR
2 1 5398 835 5400 XOR
2 1 5399 5398 5401 XOR
2 1 5399 5400 5402 AND
2 1 5398 5402 5403 XOR
2 1 5277 836 5404 XOR
2 1 5403 836 5405 XOR
2 1 5404 5403 5406 XOR
2 1 5404 5405 5407 AND
2 1 5403 5407 5408 XOR
2 1 5280 837 5409 XOR
2 1 5408 837 5410 XOR
2 1 5409 5408 5411 XOR
2 1 5409 5410 5412 AND
2 1 5408 5412 5413 XOR
2 1 5283 838 5414 XOR
2 1 5413 838 5415 XOR
2 1 5414 5413 5416 XOR
2 1 5414 5415 5417 AND
2 1 5413 5417 5418 XOR
2 1 5286 839 5419 XOR
2 1 5418 839 5420 XOR
2 1 5419 5418 5421 XOR
2 1 5419 5420 5422 AND
2 1 5418 5422 5423 XOR
2 1 5289 840 5424 XOR
2 1 5423 840 5425 XOR
2 1 5424 5423 5426 XOR
2 1 5424 5425 5427 AND
2 1 5423 5427 5428 XOR
2 1 5292 841 5429 XOR
2 1 5428 841 5430 XOR
2 1 5429 5428 5431 XOR
2 1 5429 5430 5432 AND
2 1 5428 5432 5433 XOR
2 1 5295 842 5434 XOR
2 1 5433 842 5435 XOR
2 1 5434 5433 5436 XOR
2 1 5434 5435 5437 AND
2 1 5433 5437 5438 XOR
2 1 5298 843 5439 XOR
2 1 5438 843 5440 XOR
2 1 5439 5438 5441 XOR
2 1 5439 5440 5442 AND
2 1 5438 5442 5443 XOR
2 1 5301 844 5444 XOR
2 1 5443 844 5445 XOR
2 1 5444 5443 5446 XOR
2 1 5444 5445 5447 AND
2 1 5443 5447 5448 XOR
2 1 5304 845 5449 XOR
2 1 5448 845 5450 XOR
2 1 5449 5448 5451 XOR
2 1 5449 5450 5452 AND
2 1 5448 5452 5453 XOR
2 1 5307 846 5454 XOR
2 1 5453 846 5455 XOR
2 1 5454 5453 5456 XOR
2 1 5454 5455 5457 AND
2 1 5453 5457 5458 XOR
2 1 5310 847 5459 XOR
2 1 5458 847 5460 XOR
2 1 5459 5458 5461 XOR
2 1 5459 5460 5462 AND
2 1 5458 5462 5463 XOR
2 1 5313 848 5464 XOR
2 1 5463 848 5465 XOR
2 1 5464 5463 5466 XOR
2 1 5464 5465 5467 AND
2 1 5463 5467 5468 XOR
2 1 5316 849 5469 XOR
2 1 5468 849 5470 XOR
2 1 5469 5468 5471 XOR
2 1 5469 5470 5472 AND
2 1 5468 5472 5473 XOR
2 1 5319 850 5474 XOR
2 1 5473 850 5475 XOR
2 1 5474 5473 5476 XOR
2 1 5474 5475 5477 AND
2 1 5473 5477 5478 XOR
2 1 5322 851 5479 XOR
2 1 5478 851 5480 XOR
2 1 5479 5478 5481 XOR
2 1 5479 5480 5482 AND
2 1 5478 5482 5483 XOR
2 1 5325 852 5484 XOR
2 1 5483 852 5485 XOR
2 1 5484 5483 5486 XOR
2 1 5484 5485 5487 AND
2 1 5483 5487 5488 XOR
2 1 5488 974 5489 AND
2 1 5488 974 5490 XOR
2 1 5490 5489 5491 XOR
2 1 473 5327 5492 XOR
2 1 5491 5492 5493 AND
2 1 5493 5327 5494 XOR
2 1 5232 5331 5495 XOR
2 1 5491 5495 5496 AND
2 1 5496 5331 5497 XOR
2 1 5235 5336 5498 XOR
2 1 5491 5498 5499 AND
2 1 5499 5336 5500 XOR
2 1 5238 5341 5501 XOR
2 1 5491 5501 5502 AND
2 1 5502 5341 5503 XOR
2 1 5241 5346 5504 XOR
2 1 5491 5504 5505 AND
2 1 5505 5346 5506 XOR
2 1 5244 5351 5507 XOR
2 1 5491 5507 5508 AND
2 1 5508 5351 5509 XOR
2 1 5247 5356 5510 XOR
2 1 5491 5510 5511 AND
2 1 5511 5356 5512 XOR
2 1 5250 5361 5513 XOR
2 1 5491 5513 5514 AND
2 1 5514 5361 5515 XOR
2 1 5253 5366 5516 XOR
2 1 5491 5516 5517 AND
2 1 5517 5366 5518 XOR
2 1 5256 5371 5519 XOR
2 1 5491 5519 5520 AND
2 1 5520 5371 5521 XOR
2 1 5259 5376 5522 XOR
2 1 5491 5522 5523 AND
2 1 5523 5376 5524 XOR
2 1 5262 5381 5525 XOR
2 1 5491 5525 5526 AND
2 1 5526 5381 5527 XOR
2 1 5265 5386 5528 XOR
2 1 5491 5528 5529 AND
2 1 5529 5386 5530 XOR
2 1 5268 5391 5531 XOR
2 1 5491 5531 5532 AND
2 1 5532 5391 5533 XOR
2 1 5271 5396 5534 XOR
2 1 5491 5534 5535 AND
2 1 5535 5396 5536 XOR
2 1 5274 5401 5537 XOR
2 1 5491 5537 5538 AND
2 1 5538 5401 5539 XOR
2 1 5277 5406 5540 XOR
2 1 5491 5540 5541 AND
2 1 5541 5406 5542 XOR
2 1 5280 5411 5543 XOR
2 1 5491 5543 5544 AND
2 1 5544 5411 5545 XOR
2 1 5283 5416 5546 XOR
2 1 5491 5546 5547 AND
2 1 5547 5416 5548 XOR
2 1 5286 5421 5549 XOR
2 1 5491 5549 5550 AND
2 1 5550 5421 5551 XOR
2 1 5289 5426 5552 XOR
2 1 5491 5552 5553 AND
2 1 5553 5426 5554 XOR
2 1 5292 5431 5555 XOR
2 1 5491 5555 5556 AND
2 1 5556 5431 5557 XOR
2 1 5295 5436 5558 XOR
2 1 5491 5558 5559 AND
2 1 5559 5436 5560 XOR
2 1 5298 5441 5561 XOR
2 1 5491 5561 5562 AND
2 1 5562 5441 5563 XOR
2 1 5301 5446 5564 XOR
2 1 5491 5564 5565 AND
2 1 5565 5446 5566 XOR
2 1 5304 5451 5567 XOR
2 1 5491 5567 5568 AND
2 1 5568 5451 5569 XOR
2 1 5307 5456 5570 XOR
2 1 5491 5570 5571 AND
2 1 5571 5456 5572 XOR
2 1 5310 5461 5573 XOR
2 1 5491 5573 5574 AND
2 1 5574 5461 5575 XOR
2 1 5313 5466 5576 XOR
2 1 5491 5576 5577 AND
2 1 5577 5466 5578 XOR
2 1 5316 5471 5579 XOR
2 1 5491 5579 5580 AND
2 1 5580 5471 5581 XOR
2 1 5319 5476 5582 XOR
2 1 5491 5582 5583 AND
2 1 5583 5476 5584 XOR
2 1 5322 5481 5585 XOR
2 1 5491 5585 5586 AND
2 1 5586 5481 5587 XOR
2 1 5325 5486 5588 XOR
2 1 5491 5588 5589 AND
2 1 5589 5486 5590 XOR
1 1 5491 5591 INV
2 1 472 820 5592 XOR
2 1 5592 820 5593 AND
2 1 5494 821 5594 XOR
2 1 5593 821 5595 XOR
2 1 5594 5593 5596 XOR
2 1 5594 5595 5597 AND
2 1 5593 5597 5598 XOR
2 1 5497 822 5599 XOR
2 1 5598 822 5600 XOR
2 1 5599 5598 5601 XOR
2 1 5599 5600 5602 AND
2 1 5598 5602 5603 XOR
2 1 5500 823 5604 XOR
2 1 5603 823 5605 XOR
2 1 5604 5603 5606 XOR
2 1 5604 5605 5607 AND
2 1 5603 5607 5608 XOR
2 1 5503 824 5609 XOR
2 1 5608 824 5610 XOR
2 1 5609 5608 5611 XOR
2 1 5609 5610 5612 AND
2 1 5608 5612 5613 XOR
2 1 5506 825 5614 XOR
2 1 5613 825 5615 XOR
2 1 5614 5613 5616 XOR
2 1 5614 5615 5617 AND
2 1 5613 5617 5618 XOR
2 1 5509 826 5619 XOR
2 1 5618 826 5620 XOR
2 1 5619 5618 5621 XOR
2 1 5619 5620 5622 AND
2 1 5618 5622 5623 XOR
2 1 5512 827 5624 XOR
2 1 5623 827 5625 XOR
2 1 5624 5623 5626 XOR
2 1 5624 5625 5627 AND
2 1 5623 5627 5628 XOR
2 1 5515 828 5629 XOR
2 1 5628 828 5630 XOR
2 1 5629 5628 5631 XOR
2 1 5629 5630 5632 AND
2 1 5628 5632 5633 XOR
2 1 5518 829 5634 XOR
2 1 5633 829 5635 XOR
2 1 5634 5633 5636 XOR
2 1 5634 5635 5637 AND
2 1 5633 5637 5638 XOR
2 1 5521 830 5639 XOR
2 1 5638 830 5640 XOR
2 1 5639 5638 5641 XOR
2 1 5639 5640 5642 AND
2 1 5638 5642 5643 XOR
2 1 5524 831 5644 XOR
2 1 5643 831 5645 XOR
2 1 5644 5643 5646 XOR
2 1 5644 5645 5647 AND
2 1 5643 5647 5648 XOR
2 1 5527 832 5649 XOR
2 1 5648 832 5650 XOR
2 1 5649 5648 5651 XOR
2 1 5649 5650 5652 AND
2 1 5648 5652 5653 XOR
2 1 5530 833 5654 XOR
2 1 5653 833 5655 XOR
2 1 5654 5653 5656 XOR
2 1 5654 5655 5657 AND
2 1 5653 5657 5658 XOR
2 1 5533 834 5659 XOR
2 1 5658 834 5660 XOR
2 1 5659 5658 5661 XOR
2 1 5659 5660 5662 AND
2 1 5658 5662 5663 XOR
2 1 5536 835 5664 XOR
2 1 5663 835 5665 XOR
2 1 5664 5663 5666 XOR
2 1 5664 5665 5667 AND
2 1 5663 5667 5668 XOR
2 1 5539 836 5669 XOR
2 1 5668 836 5670 XOR
2 1 5669 5668 5671 XOR
2 1 5669 5670 5672 AND
2 1 5668 5672 5673 XOR
2 1 5542 837 5674 XOR
2 1 5673 837 5675 XOR
2 1 5674 5673 5676 XOR
2 1 5674 5675 5677 AND
2 1 5673 5677 5678 XOR
2 1 5545 838 5679 XOR
2 1 5678 838 5680 XOR
2 1 5679 5678 5681 XOR
2 1 5679 5680 5682 AND
2 1 5678 5682 5683 XOR
2 1 5548 839 5684 XOR
2 1 5683 839 5685 XOR
2 1 5684 5683 5686 XOR
2 1 5684 5685 5687 AND
2 1 5683 5687 5688 XOR
2 1 5551 840 5689 XOR
2 1 5688 840 5690 XOR
2 1 5689 5688 5691 XOR
2 1 5689 5690 5692 AND
2 1 5688 5692 5693 XOR
2 1 5554 841 5694 XOR
2 1 5693 841 5695 XOR
2 1 5694 5693 5696 XOR
2 1 5694 5695 5697 AND
2 1 5693 5697 5698 XOR
2 1 5557 842 5699 XOR
2 1 5698 842 5700 XOR
2 1 5699 5698 5701 XOR
2 1 5699 5700 5702 AND
2 1 5698 5702 5703 XOR
2 1 5560 843 5704 XOR
2 1 5703 843 5705 XOR
2 1 5704 5703 5706 XOR
2 1 5704 5705 5707 AND
2 1 5703 5707 5708 XOR
2 1 5563 844 5709 XOR
2 1 5708 844 5710 XOR
2 1 5709 5708 5711 XOR
2 1 5709 5710 5712 AND
2 1 5708 5712 5713 XOR
2 1 5566 845 5714 XOR
2 1 5713 845 5715 XOR
2 1 5714 5713 5716 XOR
2 1 5714 5715 5717 AND
2 1 5713 5717 5718 XOR
2 1 5569 846 5719 XOR
2 1 5718 846 5720 XOR
2 1 5719 5718 5721 XOR
2 1 5719 5720 5722 AND
2 1 5718 5722 5723 XOR
2 1 5572 847 5724 XOR
2 1 5723 847 5725 XOR
2 1 5724 5723 5726 XOR
2 1 5724 5725 5727 AND
2 1 5723 5727 5728 XOR
2 1 5575 848 5729 XOR
2 1 5728 848 5730 XOR
2 1 5729 5728 5731 XOR
2 1 5729 5730 5732 AND
2 1 5728 5732 5733 XOR
2 1 5578 849 5734 XOR
2 1 5733 849 5735 XOR
2 1 5734 5733 5736 XOR
2 1 5734 5735 5737 AND
2 1 5733 5737 5738 XOR
2 1 5581 850 5739 XOR
2 1 5738 850 5740 XOR
2 1 5739 5738 5741 XOR
2 1 5739 5740 5742 AND
2 1 5738 5742 5743 XOR
2 1 5584 851 5744 XOR
2 1 5743 851 5745 XOR
2 1 5744 5743 5746 XOR
2 1 5744 5745 5747 AND
2 1 5743 5747 5748 XOR
2 1 5587 852 5749 XOR
2 1 5748 852 5750 XOR
2 1 5749 5748 5751 XOR
2 1 5749 5750 5752 AND
2 1 5748 5752 5753 XOR
2 1 5590 853 5754 XOR
2 1 5753 853 5755 XOR
2 1 5754 5753 5756 XOR
2 1 5754 5755 5757 AND
2 1 5753 5757 5758 XOR
2 1 5758 971 5759 AND
2 1 5758 971 5760 XOR
2 1 5760 5759 5761 XOR
2 1 472 5592 5762 XOR
2 1 5761 5762 5763 AND
2 1 5763 5592 5764 XOR
2 1 5494 5596 5765 XOR
2 1 5761 5765 5766 AND
2 1 5766 5596 5767 XOR
2 1 5497 5601 5768 XOR
2 1 5761 5768 5769 AND
2 1 5769 5601 5770 XOR
2 1 5500 5606 5771 XOR
2 1 5761 5771 5772 AND
2 1 5772 5606 5773 XOR
2 1 5503 5611 5774 XOR
2 1 5761 5774 5775 AND
2 1 5775 5611 5776 XOR
2 1 5506 5616 5777 XOR
2 1 5761 5777 5778 AND
2 1 5778 5616 5779 XOR
2 1 5509 5621 5780 XOR
2 1 5761 5780 5781 AND
2 1 5781 5621 5782 XOR
2 1 5512 5626 5783 XOR
2 1 5761 5783 5784 AND
2 1 5784 5626 5785 XOR
2 1 5515 5631 5786 XOR
2 1 5761 5786 5787 AND
2 1 5787 5631 5788 XOR
2 1 5518 5636 5789 XOR
2 1 5761 5789 5790 AND
2 1 5790 5636 5791 XOR
2 1 5521 5641 5792 XOR
2 1 5761 5792 5793 AND
2 1 5793 5641 5794 XOR
2 1 5524 5646 5795 XOR
2 1 5761 5795 5796 AND
2 1 5796 5646 5797 XOR
2 1 5527 5651 5798 XOR
2 1 5761 5798 5799 AND
2 1 5799 5651 5800 XOR
2 1 5530 5656 5801 XOR
2 1 5761 5801 5802 AND
2 1 5802 5656 5803 XOR
2 1 5533 5661 5804 XOR
2 1 5761 5804 5805 AND
2 1 5805 5661 5806 XOR
2 1 5536 5666 5807 XOR
2 1 5761 5807 5808 AND
2 1 5808 5666 5809 XOR
2 1 5539 5671 5810 XOR
2 1 5761 5810 5811 AND
2 1 5811 5671 5812 XOR
2 1 5542 5676 5813 XOR
2 1 5761 5813 5814 AND
2 1 5814 5676 5815 XOR
2 1 5545 5681 5816 XOR
2 1 5761 5816 5817 AND
2 1 5817 5681 5818 XOR
2 1 5548 5686 5819 XOR
2 1 5761 5819 5820 AND
2 1 5820 5686 5821 XOR
2 1 5551 5691 5822 XOR
2 1 5761 5822 5823 AND
2 1 5823 5691 5824 XOR
2 1 5554 5696 5825 XOR
2 1 5761 5825 5826 AND
2 1 5826 5696 5827 XOR
2 1 5557 5701 5828 XOR
2 1 5761 5828 5829 AND
2 1 5829 5701 5830 XOR
2 1 5560 5706 5831 XOR
2 1 5761 5831 5832 AND
2 1 5832 5706 5833 XOR
2 1 5563 5711 5834 XOR
2 1 5761 5834 5835 AND
2 1 5835 5711 5836 XOR
2 1 5566 5716 5837 XOR
2 1 5761 5837 5838 AND
2 1 5838 5716 5839 XOR
2 1 5569 5721 5840 XOR
2 1 5761 5840 5841 AND
2 1 5841 5721 5842 XOR
2 1 5572 5726 5843 XOR
2 1 5761 5843 5844 AND
2 1 5844 5726 5845 XOR
2 1 5575 5731 5846 XOR
2 1 5761 5846 5847 AND
2 1 5847 5731 5848 XOR
2 1 5578 5736 5849 XOR
2 1 5761 5849 5850 AND
2 1 5850 5736 5851 XOR
2 1 5581 5741 5852 XOR
2 1 5761 5852 5853 AND
2 1 5853 5741 5854 XOR
2 1 5584 5746 5855 XOR
2 1 5761 5855 5856 AND
2 1 5856 5746 5857 XOR
2 1 5587 5751 5858 XOR
2 1 5761 5858 5859 AND
2 1 5859 5751 5860 XOR
2 1 5590 5756 5861 XOR
2 1 5761 5861 5862 AND
2 1 5862 5756 5863 XOR
1 1 5761 5864 INV
2 1 471 820 5865 XOR
2 1 5865 820 5866 AND
2 1 5764 821 5867 XOR
2 1 5866 821 5868 XOR
2 1 5867 5866 5869 XOR
2 1 5867 5868 5870 AND
2 1 5866 5870 5871 XOR
2 1 5767 822 5872 XOR
2 1 5871 822 5873 XOR
2 1 5872 5871 5874 XOR
2 1 5872 5873 5875 AND
2 1 5871 5875 5876 XOR
2 1 5770 823 5877 XOR
2 1 5876 823 5878 XOR
2 1 5877 5876 5879 XOR
2 1 5877 5878 5880 AND
2 1 5876 5880 5881 XOR
2 1 5773 824 5882 XOR
2 1 5881 824 5883 XOR
2 1 5882 5881 5884 XOR
2 1 5882 5883 5885 AND
2 1 5881 5885 5886 XOR
2 1 5776 825 5887 XOR
2 1 5886 825 5888 XOR
2 1 5887 5886 5889 XOR
2 1 5887 5888 5890 AND
2 1 5886 5890 5891 XOR
2 1 5779 826 5892 XOR
2 1 5891 826 5893 XOR
2 1 5892 5891 5894 XOR
2 1 5892 5893 5895 AND
2 1 5891 5895 5896 XOR
2 1 5782 827 5897 XOR
2 1 5896 827 5898 XOR
2 1 5897 5896 5899 XOR
2 1 5897 5898 5900 AND
2 1 5896 5900 5901 XOR
2 1 5785 828 5902 XOR
2 1 5901 828 5903 XOR
2 1 5902 5901 5904 XOR
2 1 5902 5903 5905 AND
2 1 5901 5905 5906 XOR
2 1 5788 829 5907 XOR
2 1 5906 829 5908 XOR
2 1 5907 5906 5909 XOR
2 1 5907 5908 5910 AND
2 1 5906 5910 5911 XOR
2 1 5791 830 5912 XOR
2 1 5911 830 5913 XOR
2 1 5912 5911 5914 XOR
2 1 5912 5913 5915 AND
2 1 5911 5915 5916 XOR
2 1 5794 831 5917 XOR
2 1 5916 831 5918 XOR
2 1 5917 5916 5919 XOR
2 1 5917 5918 5920 AND
2 1 5916 5920 5921 XOR
2 1 5797 832 5922 XOR
2 1 5921 832 5923 XOR
2 1 5922 5921 5924 XOR
2 1 5922 5923 5925 AND
2 1 5921 5925 5926 XOR
2 1 5800 833 5927 XOR
2 1 5926 833 5928 XOR
2 1 5927 5926 5929 XOR
2 1 5927 5928 5930 AND
2 1 5926 5930 5931 XOR
2 1 5803 834 5932 XOR
2 1 5931 834 5933 XOR
2 1 5932 5931 5934 XOR
2 1 5932 5933 5935 AND
2 1 5931 5935 5936 XOR
2 1 5806 835 5937 XOR
2 1 5936 835 5938 XOR
2 1 5937 5936 5939 XOR
2 1 5937 5938 5940 AND
2 1 5936 5940 5941 XOR
2 1 5809 836 5942 XOR
2 1 5941 836 5943 XOR
2 1 5942 5941 5944 XOR
2 1 5942 5943 5945 AND
2 1 5941 5945 5946 XOR
2 1 5812 837 5947 XOR
2 1 5946 837 5948 XOR
2 1 5947 5946 5949 XOR
2 1 5947 5948 5950 AND
2 1 5946 5950 5951 XOR
2 1 5815 838 5952 XOR
2 1 5951 838 5953 XOR
2 1 5952 5951 5954 XOR
2 1 5952 5953 5955 AND
2 1 5951 5955 5956 XOR
2 1 5818 839 5957 XOR
2 1 5956 839 5958 XOR
2 1 5957 5956 5959 XOR
2 1 5957 5958 5960 AND
2 1 5956 5960 5961 XOR
2 1 5821 840 5962 XOR
2 1 5961 840 5963 XOR
2 1 5962 5961 5964 XOR
2 1 5962 5963 5965 AND
2 1 5961 5965 5966 XOR
2 1 5824 841 5967 XOR
2 1 5966 841 5968 XOR
2 1 5967 5966 5969 XOR
2 1 5967 5968 5970 AND
2 1 5966 5970 5971 XOR
2 1 5827 842 5972 XOR
2 1 5971 842 5973 XOR
2 1 5972 5971 5974 XOR
2 1 5972 5973 5975 AND
2 1 5971 5975 5976 XOR
2 1 5830 843 5977 XOR
2 1 5976 843 5978 XOR
2 1 5977 5976 5979 XOR
2 1 5977 5978 5980 AND
2 1 5976 5980 5981 XOR
2 1 5833 844 5982 XOR
2 1 5981 844 5983 XOR
2 1 5982 5981 5984 XOR
2 1 5982 5983 5985 AND
2 1 5981 5985 5986 XOR
2 1 5836 845 5987 XOR
2 1 5986 845 5988 XOR
2 1 5987 5986 5989 XOR
2 1 5987 5988 5990 AND
2 1 5986 5990 5991 XOR
2 1 5839 846 5992 XOR
2 1 5991 846 5993 XOR
2 1 5992 5991 5994 XOR
2 1 5992 5993 5995 AND
2 1 5991 5995 5996 XOR
2 1 5842 847 5997 XOR
2 1 5996 847 5998 XOR
2 1 5997 5996 5999 XOR
2 1 5997 5998 6000 AND
2 1 5996 6000 6001 XOR
2 1 5845 848 6002 XOR
2 1 6001 848 6003 XOR
2 1 6002 6001 6004 XOR
2 1 6002 6003 6005 AND
2 1 6001 6005 6006 XOR
2 1 5848 849 6007 XOR
2 1 6006 849 6008 XOR
2 1 6007 6006 6009 XOR
2 1 6007 6008 6010 AND
2 1 6006 6010 6011 XOR
2 1 5851 850 6012 XOR
2 1 6011 850 6013 XOR
2 1 6012 6011 6014 XOR
2 1 6012 6013 6015 AND
2 1 6011 6015 6016 XOR
2 1 5854 851 6017 XOR
2 1 6016 851 6018 XOR
2 1 6017 6016 6019 XOR
2 1 6017 6018 6020 AND
2 1 6016 6020 6021 XOR
2 1 5857 852 6022 XOR
2 1 6021 852 6023 XOR
2 1 6022 6021 6024 XOR
2 1 6022 6023 6025 AND
2 1 6021 6025 6026 XOR
2 1 5860 853 6027 XOR
2 1 6026 853 6028 XOR
2 1 6027 6026 6029 XOR
2 1 6027 6028 6030 AND
2 1 6026 6030 6031 XOR
2 1 5863 854 6032 XOR
2 1 6031 854 6033 XOR
2 1 6032 6031 6034 XOR
2 1 6032 6033 6035 AND
2 1 6031 6035 6036 XOR
2 1 6036 968 6037 AND
2 1 6036 968 6038 XOR
2 1 6038 6037 6039 XOR
2 1 471 5865 6040 XOR
2 1 6039 6040 6041 AND
2 1 6041 5865 6042 XOR
2 1 5764 5869 6043 XOR
2 1 6039 6043 6044 AND
2 1 6044 5869 6045 XOR
2 1 5767 5874 6046 XOR
2 1 6039 6046 6047 AND
2 1 6047 5874 6048 XOR
2 1 5770 5879 6049 XOR
2 1 6039 6049 6050 AND
2 1 6050 5879 6051 XOR
2 1 5773 5884 6052 XOR
2 1 6039 6052 6053 AND
2 1 6053 5884 6054 XOR
2 1 5776 5889 6055 XOR
2 1 6039 6055 6056 AND
2 1 6056 5889 6057 XOR
2 1 5779 5894 6058 XOR
2 1 6039 6058 6059 AND
2 1 6059 5894 6060 XOR
2 1 5782 5899 6061 XOR
2 1 6039 6061 6062 AND
2 1 6062 5899 6063 XOR
2 1 5785 5904 6064 XOR
2 1 6039 6064 6065 AND
2 1 6065 5904 6066 XOR
2 1 5788 5909 6067 XOR
2 1 6039 6067 6068 AND
2 1 6068 5909 6069 XOR
2 1 5791 5914 6070 XOR
2 1 6039 6070 6071 AND
2 1 6071 5914 6072 XOR
2 1 5794 5919 6073 XOR
2 1 6039 6073 6074 AND
2 1 6074 5919 6075 XOR
2 1 5797 5924 6076 XOR
2 1 6039 6076 6077 AND
2 1 6077 5924 6078 XOR
2 1 5800 5929 6079 XOR
2 1 6039 6079 6080 AND
2 1 6080 5929 6081 XOR
2 1 5803 5934 6082 XOR
2 1 6039 6082 6083 AND
2 1 6083 5934 6084 XOR
2 1 5806 5939 6085 XOR
2 1 6039 6085 6086 AND
2 1 6086 5939 6087 XOR
2 1 5809 5944 6088 XOR
2 1 6039 6088 6089 AND
2 1 6089 5944 6090 XOR
2 1 5812 5949 6091 XOR
2 1 6039 6091 6092 AND
2 1 6092 5949 6093 XOR
2 1 5815 5954 6094 XOR
2 1 6039 6094 6095 AND
2 1 6095 5954 6096 XOR
2 1 5818 5959 6097 XOR
2 1 6039 6097 6098 AND
2 1 6098 5959 6099 XOR
2 1 5821 5964 6100 XOR
2 1 6039 6100 6101 AND
2 1 6101 5964 6102 XOR
2 1 5824 5969 6103 XOR
2 1 6039 6103 6104 AND
2 1 6104 5969 6105 XOR
2 1 5827 5974 6106 XOR
2 1 6039 6106 6107 AND
2 1 6107 5974 6108 XOR
2 1 5830 5979 6109 XOR
2 1 6039 6109 6110 AND
2 1 6110 5979 6111 XOR
2 1 5833 5984 6112 XOR
2 1 6039 6112 6113 AND
2 1 6113 5984 6114 XOR
2 1 5836 5989 6115 XOR
2 1 6039 6115 6116 AND
2 1 6116 5989 6117 XOR
2 1 5839 5994 6118 XOR
2 1 6039 6118 6119 AND
2 1 6119 5994 6120 XOR
2 1 5842 5999 6121 XOR
2 1 6039 6121 6122 AND
2 1 6122 5999 6123 XOR
2 1 5845 6004 6124 XOR
2 1 6039 6124 6125 AND
2 1 6125 6004 6126 XOR
2 1 5848 6009 6127 XOR
2 1 6039 6127 6128 AND
2 1 6128 6009 6129 XOR
2 1 5851 6014 6130 XOR
2 1 6039 6130 6131 AND
2 1 6131 6014 6132 XOR
2 1 5854 6019 6133 XOR
2 1 6039 6133 6134 AND
2 1 6134 6019 6135 XOR
2 1 5857 6024 6136 XOR
2 1 6039 6136 6137 AND
2 1 6137 6024 6138 XOR
2 1 5860 6029 6139 XOR
2 1 6039 6139 6140 AND
2 1 6140 6029 6141 XOR
2 1 5863 6034 6142 XOR
2 1 6039 6142 6143 AND
2 1 6143 6034 6144 XOR
1 1 6039 6145 INV
2 1 470 820 6146 XOR
2 1 6146 820 6147 AND
2 1 6042 821 6148 XOR
2 1 6147 821 6149 XOR
2 1 6148 6147 6150 XOR
2 1 6148 6149 6151 AND
2 1 6147 6151 6152 XOR
2 1 6045 822 6153 XOR
2 1 6152 822 6154 XOR
2 1 6153 6152 6155 XOR
2 1 6153 6154 6156 AND
2 1 6152 6156 6157 XOR
2 1 6048 823 6158 XOR
2 1 6157 823 6159 XOR
2 1 6158 6157 6160 XOR
2 1 6158 6159 6161 AND
2 1 6157 6161 6162 XOR
2 1 6051 824 6163 XOR
2 1 6162 824 6164 XOR
2 1 6163 6162 6165 XOR
2 1 6163 6164 6166 AND
2 1 6162 6166 6167 XOR
2 1 6054 825 6168 XOR
2 1 6167 825 6169 XOR
2 1 6168 6167 6170 XOR
2 1 6168 6169 6171 AND
2 1 6167 6171 6172 XOR
2 1 6057 826 6173 XOR
2 1 6172 826 6174 XOR
2 1 6173 6172 6175 XOR
2 1 6173 6174 6176 AND
2 1 6172 6176 6177 XOR
2 1 6060 827 6178 XOR
2 1 6177 827 6179 XOR
2 1 6178 6177 6180 XOR
2 1 6178 6179 6181 AND
2 1 6177 6181 6182 XOR
2 1 6063 828 6183 XOR
2 1 6182 828 6184 XOR
2 1 6183 6182 6185 XOR
2 1 6183 6184 6186 AND
2 1 6182 6186 6187 XOR
2 1 6066 829 6188 XOR
2 1 6187 829 6189 XOR
2 1 6188 6187 6190 XOR
2 1 6188 6189 6191 AND
2 1 6187 6191 6192 XOR
2 1 6069 830 6193 XOR
2 1 6192 830 6194 XOR
2 1 6193 6192 6195 XOR
2 1 6193 6194 6196 AND
2 1 6192 6196 6197 XOR
2 1 6072 831 6198 XOR
2 1 6197 831 6199 XOR
2 1 6198 6197 6200 XOR
2 1 6198 6199 6201 AND
2 1 6197 6201 6202 XOR
2 1 6075 832 6203 XOR
2 1 6202 832 6204 XOR
2 1 6203 6202 6205 XOR
2 1 6203 6204 6206 AND
2 1 6202 6206 6207 XOR
2 1 6078 833 6208 XOR
2 1 6207 833 6209 XOR
2 1 6208 6207 6210 XOR
2 1 6208 6209 6211 AND
2 1 6207 6211 6212 XOR
2 1 6081 834 6213 XOR
2 1 6212 834 6214 XOR
2 1 6213 6212 6215 XOR
2 1 6213 6214 6216 AND
2 1 6212 6216 6217 XOR
2 1 6084 835 6218 XOR
2 1 6217 835 6219 XOR
2 1 6218 6217 6220 XOR
2 1 6218 6219 6221 AND
2 1 6217 6221 6222 XOR
2 1 6087 836 6223 XOR
2 1 6222 836 6224 XOR
2 1 6223 6222 6225 XOR
2 1 6223 6224 6226 AND
2 1 6222 6226 6227 XOR
2 1 6090 837 6228 XOR
2 1 6227 837 6229 XOR
2 1 6228 6227 6230 XOR
2 1 6228 6229 6231 AND
2 1 6227 6231 6232 XOR
2 1 6093 838 6233 XOR
2 1 6232 838 6234 XOR
2 1 6233 6232 6235 XOR
2 1 6233 6234 6236 AND
2 1 6232 6236 6237 XOR
2 1 6096 839 6238 XOR
2 1 6237 839 6239 XOR
2 1 6238 6237 6240 XOR
2 1 6238 6239 6241 AND
2 1 6237 6241 6242 XOR
2 1 6099 840 6243 XOR
2 1 6242 840 6244 XOR
2 1 6243 6242 6245 XOR
2 1 6243 6244 6246 AND
2 1 6242 6246 6247 XOR
2 1 6102 841 6248 XOR
2 1 6247 841 6249 XOR
2 1 6248 6247 6250 XOR
2 1 6248 6249 6251 AND
2 1 6247 6251 6252 XOR
2 1 6105 842 6253 XOR
2 1 6252 842 6254 XOR
2 1 6253 6252 6255 XOR
2 1 6253 6254 6256 AND
2 1 6252 6256 6257 XOR
2 1 6108 843 6258 XOR
2 1 6257 843 6259 XOR
2 1 6258 6257 6260 XOR
2 1 6258 6259 6261 AND
2 1 6257 6261 6262 XOR
2 1 6111 844 6263 XOR
2 1 6262 844 6264 XOR
2 1 6263 6262 6265 XOR
2 1 6263 6264 6266 AND
2 1 6262 6266 6267 XOR
2 1 6114 845 6268 XOR
2 1 6267 845 6269 XOR
2 1 6268 6267 6270 XOR
2 1 6268 6269 6271 AND
2 1 6267 6271 6272 XOR
2 1 6117 846 6273 XOR
2 1 6272 846 6274 XOR
2 1 6273 6272 6275 XOR
2 1 6273 6274 6276 AND
2 1 6272 6276 6277 XOR
2 1 6120 847 6278 XOR
2 1 6277 847 6279 XOR
2 1 6278 6277 6280 XOR
2 1 6278 6279 6281 AND
2 1 6277 6281 6282 XOR
2 1 6123 848 6283 XOR
2 1 6282 848 6284 XOR
2 1 6283 6282 6285 XOR
2 1 6283 6284 6286 AND
2 1 6282 6286 6287 XOR
2 1 6126 849 6288 XOR
2 1 6287 849 6289 XOR
2 1 6288 6287 6290 XOR
2 1 6288 6289 6291 AND
2 1 6287 6291 6292 XOR
2 1 6129 850 6293 XOR
2 1 6292 850 6294 XOR
2 1 6293 6292 6295 XOR
2 1 6293 6294 6296 AND
2 1 6292 6296 6297 XOR
2 1 6132 851 6298 XOR
2 1 6297 851 6299 XOR
2 1 6298 6297 6300 XOR
2 1 6298 6299 6301 AND
2 1 6297 6301 6302 XOR
2 1 6135 852 6303 XOR
2 1 6302 852 6304 XOR
2 1 6303 6302 6305 XOR
2 1 6303 6304 6306 AND
2 1 6302 6306 6307 XOR
2 1 6138 853 6308 XOR
2 1 6307 853 6309 XOR
2 1 6308 6307 6310 XOR
2 1 6308 6309 6311 AND
2 1 6307 6311 6312 XOR
2 1 6141 854 6313 XOR
2 1 6312 854 6314 XOR
2 1 6313 6312 6315 XOR
2 1 6313 6314 6316 AND
2 1 6312 6316 6317 XOR
2 1 6144 855 6318 XOR
2 1 6317 855 6319 XOR
2 1 6318 6317 6320 XOR
2 1 6318 6319 6321 AND
2 1 6317 6321 6322 XOR
2 1 6322 965 6323 AND
2 1 6322 965 6324 XOR
2 1 6324 6323 6325 XOR
2 1 470 6146 6326 XOR
2 1 6325 6326 6327 AND
2 1 6327 6146 6328 XOR
2 1 6042 6150 6329 XOR
2 1 6325 6329 6330 AND
2 1 6330 6150 6331 XOR
2 1 6045 6155 6332 XOR
2 1 6325 6332 6333 AND
2 1 6333 6155 6334 XOR
2 1 6048 6160 6335 XOR
2 1 6325 6335 6336 AND
2 1 6336 6160 6337 XOR
2 1 6051 6165 6338 XOR
2 1 6325 6338 6339 AND
2 1 6339 6165 6340 XOR
2 1 6054 6170 6341 XOR
2 1 6325 6341 6342 AND
2 1 6342 6170 6343 XOR
2 1 6057 6175 6344 XOR
2 1 6325 6344 6345 AND
2 1 6345 6175 6346 XOR
2 1 6060 6180 6347 XOR
2 1 6325 6347 6348 AND
2 1 6348 6180 6349 XOR
2 1 6063 6185 6350 XOR
2 1 6325 6350 6351 AND
2 1 6351 6185 6352 XOR
2 1 6066 6190 6353 XOR
2 1 6325 6353 6354 AND
2 1 6354 6190 6355 XOR
2 1 6069 6195 6356 XOR
2 1 6325 6356 6357 AND
2 1 6357 6195 6358 XOR
2 1 6072 6200 6359 XOR
2 1 6325 6359 6360 AND
2 1 6360 6200 6361 XOR
2 1 6075 6205 6362 XOR
2 1 6325 6362 6363 AND
2 1 6363 6205 6364 XOR
2 1 6078 6210 6365 XOR
2 1 6325 6365 6366 AND
2 1 6366 6210 6367 XOR
2 1 6081 6215 6368 XOR
2 1 6325 6368 6369 AND
2 1 6369 6215 6370 XOR
2 1 6084 6220 6371 XOR
2 1 6325 6371 6372 AND
2 1 6372 6220 6373 XOR
2 1 6087 6225 6374 XOR
2 1 6325 6374 6375 AND
2 1 6375 6225 6376 XOR
2 1 6090 6230 6377 XOR
2 1 6325 6377 6378 AND
2 1 6378 6230 6379 XOR
2 1 6093 6235 6380 XOR
2 1 6325 6380 6381 AND
2 1 6381 6235 6382 XOR
2 1 6096 6240 6383 XOR
2 1 6325 6383 6384 AND
2 1 6384 6240 6385 XOR
2 1 6099 6245 6386 XOR
2 1 6325 6386 6387 AND
2 1 6387 6245 6388 XOR
2 1 6102 6250 6389 XOR
2 1 6325 6389 6390 AND
2 1 6390 6250 6391 XOR
2 1 6105 6255 6392 XOR
2 1 6325 6392 6393 AND
2 1 6393 6255 6394 XOR
2 1 6108 6260 6395 XOR
2 1 6325 6395 6396 AND
2 1 6396 6260 6397 XOR
2 1 6111 6265 6398 XOR
2 1 6325 6398 6399 AND
2 1 6399 6265 6400 XOR
2 1 6114 6270 6401 XOR
2 1 6325 6401 6402 AND
2 1 6402 6270 6403 XOR
2 1 6117 6275 6404 XOR
2 1 6325 6404 6405 AND
2 1 6405 6275 6406 XOR
2 1 6120 6280 6407 XOR
2 1 6325 6407 6408 AND
2 1 6408 6280 6409 XOR
2 1 6123 6285 6410 XOR
2 1 6325 6410 6411 AND
2 1 6411 6285 6412 XOR
2 1 6126 6290 6413 XOR
2 1 6325 6413 6414 AND
2 1 6414 6290 6415 XOR
2 1 6129 6295 6416 XOR
2 1 6325 6416 6417 AND
2 1 6417 6295 6418 XOR
2 1 6132 6300 6419 XOR
2 1 6325 6419 6420 AND
2 1 6420 6300 6421 XOR
2 1 6135 6305 6422 XOR
2 1 6325 6422 6423 AND
2 1 6423 6305 6424 XOR
2 1 6138 6310 6425 XOR
2 1 6325 6425 6426 AND
2 1 6426 6310 6427 XOR
2 1 6141 6315 6428 XOR
2 1 6325 6428 6429 AND
2 1 6429 6315 6430 XOR
2 1 6144 6320 6431 XOR
2 1 6325 6431 6432 AND
2 1 6432 6320 6433 XOR
1 1 6325 6434 INV
2 1 469 820 6435 XOR
2 1 6435 820 6436 AND
2 1 6328 821 6437 XOR
2 1 6436 821 6438 XOR
2 1 6437 6436 6439 XOR
2 1 6437 6438 6440 AND
2 1 6436 6440 6441 XOR
2 1 6331 822 6442 XOR
2 1 6441 822 6443 XOR
2 1 6442 6441 6444 XOR
2 1 6442 6443 6445 AND
2 1 6441 6445 6446 XOR
2 1 6334 823 6447 XOR
2 1 6446 823 6448 XOR
2 1 6447 6446 6449 XOR
2 1 6447 6448 6450 AND
2 1 6446 6450 6451 XOR
2 1 6337 824 6452 XOR
2 1 6451 824 6453 XOR
2 1 6452 6451 6454 XOR
2 1 6452 6453 6455 AND
2 1 6451 6455 6456 XOR
2 1 6340 825 6457 XOR
2 1 6456 825 6458 XOR
2 1 6457 6456 6459 XOR
2 1 6457 6458 6460 AND
2 1 6456 6460 6461 XOR
2 1 6343 826 6462 XOR
2 1 6461 826 6463 XOR
2 1 6462 6461 6464 XOR
2 1 6462 6463 6465 AND
2 1 6461 6465 6466 XOR
2 1 6346 827 6467 XOR
2 1 6466 827 6468 XOR
2 1 6467 6466 6469 XOR
2 1 6467 6468 6470 AND
2 1 6466 6470 6471 XOR
2 1 6349 828 6472 XOR
2 1 6471 828 6473 XOR
2 1 6472 6471 6474 XOR
2 1 6472 6473 6475 AND
2 1 6471 6475 6476 XOR
2 1 6352 829 6477 XOR
2 1 6476 829 6478 XOR
2 1 6477 6476 6479 XOR
2 1 6477 6478 6480 AND
2 1 6476 6480 6481 XOR
2 1 6355 830 6482 XOR
2 1 6481 830 6483 XOR
2 1 6482 6481 6484 XOR
2 1 6482 6483 6485 AND
2 1 6481 6485 6486 XOR
2 1 6358 831 6487 XOR
2 1 6486 831 6488 XOR
2 1 6487 6486 6489 XOR
2 1 6487 6488 6490 AND
2 1 6486 6490 6491 XOR
2 1 6361 832 6492 XOR
2 1 6491 832 6493 XOR
2 1 6492 6491 6494 XOR
2 1 6492 6493 6495 AND
2 1 6491 6495 6496 XOR
2 1 6364 833 6497 XOR
2 1 6496 833 6498 XOR
2 1 6497 6496 6499 XOR
2 1 6497 6498 6500 AND
2 1 6496 6500 6501 XOR
2 1 6367 834 6502 XOR
2 1 6501 834 6503 XOR
2 1 6502 6501 6504 XOR
2 1 6502 6503 6505 AND
2 1 6501 6505 6506 XOR
2 1 6370 835 6507 XOR
2 1 6506 835 6508 XOR
2 1 6507 6506 6509 XOR
2 1 6507 6508 6510 AND
2 1 6506 6510 6511 XOR
2 1 6373 836 6512 XOR
2 1 6511 836 6513 XOR
2 1 6512 6511 6514 XOR
2 1 6512 6513 6515 AND
2 1 6511 6515 6516 XOR
2 1 6376 837 6517 XOR
2 1 6516 837 6518 XOR
2 1 6517 6516 6519 XOR
2 1 6517 6518 6520 AND
2 1 6516 6520 6521 XOR
2 1 6379 838 6522 XOR
2 1 6521 838 6523 XOR
2 1 6522 6521 6524 XOR
2 1 6522 6523 6525 AND
2 1 6521 6525 6526 XOR
2 1 6382 839 6527 XOR
2 1 6526 839 6528 XOR
2 1 6527 6526 6529 XOR
2 1 6527 6528 6530 AND
2 1 6526 6530 6531 XOR
2 1 6385 840 6532 XOR
2 1 6531 840 6533 XOR
2 1 6532 6531 6534 XOR
2 1 6532 6533 6535 AND
2 1 6531 6535 6536 XOR
2 1 6388 841 6537 XOR
2 1 6536 841 6538 XOR
2 1 6537 6536 6539 XOR
2 1 6537 6538 6540 AND
2 1 6536 6540 6541 XOR
2 1 6391 842 6542 XOR
2 1 6541 842 6543 XOR
2 1 6542 6541 6544 XOR
2 1 6542 6543 6545 AND
2 1 6541 6545 6546 XOR
2 1 6394 843 6547 XOR
2 1 6546 843 6548 XOR
2 1 6547 6546 6549 XOR
2 1 6547 6548 6550 AND
2 1 6546 6550 6551 XOR
2 1 6397 844 6552 XOR
2 1 6551 844 6553 XOR
2 1 6552 6551 6554 XOR
2 1 6552 6553 6555 AND
2 1 6551 6555 6556 XOR
2 1 6400 845 6557 XOR
2 1 6556 845 6558 XOR
2 1 6557 6556 6559 XOR
2 1 6557 6558 6560 AND
2 1 6556 6560 6561 XOR
2 1 6403 846 6562 XOR
2 1 6561 846 6563 XOR
2 1 6562 6561 6564 XOR
2 1 6562 6563 6565 AND
2 1 6561 6565 6566 XOR
2 1 6406 847 6567 XOR
2 1 6566 847 6568 XOR
2 1 6567 6566 6569 XOR
2 1 6567 6568 6570 AND
2 1 6566 6570 6571 XOR
2 1 6409 848 6572 XOR
2 1 6571 848 6573 XOR
2 1 6572 6571 6574 XOR
2 1 6572 6573 6575 AND
2 1 6571 6575 6576 XOR
2 1 6412 849 6577 XOR
2 1 6576 849 6578 XOR
2 1 6577 6576 6579 XOR
2 1 6577 6578 6580 AND
2 1 6576 6580 6581 XOR
2 1 6415 850 6582 XOR
2 1 6581 850 6583 XOR
2 1 6582 6581 6584 XOR
2 1 6582 6583 6585 AND
2 1 6581 6585 6586 XOR
2 1 6418 851 6587 XOR
2 1 6586 851 6588 XOR
2 1 6587 6586 6589 XOR
2 1 6587 6588 6590 AND
2 1 6586 6590 6591 XOR
2 1 6421 852 6592 XOR
2 1 6591 852 6593 XOR
2 1 6592 6591 6594 XOR
2 1 6592 6593 6595 AND
2 1 6591 6595 6596 XOR
2 1 6424 853 6597 XOR
2 1 6596 853 6598 XOR
2 1 6597 6596 6599 XOR
2 1 6597 6598 6600 AND
2 1 6596 6600 6601 XOR
2 1 6427 854 6602 XOR
2 1 6601 854 6603 XOR
2 1 6602 6601 6604 XOR
2 1 6602 6603 6605 AND
2 1 6601 6605 6606 XOR
2 1 6430 855 6607 XOR
2 1 6606 855 6608 XOR
2 1 6607 6606 6609 XOR
2 1 6607 6608 6610 AND
2 1 6606 6610 6611 XOR
2 1 6433 856 6612 XOR
2 1 6611 856 6613 XOR
2 1 6612 6611 6614 XOR
2 1 6612 6613 6615 AND
2 1 6611 6615 6616 XOR
2 1 6616 962 6617 AND
2 1 6616 962 6618 XOR
2 1 6618 6617 6619 XOR
2 1 469 6435 6620 XOR
2 1 6619 6620 6621 AND
2 1 6621 6435 6622 XOR
2 1 6328 6439 6623 XOR
2 1 6619 6623 6624 AND
2 1 6624 6439 6625 XOR
2 1 6331 6444 6626 XOR
2 1 6619 6626 6627 AND
2 1 6627 6444 6628 XOR
2 1 6334 6449 6629 XOR
2 1 6619 6629 6630 AND
2 1 6630 6449 6631 XOR
2 1 6337 6454 6632 XOR
2 1 6619 6632 6633 AND
2 1 6633 6454 6634 XOR
2 1 6340 6459 6635 XOR
2 1 6619 6635 6636 AND
2 1 6636 6459 6637 XOR
2 1 6343 6464 6638 XOR
2 1 6619 6638 6639 AND
2 1 6639 6464 6640 XOR
2 1 6346 6469 6641 XOR
2 1 6619 6641 6642 AND
2 1 6642 6469 6643 XOR
2 1 6349 6474 6644 XOR
2 1 6619 6644 6645 AND
2 1 6645 6474 6646 XOR
2 1 6352 6479 6647 XOR
2 1 6619 6647 6648 AND
2 1 6648 6479 6649 XOR
2 1 6355 6484 6650 XOR
2 1 6619 6650 6651 AND
2 1 6651 6484 6652 XOR
2 1 6358 6489 6653 XOR
2 1 6619 6653 6654 AND
2 1 6654 6489 6655 XOR
2 1 6361 6494 6656 XOR
2 1 6619 6656 6657 AND
2 1 6657 6494 6658 XOR
2 1 6364 6499 6659 XOR
2 1 6619 6659 6660 AND
2 1 6660 6499 6661 XOR
2 1 6367 6504 6662 XOR
2 1 6619 6662 6663 AND
2 1 6663 6504 6664 XOR
2 1 6370 6509 6665 XOR
2 1 6619 6665 6666 AND
2 1 6666 6509 6667 XOR
2 1 6373 6514 6668 XOR
2 1 6619 6668 6669 AND
2 1 6669 6514 6670 XOR
2 1 6376 6519 6671 XOR
2 1 6619 6671 6672 AND
2 1 6672 6519 6673 XOR
2 1 6379 6524 6674 XOR
2 1 6619 6674 6675 AND
2 1 6675 6524 6676 XOR
2 1 6382 6529 6677 XOR
2 1 6619 6677 6678 AND
2 1 6678 6529 6679 XOR
2 1 6385 6534 6680 XOR
2 1 6619 6680 6681 AND
2 1 6681 6534 6682 XOR
2 1 6388 6539 6683 XOR
2 1 6619 6683 6684 AND
2 1 6684 6539 6685 XOR
2 1 6391 6544 6686 XOR
2 1 6619 6686 6687 AND
2 1 6687 6544 6688 XOR
2 1 6394 6549 6689 XOR
2 1 6619 6689 6690 AND
2 1 6690 6549 6691 XOR
2 1 6397 6554 6692 XOR
2 1 6619 6692 6693 AND
2 1 6693 6554 6694 XOR
2 1 6400 6559 6695 XOR
2 1 6619 6695 6696 AND
2 1 6696 6559 6697 XOR
2 1 6403 6564 6698 XOR
2 1 6619 6698 6699 AND
2 1 6699 6564 6700 XOR
2 1 6406 6569 6701 XOR
2 1 6619 6701 6702 AND
2 1 6702 6569 6703 XOR
2 1 6409 6574 6704 XOR
2 1 6619 6704 6705 AND
2 1 6705 6574 6706 XOR
2 1 6412 6579 6707 XOR
2 1 6619 6707 6708 AND
2 1 6708 6579 6709 XOR
2 1 6415 6584 6710 XOR
2 1 6619 6710 6711 AND
2 1 6711 6584 6712 XOR
2 1 6418 6589 6713 XOR
2 1 6619 6713 6714 AND
2 1 6714 6589 6715 XOR
2 1 6421 6594 6716 XOR
2 1 6619 6716 6717 AND
2 1 6717 6594 6718 XOR
2 1 6424 6599 6719 XOR
2 1 6619 6719 6720 AND
2 1 6720 6599 6721 XOR
2 1 6427 6604 6722 XOR
2 1 6619 6722 6723 AND
2 1 6723 6604 6724 XOR
2 1 6430 6609 6725 XOR
2 1 6619 6725 6726 AND
2 1 6726 6609 6727 XOR
2 1 6433 6614 6728 XOR
2 1 6619 6728 6729 AND
2 1 6729 6614 6730 XOR
1 1 6619 6731 INV
2 1 468 820 6732 XOR
2 1 6732 820 6733 AND
2 1 6622 821 6734 XOR
2 1 6733 821 6735 XOR
2 1 6734 6733 6736 XOR
2 1 6734 6735 6737 AND
2 1 6733 6737 6738 XOR
2 1 6625 822 6739 XOR
2 1 6738 822 6740 XOR
2 1 6739 6738 6741 XOR
2 1 6739 6740 6742 AND
2 1 6738 6742 6743 XOR
2 1 6628 823 6744 XOR
2 1 6743 823 6745 XOR
2 1 6744 6743 6746 XOR
2 1 6744 6745 6747 AND
2 1 6743 6747 6748 XOR
2 1 6631 824 6749 XOR
2 1 6748 824 6750 XOR
2 1 6749 6748 6751 XOR
2 1 6749 6750 6752 AND
2 1 6748 6752 6753 XOR
2 1 6634 825 6754 XOR
2 1 6753 825 6755 XOR
2 1 6754 6753 6756 XOR
2 1 6754 6755 6757 AND
2 1 6753 6757 6758 XOR
2 1 6637 826 6759 XOR
2 1 6758 826 6760 XOR
2 1 6759 6758 6761 XOR
2 1 6759 6760 6762 AND
2 1 6758 6762 6763 XOR
2 1 6640 827 6764 XOR
2 1 6763 827 6765 XOR
2 1 6764 6763 6766 XOR
2 1 6764 6765 6767 AND
2 1 6763 6767 6768 XOR
2 1 6643 828 6769 XOR
2 1 6768 828 6770 XOR
2 1 6769 6768 6771 XOR
2 1 6769 6770 6772 AND
2 1 6768 6772 6773 XOR
2 1 6646 829 6774 XOR
2 1 6773 829 6775 XOR
2 1 6774 6773 6776 XOR
2 1 6774 6775 6777 AND
2 1 6773 6777 6778 XOR
2 1 6649 830 6779 XOR
2 1 6778 830 6780 XOR
2 1 6779 6778 6781 XOR
2 1 6779 6780 6782 AND
2 1 6778 6782 6783 XOR
2 1 6652 831 6784 XOR
2 1 6783 831 6785 XOR
2 1 6784 6783 6786 XOR
2 1 6784 6785 6787 AND
2 1 6783 6787 6788 XOR
2 1 6655 832 6789 XOR
2 1 6788 832 6790 XOR
2 1 6789 6788 6791 XOR
2 1 6789 6790 6792 AND
2 1 6788 6792 6793 XOR
2 1 6658 833 6794 XOR
2 1 6793 833 6795 XOR
2 1 6794 6793 6796 XOR
2 1 6794 6795 6797 AND
2 1 6793 6797 6798 XOR
2 1 6661 834 6799 XOR
2 1 6798 834 6800 XOR
2 1 6799 6798 6801 XOR
2 1 6799 6800 6802 AND
2 1 6798 6802 6803 XOR
2 1 6664 835 6804 XOR
2 1 6803 835 6805 XOR
2 1 6804 6803 6806 XOR
2 1 6804 6805 6807 AND
2 1 6803 6807 6808 XOR
2 1 6667 836 6809 XOR
2 1 6808 836 6810 XOR
2 1 6809 6808 6811 XOR
2 1 6809 6810 6812 AND
2 1 6808 6812 6813 XOR
2 1 6670 837 6814 XOR
2 1 6813 837 6815 XOR
2 1 6814 6813 6816 XOR
2 1 6814 6815 6817 AND
2 1 6813 6817 6818 XOR
2 1 6673 838 6819 XOR
2 1 6818 838 6820 XOR
2 1 6819 6818 6821 XOR
2 1 6819 6820 6822 AND
2 1 6818 6822 6823 XOR
2 1 6676 839 6824 XOR
2 1 6823 839 6825 XOR
2 1 6824 6823 6826 XOR
2 1 6824 6825 6827 AND
2 1 6823 6827 6828 XOR
2 1 6679 840 6829 XOR
2 1 6828 840 6830 XOR
2 1 6829 6828 6831 XOR
2 1 6829 6830 6832 AND
2 1 6828 6832 6833 XOR
2 1 6682 841 6834 XOR
2 1 6833 841 6835 XOR
2 1 6834 6833 6836 XOR
2 1 6834 6835 6837 AND
2 1 6833 6837 6838 XOR
2 1 6685 842 6839 XOR
2 1 6838 842 6840 XOR
2 1 6839 6838 6841 XOR
2 1 6839 6840 6842 AND
2 1 6838 6842 6843 XOR
2 1 6688 843 6844 XOR
2 1 6843 843 6845 XOR
2 1 6844 6843 6846 XOR
2 1 6844 6845 6847 AND
2 1 6843 6847 6848 XOR
2 1 6691 844 6849 XOR
2 1 6848 844 6850 XOR
2 1 6849 6848 6851 XOR
2 1 6849 6850 6852 AND
2 1 6848 6852 6853 XOR
2 1 6694 845 6854 XOR
2 1 6853 845 6855 XOR
2 1 6854 6853 6856 XOR
2 1 6854 6855 6857 AND
2 1 6853 6857 6858 XOR
2 1 6697 846 6859 XOR
2 1 6858 846 6860 XOR
2 1 6859 6858 6861 XOR
2 1 6859 6860 6862 AND
2 1 6858 6862 6863 XOR
2 1 6700 847 6864 XOR
2 1 6863 847 6865 XOR
2 1 6864 6863 6866 XOR
2 1 6864 6865 6867 AND
2 1 6863 6867 6868 XOR
2 1 6703 848 6869 XOR
2 1 6868 848 6870 XOR
2 1 6869 6868 6871 XOR
2 1 6869 6870 6872 AND
2 1 6868 6872 6873 XOR
2 1 6706 849 6874 XOR
2 1 6873 849 6875 XOR
2 1 6874 6873 6876 XOR
2 1 6874 6875 6877 AND
2 1 6873 6877 6878 XOR
2 1 6709 850 6879 XOR
2 1 6878 850 6880 XOR
2 1 6879 6878 6881 XOR
2 1 6879 6880 6882 AND
2 1 6878 6882 6883 XOR
2 1 6712 851 6884 XOR
2 1 6883 851 6885 XOR
2 1 6884 6883 6886 XOR
2 1 6884 6885 6887 AND
2 1 6883 6887 6888 XOR
2 1 6715 852 6889 XOR
2 1 6888 852 6890 XOR
2 1 6889 6888 6891 XOR
2 1 6889 6890 6892 AND
2 1 6888 6892 6893 XOR
2 1 6718 853 6894 XOR
2 1 6893 853 6895 XOR
2 1 6894 6893 6896 XOR
2 1 6894 6895 6897 AND
2 1 6893 6897 6898 XOR
2 1 6721 854 6899 XOR
2 1 6898 854 6900 XOR
2 1 6899 6898 6901 XOR
2 1 6899 6900 6902 AND
2 1 6898 6902 6903 XOR
2 1 6724 855 6904 XOR
2 1 6903 855 6905 XOR
2 1 6904 6903 6906 XOR
2 1 6904 6905 6907 AND
2 1 6903 6907 6908 XOR
2 1 6727 856 6909 XOR
2 1 6908 856 6910 XOR
2 1 6909 6908 6911 XOR
2 1 6909 6910 6912 AND
2 1 6908 6912 6913 XOR
2 1 6730 857 6914 XOR
2 1 6913 857 6915 XOR
2 1 6914 6913 6916 XOR
2 1 6914 6915 6917 AND
2 1 6913 6917 6918 XOR
2 1 6918 959 6919 AND
2 1 6918 959 6920 XOR
2 1 6920 6919 6921 XOR
2 1 468 6732 6922 XOR
2 1 6921 6922 6923 AND
2 1 6923 6732 6924 XOR
2 1 6622 6736 6925 XOR
2 1 6921 6925 6926 AND
2 1 6926 6736 6927 XOR
2 1 6625 6741 6928 XOR
2 1 6921 6928 6929 AND
2 1 6929 6741 6930 XOR
2 1 6628 6746 6931 XOR
2 1 6921 6931 6932 AND
2 1 6932 6746 6933 XOR
2 1 6631 6751 6934 XOR
2 1 6921 6934 6935 AND
2 1 6935 6751 6936 XOR
2 1 6634 6756 6937 XOR
2 1 6921 6937 6938 AND
2 1 6938 6756 6939 XOR
2 1 6637 6761 6940 XOR
2 1 6921 6940 6941 AND
2 1 6941 6761 6942 XOR
2 1 6640 6766 6943 XOR
2 1 6921 6943 6944 AND
2 1 6944 6766 6945 XOR
2 1 6643 6771 6946 XOR
2 1 6921 6946 6947 AND
2 1 6947 6771 6948 XOR
2 1 6646 6776 6949 XOR
2 1 6921 6949 6950 AND
2 1 6950 6776 6951 XOR
2 1 6649 6781 6952 XOR
2 1 6921 6952 6953 AND
2 1 6953 6781 6954 XOR
2 1 6652 6786 6955 XOR
2 1 6921 6955 6956 AND
2 1 6956 6786 6957 XOR
2 1 6655 6791 6958 XOR
2 1 6921 6958 6959 AND
2 1 6959 6791 6960 XOR
2 1 6658 6796 6961 XOR
2 1 6921 6961 6962 AND
2 1 6962 6796 6963 XOR
2 1 6661 6801 6964 XOR
2 1 6921 6964 6965 AND
2 1 6965 6801 6966 XOR
2 1 6664 6806 6967 XOR
2 1 6921 6967 6968 AND
2 1 6968 6806 6969 XOR
2 1 6667 6811 6970 XOR
2 1 6921 6970 6971 AND
2 1 6971 6811 6972 XOR
2 1 6670 6816 6973 XOR
2 1 6921 6973 6974 AND
2 1 6974 6816 6975 XOR
2 1 6673 6821 6976 XOR
2 1 6921 6976 6977 AND
2 1 6977 6821 6978 XOR
2 1 6676 6826 6979 XOR
2 1 6921 6979 6980 AND
2 1 6980 6826 6981 XOR
2 1 6679 6831 6982 XOR
2 1 6921 6982 6983 AND
2 1 6983 6831 6984 XOR
2 1 6682 6836 6985 XOR
2 1 6921 6985 6986 AND
2 1 6986 6836 6987 XOR
2 1 6685 6841 6988 XOR
2 1 6921 6988 6989 AND
2 1 6989 6841 6990 XOR
2 1 6688 6846 6991 XOR
2 1 6921 6991 6992 AND
2 1 6992 6846 6993 XOR
2 1 6691 6851 6994 XOR
2 1 6921 6994 6995 AND
2 1 6995 6851 6996 XOR
2 1 6694 6856 6997 XOR
2 1 6921 6997 6998 AND
2 1 6998 6856 6999 XOR
2 1 6697 6861 7000 XOR
2 1 6921 7000 7001 AND
2 1 7001 6861 7002 XOR
2 1 6700 6866 7003 XOR
2 1 6921 7003 7004 AND
2 1 7004 6866 7005 XOR
2 1 6703 6871 7006 XOR
2 1 6921 7006 7007 AND
2 1 7007 6871 7008 XOR
2 1 6706 6876 7009 XOR
2 1 6921 7009 7010 AND
2 1 7010 6876 7011 XOR
2 1 6709 6881 7012 XOR
2 1 6921 7012 7013 AND
2 1 7013 6881 7014 XOR
2 1 6712 6886 7015 XOR
2 1 6921 7015 7016 AND
2 1 7016 6886 7017 XOR
2 1 6715 6891 7018 XOR
2 1 6921 7018 7019 AND
2 1 7019 6891 7020 XOR
2 1 6718 6896 7021 XOR
2 1 6921 7021 7022 AND
2 1 7022 6896 7023 XOR
2 1 6721 6901 7024 XOR
2 1 6921 7024 7025 AND
2 1 7025 6901 7026 XOR
2 1 6724 6906 7027 XOR
2 1 6921 7027 7028 AND
2 1 7028 6906 7029 XOR
2 1 6727 6911 7030 XOR
2 1 6921 7030 7031 AND
2 1 7031 6911 7032 XOR
2 1 6730 6916 7033 XOR
2 1 6921 7033 7034 AND
2 1 7034 6916 7035 XOR
1 1 6921 7036 INV
2 1 467 820 7037 XOR
2 1 7037 820 7038 AND
2 1 6924 821 7039 XOR
2 1 7038 821 7040 XOR
2 1 7039 7038 7041 XOR
2 1 7039 7040 7042 AND
2 1 7038 7042 7043 XOR
2 1 6927 822 7044 XOR
2 1 7043 822 7045 XOR
2 1 7044 7043 7046 XOR
2 1 7044 7045 7047 AND
2 1 7043 7047 7048 XOR
2 1 6930 823 7049 XOR
2 1 7048 823 7050 XOR
2 1 7049 7048 7051 XOR
2 1 7049 7050 7052 AND
2 1 7048 7052 7053 XOR
2 1 6933 824 7054 XOR
2 1 7053 824 7055 XOR
2 1 7054 7053 7056 XOR
2 1 7054 7055 7057 AND
2 1 7053 7057 7058 XOR
2 1 6936 825 7059 XOR
2 1 7058 825 7060 XOR
2 1 7059 7058 7061 XOR
2 1 7059 7060 7062 AND
2 1 7058 7062 7063 XOR
2 1 6939 826 7064 XOR
2 1 7063 826 7065 XOR
2 1 7064 7063 7066 XOR
2 1 7064 7065 7067 AND
2 1 7063 7067 7068 XOR
2 1 6942 827 7069 XOR
2 1 7068 827 7070 XOR
2 1 7069 7068 7071 XOR
2 1 7069 7070 7072 AND
2 1 7068 7072 7073 XOR
2 1 6945 828 7074 XOR
2 1 7073 828 7075 XOR
2 1 7074 7073 7076 XOR
2 1 7074 7075 7077 AND
2 1 7073 7077 7078 XOR
2 1 6948 829 7079 XOR
2 1 7078 829 7080 XOR
2 1 7079 7078 7081 XOR
2 1 7079 7080 7082 AND
2 1 7078 7082 7083 XOR
2 1 6951 830 7084 XOR
2 1 7083 830 7085 XOR
2 1 7084 7083 7086 XOR
2 1 7084 7085 7087 AND
2 1 7083 7087 7088 XOR
2 1 6954 831 7089 XOR
2 1 7088 831 7090 XOR
2 1 7089 7088 7091 XOR
2 1 7089 7090 7092 AND
2 1 7088 7092 7093 XOR
2 1 6957 832 7094 XOR
2 1 7093 832 7095 XOR
2 1 7094 7093 7096 XOR
2 1 7094 7095 7097 AND
2 1 7093 7097 7098 XOR
2 1 6960 833 7099 XOR
2 1 7098 833 7100 XOR
2 1 7099 7098 7101 XOR
2 1 7099 7100 7102 AND
2 1 7098 7102 7103 XOR
2 1 6963 834 7104 XOR
2 1 7103 834 7105 XOR
2 1 7104 7103 7106 XOR
2 1 7104 7105 7107 AND
2 1 7103 7107 7108 XOR
2 1 6966 835 7109 XOR
2 1 7108 835 7110 XOR
2 1 7109 7108 7111 XOR
2 1 7109 7110 7112 AND
2 1 7108 7112 7113 XOR
2 1 6969 836 7114 XOR
2 1 7113 836 7115 XOR
2 1 7114 7113 7116 XOR
2 1 7114 7115 7117 AND
2 1 7113 7117 7118 XOR
2 1 6972 837 7119 XOR
2 1 7118 837 7120 XOR
2 1 7119 7118 7121 XOR
2 1 7119 7120 7122 AND
2 1 7118 7122 7123 XOR
2 1 6975 838 7124 XOR
2 1 7123 838 7125 XOR
2 1 7124 7123 7126 XOR
2 1 7124 7125 7127 AND
2 1 7123 7127 7128 XOR
2 1 6978 839 7129 XOR
2 1 7128 839 7130 XOR
2 1 7129 7128 7131 XOR
2 1 7129 7130 7132 AND
2 1 7128 7132 7133 XOR
2 1 6981 840 7134 XOR
2 1 7133 840 7135 XOR
2 1 7134 7133 7136 XOR
2 1 7134 7135 7137 AND
2 1 7133 7137 7138 XOR
2 1 6984 841 7139 XOR
2 1 7138 841 7140 XOR
2 1 7139 7138 7141 XOR
2 1 7139 7140 7142 AND
2 1 7138 7142 7143 XOR
2 1 6987 842 7144 XOR
2 1 7143 842 7145 XOR
2 1 7144 7143 7146 XOR
2 1 7144 7145 7147 AND
2 1 7143 7147 7148 XOR
2 1 6990 843 7149 XOR
2 1 7148 843 7150 XOR
2 1 7149 7148 7151 XOR
2 1 7149 7150 7152 AND
2 1 7148 7152 7153 XOR
2 1 6993 844 7154 XOR
2 1 7153 844 7155 XOR
2 1 7154 7153 7156 XOR
2 1 7154 7155 7157 AND
2 1 7153 7157 7158 XOR
2 1 6996 845 7159 XOR
2 1 7158 845 7160 XOR
2 1 7159 7158 7161 XOR
2 1 7159 7160 7162 AND
2 1 7158 7162 7163 XOR
2 1 6999 846 7164 XOR
2 1 7163 846 7165 XOR
2 1 7164 7163 7166 XOR
2 1 7164 7165 7167 AND
2 1 7163 7167 7168 XOR
2 1 7002 847 7169 XOR
2 1 7168 847 7170 XOR
2 1 7169 7168 7171 XOR
2 1 7169 7170 7172 AND
2 1 7168 7172 7173 XOR
2 1 7005 848 7174 XOR
2 1 7173 848 7175 XOR
2 1 7174 7173 7176 XOR
2 1 7174 7175 7177 AND
2 1 7173 7177 7178 XOR
2 1 7008 849 7179 XOR
2 1 7178 849 7180 XOR
2 1 7179 7178 7181 XOR
2 1 7179 7180 7182 AND
2 1 7178 7182 7183 XOR
2 1 7011 850 7184 XOR
2 1 7183 850 7185 XOR
2 1 7184 7183 7186 XOR
2 1 7184 7185 7187 AND
2 1 7183 7187 7188 XOR
2 1 7014 851 7189 XOR
2 1 7188 851 7190 XOR
2 1 7189 7188 7191 XOR
2 1 7189 7190 7192 AND
2 1 7188 7192 7193 XOR
2 1 7017 852 7194 XOR
2 1 7193 852 7195 XOR
2 1 7194 7193 7196 XOR
2 1 7194 7195 7197 AND
2 1 7193 7197 7198 XOR
2 1 7020 853 7199 XOR
2 1 7198 853 7200 XOR
2 1 7199 7198 7201 XOR
2 1 7199 7200 7202 AND
2 1 7198 7202 7203 XOR
2 1 7023 854 7204 XOR
2 1 7203 854 7205 XOR
2 1 7204 7203 7206 XOR
2 1 7204 7205 7207 AND
2 1 7203 7207 7208 XOR
2 1 7026 855 7209 XOR
2 1 7208 855 7210 XOR
2 1 7209 7208 7211 XOR
2 1 7209 7210 7212 AND
2 1 7208 7212 7213 XOR
2 1 7029 856 7214 XOR
2 1 7213 856 7215 XOR
2 1 7214 7213 7216 XOR
2 1 7214 7215 7217 AND
2 1 7213 7217 7218 XOR
2 1 7032 857 7219 XOR
2 1 7218 857 7220 XOR
2 1 7219 7218 7221 XOR
2 1 7219 7220 7222 AND
2 1 7218 7222 7223 XOR
2 1 7035 858 7224 XOR
2 1 7223 858 7225 XOR
2 1 7224 7223 7226 XOR
2 1 7224 7225 7227 AND
2 1 7223 7227 7228 XOR
2 1 7228 956 7229 AND
2 1 7228 956 7230 XOR
2 1 7230 7229 7231 XOR
2 1 467 7037 7232 XOR
2 1 7231 7232 7233 AND
2 1 7233 7037 7234 XOR
2 1 6924 7041 7235 XOR
2 1 7231 7235 7236 AND
2 1 7236 7041 7237 XOR
2 1 6927 7046 7238 XOR
2 1 7231 7238 7239 AND
2 1 7239 7046 7240 XOR
2 1 6930 7051 7241 XOR
2 1 7231 7241 7242 AND
2 1 7242 7051 7243 XOR
2 1 6933 7056 7244 XOR
2 1 7231 7244 7245 AND
2 1 7245 7056 7246 XOR
2 1 6936 7061 7247 XOR
2 1 7231 7247 7248 AND
2 1 7248 7061 7249 XOR
2 1 6939 7066 7250 XOR
2 1 7231 7250 7251 AND
2 1 7251 7066 7252 XOR
2 1 6942 7071 7253 XOR
2 1 7231 7253 7254 AND
2 1 7254 7071 7255 XOR
2 1 6945 7076 7256 XOR
2 1 7231 7256 7257 AND
2 1 7257 7076 7258 XOR
2 1 6948 7081 7259 XOR
2 1 7231 7259 7260 AND
2 1 7260 7081 7261 XOR
2 1 6951 7086 7262 XOR
2 1 7231 7262 7263 AND
2 1 7263 7086 7264 XOR
2 1 6954 7091 7265 XOR
2 1 7231 7265 7266 AND
2 1 7266 7091 7267 XOR
2 1 6957 7096 7268 XOR
2 1 7231 7268 7269 AND
2 1 7269 7096 7270 XOR
2 1 6960 7101 7271 XOR
2 1 7231 7271 7272 AND
2 1 7272 7101 7273 XOR
2 1 6963 7106 7274 XOR
2 1 7231 7274 7275 AND
2 1 7275 7106 7276 XOR
2 1 6966 7111 7277 XOR
2 1 7231 7277 7278 AND
2 1 7278 7111 7279 XOR
2 1 6969 7116 7280 XOR
2 1 7231 7280 7281 AND
2 1 7281 7116 7282 XOR
2 1 6972 7121 7283 XOR
2 1 7231 7283 7284 AND
2 1 7284 7121 7285 XOR
2 1 6975 7126 7286 XOR
2 1 7231 7286 7287 AND
2 1 7287 7126 7288 XOR
2 1 6978 7131 7289 XOR
2 1 7231 7289 7290 AND
2 1 7290 7131 7291 XOR
2 1 6981 7136 7292 XOR
2 1 7231 7292 7293 AND
2 1 7293 7136 7294 XOR
2 1 6984 7141 7295 XOR
2 1 7231 7295 7296 AND
2 1 7296 7141 7297 XOR
2 1 6987 7146 7298 XOR
2 1 7231 7298 7299 AND
2 1 7299 7146 7300 XOR
2 1 6990 7151 7301 XOR
2 1 7231 7301 7302 AND
2 1 7302 7151 7303 XOR
2 1 6993 7156 7304 XOR
2 1 7231 7304 7305 AND
2 1 7305 7156 7306 XOR
2 1 6996 7161 7307 XOR
2 1 7231 7307 7308 AND
2 1 7308 7161 7309 XOR
2 1 6999 7166 7310 XOR
2 1 7231 7310 7311 AND
2 1 7311 7166 7312 XOR
2 1 7002 7171 7313 XOR
2 1 7231 7313 7314 AND
2 1 7314 7171 7315 XOR
2 1 7005 7176 7316 XOR
2 1 7231 7316 7317 AND
2 1 7317 7176 7318 XOR
2 1 7008 7181 7319 XOR
2 1 7231 7319 7320 AND
2 1 7320 7181 7321 XOR
2 1 7011 7186 7322 XOR
2 1 7231 7322 7323 AND
2 1 7323 7186 7324 XOR
2 1 7014 7191 7325 XOR
2 1 7231 7325 7326 AND
2 1 7326 7191 7327 XOR
2 1 7017 7196 7328 XOR
2 1 7231 7328 7329 AND
2 1 7329 7196 7330 XOR
2 1 7020 7201 7331 XOR
2 1 7231 7331 7332 AND
2 1 7332 7201 7333 XOR
2 1 7023 7206 7334 XOR
2 1 7231 7334 7335 AND
2 1 7335 7206 7336 XOR
2 1 7026 7211 7337 XOR
2 1 7231 7337 7338 AND
2 1 7338 7211 7339 XOR
2 1 7029 7216 7340 XOR
2 1 7231 7340 7341 AND
2 1 7341 7216 7342 XOR
2 1 7032 7221 7343 XOR
2 1 7231 7343 7344 AND
2 1 7344 7221 7345 XOR
2 1 7035 7226 7346 XOR
2 1 7231 7346 7347 AND
2 1 7347 7226 7348 XOR
1 1 7231 7349 INV
2 1 466 820 7350 XOR
2 1 7350 820 7351 AND
2 1 7234 821 7352 XOR
2 1 7351 821 7353 XOR
2 1 7352 7351 7354 XOR
2 1 7352 7353 7355 AND
2 1 7351 7355 7356 XOR
2 1 7237 822 7357 XOR
2 1 7356 822 7358 XOR
2 1 7357 7356 7359 XOR
2 1 7357 7358 7360 AND
2 1 7356 7360 7361 XOR
2 1 7240 823 7362 XOR
2 1 7361 823 7363 XOR
2 1 7362 7361 7364 XOR
2 1 7362 7363 7365 AND
2 1 7361 7365 7366 XOR
2 1 7243 824 7367 XOR
2 1 7366 824 7368 XOR
2 1 7367 7366 7369 XOR
2 1 7367 7368 7370 AND
2 1 7366 7370 7371 XOR
2 1 7246 825 7372 XOR
2 1 7371 825 7373 XOR
2 1 7372 7371 7374 XOR
2 1 7372 7373 7375 AND
2 1 7371 7375 7376 XOR
2 1 7249 826 7377 XOR
2 1 7376 826 7378 XOR
2 1 7377 7376 7379 XOR
2 1 7377 7378 7380 AND
2 1 7376 7380 7381 XOR
2 1 7252 827 7382 XOR
2 1 7381 827 7383 XOR
2 1 7382 7381 7384 XOR
2 1 7382 7383 7385 AND
2 1 7381 7385 7386 XOR
2 1 7255 828 7387 XOR
2 1 7386 828 7388 XOR
2 1 7387 7386 7389 XOR
2 1 7387 7388 7390 AND
2 1 7386 7390 7391 XOR
2 1 7258 829 7392 XOR
2 1 7391 829 7393 XOR
2 1 7392 7391 7394 XOR
2 1 7392 7393 7395 AND
2 1 7391 7395 7396 XOR
2 1 7261 830 7397 XOR
2 1 7396 830 7398 XOR
2 1 7397 7396 7399 XOR
2 1 7397 7398 7400 AND
2 1 7396 7400 7401 XOR
2 1 7264 831 7402 XOR
2 1 7401 831 7403 XOR
2 1 7402 7401 7404 XOR
2 1 7402 7403 7405 AND
2 1 7401 7405 7406 XOR
2 1 7267 832 7407 XOR
2 1 7406 832 7408 XOR
2 1 7407 7406 7409 XOR
2 1 7407 7408 7410 AND
2 1 7406 7410 7411 XOR
2 1 7270 833 7412 XOR
2 1 7411 833 7413 XOR
2 1 7412 7411 7414 XOR
2 1 7412 7413 7415 AND
2 1 7411 7415 7416 XOR
2 1 7273 834 7417 XOR
2 1 7416 834 7418 XOR
2 1 7417 7416 7419 XOR
2 1 7417 7418 7420 AND
2 1 7416 7420 7421 XOR
2 1 7276 835 7422 XOR
2 1 7421 835 7423 XOR
2 1 7422 7421 7424 XOR
2 1 7422 7423 7425 AND
2 1 7421 7425 7426 XOR
2 1 7279 836 7427 XOR
2 1 7426 836 7428 XOR
2 1 7427 7426 7429 XOR
2 1 7427 7428 7430 AND
2 1 7426 7430 7431 XOR
2 1 7282 837 7432 XOR
2 1 7431 837 7433 XOR
2 1 7432 7431 7434 XOR
2 1 7432 7433 7435 AND
2 1 7431 7435 7436 XOR
2 1 7285 838 7437 XOR
2 1 7436 838 7438 XOR
2 1 7437 7436 7439 XOR
2 1 7437 7438 7440 AND
2 1 7436 7440 7441 XOR
2 1 7288 839 7442 XOR
2 1 7441 839 7443 XOR
2 1 7442 7441 7444 XOR
2 1 7442 7443 7445 AND
2 1 7441 7445 7446 XOR
2 1 7291 840 7447 XOR
2 1 7446 840 7448 XOR
2 1 7447 7446 7449 XOR
2 1 7447 7448 7450 AND
2 1 7446 7450 7451 XOR
2 1 7294 841 7452 XOR
2 1 7451 841 7453 XOR
2 1 7452 7451 7454 XOR
2 1 7452 7453 7455 AND
2 1 7451 7455 7456 XOR
2 1 7297 842 7457 XOR
2 1 7456 842 7458 XOR
2 1 7457 7456 7459 XOR
2 1 7457 7458 7460 AND
2 1 7456 7460 7461 XOR
2 1 7300 843 7462 XOR
2 1 7461 843 7463 XOR
2 1 7462 7461 7464 XOR
2 1 7462 7463 7465 AND
2 1 7461 7465 7466 XOR
2 1 7303 844 7467 XOR
2 1 7466 844 7468 XOR
2 1 7467 7466 7469 XOR
2 1 7467 7468 7470 AND
2 1 7466 7470 7471 XOR
2 1 7306 845 7472 XOR
2 1 7471 845 7473 XOR
2 1 7472 7471 7474 XOR
2 1 7472 7473 7475 AND
2 1 7471 7475 7476 XOR
2 1 7309 846 7477 XOR
2 1 7476 846 7478 XOR
2 1 7477 7476 7479 XOR
2 1 7477 7478 7480 AND
2 1 7476 7480 7481 XOR
2 1 7312 847 7482 XOR
2 1 7481 847 7483 XOR
2 1 7482 7481 7484 XOR
2 1 7482 7483 7485 AND
2 1 7481 7485 7486 XOR
2 1 7315 848 7487 XOR
2 1 7486 848 7488 XOR
2 1 7487 7486 7489 XOR
2 1 7487 7488 7490 AND
2 1 7486 7490 7491 XOR
2 1 7318 849 7492 XOR
2 1 7491 849 7493 XOR
2 1 7492 7491 7494 XOR
2 1 7492 7493 7495 AND
2 1 7491 7495 7496 XOR
2 1 7321 850 7497 XOR
2 1 7496 850 7498 XOR
2 1 7497 7496 7499 XOR
2 1 7497 7498 7500 AND
2 1 7496 7500 7501 XOR
2 1 7324 851 7502 XOR
2 1 7501 851 7503 XOR
2 1 7502 7501 7504 XOR
2 1 7502 7503 7505 AND
2 1 7501 7505 7506 XOR
2 1 7327 852 7507 XOR
2 1 7506 852 7508 XOR
2 1 7507 7506 7509 XOR
2 1 7507 7508 7510 AND
2 1 7506 7510 7511 XOR
2 1 7330 853 7512 XOR
2 1 7511 853 7513 XOR
2 1 7512 7511 7514 XOR
2 1 7512 7513 7515 AND
2 1 7511 7515 7516 XOR
2 1 7333 854 7517 XOR
2 1 7516 854 7518 XOR
2 1 7517 7516 7519 XOR
2 1 7517 7518 7520 AND
2 1 7516 7520 7521 XOR
2 1 7336 855 7522 XOR
2 1 7521 855 7523 XOR
2 1 7522 7521 7524 XOR
2 1 7522 7523 7525 AND
2 1 7521 7525 7526 XOR
2 1 7339 856 7527 XOR
2 1 7526 856 7528 XOR
2 1 7527 7526 7529 XOR
2 1 7527 7528 7530 AND
2 1 7526 7530 7531 XOR
2 1 7342 857 7532 XOR
2 1 7531 857 7533 XOR
2 1 7532 7531 7534 XOR
2 1 7532 7533 7535 AND
2 1 7531 7535 7536 XOR
2 1 7345 858 7537 XOR
2 1 7536 858 7538 XOR
2 1 7537 7536 7539 XOR
2 1 7537 7538 7540 AND
2 1 7536 7540 7541 XOR
2 1 7348 859 7542 XOR
2 1 7541 859 7543 XOR
2 1 7542 7541 7544 XOR
2 1 7542 7543 7545 AND
2 1 7541 7545 7546 XOR
2 1 7546 953 7547 AND
2 1 7546 953 7548 XOR
2 1 7548 7547 7549 XOR
2 1 466 7350 7550 XOR
2 1 7549 7550 7551 AND
2 1 7551 7350 7552 XOR
2 1 7234 7354 7553 XOR
2 1 7549 7553 7554 AND
2 1 7554 7354 7555 XOR
2 1 7237 7359 7556 XOR
2 1 7549 7556 7557 AND
2 1 7557 7359 7558 XOR
2 1 7240 7364 7559 XOR
2 1 7549 7559 7560 AND
2 1 7560 7364 7561 XOR
2 1 7243 7369 7562 XOR
2 1 7549 7562 7563 AND
2 1 7563 7369 7564 XOR
2 1 7246 7374 7565 XOR
2 1 7549 7565 7566 AND
2 1 7566 7374 7567 XOR
2 1 7249 7379 7568 XOR
2 1 7549 7568 7569 AND
2 1 7569 7379 7570 XOR
2 1 7252 7384 7571 XOR
2 1 7549 7571 7572 AND
2 1 7572 7384 7573 XOR
2 1 7255 7389 7574 XOR
2 1 7549 7574 7575 AND
2 1 7575 7389 7576 XOR
2 1 7258 7394 7577 XOR
2 1 7549 7577 7578 AND
2 1 7578 7394 7579 XOR
2 1 7261 7399 7580 XOR
2 1 7549 7580 7581 AND
2 1 7581 7399 7582 XOR
2 1 7264 7404 7583 XOR
2 1 7549 7583 7584 AND
2 1 7584 7404 7585 XOR
2 1 7267 7409 7586 XOR
2 1 7549 7586 7587 AND
2 1 7587 7409 7588 XOR
2 1 7270 7414 7589 XOR
2 1 7549 7589 7590 AND
2 1 7590 7414 7591 XOR
2 1 7273 7419 7592 XOR
2 1 7549 7592 7593 AND
2 1 7593 7419 7594 XOR
2 1 7276 7424 7595 XOR
2 1 7549 7595 7596 AND
2 1 7596 7424 7597 XOR
2 1 7279 7429 7598 XOR
2 1 7549 7598 7599 AND
2 1 7599 7429 7600 XOR
2 1 7282 7434 7601 XOR
2 1 7549 7601 7602 AND
2 1 7602 7434 7603 XOR
2 1 7285 7439 7604 XOR
2 1 7549 7604 7605 AND
2 1 7605 7439 7606 XOR
2 1 7288 7444 7607 XOR
2 1 7549 7607 7608 AND
2 1 7608 7444 7609 XOR
2 1 7291 7449 7610 XOR
2 1 7549 7610 7611 AND
2 1 7611 7449 7612 XOR
2 1 7294 7454 7613 XOR
2 1 7549 7613 7614 AND
2 1 7614 7454 7615 XOR
2 1 7297 7459 7616 XOR
2 1 7549 7616 7617 AND
2 1 7617 7459 7618 XOR
2 1 7300 7464 7619 XOR
2 1 7549 7619 7620 AND
2 1 7620 7464 7621 XOR
2 1 7303 7469 7622 XOR
2 1 7549 7622 7623 AND
2 1 7623 7469 7624 XOR
2 1 7306 7474 7625 XOR
2 1 7549 7625 7626 AND
2 1 7626 7474 7627 XOR
2 1 7309 7479 7628 XOR
2 1 7549 7628 7629 AND
2 1 7629 7479 7630 XOR
2 1 7312 7484 7631 XOR
2 1 7549 7631 7632 AND
2 1 7632 7484 7633 XOR
2 1 7315 7489 7634 XOR
2 1 7549 7634 7635 AND
2 1 7635 7489 7636 XOR
2 1 7318 7494 7637 XOR
2 1 7549 7637 7638 AND
2 1 7638 7494 7639 XOR
2 1 7321 7499 7640 XOR
2 1 7549 7640 7641 AND
2 1 7641 7499 7642 XOR
2 1 7324 7504 7643 XOR
2 1 7549 7643 7644 AND
2 1 7644 7504 7645 XOR
2 1 7327 7509 7646 XOR
2 1 7549 7646 7647 AND
2 1 7647 7509 7648 XOR
2 1 7330 7514 7649 XOR
2 1 7549 7649 7650 AND
2 1 7650 7514 7651 XOR
2 1 7333 7519 7652 XOR
2 1 7549 7652 7653 AND
2 1 7653 7519 7654 XOR
2 1 7336 7524 7655 XOR
2 1 7549 7655 7656 AND
2 1 7656 7524 7657 XOR
2 1 7339 7529 7658 XOR
2 1 7549 7658 7659 AND
2 1 7659 7529 7660 XOR
2 1 7342 7534 7661 XOR
2 1 7549 7661 7662 AND
2 1 7662 7534 7663 XOR
2 1 7345 7539 7664 XOR
2 1 7549 7664 7665 AND
2 1 7665 7539 7666 XOR
2 1 7348 7544 7667 XOR
2 1 7549 7667 7668 AND
2 1 7668 7544 7669 XOR
1 1 7549 7670 INV
2 1 465 820 7671 XOR
2 1 7671 820 7672 AND
2 1 7552 821 7673 XOR
2 1 7672 821 7674 XOR
2 1 7673 7672 7675 XOR
2 1 7673 7674 7676 AND
2 1 7672 7676 7677 XOR
2 1 7555 822 7678 XOR
2 1 7677 822 7679 XOR
2 1 7678 7677 7680 XOR
2 1 7678 7679 7681 AND
2 1 7677 7681 7682 XOR
2 1 7558 823 7683 XOR
2 1 7682 823 7684 XOR
2 1 7683 7682 7685 XOR
2 1 7683 7684 7686 AND
2 1 7682 7686 7687 XOR
2 1 7561 824 7688 XOR
2 1 7687 824 7689 XOR
2 1 7688 7687 7690 XOR
2 1 7688 7689 7691 AND
2 1 7687 7691 7692 XOR
2 1 7564 825 7693 XOR
2 1 7692 825 7694 XOR
2 1 7693 7692 7695 XOR
2 1 7693 7694 7696 AND
2 1 7692 7696 7697 XOR
2 1 7567 826 7698 XOR
2 1 7697 826 7699 XOR
2 1 7698 7697 7700 XOR
2 1 7698 7699 7701 AND
2 1 7697 7701 7702 XOR
2 1 7570 827 7703 XOR
2 1 7702 827 7704 XOR
2 1 7703 7702 7705 XOR
2 1 7703 7704 7706 AND
2 1 7702 7706 7707 XOR
2 1 7573 828 7708 XOR
2 1 7707 828 7709 XOR
2 1 7708 7707 7710 XOR
2 1 7708 7709 7711 AND
2 1 7707 7711 7712 XOR
2 1 7576 829 7713 XOR
2 1 7712 829 7714 XOR
2 1 7713 7712 7715 XOR
2 1 7713 7714 7716 AND
2 1 7712 7716 7717 XOR
2 1 7579 830 7718 XOR
2 1 7717 830 7719 XOR
2 1 7718 7717 7720 XOR
2 1 7718 7719 7721 AND
2 1 7717 7721 7722 XOR
2 1 7582 831 7723 XOR
2 1 7722 831 7724 XOR
2 1 7723 7722 7725 XOR
2 1 7723 7724 7726 AND
2 1 7722 7726 7727 XOR
2 1 7585 832 7728 XOR
2 1 7727 832 7729 XOR
2 1 7728 7727 7730 XOR
2 1 7728 7729 7731 AND
2 1 7727 7731 7732 XOR
2 1 7588 833 7733 XOR
2 1 7732 833 7734 XOR
2 1 7733 7732 7735 XOR
2 1 7733 7734 7736 AND
2 1 7732 7736 7737 XOR
2 1 7591 834 7738 XOR
2 1 7737 834 7739 XOR
2 1 7738 7737 7740 XOR
2 1 7738 7739 7741 AND
2 1 7737 7741 7742 XOR
2 1 7594 835 7743 XOR
2 1 7742 835 7744 XOR
2 1 7743 7742 7745 XOR
2 1 7743 7744 7746 AND
2 1 7742 7746 7747 XOR
2 1 7597 836 7748 XOR
2 1 7747 836 7749 XOR
2 1 7748 7747 7750 XOR
2 1 7748 7749 7751 AND
2 1 7747 7751 7752 XOR
2 1 7600 837 7753 XOR
2 1 7752 837 7754 XOR
2 1 7753 7752 7755 XOR
2 1 7753 7754 7756 AND
2 1 7752 7756 7757 XOR
2 1 7603 838 7758 XOR
2 1 7757 838 7759 XOR
2 1 7758 7757 7760 XOR
2 1 7758 7759 7761 AND
2 1 7757 7761 7762 XOR
2 1 7606 839 7763 XOR
2 1 7762 839 7764 XOR
2 1 7763 7762 7765 XOR
2 1 7763 7764 7766 AND
2 1 7762 7766 7767 XOR
2 1 7609 840 7768 XOR
2 1 7767 840 7769 XOR
2 1 7768 7767 7770 XOR
2 1 7768 7769 7771 AND
2 1 7767 7771 7772 XOR
2 1 7612 841 7773 XOR
2 1 7772 841 7774 XOR
2 1 7773 7772 7775 XOR
2 1 7773 7774 7776 AND
2 1 7772 7776 7777 XOR
2 1 7615 842 7778 XOR
2 1 7777 842 7779 XOR
2 1 7778 7777 7780 XOR
2 1 7778 7779 7781 AND
2 1 7777 7781 7782 XOR
2 1 7618 843 7783 XOR
2 1 7782 843 7784 XOR
2 1 7783 7782 7785 XOR
2 1 7783 7784 7786 AND
2 1 7782 7786 7787 XOR
2 1 7621 844 7788 XOR
2 1 7787 844 7789 XOR
2 1 7788 7787 7790 XOR
2 1 7788 7789 7791 AND
2 1 7787 7791 7792 XOR
2 1 7624 845 7793 XOR
2 1 7792 845 7794 XOR
2 1 7793 7792 7795 XOR
2 1 7793 7794 7796 AND
2 1 7792 7796 7797 XOR
2 1 7627 846 7798 XOR
2 1 7797 846 7799 XOR
2 1 7798 7797 7800 XOR
2 1 7798 7799 7801 AND
2 1 7797 7801 7802 XOR
2 1 7630 847 7803 XOR
2 1 7802 847 7804 XOR
2 1 7803 7802 7805 XOR
2 1 7803 7804 7806 AND
2 1 7802 7806 7807 XOR
2 1 7633 848 7808 XOR
2 1 7807 848 7809 XOR
2 1 7808 7807 7810 XOR
2 1 7808 7809 7811 AND
2 1 7807 7811 7812 XOR
2 1 7636 849 7813 XOR
2 1 7812 849 7814 XOR
2 1 7813 7812 7815 XOR
2 1 7813 7814 7816 AND
2 1 7812 7816 7817 XOR
2 1 7639 850 7818 XOR
2 1 7817 850 7819 XOR
2 1 7818 7817 7820 XOR
2 1 7818 7819 7821 AND
2 1 7817 7821 7822 XOR
2 1 7642 851 7823 XOR
2 1 7822 851 7824 XOR
2 1 7823 7822 7825 XOR
2 1 7823 7824 7826 AND
2 1 7822 7826 7827 XOR
2 1 7645 852 7828 XOR
2 1 7827 852 7829 XOR
2 1 7828 7827 7830 XOR
2 1 7828 7829 7831 AND
2 1 7827 7831 7832 XOR
2 1 7648 853 7833 XOR
2 1 7832 853 7834 XOR
2 1 7833 7832 7835 XOR
2 1 7833 7834 7836 AND
2 1 7832 7836 7837 XOR
2 1 7651 854 7838 XOR
2 1 7837 854 7839 XOR
2 1 7838 7837 7840 XOR
2 1 7838 7839 7841 AND
2 1 7837 7841 7842 XOR
2 1 7654 855 7843 XOR
2 1 7842 855 7844 XOR
2 1 7843 7842 7845 XOR
2 1 7843 7844 7846 AND
2 1 7842 7846 7847 XOR
2 1 7657 856 7848 XOR
2 1 7847 856 7849 XOR
2 1 7848 7847 7850 XOR
2 1 7848 7849 7851 AND
2 1 7847 7851 7852 XOR
2 1 7660 857 7853 XOR
2 1 7852 857 7854 XOR
2 1 7853 7852 7855 XOR
2 1 7853 7854 7856 AND
2 1 7852 7856 7857 XOR
2 1 7663 858 7858 XOR
2 1 7857 858 7859 XOR
2 1 7858 7857 7860 XOR
2 1 7858 7859 7861 AND
2 1 7857 7861 7862 XOR
2 1 7666 859 7863 XOR
2 1 7862 859 7864 XOR
2 1 7863 7862 7865 XOR
2 1 7863 7864 7866 AND
2 1 7862 7866 7867 XOR
2 1 7669 860 7868 XOR
2 1 7867 860 7869 XOR
2 1 7868 7867 7870 XOR
2 1 7868 7869 7871 AND
2 1 7867 7871 7872 XOR
2 1 7872 950 7873 AND
2 1 7872 950 7874 XOR
2 1 7874 7873 7875 XOR
2 1 465 7671 7876 XOR
2 1 7875 7876 7877 AND
2 1 7877 7671 7878 XOR
2 1 7552 7675 7879 XOR
2 1 7875 7879 7880 AND
2 1 7880 7675 7881 XOR
2 1 7555 7680 7882 XOR
2 1 7875 7882 7883 AND
2 1 7883 7680 7884 XOR
2 1 7558 7685 7885 XOR
2 1 7875 7885 7886 AND
2 1 7886 7685 7887 XOR
2 1 7561 7690 7888 XOR
2 1 7875 7888 7889 AND
2 1 7889 7690 7890 XOR
2 1 7564 7695 7891 XOR
2 1 7875 7891 7892 AND
2 1 7892 7695 7893 XOR
2 1 7567 7700 7894 XOR
2 1 7875 7894 7895 AND
2 1 7895 7700 7896 XOR
2 1 7570 7705 7897 XOR
2 1 7875 7897 7898 AND
2 1 7898 7705 7899 XOR
2 1 7573 7710 7900 XOR
2 1 7875 7900 7901 AND
2 1 7901 7710 7902 XOR
2 1 7576 7715 7903 XOR
2 1 7875 7903 7904 AND
2 1 7904 7715 7905 XOR
2 1 7579 7720 7906 XOR
2 1 7875 7906 7907 AND
2 1 7907 7720 7908 XOR
2 1 7582 7725 7909 XOR
2 1 7875 7909 7910 AND
2 1 7910 7725 7911 XOR
2 1 7585 7730 7912 XOR
2 1 7875 7912 7913 AND
2 1 7913 7730 7914 XOR
2 1 7588 7735 7915 XOR
2 1 7875 7915 7916 AND
2 1 7916 7735 7917 XOR
2 1 7591 7740 7918 XOR
2 1 7875 7918 7919 AND
2 1 7919 7740 7920 XOR
2 1 7594 7745 7921 XOR
2 1 7875 7921 7922 AND
2 1 7922 7745 7923 XOR
2 1 7597 7750 7924 XOR
2 1 7875 7924 7925 AND
2 1 7925 7750 7926 XOR
2 1 7600 7755 7927 XOR
2 1 7875 7927 7928 AND
2 1 7928 7755 7929 XOR
2 1 7603 7760 7930 XOR
2 1 7875 7930 7931 AND
2 1 7931 7760 7932 XOR
2 1 7606 7765 7933 XOR
2 1 7875 7933 7934 AND
2 1 7934 7765 7935 XOR
2 1 7609 7770 7936 XOR
2 1 7875 7936 7937 AND
2 1 7937 7770 7938 XOR
2 1 7612 7775 7939 XOR
2 1 7875 7939 7940 AND
2 1 7940 7775 7941 XOR
2 1 7615 7780 7942 XOR
2 1 7875 7942 7943 AND
2 1 7943 7780 7944 XOR
2 1 7618 7785 7945 XOR
2 1 7875 7945 7946 AND
2 1 7946 7785 7947 XOR
2 1 7621 7790 7948 XOR
2 1 7875 7948 7949 AND
2 1 7949 7790 7950 XOR
2 1 7624 7795 7951 XOR
2 1 7875 7951 7952 AND
2 1 7952 7795 7953 XOR
2 1 7627 7800 7954 XOR
2 1 7875 7954 7955 AND
2 1 7955 7800 7956 XOR
2 1 7630 7805 7957 XOR
2 1 7875 7957 7958 AND
2 1 7958 7805 7959 XOR
2 1 7633 7810 7960 XOR
2 1 7875 7960 7961 AND
2 1 7961 7810 7962 XOR
2 1 7636 7815 7963 XOR
2 1 7875 7963 7964 AND
2 1 7964 7815 7965 XOR
2 1 7639 7820 7966 XOR
2 1 7875 7966 7967 AND
2 1 7967 7820 7968 XOR
2 1 7642 7825 7969 XOR
2 1 7875 7969 7970 AND
2 1 7970 7825 7971 XOR
2 1 7645 7830 7972 XOR
2 1 7875 7972 7973 AND
2 1 7973 7830 7974 XOR
2 1 7648 7835 7975 XOR
2 1 7875 7975 7976 AND
2 1 7976 7835 7977 XOR
2 1 7651 7840 7978 XOR
2 1 7875 7978 7979 AND
2 1 7979 7840 7980 XOR
2 1 7654 7845 7981 XOR
2 1 7875 7981 7982 AND
2 1 7982 7845 7983 XOR
2 1 7657 7850 7984 XOR
2 1 7875 7984 7985 AND
2 1 7985 7850 7986 XOR
2 1 7660 7855 7987 XOR
2 1 7875 7987 7988 AND
2 1 7988 7855 7989 XOR
2 1 7663 7860 7990 XOR
2 1 7875 7990 7991 AND
2 1 7991 7860 7992 XOR
2 1 7666 7865 7993 XOR
2 1 7875 7993 7994 AND
2 1 7994 7865 7995 XOR
2 1 7669 7870 7996 XOR
2 1 7875 7996 7997 AND
2 1 7997 7870 7998 XOR
1 1 7875 7999 INV
2 1 464 820 8000 XOR
2 1 8000 820 8001 AND
2 1 7878 821 8002 XOR
2 1 8001 821 8003 XOR
2 1 8002 8001 8004 XOR
2 1 8002 8003 8005 AND
2 1 8001 8005 8006 XOR
2 1 7881 822 8007 XOR
2 1 8006 822 8008 XOR
2 1 8007 8006 8009 XOR
2 1 8007 8008 8010 AND
2 1 8006 8010 8011 XOR
2 1 7884 823 8012 XOR
2 1 8011 823 8013 XOR
2 1 8012 8011 8014 XOR
2 1 8012 8013 8015 AND
2 1 8011 8015 8016 XOR
2 1 7887 824 8017 XOR
2 1 8016 824 8018 XOR
2 1 8017 8016 8019 XOR
2 1 8017 8018 8020 AND
2 1 8016 8020 8021 XOR
2 1 7890 825 8022 XOR
2 1 8021 825 8023 XOR
2 1 8022 8021 8024 XOR
2 1 8022 8023 8025 AND
2 1 8021 8025 8026 XOR
2 1 7893 826 8027 XOR
2 1 8026 826 8028 XOR
2 1 8027 8026 8029 XOR
2 1 8027 8028 8030 AND
2 1 8026 8030 8031 XOR
2 1 7896 827 8032 XOR
2 1 8031 827 8033 XOR
2 1 8032 8031 8034 XOR
2 1 8032 8033 8035 AND
2 1 8031 8035 8036 XOR
2 1 7899 828 8037 XOR
2 1 8036 828 8038 XOR
2 1 8037 8036 8039 XOR
2 1 8037 8038 8040 AND
2 1 8036 8040 8041 XOR
2 1 7902 829 8042 XOR
2 1 8041 829 8043 XOR
2 1 8042 8041 8044 XOR
2 1 8042 8043 8045 AND
2 1 8041 8045 8046 XOR
2 1 7905 830 8047 XOR
2 1 8046 830 8048 XOR
2 1 8047 8046 8049 XOR
2 1 8047 8048 8050 AND
2 1 8046 8050 8051 XOR
2 1 7908 831 8052 XOR
2 1 8051 831 8053 XOR
2 1 8052 8051 8054 XOR
2 1 8052 8053 8055 AND
2 1 8051 8055 8056 XOR
2 1 7911 832 8057 XOR
2 1 8056 832 8058 XOR
2 1 8057 8056 8059 XOR
2 1 8057 8058 8060 AND
2 1 8056 8060 8061 XOR
2 1 7914 833 8062 XOR
2 1 8061 833 8063 XOR
2 1 8062 8061 8064 XOR
2 1 8062 8063 8065 AND
2 1 8061 8065 8066 XOR
2 1 7917 834 8067 XOR
2 1 8066 834 8068 XOR
2 1 8067 8066 8069 XOR
2 1 8067 8068 8070 AND
2 1 8066 8070 8071 XOR
2 1 7920 835 8072 XOR
2 1 8071 835 8073 XOR
2 1 8072 8071 8074 XOR
2 1 8072 8073 8075 AND
2 1 8071 8075 8076 XOR
2 1 7923 836 8077 XOR
2 1 8076 836 8078 XOR
2 1 8077 8076 8079 XOR
2 1 8077 8078 8080 AND
2 1 8076 8080 8081 XOR
2 1 7926 837 8082 XOR
2 1 8081 837 8083 XOR
2 1 8082 8081 8084 XOR
2 1 8082 8083 8085 AND
2 1 8081 8085 8086 XOR
2 1 7929 838 8087 XOR
2 1 8086 838 8088 XOR
2 1 8087 8086 8089 XOR
2 1 8087 8088 8090 AND
2 1 8086 8090 8091 XOR
2 1 7932 839 8092 XOR
2 1 8091 839 8093 XOR
2 1 8092 8091 8094 XOR
2 1 8092 8093 8095 AND
2 1 8091 8095 8096 XOR
2 1 7935 840 8097 XOR
2 1 8096 840 8098 XOR
2 1 8097 8096 8099 XOR
2 1 8097 8098 8100 AND
2 1 8096 8100 8101 XOR
2 1 7938 841 8102 XOR
2 1 8101 841 8103 XOR
2 1 8102 8101 8104 XOR
2 1 8102 8103 8105 AND
2 1 8101 8105 8106 XOR
2 1 7941 842 8107 XOR
2 1 8106 842 8108 XOR
2 1 8107 8106 8109 XOR
2 1 8107 8108 8110 AND
2 1 8106 8110 8111 XOR
2 1 7944 843 8112 XOR
2 1 8111 843 8113 XOR
2 1 8112 8111 8114 XOR
2 1 8112 8113 8115 AND
2 1 8111 8115 8116 XOR
2 1 7947 844 8117 XOR
2 1 8116 844 8118 XOR
2 1 8117 8116 8119 XOR
2 1 8117 8118 8120 AND
2 1 8116 8120 8121 XOR
2 1 7950 845 8122 XOR
2 1 8121 845 8123 XOR
2 1 8122 8121 8124 XOR
2 1 8122 8123 8125 AND
2 1 8121 8125 8126 XOR
2 1 7953 846 8127 XOR
2 1 8126 846 8128 XOR
2 1 8127 8126 8129 XOR
2 1 8127 8128 8130 AND
2 1 8126 8130 8131 XOR
2 1 7956 847 8132 XOR
2 1 8131 847 8133 XOR
2 1 8132 8131 8134 XOR
2 1 8132 8133 8135 AND
2 1 8131 8135 8136 XOR
2 1 7959 848 8137 XOR
2 1 8136 848 8138 XOR
2 1 8137 8136 8139 XOR
2 1 8137 8138 8140 AND
2 1 8136 8140 8141 XOR
2 1 7962 849 8142 XOR
2 1 8141 849 8143 XOR
2 1 8142 8141 8144 XOR
2 1 8142 8143 8145 AND
2 1 8141 8145 8146 XOR
2 1 7965 850 8147 XOR
2 1 8146 850 8148 XOR
2 1 8147 8146 8149 XOR
2 1 8147 8148 8150 AND
2 1 8146 8150 8151 XOR
2 1 7968 851 8152 XOR
2 1 8151 851 8153 XOR
2 1 8152 8151 8154 XOR
2 1 8152 8153 8155 AND
2 1 8151 8155 8156 XOR
2 1 7971 852 8157 XOR
2 1 8156 852 8158 XOR
2 1 8157 8156 8159 XOR
2 1 8157 8158 8160 AND
2 1 8156 8160 8161 XOR
2 1 7974 853 8162 XOR
2 1 8161 853 8163 XOR
2 1 8162 8161 8164 XOR
2 1 8162 8163 8165 AND
2 1 8161 8165 8166 XOR
2 1 7977 854 8167 XOR
2 1 8166 854 8168 XOR
2 1 8167 8166 8169 XOR
2 1 8167 8168 8170 AND
2 1 8166 8170 8171 XOR
2 1 7980 855 8172 XOR
2 1 8171 855 8173 XOR
2 1 8172 8171 8174 XOR
2 1 8172 8173 8175 AND
2 1 8171 8175 8176 XOR
2 1 7983 856 8177 XOR
2 1 8176 856 8178 XOR
2 1 8177 8176 8179 XOR
2 1 8177 8178 8180 AND
2 1 8176 8180 8181 XOR
2 1 7986 857 8182 XOR
2 1 8181 857 8183 XOR
2 1 8182 8181 8184 XOR
2 1 8182 8183 8185 AND
2 1 8181 8185 8186 XOR
2 1 7989 858 8187 XOR
2 1 8186 858 8188 XOR
2 1 8187 8186 8189 XOR
2 1 8187 8188 8190 AND
2 1 8186 8190 8191 XOR
2 1 7992 859 8192 XOR
2 1 8191 859 8193 XOR
2 1 8192 8191 8194 XOR
2 1 8192 8193 8195 AND
2 1 8191 8195 8196 XOR
2 1 7995 860 8197 XOR
2 1 8196 860 8198 XOR
2 1 8197 8196 8199 XOR
2 1 8197 8198 8200 AND
2 1 8196 8200 8201 XOR
2 1 7998 861 8202 XOR
2 1 8201 861 8203 XOR
2 1 8202 8201 8204 XOR
2 1 8202 8203 8205 AND
2 1 8201 8205 8206 XOR
2 1 8206 947 8207 AND
2 1 8206 947 8208 XOR
2 1 8208 8207 8209 XOR
2 1 464 8000 8210 XOR
2 1 8209 8210 8211 AND
2 1 8211 8000 8212 XOR
2 1 7878 8004 8213 XOR
2 1 8209 8213 8214 AND
2 1 8214 8004 8215 XOR
2 1 7881 8009 8216 XOR
2 1 8209 8216 8217 AND
2 1 8217 8009 8218 XOR
2 1 7884 8014 8219 XOR
2 1 8209 8219 8220 AND
2 1 8220 8014 8221 XOR
2 1 7887 8019 8222 XOR
2 1 8209 8222 8223 AND
2 1 8223 8019 8224 XOR
2 1 7890 8024 8225 XOR
2 1 8209 8225 8226 AND
2 1 8226 8024 8227 XOR
2 1 7893 8029 8228 XOR
2 1 8209 8228 8229 AND
2 1 8229 8029 8230 XOR
2 1 7896 8034 8231 XOR
2 1 8209 8231 8232 AND
2 1 8232 8034 8233 XOR
2 1 7899 8039 8234 XOR
2 1 8209 8234 8235 AND
2 1 8235 8039 8236 XOR
2 1 7902 8044 8237 XOR
2 1 8209 8237 8238 AND
2 1 8238 8044 8239 XOR
2 1 7905 8049 8240 XOR
2 1 8209 8240 8241 AND
2 1 8241 8049 8242 XOR
2 1 7908 8054 8243 XOR
2 1 8209 8243 8244 AND
2 1 8244 8054 8245 XOR
2 1 7911 8059 8246 XOR
2 1 8209 8246 8247 AND
2 1 8247 8059 8248 XOR
2 1 7914 8064 8249 XOR
2 1 8209 8249 8250 AND
2 1 8250 8064 8251 XOR
2 1 7917 8069 8252 XOR
2 1 8209 8252 8253 AND
2 1 8253 8069 8254 XOR
2 1 7920 8074 8255 XOR
2 1 8209 8255 8256 AND
2 1 8256 8074 8257 XOR
2 1 7923 8079 8258 XOR
2 1 8209 8258 8259 AND
2 1 8259 8079 8260 XOR
2 1 7926 8084 8261 XOR
2 1 8209 8261 8262 AND
2 1 8262 8084 8263 XOR
2 1 7929 8089 8264 XOR
2 1 8209 8264 8265 AND
2 1 8265 8089 8266 XOR
2 1 7932 8094 8267 XOR
2 1 8209 8267 8268 AND
2 1 8268 8094 8269 XOR
2 1 7935 8099 8270 XOR
2 1 8209 8270 8271 AND
2 1 8271 8099 8272 XOR
2 1 7938 8104 8273 XOR
2 1 8209 8273 8274 AND
2 1 8274 8104 8275 XOR
2 1 7941 8109 8276 XOR
2 1 8209 8276 8277 AND
2 1 8277 8109 8278 XOR
2 1 7944 8114 8279 XOR
2 1 8209 8279 8280 AND
2 1 8280 8114 8281 XOR
2 1 7947 8119 8282 XOR
2 1 8209 8282 8283 AND
2 1 8283 8119 8284 XOR
2 1 7950 8124 8285 XOR
2 1 8209 8285 8286 AND
2 1 8286 8124 8287 XOR
2 1 7953 8129 8288 XOR
2 1 8209 8288 8289 AND
2 1 8289 8129 8290 XOR
2 1 7956 8134 8291 XOR
2 1 8209 8291 8292 AND
2 1 8292 8134 8293 XOR
2 1 7959 8139 8294 XOR
2 1 8209 8294 8295 AND
2 1 8295 8139 8296 XOR
2 1 7962 8144 8297 XOR
2 1 8209 8297 8298 AND
2 1 8298 8144 8299 XOR
2 1 7965 8149 8300 XOR
2 1 8209 8300 8301 AND
2 1 8301 8149 8302 XOR
2 1 7968 8154 8303 XOR
2 1 8209 8303 8304 AND
2 1 8304 8154 8305 XOR
2 1 7971 8159 8306 XOR
2 1 8209 8306 8307 AND
2 1 8307 8159 8308 XOR
2 1 7974 8164 8309 XOR
2 1 8209 8309 8310 AND
2 1 8310 8164 8311 XOR
2 1 7977 8169 8312 XOR
2 1 8209 8312 8313 AND
2 1 8313 8169 8314 XOR
2 1 7980 8174 8315 XOR
2 1 8209 8315 8316 AND
2 1 8316 8174 8317 XOR
2 1 7983 8179 8318 XOR
2 1 8209 8318 8319 AND
2 1 8319 8179 8320 XOR
2 1 7986 8184 8321 XOR
2 1 8209 8321 8322 AND
2 1 8322 8184 8323 XOR
2 1 7989 8189 8324 XOR
2 1 8209 8324 8325 AND
2 1 8325 8189 8326 XOR
2 1 7992 8194 8327 XOR
2 1 8209 8327 8328 AND
2 1 8328 8194 8329 XOR
2 1 7995 8199 8330 XOR
2 1 8209 8330 8331 AND
2 1 8331 8199 8332 XOR
2 1 7998 8204 8333 XOR
2 1 8209 8333 8334 AND
2 1 8334 8204 8335 XOR
1 1 8209 8336 INV
2 1 463 820 8337 XOR
2 1 8337 820 8338 AND
2 1 8212 821 8339 XOR
2 1 8338 821 8340 XOR
2 1 8339 8338 8341 XOR
2 1 8339 8340 8342 AND
2 1 8338 8342 8343 XOR
2 1 8215 822 8344 XOR
2 1 8343 822 8345 XOR
2 1 8344 8343 8346 XOR
2 1 8344 8345 8347 AND
2 1 8343 8347 8348 XOR
2 1 8218 823 8349 XOR
2 1 8348 823 8350 XOR
2 1 8349 8348 8351 XOR
2 1 8349 8350 8352 AND
2 1 8348 8352 8353 XOR
2 1 8221 824 8354 XOR
2 1 8353 824 8355 XOR
2 1 8354 8353 8356 XOR
2 1 8354 8355 8357 AND
2 1 8353 8357 8358 XOR
2 1 8224 825 8359 XOR
2 1 8358 825 8360 XOR
2 1 8359 8358 8361 XOR
2 1 8359 8360 8362 AND
2 1 8358 8362 8363 XOR
2 1 8227 826 8364 XOR
2 1 8363 826 8365 XOR
2 1 8364 8363 8366 XOR
2 1 8364 8365 8367 AND
2 1 8363 8367 8368 XOR
2 1 8230 827 8369 XOR
2 1 8368 827 8370 XOR
2 1 8369 8368 8371 XOR
2 1 8369 8370 8372 AND
2 1 8368 8372 8373 XOR
2 1 8233 828 8374 XOR
2 1 8373 828 8375 XOR
2 1 8374 8373 8376 XOR
2 1 8374 8375 8377 AND
2 1 8373 8377 8378 XOR
2 1 8236 829 8379 XOR
2 1 8378 829 8380 XOR
2 1 8379 8378 8381 XOR
2 1 8379 8380 8382 AND
2 1 8378 8382 8383 XOR
2 1 8239 830 8384 XOR
2 1 8383 830 8385 XOR
2 1 8384 8383 8386 XOR
2 1 8384 8385 8387 AND
2 1 8383 8387 8388 XOR
2 1 8242 831 8389 XOR
2 1 8388 831 8390 XOR
2 1 8389 8388 8391 XOR
2 1 8389 8390 8392 AND
2 1 8388 8392 8393 XOR
2 1 8245 832 8394 XOR
2 1 8393 832 8395 XOR
2 1 8394 8393 8396 XOR
2 1 8394 8395 8397 AND
2 1 8393 8397 8398 XOR
2 1 8248 833 8399 XOR
2 1 8398 833 8400 XOR
2 1 8399 8398 8401 XOR
2 1 8399 8400 8402 AND
2 1 8398 8402 8403 XOR
2 1 8251 834 8404 XOR
2 1 8403 834 8405 XOR
2 1 8404 8403 8406 XOR
2 1 8404 8405 8407 AND
2 1 8403 8407 8408 XOR
2 1 8254 835 8409 XOR
2 1 8408 835 8410 XOR
2 1 8409 8408 8411 XOR
2 1 8409 8410 8412 AND
2 1 8408 8412 8413 XOR
2 1 8257 836 8414 XOR
2 1 8413 836 8415 XOR
2 1 8414 8413 8416 XOR
2 1 8414 8415 8417 AND
2 1 8413 8417 8418 XOR
2 1 8260 837 8419 XOR
2 1 8418 837 8420 XOR
2 1 8419 8418 8421 XOR
2 1 8419 8420 8422 AND
2 1 8418 8422 8423 XOR
2 1 8263 838 8424 XOR
2 1 8423 838 8425 XOR
2 1 8424 8423 8426 XOR
2 1 8424 8425 8427 AND
2 1 8423 8427 8428 XOR
2 1 8266 839 8429 XOR
2 1 8428 839 8430 XOR
2 1 8429 8428 8431 XOR
2 1 8429 8430 8432 AND
2 1 8428 8432 8433 XOR
2 1 8269 840 8434 XOR
2 1 8433 840 8435 XOR
2 1 8434 8433 8436 XOR
2 1 8434 8435 8437 AND
2 1 8433 8437 8438 XOR
2 1 8272 841 8439 XOR
2 1 8438 841 8440 XOR
2 1 8439 8438 8441 XOR
2 1 8439 8440 8442 AND
2 1 8438 8442 8443 XOR
2 1 8275 842 8444 XOR
2 1 8443 842 8445 XOR
2 1 8444 8443 8446 XOR
2 1 8444 8445 8447 AND
2 1 8443 8447 8448 XOR
2 1 8278 843 8449 XOR
2 1 8448 843 8450 XOR
2 1 8449 8448 8451 XOR
2 1 8449 8450 8452 AND
2 1 8448 8452 8453 XOR
2 1 8281 844 8454 XOR
2 1 8453 844 8455 XOR
2 1 8454 8453 8456 XOR
2 1 8454 8455 8457 AND
2 1 8453 8457 8458 XOR
2 1 8284 845 8459 XOR
2 1 8458 845 8460 XOR
2 1 8459 8458 8461 XOR
2 1 8459 8460 8462 AND
2 1 8458 8462 8463 XOR
2 1 8287 846 8464 XOR
2 1 8463 846 8465 XOR
2 1 8464 8463 8466 XOR
2 1 8464 8465 8467 AND
2 1 8463 8467 8468 XOR
2 1 8290 847 8469 XOR
2 1 8468 847 8470 XOR
2 1 8469 8468 8471 XOR
2 1 8469 8470 8472 AND
2 1 8468 8472 8473 XOR
2 1 8293 848 8474 XOR
2 1 8473 848 8475 XOR
2 1 8474 8473 8476 XOR
2 1 8474 8475 8477 AND
2 1 8473 8477 8478 XOR
2 1 8296 849 8479 XOR
2 1 8478 849 8480 XOR
2 1 8479 8478 8481 XOR
2 1 8479 8480 8482 AND
2 1 8478 8482 8483 XOR
2 1 8299 850 8484 XOR
2 1 8483 850 8485 XOR
2 1 8484 8483 8486 XOR
2 1 8484 8485 8487 AND
2 1 8483 8487 8488 XOR
2 1 8302 851 8489 XOR
2 1 8488 851 8490 XOR
2 1 8489 8488 8491 XOR
2 1 8489 8490 8492 AND
2 1 8488 8492 8493 XOR
2 1 8305 852 8494 XOR
2 1 8493 852 8495 XOR
2 1 8494 8493 8496 XOR
2 1 8494 8495 8497 AND
2 1 8493 8497 8498 XOR
2 1 8308 853 8499 XOR
2 1 8498 853 8500 XOR
2 1 8499 8498 8501 XOR
2 1 8499 8500 8502 AND
2 1 8498 8502 8503 XOR
2 1 8311 854 8504 XOR
2 1 8503 854 8505 XOR
2 1 8504 8503 8506 XOR
2 1 8504 8505 8507 AND
2 1 8503 8507 8508 XOR
2 1 8314 855 8509 XOR
2 1 8508 855 8510 XOR
2 1 8509 8508 8511 XOR
2 1 8509 8510 8512 AND
2 1 8508 8512 8513 XOR
2 1 8317 856 8514 XOR
2 1 8513 856 8515 XOR
2 1 8514 8513 8516 XOR
2 1 8514 8515 8517 AND
2 1 8513 8517 8518 XOR
2 1 8320 857 8519 XOR
2 1 8518 857 8520 XOR
2 1 8519 8518 8521 XOR
2 1 8519 8520 8522 AND
2 1 8518 8522 8523 XOR
2 1 8323 858 8524 XOR
2 1 8523 858 8525 XOR
2 1 8524 8523 8526 XOR
2 1 8524 8525 8527 AND
2 1 8523 8527 8528 XOR
2 1 8326 859 8529 XOR
2 1 8528 859 8530 XOR
2 1 8529 8528 8531 XOR
2 1 8529 8530 8532 AND
2 1 8528 8532 8533 XOR
2 1 8329 860 8534 XOR
2 1 8533 860 8535 XOR
2 1 8534 8533 8536 XOR
2 1 8534 8535 8537 AND
2 1 8533 8537 8538 XOR
2 1 8332 861 8539 XOR
2 1 8538 861 8540 XOR
2 1 8539 8538 8541 XOR
2 1 8539 8540 8542 AND
2 1 8538 8542 8543 XOR
2 1 8335 862 8544 XOR
2 1 8543 862 8545 XOR
2 1 8544 8543 8546 XOR
2 1 8544 8545 8547 AND
2 1 8543 8547 8548 XOR
2 1 8548 944 8549 AND
2 1 8548 944 8550 XOR
2 1 8550 8549 8551 XOR
2 1 463 8337 8552 XOR
2 1 8551 8552 8553 AND
2 1 8553 8337 8554 XOR
2 1 8212 8341 8555 XOR
2 1 8551 8555 8556 AND
2 1 8556 8341 8557 XOR
2 1 8215 8346 8558 XOR
2 1 8551 8558 8559 AND
2 1 8559 8346 8560 XOR
2 1 8218 8351 8561 XOR
2 1 8551 8561 8562 AND
2 1 8562 8351 8563 XOR
2 1 8221 8356 8564 XOR
2 1 8551 8564 8565 AND
2 1 8565 8356 8566 XOR
2 1 8224 8361 8567 XOR
2 1 8551 8567 8568 AND
2 1 8568 8361 8569 XOR
2 1 8227 8366 8570 XOR
2 1 8551 8570 8571 AND
2 1 8571 8366 8572 XOR
2 1 8230 8371 8573 XOR
2 1 8551 8573 8574 AND
2 1 8574 8371 8575 XOR
2 1 8233 8376 8576 XOR
2 1 8551 8576 8577 AND
2 1 8577 8376 8578 XOR
2 1 8236 8381 8579 XOR
2 1 8551 8579 8580 AND
2 1 8580 8381 8581 XOR
2 1 8239 8386 8582 XOR
2 1 8551 8582 8583 AND
2 1 8583 8386 8584 XOR
2 1 8242 8391 8585 XOR
2 1 8551 8585 8586 AND
2 1 8586 8391 8587 XOR
2 1 8245 8396 8588 XOR
2 1 8551 8588 8589 AND
2 1 8589 8396 8590 XOR
2 1 8248 8401 8591 XOR
2 1 8551 8591 8592 AND
2 1 8592 8401 8593 XOR
2 1 8251 8406 8594 XOR
2 1 8551 8594 8595 AND
2 1 8595 8406 8596 XOR
2 1 8254 8411 8597 XOR
2 1 8551 8597 8598 AND
2 1 8598 8411 8599 XOR
2 1 8257 8416 8600 XOR
2 1 8551 8600 8601 AND
2 1 8601 8416 8602 XOR
2 1 8260 8421 8603 XOR
2 1 8551 8603 8604 AND
2 1 8604 8421 8605 XOR
2 1 8263 8426 8606 XOR
2 1 8551 8606 8607 AND
2 1 8607 8426 8608 XOR
2 1 8266 8431 8609 XOR
2 1 8551 8609 8610 AND
2 1 8610 8431 8611 XOR
2 1 8269 8436 8612 XOR
2 1 8551 8612 8613 AND
2 1 8613 8436 8614 XOR
2 1 8272 8441 8615 XOR
2 1 8551 8615 8616 AND
2 1 8616 8441 8617 XOR
2 1 8275 8446 8618 XOR
2 1 8551 8618 8619 AND
2 1 8619 8446 8620 XOR
2 1 8278 8451 8621 XOR
2 1 8551 8621 8622 AND
2 1 8622 8451 8623 XOR
2 1 8281 8456 8624 XOR
2 1 8551 8624 8625 AND
2 1 8625 8456 8626 XOR
2 1 8284 8461 8627 XOR
2 1 8551 8627 8628 AND
2 1 8628 8461 8629 XOR
2 1 8287 8466 8630 XOR
2 1 8551 8630 8631 AND
2 1 8631 8466 8632 XOR
2 1 8290 8471 8633 XOR
2 1 8551 8633 8634 AND
2 1 8634 8471 8635 XOR
2 1 8293 8476 8636 XOR
2 1 8551 8636 8637 AND
2 1 8637 8476 8638 XOR
2 1 8296 8481 8639 XOR
2 1 8551 8639 8640 AND
2 1 8640 8481 8641 XOR
2 1 8299 8486 8642 XOR
2 1 8551 8642 8643 AND
2 1 8643 8486 8644 XOR
2 1 8302 8491 8645 XOR
2 1 8551 8645 8646 AND
2 1 8646 8491 8647 XOR
2 1 8305 8496 8648 XOR
2 1 8551 8648 8649 AND
2 1 8649 8496 8650 XOR
2 1 8308 8501 8651 XOR
2 1 8551 8651 8652 AND
2 1 8652 8501 8653 XOR
2 1 8311 8506 8654 XOR
2 1 8551 8654 8655 AND
2 1 8655 8506 8656 XOR
2 1 8314 8511 8657 XOR
2 1 8551 8657 8658 AND
2 1 8658 8511 8659 XOR
2 1 8317 8516 8660 XOR
2 1 8551 8660 8661 AND
2 1 8661 8516 8662 XOR
2 1 8320 8521 8663 XOR
2 1 8551 8663 8664 AND
2 1 8664 8521 8665 XOR
2 1 8323 8526 8666 XOR
2 1 8551 8666 8667 AND
2 1 8667 8526 8668 XOR
2 1 8326 8531 8669 XOR
2 1 8551 8669 8670 AND
2 1 8670 8531 8671 XOR
2 1 8329 8536 8672 XOR
2 1 8551 8672 8673 AND
2 1 8673 8536 8674 XOR
2 1 8332 8541 8675 XOR
2 1 8551 8675 8676 AND
2 1 8676 8541 8677 XOR
2 1 8335 8546 8678 XOR
2 1 8551 8678 8679 AND
2 1 8679 8546 8680 XOR
1 1 8551 8681 INV
2 1 462 820 8682 XOR
2 1 8682 820 8683 AND
2 1 8554 821 8684 XOR
2 1 8683 821 8685 XOR
2 1 8684 8683 8686 XOR
2 1 8684 8685 8687 AND
2 1 8683 8687 8688 XOR
2 1 8557 822 8689 XOR
2 1 8688 822 8690 XOR
2 1 8689 8688 8691 XOR
2 1 8689 8690 8692 AND
2 1 8688 8692 8693 XOR
2 1 8560 823 8694 XOR
2 1 8693 823 8695 XOR
2 1 8694 8693 8696 XOR
2 1 8694 8695 8697 AND
2 1 8693 8697 8698 XOR
2 1 8563 824 8699 XOR
2 1 8698 824 8700 XOR
2 1 8699 8698 8701 XOR
2 1 8699 8700 8702 AND
2 1 8698 8702 8703 XOR
2 1 8566 825 8704 XOR
2 1 8703 825 8705 XOR
2 1 8704 8703 8706 XOR
2 1 8704 8705 8707 AND
2 1 8703 8707 8708 XOR
2 1 8569 826 8709 XOR
2 1 8708 826 8710 XOR
2 1 8709 8708 8711 XOR
2 1 8709 8710 8712 AND
2 1 8708 8712 8713 XOR
2 1 8572 827 8714 XOR
2 1 8713 827 8715 XOR
2 1 8714 8713 8716 XOR
2 1 8714 8715 8717 AND
2 1 8713 8717 8718 XOR
2 1 8575 828 8719 XOR
2 1 8718 828 8720 XOR
2 1 8719 8718 8721 XOR
2 1 8719 8720 8722 AND
2 1 8718 8722 8723 XOR
2 1 8578 829 8724 XOR
2 1 8723 829 8725 XOR
2 1 8724 8723 8726 XOR
2 1 8724 8725 8727 AND
2 1 8723 8727 8728 XOR
2 1 8581 830 8729 XOR
2 1 8728 830 8730 XOR
2 1 8729 8728 8731 XOR
2 1 8729 8730 8732 AND
2 1 8728 8732 8733 XOR
2 1 8584 831 8734 XOR
2 1 8733 831 8735 XOR
2 1 8734 8733 8736 XOR
2 1 8734 8735 8737 AND
2 1 8733 8737 8738 XOR
2 1 8587 832 8739 XOR
2 1 8738 832 8740 XOR
2 1 8739 8738 8741 XOR
2 1 8739 8740 8742 AND
2 1 8738 8742 8743 XOR
2 1 8590 833 8744 XOR
2 1 8743 833 8745 XOR
2 1 8744 8743 8746 XOR
2 1 8744 8745 8747 AND
2 1 8743 8747 8748 XOR
2 1 8593 834 8749 XOR
2 1 8748 834 8750 XOR
2 1 8749 8748 8751 XOR
2 1 8749 8750 8752 AND
2 1 8748 8752 8753 XOR
2 1 8596 835 8754 XOR
2 1 8753 835 8755 XOR
2 1 8754 8753 8756 XOR
2 1 8754 8755 8757 AND
2 1 8753 8757 8758 XOR
2 1 8599 836 8759 XOR
2 1 8758 836 8760 XOR
2 1 8759 8758 8761 XOR
2 1 8759 8760 8762 AND
2 1 8758 8762 8763 XOR
2 1 8602 837 8764 XOR
2 1 8763 837 8765 XOR
2 1 8764 8763 8766 XOR
2 1 8764 8765 8767 AND
2 1 8763 8767 8768 XOR
2 1 8605 838 8769 XOR
2 1 8768 838 8770 XOR
2 1 8769 8768 8771 XOR
2 1 8769 8770 8772 AND
2 1 8768 8772 8773 XOR
2 1 8608 839 8774 XOR
2 1 8773 839 8775 XOR
2 1 8774 8773 8776 XOR
2 1 8774 8775 8777 AND
2 1 8773 8777 8778 XOR
2 1 8611 840 8779 XOR
2 1 8778 840 8780 XOR
2 1 8779 8778 8781 XOR
2 1 8779 8780 8782 AND
2 1 8778 8782 8783 XOR
2 1 8614 841 8784 XOR
2 1 8783 841 8785 XOR
2 1 8784 8783 8786 XOR
2 1 8784 8785 8787 AND
2 1 8783 8787 8788 XOR
2 1 8617 842 8789 XOR
2 1 8788 842 8790 XOR
2 1 8789 8788 8791 XOR
2 1 8789 8790 8792 AND
2 1 8788 8792 8793 XOR
2 1 8620 843 8794 XOR
2 1 8793 843 8795 XOR
2 1 8794 8793 8796 XOR
2 1 8794 8795 8797 AND
2 1 8793 8797 8798 XOR
2 1 8623 844 8799 XOR
2 1 8798 844 8800 XOR
2 1 8799 8798 8801 XOR
2 1 8799 8800 8802 AND
2 1 8798 8802 8803 XOR
2 1 8626 845 8804 XOR
2 1 8803 845 8805 XOR
2 1 8804 8803 8806 XOR
2 1 8804 8805 8807 AND
2 1 8803 8807 8808 XOR
2 1 8629 846 8809 XOR
2 1 8808 846 8810 XOR
2 1 8809 8808 8811 XOR
2 1 8809 8810 8812 AND
2 1 8808 8812 8813 XOR
2 1 8632 847 8814 XOR
2 1 8813 847 8815 XOR
2 1 8814 8813 8816 XOR
2 1 8814 8815 8817 AND
2 1 8813 8817 8818 XOR
2 1 8635 848 8819 XOR
2 1 8818 848 8820 XOR
2 1 8819 8818 8821 XOR
2 1 8819 8820 8822 AND
2 1 8818 8822 8823 XOR
2 1 8638 849 8824 XOR
2 1 8823 849 8825 XOR
2 1 8824 8823 8826 XOR
2 1 8824 8825 8827 AND
2 1 8823 8827 8828 XOR
2 1 8641 850 8829 XOR
2 1 8828 850 8830 XOR
2 1 8829 8828 8831 XOR
2 1 8829 8830 8832 AND
2 1 8828 8832 8833 XOR
2 1 8644 851 8834 XOR
2 1 8833 851 8835 XOR
2 1 8834 8833 8836 XOR
2 1 8834 8835 8837 AND
2 1 8833 8837 8838 XOR
2 1 8647 852 8839 XOR
2 1 8838 852 8840 XOR
2 1 8839 8838 8841 XOR
2 1 8839 8840 8842 AND
2 1 8838 8842 8843 XOR
2 1 8650 853 8844 XOR
2 1 8843 853 8845 XOR
2 1 8844 8843 8846 XOR
2 1 8844 8845 8847 AND
2 1 8843 8847 8848 XOR
2 1 8653 854 8849 XOR
2 1 8848 854 8850 XOR
2 1 8849 8848 8851 XOR
2 1 8849 8850 8852 AND
2 1 8848 8852 8853 XOR
2 1 8656 855 8854 XOR
2 1 8853 855 8855 XOR
2 1 8854 8853 8856 XOR
2 1 8854 8855 8857 AND
2 1 8853 8857 8858 XOR
2 1 8659 856 8859 XOR
2 1 8858 856 8860 XOR
2 1 8859 8858 8861 XOR
2 1 8859 8860 8862 AND
2 1 8858 8862 8863 XOR
2 1 8662 857 8864 XOR
2 1 8863 857 8865 XOR
2 1 8864 8863 8866 XOR
2 1 8864 8865 8867 AND
2 1 8863 8867 8868 XOR
2 1 8665 858 8869 XOR
2 1 8868 858 8870 XOR
2 1 8869 8868 8871 XOR
2 1 8869 8870 8872 AND
2 1 8868 8872 8873 XOR
2 1 8668 859 8874 XOR
2 1 8873 859 8875 XOR
2 1 8874 8873 8876 XOR
2 1 8874 8875 8877 AND
2 1 8873 8877 8878 XOR
2 1 8671 860 8879 XOR
2 1 8878 860 8880 XOR
2 1 8879 8878 8881 XOR
2 1 8879 8880 8882 AND
2 1 8878 8882 8883 XOR
2 1 8674 861 8884 XOR
2 1 8883 861 8885 XOR
2 1 8884 8883 8886 XOR
2 1 8884 8885 8887 AND
2 1 8883 8887 8888 XOR
2 1 8677 862 8889 XOR
2 1 8888 862 8890 XOR
2 1 8889 8888 8891 XOR
2 1 8889 8890 8892 AND
2 1 8888 8892 8893 XOR
2 1 8680 863 8894 XOR
2 1 8893 863 8895 XOR
2 1 8894 8893 8896 XOR
2 1 8894 8895 8897 AND
2 1 8893 8897 8898 XOR
2 1 8898 941 8899 AND
2 1 8898 941 8900 XOR
2 1 8900 8899 8901 XOR
2 1 462 8682 8902 XOR
2 1 8901 8902 8903 AND
2 1 8903 8682 8904 XOR
2 1 8554 8686 8905 XOR
2 1 8901 8905 8906 AND
2 1 8906 8686 8907 XOR
2 1 8557 8691 8908 XOR
2 1 8901 8908 8909 AND
2 1 8909 8691 8910 XOR
2 1 8560 8696 8911 XOR
2 1 8901 8911 8912 AND
2 1 8912 8696 8913 XOR
2 1 8563 8701 8914 XOR
2 1 8901 8914 8915 AND
2 1 8915 8701 8916 XOR
2 1 8566 8706 8917 XOR
2 1 8901 8917 8918 AND
2 1 8918 8706 8919 XOR
2 1 8569 8711 8920 XOR
2 1 8901 8920 8921 AND
2 1 8921 8711 8922 XOR
2 1 8572 8716 8923 XOR
2 1 8901 8923 8924 AND
2 1 8924 8716 8925 XOR
2 1 8575 8721 8926 XOR
2 1 8901 8926 8927 AND
2 1 8927 8721 8928 XOR
2 1 8578 8726 8929 XOR
2 1 8901 8929 8930 AND
2 1 8930 8726 8931 XOR
2 1 8581 8731 8932 XOR
2 1 8901 8932 8933 AND
2 1 8933 8731 8934 XOR
2 1 8584 8736 8935 XOR
2 1 8901 8935 8936 AND
2 1 8936 8736 8937 XOR
2 1 8587 8741 8938 XOR
2 1 8901 8938 8939 AND
2 1 8939 8741 8940 XOR
2 1 8590 8746 8941 XOR
2 1 8901 8941 8942 AND
2 1 8942 8746 8943 XOR
2 1 8593 8751 8944 XOR
2 1 8901 8944 8945 AND
2 1 8945 8751 8946 XOR
2 1 8596 8756 8947 XOR
2 1 8901 8947 8948 AND
2 1 8948 8756 8949 XOR
2 1 8599 8761 8950 XOR
2 1 8901 8950 8951 AND
2 1 8951 8761 8952 XOR
2 1 8602 8766 8953 XOR
2 1 8901 8953 8954 AND
2 1 8954 8766 8955 XOR
2 1 8605 8771 8956 XOR
2 1 8901 8956 8957 AND
2 1 8957 8771 8958 XOR
2 1 8608 8776 8959 XOR
2 1 8901 8959 8960 AND
2 1 8960 8776 8961 XOR
2 1 8611 8781 8962 XOR
2 1 8901 8962 8963 AND
2 1 8963 8781 8964 XOR
2 1 8614 8786 8965 XOR
2 1 8901 8965 8966 AND
2 1 8966 8786 8967 XOR
2 1 8617 8791 8968 XOR
2 1 8901 8968 8969 AND
2 1 8969 8791 8970 XOR
2 1 8620 8796 8971 XOR
2 1 8901 8971 8972 AND
2 1 8972 8796 8973 XOR
2 1 8623 8801 8974 XOR
2 1 8901 8974 8975 AND
2 1 8975 8801 8976 XOR
2 1 8626 8806 8977 XOR
2 1 8901 8977 8978 AND
2 1 8978 8806 8979 XOR
2 1 8629 8811 8980 XOR
2 1 8901 8980 8981 AND
2 1 8981 8811 8982 XOR
2 1 8632 8816 8983 XOR
2 1 8901 8983 8984 AND
2 1 8984 8816 8985 XOR
2 1 8635 8821 8986 XOR
2 1 8901 8986 8987 AND
2 1 8987 8821 8988 XOR
2 1 8638 8826 8989 XOR
2 1 8901 8989 8990 AND
2 1 8990 8826 8991 XOR
2 1 8641 8831 8992 XOR
2 1 8901 8992 8993 AND
2 1 8993 8831 8994 XOR
2 1 8644 8836 8995 XOR
2 1 8901 8995 8996 AND
2 1 8996 8836 8997 XOR
2 1 8647 8841 8998 XOR
2 1 8901 8998 8999 AND
2 1 8999 8841 9000 XOR
2 1 8650 8846 9001 XOR
2 1 8901 9001 9002 AND
2 1 9002 8846 9003 XOR
2 1 8653 8851 9004 XOR
2 1 8901 9004 9005 AND
2 1 9005 8851 9006 XOR
2 1 8656 8856 9007 XOR
2 1 8901 9007 9008 AND
2 1 9008 8856 9009 XOR
2 1 8659 8861 9010 XOR
2 1 8901 9010 9011 AND
2 1 9011 8861 9012 XOR
2 1 8662 8866 9013 XOR
2 1 8901 9013 9014 AND
2 1 9014 8866 9015 XOR
2 1 8665 8871 9016 XOR
2 1 8901 9016 9017 AND
2 1 9017 8871 9018 XOR
2 1 8668 8876 9019 XOR
2 1 8901 9019 9020 AND
2 1 9020 8876 9021 XOR
2 1 8671 8881 9022 XOR
2 1 8901 9022 9023 AND
2 1 9023 8881 9024 XOR
2 1 8674 8886 9025 XOR
2 1 8901 9025 9026 AND
2 1 9026 8886 9027 XOR
2 1 8677 8891 9028 XOR
2 1 8901 9028 9029 AND
2 1 9029 8891 9030 XOR
2 1 8680 8896 9031 XOR
2 1 8901 9031 9032 AND
2 1 9032 8896 9033 XOR
1 1 8901 9034 INV
2 1 461 820 9035 XOR
2 1 9035 820 9036 AND
2 1 8904 821 9037 XOR
2 1 9036 821 9038 XOR
2 1 9037 9036 9039 XOR
2 1 9037 9038 9040 AND
2 1 9036 9040 9041 XOR
2 1 8907 822 9042 XOR
2 1 9041 822 9043 XOR
2 1 9042 9041 9044 XOR
2 1 9042 9043 9045 AND
2 1 9041 9045 9046 XOR
2 1 8910 823 9047 XOR
2 1 9046 823 9048 XOR
2 1 9047 9046 9049 XOR
2 1 9047 9048 9050 AND
2 1 9046 9050 9051 XOR
2 1 8913 824 9052 XOR
2 1 9051 824 9053 XOR
2 1 9052 9051 9054 XOR
2 1 9052 9053 9055 AND
2 1 9051 9055 9056 XOR
2 1 8916 825 9057 XOR
2 1 9056 825 9058 XOR
2 1 9057 9056 9059 XOR
2 1 9057 9058 9060 AND
2 1 9056 9060 9061 XOR
2 1 8919 826 9062 XOR
2 1 9061 826 9063 XOR
2 1 9062 9061 9064 XOR
2 1 9062 9063 9065 AND
2 1 9061 9065 9066 XOR
2 1 8922 827 9067 XOR
2 1 9066 827 9068 XOR
2 1 9067 9066 9069 XOR
2 1 9067 9068 9070 AND
2 1 9066 9070 9071 XOR
2 1 8925 828 9072 XOR
2 1 9071 828 9073 XOR
2 1 9072 9071 9074 XOR
2 1 9072 9073 9075 AND
2 1 9071 9075 9076 XOR
2 1 8928 829 9077 XOR
2 1 9076 829 9078 XOR
2 1 9077 9076 9079 XOR
2 1 9077 9078 9080 AND
2 1 9076 9080 9081 XOR
2 1 8931 830 9082 XOR
2 1 9081 830 9083 XOR
2 1 9082 9081 9084 XOR
2 1 9082 9083 9085 AND
2 1 9081 9085 9086 XOR
2 1 8934 831 9087 XOR
2 1 9086 831 9088 XOR
2 1 9087 9086 9089 XOR
2 1 9087 9088 9090 AND
2 1 9086 9090 9091 XOR
2 1 8937 832 9092 XOR
2 1 9091 832 9093 XOR
2 1 9092 9091 9094 XOR
2 1 9092 9093 9095 AND
2 1 9091 9095 9096 XOR
2 1 8940 833 9097 XOR
2 1 9096 833 9098 XOR
2 1 9097 9096 9099 XOR
2 1 9097 9098 9100 AND
2 1 9096 9100 9101 XOR
2 1 8943 834 9102 XOR
2 1 9101 834 9103 XOR
2 1 9102 9101 9104 XOR
2 1 9102 9103 9105 AND
2 1 9101 9105 9106 XOR
2 1 8946 835 9107 XOR
2 1 9106 835 9108 XOR
2 1 9107 9106 9109 XOR
2 1 9107 9108 9110 AND
2 1 9106 9110 9111 XOR
2 1 8949 836 9112 XOR
2 1 9111 836 9113 XOR
2 1 9112 9111 9114 XOR
2 1 9112 9113 9115 AND
2 1 9111 9115 9116 XOR
2 1 8952 837 9117 XOR
2 1 9116 837 9118 XOR
2 1 9117 9116 9119 XOR
2 1 9117 9118 9120 AND
2 1 9116 9120 9121 XOR
2 1 8955 838 9122 XOR
2 1 9121 838 9123 XOR
2 1 9122 9121 9124 XOR
2 1 9122 9123 9125 AND
2 1 9121 9125 9126 XOR
2 1 8958 839 9127 XOR
2 1 9126 839 9128 XOR
2 1 9127 9126 9129 XOR
2 1 9127 9128 9130 AND
2 1 9126 9130 9131 XOR
2 1 8961 840 9132 XOR
2 1 9131 840 9133 XOR
2 1 9132 9131 9134 XOR
2 1 9132 9133 9135 AND
2 1 9131 9135 9136 XOR
2 1 8964 841 9137 XOR
2 1 9136 841 9138 XOR
2 1 9137 9136 9139 XOR
2 1 9137 9138 9140 AND
2 1 9136 9140 9141 XOR
2 1 8967 842 9142 XOR
2 1 9141 842 9143 XOR
2 1 9142 9141 9144 XOR
2 1 9142 9143 9145 AND
2 1 9141 9145 9146 XOR
2 1 8970 843 9147 XOR
2 1 9146 843 9148 XOR
2 1 9147 9146 9149 XOR
2 1 9147 9148 9150 AND
2 1 9146 9150 9151 XOR
2 1 8973 844 9152 XOR
2 1 9151 844 9153 XOR
2 1 9152 9151 9154 XOR
2 1 9152 9153 9155 AND
2 1 9151 9155 9156 XOR
2 1 8976 845 9157 XOR
2 1 9156 845 9158 XOR
2 1 9157 9156 9159 XOR
2 1 9157 9158 9160 AND
2 1 9156 9160 9161 XOR
2 1 8979 846 9162 XOR
2 1 9161 846 9163 XOR
2 1 9162 9161 9164 XOR
2 1 9162 9163 9165 AND
2 1 9161 9165 9166 XOR
2 1 8982 847 9167 XOR
2 1 9166 847 9168 XOR
2 1 9167 9166 9169 XOR
2 1 9167 9168 9170 AND
2 1 9166 9170 9171 XOR
2 1 8985 848 9172 XOR
2 1 9171 848 9173 XOR
2 1 9172 9171 9174 XOR
2 1 9172 9173 9175 AND
2 1 9171 9175 9176 XOR
2 1 8988 849 9177 XOR
2 1 9176 849 9178 XOR
2 1 9177 9176 9179 XOR
2 1 9177 9178 9180 AND
2 1 9176 9180 9181 XOR
2 1 8991 850 9182 XOR
2 1 9181 850 9183 XOR
2 1 9182 9181 9184 XOR
2 1 9182 9183 9185 AND
2 1 9181 9185 9186 XOR
2 1 8994 851 9187 XOR
2 1 9186 851 9188 XOR
2 1 9187 9186 9189 XOR
2 1 9187 9188 9190 AND
2 1 9186 9190 9191 XOR
2 1 8997 852 9192 XOR
2 1 9191 852 9193 XOR
2 1 9192 9191 9194 XOR
2 1 9192 9193 9195 AND
2 1 9191 9195 9196 XOR
2 1 9000 853 9197 XOR
2 1 9196 853 9198 XOR
2 1 9197 9196 9199 XOR
2 1 9197 9198 9200 AND
2 1 9196 9200 9201 XOR
2 1 9003 854 9202 XOR
2 1 9201 854 9203 XOR
2 1 9202 9201 9204 XOR
2 1 9202 9203 9205 AND
2 1 9201 9205 9206 XOR
2 1 9006 855 9207 XOR
2 1 9206 855 9208 XOR
2 1 9207 9206 9209 XOR
2 1 9207 9208 9210 AND
2 1 9206 9210 9211 XOR
2 1 9009 856 9212 XOR
2 1 9211 856 9213 XOR
2 1 9212 9211 9214 XOR
2 1 9212 9213 9215 AND
2 1 9211 9215 9216 XOR
2 1 9012 857 9217 XOR
2 1 9216 857 9218 XOR
2 1 9217 9216 9219 XOR
2 1 9217 9218 9220 AND
2 1 9216 9220 9221 XOR
2 1 9015 858 9222 XOR
2 1 9221 858 9223 XOR
2 1 9222 9221 9224 XOR
2 1 9222 9223 9225 AND
2 1 9221 9225 9226 XOR
2 1 9018 859 9227 XOR
2 1 9226 859 9228 XOR
2 1 9227 9226 9229 XOR
2 1 9227 9228 9230 AND
2 1 9226 9230 9231 XOR
2 1 9021 860 9232 XOR
2 1 9231 860 9233 XOR
2 1 9232 9231 9234 XOR
2 1 9232 9233 9235 AND
2 1 9231 9235 9236 XOR
2 1 9024 861 9237 XOR
2 1 9236 861 9238 XOR
2 1 9237 9236 9239 XOR
2 1 9237 9238 9240 AND
2 1 9236 9240 9241 XOR
2 1 9027 862 9242 XOR
2 1 9241 862 9243 XOR
2 1 9242 9241 9244 XOR
2 1 9242 9243 9245 AND
2 1 9241 9245 9246 XOR
2 1 9030 863 9247 XOR
2 1 9246 863 9248 XOR
2 1 9247 9246 9249 XOR
2 1 9247 9248 9250 AND
2 1 9246 9250 9251 XOR
2 1 9033 864 9252 XOR
2 1 9251 864 9253 XOR
2 1 9252 9251 9254 XOR
2 1 9252 9253 9255 AND
2 1 9251 9255 9256 XOR
2 1 9256 938 9257 AND
2 1 9256 938 9258 XOR
2 1 9258 9257 9259 XOR
2 1 461 9035 9260 XOR
2 1 9259 9260 9261 AND
2 1 9261 9035 9262 XOR
2 1 8904 9039 9263 XOR
2 1 9259 9263 9264 AND
2 1 9264 9039 9265 XOR
2 1 8907 9044 9266 XOR
2 1 9259 9266 9267 AND
2 1 9267 9044 9268 XOR
2 1 8910 9049 9269 XOR
2 1 9259 9269 9270 AND
2 1 9270 9049 9271 XOR
2 1 8913 9054 9272 XOR
2 1 9259 9272 9273 AND
2 1 9273 9054 9274 XOR
2 1 8916 9059 9275 XOR
2 1 9259 9275 9276 AND
2 1 9276 9059 9277 XOR
2 1 8919 9064 9278 XOR
2 1 9259 9278 9279 AND
2 1 9279 9064 9280 XOR
2 1 8922 9069 9281 XOR
2 1 9259 9281 9282 AND
2 1 9282 9069 9283 XOR
2 1 8925 9074 9284 XOR
2 1 9259 9284 9285 AND
2 1 9285 9074 9286 XOR
2 1 8928 9079 9287 XOR
2 1 9259 9287 9288 AND
2 1 9288 9079 9289 XOR
2 1 8931 9084 9290 XOR
2 1 9259 9290 9291 AND
2 1 9291 9084 9292 XOR
2 1 8934 9089 9293 XOR
2 1 9259 9293 9294 AND
2 1 9294 9089 9295 XOR
2 1 8937 9094 9296 XOR
2 1 9259 9296 9297 AND
2 1 9297 9094 9298 XOR
2 1 8940 9099 9299 XOR
2 1 9259 9299 9300 AND
2 1 9300 9099 9301 XOR
2 1 8943 9104 9302 XOR
2 1 9259 9302 9303 AND
2 1 9303 9104 9304 XOR
2 1 8946 9109 9305 XOR
2 1 9259 9305 9306 AND
2 1 9306 9109 9307 XOR
2 1 8949 9114 9308 XOR
2 1 9259 9308 9309 AND
2 1 9309 9114 9310 XOR
2 1 8952 9119 9311 XOR
2 1 9259 9311 9312 AND
2 1 9312 9119 9313 XOR
2 1 8955 9124 9314 XOR
2 1 9259 9314 9315 AND
2 1 9315 9124 9316 XOR
2 1 8958 9129 9317 XOR
2 1 9259 9317 9318 AND
2 1 9318 9129 9319 XOR
2 1 8961 9134 9320 XOR
2 1 9259 9320 9321 AND
2 1 9321 9134 9322 XOR
2 1 8964 9139 9323 XOR
2 1 9259 9323 9324 AND
2 1 9324 9139 9325 XOR
2 1 8967 9144 9326 XOR
2 1 9259 9326 9327 AND
2 1 9327 9144 9328 XOR
2 1 8970 9149 9329 XOR
2 1 9259 9329 9330 AND
2 1 9330 9149 9331 XOR
2 1 8973 9154 9332 XOR
2 1 9259 9332 9333 AND
2 1 9333 9154 9334 XOR
2 1 8976 9159 9335 XOR
2 1 9259 9335 9336 AND
2 1 9336 9159 9337 XOR
2 1 8979 9164 9338 XOR
2 1 9259 9338 9339 AND
2 1 9339 9164 9340 XOR
2 1 8982 9169 9341 XOR
2 1 9259 9341 9342 AND
2 1 9342 9169 9343 XOR
2 1 8985 9174 9344 XOR
2 1 9259 9344 9345 AND
2 1 9345 9174 9346 XOR
2 1 8988 9179 9347 XOR
2 1 9259 9347 9348 AND
2 1 9348 9179 9349 XOR
2 1 8991 9184 9350 XOR
2 1 9259 9350 9351 AND
2 1 9351 9184 9352 XOR
2 1 8994 9189 9353 XOR
2 1 9259 9353 9354 AND
2 1 9354 9189 9355 XOR
2 1 8997 9194 9356 XOR
2 1 9259 9356 9357 AND
2 1 9357 9194 9358 XOR
2 1 9000 9199 9359 XOR
2 1 9259 9359 9360 AND
2 1 9360 9199 9361 XOR
2 1 9003 9204 9362 XOR
2 1 9259 9362 9363 AND
2 1 9363 9204 9364 XOR
2 1 9006 9209 9365 XOR
2 1 9259 9365 9366 AND
2 1 9366 9209 9367 XOR
2 1 9009 9214 9368 XOR
2 1 9259 9368 9369 AND
2 1 9369 9214 9370 XOR
2 1 9012 9219 9371 XOR
2 1 9259 9371 9372 AND
2 1 9372 9219 9373 XOR
2 1 9015 9224 9374 XOR
2 1 9259 9374 9375 AND
2 1 9375 9224 9376 XOR
2 1 9018 9229 9377 XOR
2 1 9259 9377 9378 AND
2 1 9378 9229 9379 XOR
2 1 9021 9234 9380 XOR
2 1 9259 9380 9381 AND
2 1 9381 9234 9382 XOR
2 1 9024 9239 9383 XOR
2 1 9259 9383 9384 AND
2 1 9384 9239 9385 XOR
2 1 9027 9244 9386 XOR
2 1 9259 9386 9387 AND
2 1 9387 9244 9388 XOR
2 1 9030 9249 9389 XOR
2 1 9259 9389 9390 AND
2 1 9390 9249 9391 XOR
2 1 9033 9254 9392 XOR
2 1 9259 9392 9393 AND
2 1 9393 9254 9394 XOR
1 1 9259 9395 INV
2 1 460 820 9396 XOR
2 1 9396 820 9397 AND
2 1 9262 821 9398 XOR
2 1 9397 821 9399 XOR
2 1 9398 9397 9400 XOR
2 1 9398 9399 9401 AND
2 1 9397 9401 9402 XOR
2 1 9265 822 9403 XOR
2 1 9402 822 9404 XOR
2 1 9403 9402 9405 XOR
2 1 9403 9404 9406 AND
2 1 9402 9406 9407 XOR
2 1 9268 823 9408 XOR
2 1 9407 823 9409 XOR
2 1 9408 9407 9410 XOR
2 1 9408 9409 9411 AND
2 1 9407 9411 9412 XOR
2 1 9271 824 9413 XOR
2 1 9412 824 9414 XOR
2 1 9413 9412 9415 XOR
2 1 9413 9414 9416 AND
2 1 9412 9416 9417 XOR
2 1 9274 825 9418 XOR
2 1 9417 825 9419 XOR
2 1 9418 9417 9420 XOR
2 1 9418 9419 9421 AND
2 1 9417 9421 9422 XOR
2 1 9277 826 9423 XOR
2 1 9422 826 9424 XOR
2 1 9423 9422 9425 XOR
2 1 9423 9424 9426 AND
2 1 9422 9426 9427 XOR
2 1 9280 827 9428 XOR
2 1 9427 827 9429 XOR
2 1 9428 9427 9430 XOR
2 1 9428 9429 9431 AND
2 1 9427 9431 9432 XOR
2 1 9283 828 9433 XOR
2 1 9432 828 9434 XOR
2 1 9433 9432 9435 XOR
2 1 9433 9434 9436 AND
2 1 9432 9436 9437 XOR
2 1 9286 829 9438 XOR
2 1 9437 829 9439 XOR
2 1 9438 9437 9440 XOR
2 1 9438 9439 9441 AND
2 1 9437 9441 9442 XOR
2 1 9289 830 9443 XOR
2 1 9442 830 9444 XOR
2 1 9443 9442 9445 XOR
2 1 9443 9444 9446 AND
2 1 9442 9446 9447 XOR
2 1 9292 831 9448 XOR
2 1 9447 831 9449 XOR
2 1 9448 9447 9450 XOR
2 1 9448 9449 9451 AND
2 1 9447 9451 9452 XOR
2 1 9295 832 9453 XOR
2 1 9452 832 9454 XOR
2 1 9453 9452 9455 XOR
2 1 9453 9454 9456 AND
2 1 9452 9456 9457 XOR
2 1 9298 833 9458 XOR
2 1 9457 833 9459 XOR
2 1 9458 9457 9460 XOR
2 1 9458 9459 9461 AND
2 1 9457 9461 9462 XOR
2 1 9301 834 9463 XOR
2 1 9462 834 9464 XOR
2 1 9463 9462 9465 XOR
2 1 9463 9464 9466 AND
2 1 9462 9466 9467 XOR
2 1 9304 835 9468 XOR
2 1 9467 835 9469 XOR
2 1 9468 9467 9470 XOR
2 1 9468 9469 9471 AND
2 1 9467 9471 9472 XOR
2 1 9307 836 9473 XOR
2 1 9472 836 9474 XOR
2 1 9473 9472 9475 XOR
2 1 9473 9474 9476 AND
2 1 9472 9476 9477 XOR
2 1 9310 837 9478 XOR
2 1 9477 837 9479 XOR
2 1 9478 9477 9480 XOR
2 1 9478 9479 9481 AND
2 1 9477 9481 9482 XOR
2 1 9313 838 9483 XOR
2 1 9482 838 9484 XOR
2 1 9483 9482 9485 XOR
2 1 9483 9484 9486 AND
2 1 9482 9486 9487 XOR
2 1 9316 839 9488 XOR
2 1 9487 839 9489 XOR
2 1 9488 9487 9490 XOR
2 1 9488 9489 9491 AND
2 1 9487 9491 9492 XOR
2 1 9319 840 9493 XOR
2 1 9492 840 9494 XOR
2 1 9493 9492 9495 XOR
2 1 9493 9494 9496 AND
2 1 9492 9496 9497 XOR
2 1 9322 841 9498 XOR
2 1 9497 841 9499 XOR
2 1 9498 9497 9500 XOR
2 1 9498 9499 9501 AND
2 1 9497 9501 9502 XOR
2 1 9325 842 9503 XOR
2 1 9502 842 9504 XOR
2 1 9503 9502 9505 XOR
2 1 9503 9504 9506 AND
2 1 9502 9506 9507 XOR
2 1 9328 843 9508 XOR
2 1 9507 843 9509 XOR
2 1 9508 9507 9510 XOR
2 1 9508 9509 9511 AND
2 1 9507 9511 9512 XOR
2 1 9331 844 9513 XOR
2 1 9512 844 9514 XOR
2 1 9513 9512 9515 XOR
2 1 9513 9514 9516 AND
2 1 9512 9516 9517 XOR
2 1 9334 845 9518 XOR
2 1 9517 845 9519 XOR
2 1 9518 9517 9520 XOR
2 1 9518 9519 9521 AND
2 1 9517 9521 9522 XOR
2 1 9337 846 9523 XOR
2 1 9522 846 9524 XOR
2 1 9523 9522 9525 XOR
2 1 9523 9524 9526 AND
2 1 9522 9526 9527 XOR
2 1 9340 847 9528 XOR
2 1 9527 847 9529 XOR
2 1 9528 9527 9530 XOR
2 1 9528 9529 9531 AND
2 1 9527 9531 9532 XOR
2 1 9343 848 9533 XOR
2 1 9532 848 9534 XOR
2 1 9533 9532 9535 XOR
2 1 9533 9534 9536 AND
2 1 9532 9536 9537 XOR
2 1 9346 849 9538 XOR
2 1 9537 849 9539 XOR
2 1 9538 9537 9540 XOR
2 1 9538 9539 9541 AND
2 1 9537 9541 9542 XOR
2 1 9349 850 9543 XOR
2 1 9542 850 9544 XOR
2 1 9543 9542 9545 XOR
2 1 9543 9544 9546 AND
2 1 9542 9546 9547 XOR
2 1 9352 851 9548 XOR
2 1 9547 851 9549 XOR
2 1 9548 9547 9550 XOR
2 1 9548 9549 9551 AND
2 1 9547 9551 9552 XOR
2 1 9355 852 9553 XOR
2 1 9552 852 9554 XOR
2 1 9553 9552 9555 XOR
2 1 9553 9554 9556 AND
2 1 9552 9556 9557 XOR
2 1 9358 853 9558 XOR
2 1 9557 853 9559 XOR
2 1 9558 9557 9560 XOR
2 1 9558 9559 9561 AND
2 1 9557 9561 9562 XOR
2 1 9361 854 9563 XOR
2 1 9562 854 9564 XOR
2 1 9563 9562 9565 XOR
2 1 9563 9564 9566 AND
2 1 9562 9566 9567 XOR
2 1 9364 855 9568 XOR
2 1 9567 855 9569 XOR
2 1 9568 9567 9570 XOR
2 1 9568 9569 9571 AND
2 1 9567 9571 9572 XOR
2 1 9367 856 9573 XOR
2 1 9572 856 9574 XOR
2 1 9573 9572 9575 XOR
2 1 9573 9574 9576 AND
2 1 9572 9576 9577 XOR
2 1 9370 857 9578 XOR
2 1 9577 857 9579 XOR
2 1 9578 9577 9580 XOR
2 1 9578 9579 9581 AND
2 1 9577 9581 9582 XOR
2 1 9373 858 9583 XOR
2 1 9582 858 9584 XOR
2 1 9583 9582 9585 XOR
2 1 9583 9584 9586 AND
2 1 9582 9586 9587 XOR
2 1 9376 859 9588 XOR
2 1 9587 859 9589 XOR
2 1 9588 9587 9590 XOR
2 1 9588 9589 9591 AND
2 1 9587 9591 9592 XOR
2 1 9379 860 9593 XOR
2 1 9592 860 9594 XOR
2 1 9593 9592 9595 XOR
2 1 9593 9594 9596 AND
2 1 9592 9596 9597 XOR
2 1 9382 861 9598 XOR
2 1 9597 861 9599 XOR
2 1 9598 9597 9600 XOR
2 1 9598 9599 9601 AND
2 1 9597 9601 9602 XOR
2 1 9385 862 9603 XOR
2 1 9602 862 9604 XOR
2 1 9603 9602 9605 XOR
2 1 9603 9604 9606 AND
2 1 9602 9606 9607 XOR
2 1 9388 863 9608 XOR
2 1 9607 863 9609 XOR
2 1 9608 9607 9610 XOR
2 1 9608 9609 9611 AND
2 1 9607 9611 9612 XOR
2 1 9391 864 9613 XOR
2 1 9612 864 9614 XOR
2 1 9613 9612 9615 XOR
2 1 9613 9614 9616 AND
2 1 9612 9616 9617 XOR
2 1 9394 865 9618 XOR
2 1 9617 865 9619 XOR
2 1 9618 9617 9620 XOR
2 1 9618 9619 9621 AND
2 1 9617 9621 9622 XOR
2 1 9622 935 9623 AND
2 1 9622 935 9624 XOR
2 1 9624 9623 9625 XOR
2 1 460 9396 9626 XOR
2 1 9625 9626 9627 AND
2 1 9627 9396 9628 XOR
2 1 9262 9400 9629 XOR
2 1 9625 9629 9630 AND
2 1 9630 9400 9631 XOR
2 1 9265 9405 9632 XOR
2 1 9625 9632 9633 AND
2 1 9633 9405 9634 XOR
2 1 9268 9410 9635 XOR
2 1 9625 9635 9636 AND
2 1 9636 9410 9637 XOR
2 1 9271 9415 9638 XOR
2 1 9625 9638 9639 AND
2 1 9639 9415 9640 XOR
2 1 9274 9420 9641 XOR
2 1 9625 9641 9642 AND
2 1 9642 9420 9643 XOR
2 1 9277 9425 9644 XOR
2 1 9625 9644 9645 AND
2 1 9645 9425 9646 XOR
2 1 9280 9430 9647 XOR
2 1 9625 9647 9648 AND
2 1 9648 9430 9649 XOR
2 1 9283 9435 9650 XOR
2 1 9625 9650 9651 AND
2 1 9651 9435 9652 XOR
2 1 9286 9440 9653 XOR
2 1 9625 9653 9654 AND
2 1 9654 9440 9655 XOR
2 1 9289 9445 9656 XOR
2 1 9625 9656 9657 AND
2 1 9657 9445 9658 XOR
2 1 9292 9450 9659 XOR
2 1 9625 9659 9660 AND
2 1 9660 9450 9661 XOR
2 1 9295 9455 9662 XOR
2 1 9625 9662 9663 AND
2 1 9663 9455 9664 XOR
2 1 9298 9460 9665 XOR
2 1 9625 9665 9666 AND
2 1 9666 9460 9667 XOR
2 1 9301 9465 9668 XOR
2 1 9625 9668 9669 AND
2 1 9669 9465 9670 XOR
2 1 9304 9470 9671 XOR
2 1 9625 9671 9672 AND
2 1 9672 9470 9673 XOR
2 1 9307 9475 9674 XOR
2 1 9625 9674 9675 AND
2 1 9675 9475 9676 XOR
2 1 9310 9480 9677 XOR
2 1 9625 9677 9678 AND
2 1 9678 9480 9679 XOR
2 1 9313 9485 9680 XOR
2 1 9625 9680 9681 AND
2 1 9681 9485 9682 XOR
2 1 9316 9490 9683 XOR
2 1 9625 9683 9684 AND
2 1 9684 9490 9685 XOR
2 1 9319 9495 9686 XOR
2 1 9625 9686 9687 AND
2 1 9687 9495 9688 XOR
2 1 9322 9500 9689 XOR
2 1 9625 9689 9690 AND
2 1 9690 9500 9691 XOR
2 1 9325 9505 9692 XOR
2 1 9625 9692 9693 AND
2 1 9693 9505 9694 XOR
2 1 9328 9510 9695 XOR
2 1 9625 9695 9696 AND
2 1 9696 9510 9697 XOR
2 1 9331 9515 9698 XOR
2 1 9625 9698 9699 AND
2 1 9699 9515 9700 XOR
2 1 9334 9520 9701 XOR
2 1 9625 9701 9702 AND
2 1 9702 9520 9703 XOR
2 1 9337 9525 9704 XOR
2 1 9625 9704 9705 AND
2 1 9705 9525 9706 XOR
2 1 9340 9530 9707 XOR
2 1 9625 9707 9708 AND
2 1 9708 9530 9709 XOR
2 1 9343 9535 9710 XOR
2 1 9625 9710 9711 AND
2 1 9711 9535 9712 XOR
2 1 9346 9540 9713 XOR
2 1 9625 9713 9714 AND
2 1 9714 9540 9715 XOR
2 1 9349 9545 9716 XOR
2 1 9625 9716 9717 AND
2 1 9717 9545 9718 XOR
2 1 9352 9550 9719 XOR
2 1 9625 9719 9720 AND
2 1 9720 9550 9721 XOR
2 1 9355 9555 9722 XOR
2 1 9625 9722 9723 AND
2 1 9723 9555 9724 XOR
2 1 9358 9560 9725 XOR
2 1 9625 9725 9726 AND
2 1 9726 9560 9727 XOR
2 1 9361 9565 9728 XOR
2 1 9625 9728 9729 AND
2 1 9729 9565 9730 XOR
2 1 9364 9570 9731 XOR
2 1 9625 9731 9732 AND
2 1 9732 9570 9733 XOR
2 1 9367 9575 9734 XOR
2 1 9625 9734 9735 AND
2 1 9735 9575 9736 XOR
2 1 9370 9580 9737 XOR
2 1 9625 9737 9738 AND
2 1 9738 9580 9739 XOR
2 1 9373 9585 9740 XOR
2 1 9625 9740 9741 AND
2 1 9741 9585 9742 XOR
2 1 9376 9590 9743 XOR
2 1 9625 9743 9744 AND
2 1 9744 9590 9745 XOR
2 1 9379 9595 9746 XOR
2 1 9625 9746 9747 AND
2 1 9747 9595 9748 XOR
2 1 9382 9600 9749 XOR
2 1 9625 9749 9750 AND
2 1 9750 9600 9751 XOR
2 1 9385 9605 9752 XOR
2 1 9625 9752 9753 AND
2 1 9753 9605 9754 XOR
2 1 9388 9610 9755 XOR
2 1 9625 9755 9756 AND
2 1 9756 9610 9757 XOR
2 1 9391 9615 9758 XOR
2 1 9625 9758 9759 AND
2 1 9759 9615 9760 XOR
2 1 9394 9620 9761 XOR
2 1 9625 9761 9762 AND
2 1 9762 9620 9763 XOR
1 1 9625 9764 INV
2 1 459 820 9765 XOR
2 1 9765 820 9766 AND
2 1 9628 821 9767 XOR
2 1 9766 821 9768 XOR
2 1 9767 9766 9769 XOR
2 1 9767 9768 9770 AND
2 1 9766 9770 9771 XOR
2 1 9631 822 9772 XOR
2 1 9771 822 9773 XOR
2 1 9772 9771 9774 XOR
2 1 9772 9773 9775 AND
2 1 9771 9775 9776 XOR
2 1 9634 823 9777 XOR
2 1 9776 823 9778 XOR
2 1 9777 9776 9779 XOR
2 1 9777 9778 9780 AND
2 1 9776 9780 9781 XOR
2 1 9637 824 9782 XOR
2 1 9781 824 9783 XOR
2 1 9782 9781 9784 XOR
2 1 9782 9783 9785 AND
2 1 9781 9785 9786 XOR
2 1 9640 825 9787 XOR
2 1 9786 825 9788 XOR
2 1 9787 9786 9789 XOR
2 1 9787 9788 9790 AND
2 1 9786 9790 9791 XOR
2 1 9643 826 9792 XOR
2 1 9791 826 9793 XOR
2 1 9792 9791 9794 XOR
2 1 9792 9793 9795 AND
2 1 9791 9795 9796 XOR
2 1 9646 827 9797 XOR
2 1 9796 827 9798 XOR
2 1 9797 9796 9799 XOR
2 1 9797 9798 9800 AND
2 1 9796 9800 9801 XOR
2 1 9649 828 9802 XOR
2 1 9801 828 9803 XOR
2 1 9802 9801 9804 XOR
2 1 9802 9803 9805 AND
2 1 9801 9805 9806 XOR
2 1 9652 829 9807 XOR
2 1 9806 829 9808 XOR
2 1 9807 9806 9809 XOR
2 1 9807 9808 9810 AND
2 1 9806 9810 9811 XOR
2 1 9655 830 9812 XOR
2 1 9811 830 9813 XOR
2 1 9812 9811 9814 XOR
2 1 9812 9813 9815 AND
2 1 9811 9815 9816 XOR
2 1 9658 831 9817 XOR
2 1 9816 831 9818 XOR
2 1 9817 9816 9819 XOR
2 1 9817 9818 9820 AND
2 1 9816 9820 9821 XOR
2 1 9661 832 9822 XOR
2 1 9821 832 9823 XOR
2 1 9822 9821 9824 XOR
2 1 9822 9823 9825 AND
2 1 9821 9825 9826 XOR
2 1 9664 833 9827 XOR
2 1 9826 833 9828 XOR
2 1 9827 9826 9829 XOR
2 1 9827 9828 9830 AND
2 1 9826 9830 9831 XOR
2 1 9667 834 9832 XOR
2 1 9831 834 9833 XOR
2 1 9832 9831 9834 XOR
2 1 9832 9833 9835 AND
2 1 9831 9835 9836 XOR
2 1 9670 835 9837 XOR
2 1 9836 835 9838 XOR
2 1 9837 9836 9839 XOR
2 1 9837 9838 9840 AND
2 1 9836 9840 9841 XOR
2 1 9673 836 9842 XOR
2 1 9841 836 9843 XOR
2 1 9842 9841 9844 XOR
2 1 9842 9843 9845 AND
2 1 9841 9845 9846 XOR
2 1 9676 837 9847 XOR
2 1 9846 837 9848 XOR
2 1 9847 9846 9849 XOR
2 1 9847 9848 9850 AND
2 1 9846 9850 9851 XOR
2 1 9679 838 9852 XOR
2 1 9851 838 9853 XOR
2 1 9852 9851 9854 XOR
2 1 9852 9853 9855 AND
2 1 9851 9855 9856 XOR
2 1 9682 839 9857 XOR
2 1 9856 839 9858 XOR
2 1 9857 9856 9859 XOR
2 1 9857 9858 9860 AND
2 1 9856 9860 9861 XOR
2 1 9685 840 9862 XOR
2 1 9861 840 9863 XOR
2 1 9862 9861 9864 XOR
2 1 9862 9863 9865 AND
2 1 9861 9865 9866 XOR
2 1 9688 841 9867 XOR
2 1 9866 841 9868 XOR
2 1 9867 9866 9869 XOR
2 1 9867 9868 9870 AND
2 1 9866 9870 9871 XOR
2 1 9691 842 9872 XOR
2 1 9871 842 9873 XOR
2 1 9872 9871 9874 XOR
2 1 9872 9873 9875 AND
2 1 9871 9875 9876 XOR
2 1 9694 843 9877 XOR
2 1 9876 843 9878 XOR
2 1 9877 9876 9879 XOR
2 1 9877 9878 9880 AND
2 1 9876 9880 9881 XOR
2 1 9697 844 9882 XOR
2 1 9881 844 9883 XOR
2 1 9882 9881 9884 XOR
2 1 9882 9883 9885 AND
2 1 9881 9885 9886 XOR
2 1 9700 845 9887 XOR
2 1 9886 845 9888 XOR
2 1 9887 9886 9889 XOR
2 1 9887 9888 9890 AND
2 1 9886 9890 9891 XOR
2 1 9703 846 9892 XOR
2 1 9891 846 9893 XOR
2 1 9892 9891 9894 XOR
2 1 9892 9893 9895 AND
2 1 9891 9895 9896 XOR
2 1 9706 847 9897 XOR
2 1 9896 847 9898 XOR
2 1 9897 9896 9899 XOR
2 1 9897 9898 9900 AND
2 1 9896 9900 9901 XOR
2 1 9709 848 9902 XOR
2 1 9901 848 9903 XOR
2 1 9902 9901 9904 XOR
2 1 9902 9903 9905 AND
2 1 9901 9905 9906 XOR
2 1 9712 849 9907 XOR
2 1 9906 849 9908 XOR
2 1 9907 9906 9909 XOR
2 1 9907 9908 9910 AND
2 1 9906 9910 9911 XOR
2 1 9715 850 9912 XOR
2 1 9911 850 9913 XOR
2 1 9912 9911 9914 XOR
2 1 9912 9913 9915 AND
2 1 9911 9915 9916 XOR
2 1 9718 851 9917 XOR
2 1 9916 851 9918 XOR
2 1 9917 9916 9919 XOR
2 1 9917 9918 9920 AND
2 1 9916 9920 9921 XOR
2 1 9721 852 9922 XOR
2 1 9921 852 9923 XOR
2 1 9922 9921 9924 XOR
2 1 9922 9923 9925 AND
2 1 9921 9925 9926 XOR
2 1 9724 853 9927 XOR
2 1 9926 853 9928 XOR
2 1 9927 9926 9929 XOR
2 1 9927 9928 9930 AND
2 1 9926 9930 9931 XOR
2 1 9727 854 9932 XOR
2 1 9931 854 9933 XOR
2 1 9932 9931 9934 XOR
2 1 9932 9933 9935 AND
2 1 9931 9935 9936 XOR
2 1 9730 855 9937 XOR
2 1 9936 855 9938 XOR
2 1 9937 9936 9939 XOR
2 1 9937 9938 9940 AND
2 1 9936 9940 9941 XOR
2 1 9733 856 9942 XOR
2 1 9941 856 9943 XOR
2 1 9942 9941 9944 XOR
2 1 9942 9943 9945 AND
2 1 9941 9945 9946 XOR
2 1 9736 857 9947 XOR
2 1 9946 857 9948 XOR
2 1 9947 9946 9949 XOR
2 1 9947 9948 9950 AND
2 1 9946 9950 9951 XOR
2 1 9739 858 9952 XOR
2 1 9951 858 9953 XOR
2 1 9952 9951 9954 XOR
2 1 9952 9953 9955 AND
2 1 9951 9955 9956 XOR
2 1 9742 859 9957 XOR
2 1 9956 859 9958 XOR
2 1 9957 9956 9959 XOR
2 1 9957 9958 9960 AND
2 1 9956 9960 9961 XOR
2 1 9745 860 9962 XOR
2 1 9961 860 9963 XOR
2 1 9962 9961 9964 XOR
2 1 9962 9963 9965 AND
2 1 9961 9965 9966 XOR
2 1 9748 861 9967 XOR
2 1 9966 861 9968 XOR
2 1 9967 9966 9969 XOR
2 1 9967 9968 9970 AND
2 1 9966 9970 9971 XOR
2 1 9751 862 9972 XOR
2 1 9971 862 9973 XOR
2 1 9972 9971 9974 XOR
2 1 9972 9973 9975 AND
2 1 9971 9975 9976 XOR
2 1 9754 863 9977 XOR
2 1 9976 863 9978 XOR
2 1 9977 9976 9979 XOR
2 1 9977 9978 9980 AND
2 1 9976 9980 9981 XOR
2 1 9757 864 9982 XOR
2 1 9981 864 9983 XOR
2 1 9982 9981 9984 XOR
2 1 9982 9983 9985 AND
2 1 9981 9985 9986 XOR
2 1 9760 865 9987 XOR
2 1 9986 865 9988 XOR
2 1 9987 9986 9989 XOR
2 1 9987 9988 9990 AND
2 1 9986 9990 9991 XOR
2 1 9763 866 9992 XOR
2 1 9991 866 9993 XOR
2 1 9992 9991 9994 XOR
2 1 9992 9993 9995 AND
2 1 9991 9995 9996 XOR
2 1 9996 932 9997 AND
2 1 9996 932 9998 XOR
2 1 9998 9997 9999 XOR
2 1 459 9765 10000 XOR
2 1 9999 10000 10001 AND
2 1 10001 9765 10002 XOR
2 1 9628 9769 10003 XOR
2 1 9999 10003 10004 AND
2 1 10004 9769 10005 XOR
2 1 9631 9774 10006 XOR
2 1 9999 10006 10007 AND
2 1 10007 9774 10008 XOR
2 1 9634 9779 10009 XOR
2 1 9999 10009 10010 AND
2 1 10010 9779 10011 XOR
2 1 9637 9784 10012 XOR
2 1 9999 10012 10013 AND
2 1 10013 9784 10014 XOR
2 1 9640 9789 10015 XOR
2 1 9999 10015 10016 AND
2 1 10016 9789 10017 XOR
2 1 9643 9794 10018 XOR
2 1 9999 10018 10019 AND
2 1 10019 9794 10020 XOR
2 1 9646 9799 10021 XOR
2 1 9999 10021 10022 AND
2 1 10022 9799 10023 XOR
2 1 9649 9804 10024 XOR
2 1 9999 10024 10025 AND
2 1 10025 9804 10026 XOR
2 1 9652 9809 10027 XOR
2 1 9999 10027 10028 AND
2 1 10028 9809 10029 XOR
2 1 9655 9814 10030 XOR
2 1 9999 10030 10031 AND
2 1 10031 9814 10032 XOR
2 1 9658 9819 10033 XOR
2 1 9999 10033 10034 AND
2 1 10034 9819 10035 XOR
2 1 9661 9824 10036 XOR
2 1 9999 10036 10037 AND
2 1 10037 9824 10038 XOR
2 1 9664 9829 10039 XOR
2 1 9999 10039 10040 AND
2 1 10040 9829 10041 XOR
2 1 9667 9834 10042 XOR
2 1 9999 10042 10043 AND
2 1 10043 9834 10044 XOR
2 1 9670 9839 10045 XOR
2 1 9999 10045 10046 AND
2 1 10046 9839 10047 XOR
2 1 9673 9844 10048 XOR
2 1 9999 10048 10049 AND
2 1 10049 9844 10050 XOR
2 1 9676 9849 10051 XOR
2 1 9999 10051 10052 AND
2 1 10052 9849 10053 XOR
2 1 9679 9854 10054 XOR
2 1 9999 10054 10055 AND
2 1 10055 9854 10056 XOR
2 1 9682 9859 10057 XOR
2 1 9999 10057 10058 AND
2 1 10058 9859 10059 XOR
2 1 9685 9864 10060 XOR
2 1 9999 10060 10061 AND
2 1 10061 9864 10062 XOR
2 1 9688 9869 10063 XOR
2 1 9999 10063 10064 AND
2 1 10064 9869 10065 XOR
2 1 9691 9874 10066 XOR
2 1 9999 10066 10067 AND
2 1 10067 9874 10068 XOR
2 1 9694 9879 10069 XOR
2 1 9999 10069 10070 AND
2 1 10070 9879 10071 XOR
2 1 9697 9884 10072 XOR
2 1 9999 10072 10073 AND
2 1 10073 9884 10074 XOR
2 1 9700 9889 10075 XOR
2 1 9999 10075 10076 AND
2 1 10076 9889 10077 XOR
2 1 9703 9894 10078 XOR
2 1 9999 10078 10079 AND
2 1 10079 9894 10080 XOR
2 1 9706 9899 10081 XOR
2 1 9999 10081 10082 AND
2 1 10082 9899 10083 XOR
2 1 9709 9904 10084 XOR
2 1 9999 10084 10085 AND
2 1 10085 9904 10086 XOR
2 1 9712 9909 10087 XOR
2 1 9999 10087 10088 AND
2 1 10088 9909 10089 XOR
2 1 9715 9914 10090 XOR
2 1 9999 10090 10091 AND
2 1 10091 9914 10092 XOR
2 1 9718 9919 10093 XOR
2 1 9999 10093 10094 AND
2 1 10094 9919 10095 XOR
2 1 9721 9924 10096 XOR
2 1 9999 10096 10097 AND
2 1 10097 9924 10098 XOR
2 1 9724 9929 10099 XOR
2 1 9999 10099 10100 AND
2 1 10100 9929 10101 XOR
2 1 9727 9934 10102 XOR
2 1 9999 10102 10103 AND
2 1 10103 9934 10104 XOR
2 1 9730 9939 10105 XOR
2 1 9999 10105 10106 AND
2 1 10106 9939 10107 XOR
2 1 9733 9944 10108 XOR
2 1 9999 10108 10109 AND
2 1 10109 9944 10110 XOR
2 1 9736 9949 10111 XOR
2 1 9999 10111 10112 AND
2 1 10112 9949 10113 XOR
2 1 9739 9954 10114 XOR
2 1 9999 10114 10115 AND
2 1 10115 9954 10116 XOR
2 1 9742 9959 10117 XOR
2 1 9999 10117 10118 AND
2 1 10118 9959 10119 XOR
2 1 9745 9964 10120 XOR
2 1 9999 10120 10121 AND
2 1 10121 9964 10122 XOR
2 1 9748 9969 10123 XOR
2 1 9999 10123 10124 AND
2 1 10124 9969 10125 XOR
2 1 9751 9974 10126 XOR
2 1 9999 10126 10127 AND
2 1 10127 9974 10128 XOR
2 1 9754 9979 10129 XOR
2 1 9999 10129 10130 AND
2 1 10130 9979 10131 XOR
2 1 9757 9984 10132 XOR
2 1 9999 10132 10133 AND
2 1 10133 9984 10134 XOR
2 1 9760 9989 10135 XOR
2 1 9999 10135 10136 AND
2 1 10136 9989 10137 XOR
2 1 9763 9994 10138 XOR
2 1 9999 10138 10139 AND
2 1 10139 9994 10140 XOR
1 1 9999 10141 INV
2 1 458 820 10142 XOR
2 1 10142 820 10143 AND
2 1 10002 821 10144 XOR
2 1 10143 821 10145 XOR
2 1 10144 10143 10146 XOR
2 1 10144 10145 10147 AND
2 1 10143 10147 10148 XOR
2 1 10005 822 10149 XOR
2 1 10148 822 10150 XOR
2 1 10149 10148 10151 XOR
2 1 10149 10150 10152 AND
2 1 10148 10152 10153 XOR
2 1 10008 823 10154 XOR
2 1 10153 823 10155 XOR
2 1 10154 10153 10156 XOR
2 1 10154 10155 10157 AND
2 1 10153 10157 10158 XOR
2 1 10011 824 10159 XOR
2 1 10158 824 10160 XOR
2 1 10159 10158 10161 XOR
2 1 10159 10160 10162 AND
2 1 10158 10162 10163 XOR
2 1 10014 825 10164 XOR
2 1 10163 825 10165 XOR
2 1 10164 10163 10166 XOR
2 1 10164 10165 10167 AND
2 1 10163 10167 10168 XOR
2 1 10017 826 10169 XOR
2 1 10168 826 10170 XOR
2 1 10169 10168 10171 XOR
2 1 10169 10170 10172 AND
2 1 10168 10172 10173 XOR
2 1 10020 827 10174 XOR
2 1 10173 827 10175 XOR
2 1 10174 10173 10176 XOR
2 1 10174 10175 10177 AND
2 1 10173 10177 10178 XOR
2 1 10023 828 10179 XOR
2 1 10178 828 10180 XOR
2 1 10179 10178 10181 XOR
2 1 10179 10180 10182 AND
2 1 10178 10182 10183 XOR
2 1 10026 829 10184 XOR
2 1 10183 829 10185 XOR
2 1 10184 10183 10186 XOR
2 1 10184 10185 10187 AND
2 1 10183 10187 10188 XOR
2 1 10029 830 10189 XOR
2 1 10188 830 10190 XOR
2 1 10189 10188 10191 XOR
2 1 10189 10190 10192 AND
2 1 10188 10192 10193 XOR
2 1 10032 831 10194 XOR
2 1 10193 831 10195 XOR
2 1 10194 10193 10196 XOR
2 1 10194 10195 10197 AND
2 1 10193 10197 10198 XOR
2 1 10035 832 10199 XOR
2 1 10198 832 10200 XOR
2 1 10199 10198 10201 XOR
2 1 10199 10200 10202 AND
2 1 10198 10202 10203 XOR
2 1 10038 833 10204 XOR
2 1 10203 833 10205 XOR
2 1 10204 10203 10206 XOR
2 1 10204 10205 10207 AND
2 1 10203 10207 10208 XOR
2 1 10041 834 10209 XOR
2 1 10208 834 10210 XOR
2 1 10209 10208 10211 XOR
2 1 10209 10210 10212 AND
2 1 10208 10212 10213 XOR
2 1 10044 835 10214 XOR
2 1 10213 835 10215 XOR
2 1 10214 10213 10216 XOR
2 1 10214 10215 10217 AND
2 1 10213 10217 10218 XOR
2 1 10047 836 10219 XOR
2 1 10218 836 10220 XOR
2 1 10219 10218 10221 XOR
2 1 10219 10220 10222 AND
2 1 10218 10222 10223 XOR
2 1 10050 837 10224 XOR
2 1 10223 837 10225 XOR
2 1 10224 10223 10226 XOR
2 1 10224 10225 10227 AND
2 1 10223 10227 10228 XOR
2 1 10053 838 10229 XOR
2 1 10228 838 10230 XOR
2 1 10229 10228 10231 XOR
2 1 10229 10230 10232 AND
2 1 10228 10232 10233 XOR
2 1 10056 839 10234 XOR
2 1 10233 839 10235 XOR
2 1 10234 10233 10236 XOR
2 1 10234 10235 10237 AND
2 1 10233 10237 10238 XOR
2 1 10059 840 10239 XOR
2 1 10238 840 10240 XOR
2 1 10239 10238 10241 XOR
2 1 10239 10240 10242 AND
2 1 10238 10242 10243 XOR
2 1 10062 841 10244 XOR
2 1 10243 841 10245 XOR
2 1 10244 10243 10246 XOR
2 1 10244 10245 10247 AND
2 1 10243 10247 10248 XOR
2 1 10065 842 10249 XOR
2 1 10248 842 10250 XOR
2 1 10249 10248 10251 XOR
2 1 10249 10250 10252 AND
2 1 10248 10252 10253 XOR
2 1 10068 843 10254 XOR
2 1 10253 843 10255 XOR
2 1 10254 10253 10256 XOR
2 1 10254 10255 10257 AND
2 1 10253 10257 10258 XOR
2 1 10071 844 10259 XOR
2 1 10258 844 10260 XOR
2 1 10259 10258 10261 XOR
2 1 10259 10260 10262 AND
2 1 10258 10262 10263 XOR
2 1 10074 845 10264 XOR
2 1 10263 845 10265 XOR
2 1 10264 10263 10266 XOR
2 1 10264 10265 10267 AND
2 1 10263 10267 10268 XOR
2 1 10077 846 10269 XOR
2 1 10268 846 10270 XOR
2 1 10269 10268 10271 XOR
2 1 10269 10270 10272 AND
2 1 10268 10272 10273 XOR
2 1 10080 847 10274 XOR
2 1 10273 847 10275 XOR
2 1 10274 10273 10276 XOR
2 1 10274 10275 10277 AND
2 1 10273 10277 10278 XOR
2 1 10083 848 10279 XOR
2 1 10278 848 10280 XOR
2 1 10279 10278 10281 XOR
2 1 10279 10280 10282 AND
2 1 10278 10282 10283 XOR
2 1 10086 849 10284 XOR
2 1 10283 849 10285 XOR
2 1 10284 10283 10286 XOR
2 1 10284 10285 10287 AND
2 1 10283 10287 10288 XOR
2 1 10089 850 10289 XOR
2 1 10288 850 10290 XOR
2 1 10289 10288 10291 XOR
2 1 10289 10290 10292 AND
2 1 10288 10292 10293 XOR
2 1 10092 851 10294 XOR
2 1 10293 851 10295 XOR
2 1 10294 10293 10296 XOR
2 1 10294 10295 10297 AND
2 1 10293 10297 10298 XOR
2 1 10095 852 10299 XOR
2 1 10298 852 10300 XOR
2 1 10299 10298 10301 XOR
2 1 10299 10300 10302 AND
2 1 10298 10302 10303 XOR
2 1 10098 853 10304 XOR
2 1 10303 853 10305 XOR
2 1 10304 10303 10306 XOR
2 1 10304 10305 10307 AND
2 1 10303 10307 10308 XOR
2 1 10101 854 10309 XOR
2 1 10308 854 10310 XOR
2 1 10309 10308 10311 XOR
2 1 10309 10310 10312 AND
2 1 10308 10312 10313 XOR
2 1 10104 855 10314 XOR
2 1 10313 855 10315 XOR
2 1 10314 10313 10316 XOR
2 1 10314 10315 10317 AND
2 1 10313 10317 10318 XOR
2 1 10107 856 10319 XOR
2 1 10318 856 10320 XOR
2 1 10319 10318 10321 XOR
2 1 10319 10320 10322 AND
2 1 10318 10322 10323 XOR
2 1 10110 857 10324 XOR
2 1 10323 857 10325 XOR
2 1 10324 10323 10326 XOR
2 1 10324 10325 10327 AND
2 1 10323 10327 10328 XOR
2 1 10113 858 10329 XOR
2 1 10328 858 10330 XOR
2 1 10329 10328 10331 XOR
2 1 10329 10330 10332 AND
2 1 10328 10332 10333 XOR
2 1 10116 859 10334 XOR
2 1 10333 859 10335 XOR
2 1 10334 10333 10336 XOR
2 1 10334 10335 10337 AND
2 1 10333 10337 10338 XOR
2 1 10119 860 10339 XOR
2 1 10338 860 10340 XOR
2 1 10339 10338 10341 XOR
2 1 10339 10340 10342 AND
2 1 10338 10342 10343 XOR
2 1 10122 861 10344 XOR
2 1 10343 861 10345 XOR
2 1 10344 10343 10346 XOR
2 1 10344 10345 10347 AND
2 1 10343 10347 10348 XOR
2 1 10125 862 10349 XOR
2 1 10348 862 10350 XOR
2 1 10349 10348 10351 XOR
2 1 10349 10350 10352 AND
2 1 10348 10352 10353 XOR
2 1 10128 863 10354 XOR
2 1 10353 863 10355 XOR
2 1 10354 10353 10356 XOR
2 1 10354 10355 10357 AND
2 1 10353 10357 10358 XOR
2 1 10131 864 10359 XOR
2 1 10358 864 10360 XOR
2 1 10359 10358 10361 XOR
2 1 10359 10360 10362 AND
2 1 10358 10362 10363 XOR
2 1 10134 865 10364 XOR
2 1 10363 865 10365 XOR
2 1 10364 10363 10366 XOR
2 1 10364 10365 10367 AND
2 1 10363 10367 10368 XOR
2 1 10137 866 10369 XOR
2 1 10368 866 10370 XOR
2 1 10369 10368 10371 XOR
2 1 10369 10370 10372 AND
2 1 10368 10372 10373 XOR
2 1 10140 867 10374 XOR
2 1 10373 867 10375 XOR
2 1 10374 10373 10376 XOR
2 1 10374 10375 10377 AND
2 1 10373 10377 10378 XOR
2 1 10378 929 10379 AND
2 1 10378 929 10380 XOR
2 1 10380 10379 10381 XOR
2 1 458 10142 10382 XOR
2 1 10381 10382 10383 AND
2 1 10383 10142 10384 XOR
2 1 10002 10146 10385 XOR
2 1 10381 10385 10386 AND
2 1 10386 10146 10387 XOR
2 1 10005 10151 10388 XOR
2 1 10381 10388 10389 AND
2 1 10389 10151 10390 XOR
2 1 10008 10156 10391 XOR
2 1 10381 10391 10392 AND
2 1 10392 10156 10393 XOR
2 1 10011 10161 10394 XOR
2 1 10381 10394 10395 AND
2 1 10395 10161 10396 XOR
2 1 10014 10166 10397 XOR
2 1 10381 10397 10398 AND
2 1 10398 10166 10399 XOR
2 1 10017 10171 10400 XOR
2 1 10381 10400 10401 AND
2 1 10401 10171 10402 XOR
2 1 10020 10176 10403 XOR
2 1 10381 10403 10404 AND
2 1 10404 10176 10405 XOR
2 1 10023 10181 10406 XOR
2 1 10381 10406 10407 AND
2 1 10407 10181 10408 XOR
2 1 10026 10186 10409 XOR
2 1 10381 10409 10410 AND
2 1 10410 10186 10411 XOR
2 1 10029 10191 10412 XOR
2 1 10381 10412 10413 AND
2 1 10413 10191 10414 XOR
2 1 10032 10196 10415 XOR
2 1 10381 10415 10416 AND
2 1 10416 10196 10417 XOR
2 1 10035 10201 10418 XOR
2 1 10381 10418 10419 AND
2 1 10419 10201 10420 XOR
2 1 10038 10206 10421 XOR
2 1 10381 10421 10422 AND
2 1 10422 10206 10423 XOR
2 1 10041 10211 10424 XOR
2 1 10381 10424 10425 AND
2 1 10425 10211 10426 XOR
2 1 10044 10216 10427 XOR
2 1 10381 10427 10428 AND
2 1 10428 10216 10429 XOR
2 1 10047 10221 10430 XOR
2 1 10381 10430 10431 AND
2 1 10431 10221 10432 XOR
2 1 10050 10226 10433 XOR
2 1 10381 10433 10434 AND
2 1 10434 10226 10435 XOR
2 1 10053 10231 10436 XOR
2 1 10381 10436 10437 AND
2 1 10437 10231 10438 XOR
2 1 10056 10236 10439 XOR
2 1 10381 10439 10440 AND
2 1 10440 10236 10441 XOR
2 1 10059 10241 10442 XOR
2 1 10381 10442 10443 AND
2 1 10443 10241 10444 XOR
2 1 10062 10246 10445 XOR
2 1 10381 10445 10446 AND
2 1 10446 10246 10447 XOR
2 1 10065 10251 10448 XOR
2 1 10381 10448 10449 AND
2 1 10449 10251 10450 XOR
2 1 10068 10256 10451 XOR
2 1 10381 10451 10452 AND
2 1 10452 10256 10453 XOR
2 1 10071 10261 10454 XOR
2 1 10381 10454 10455 AND
2 1 10455 10261 10456 XOR
2 1 10074 10266 10457 XOR
2 1 10381 10457 10458 AND
2 1 10458 10266 10459 XOR
2 1 10077 10271 10460 XOR
2 1 10381 10460 10461 AND
2 1 10461 10271 10462 XOR
2 1 10080 10276 10463 XOR
2 1 10381 10463 10464 AND
2 1 10464 10276 10465 XOR
2 1 10083 10281 10466 XOR
2 1 10381 10466 10467 AND
2 1 10467 10281 10468 XOR
2 1 10086 10286 10469 XOR
2 1 10381 10469 10470 AND
2 1 10470 10286 10471 XOR
2 1 10089 10291 10472 XOR
2 1 10381 10472 10473 AND
2 1 10473 10291 10474 XOR
2 1 10092 10296 10475 XOR
2 1 10381 10475 10476 AND
2 1 10476 10296 10477 XOR
2 1 10095 10301 10478 XOR
2 1 10381 10478 10479 AND
2 1 10479 10301 10480 XOR
2 1 10098 10306 10481 XOR
2 1 10381 10481 10482 AND
2 1 10482 10306 10483 XOR
2 1 10101 10311 10484 XOR
2 1 10381 10484 10485 AND
2 1 10485 10311 10486 XOR
2 1 10104 10316 10487 XOR
2 1 10381 10487 10488 AND
2 1 10488 10316 10489 XOR
2 1 10107 10321 10490 XOR
2 1 10381 10490 10491 AND
2 1 10491 10321 10492 XOR
2 1 10110 10326 10493 XOR
2 1 10381 10493 10494 AND
2 1 10494 10326 10495 XOR
2 1 10113 10331 10496 XOR
2 1 10381 10496 10497 AND
2 1 10497 10331 10498 XOR
2 1 10116 10336 10499 XOR
2 1 10381 10499 10500 AND
2 1 10500 10336 10501 XOR
2 1 10119 10341 10502 XOR
2 1 10381 10502 10503 AND
2 1 10503 10341 10504 XOR
2 1 10122 10346 10505 XOR
2 1 10381 10505 10506 AND
2 1 10506 10346 10507 XOR
2 1 10125 10351 10508 XOR
2 1 10381 10508 10509 AND
2 1 10509 10351 10510 XOR
2 1 10128 10356 10511 XOR
2 1 10381 10511 10512 AND
2 1 10512 10356 10513 XOR
2 1 10131 10361 10514 XOR
2 1 10381 10514 10515 AND
2 1 10515 10361 10516 XOR
2 1 10134 10366 10517 XOR
2 1 10381 10517 10518 AND
2 1 10518 10366 10519 XOR
2 1 10137 10371 10520 XOR
2 1 10381 10520 10521 AND
2 1 10521 10371 10522 XOR
2 1 10140 10376 10523 XOR
2 1 10381 10523 10524 AND
2 1 10524 10376 10525 XOR
1 1 10381 10526 INV
2 1 457 820 10527 XOR
2 1 10527 820 10528 AND
2 1 10384 821 10529 XOR
2 1 10528 821 10530 XOR
2 1 10529 10528 10531 XOR
2 1 10529 10530 10532 AND
2 1 10528 10532 10533 XOR
2 1 10387 822 10534 XOR
2 1 10533 822 10535 XOR
2 1 10534 10533 10536 XOR
2 1 10534 10535 10537 AND
2 1 10533 10537 10538 XOR
2 1 10390 823 10539 XOR
2 1 10538 823 10540 XOR
2 1 10539 10538 10541 XOR
2 1 10539 10540 10542 AND
2 1 10538 10542 10543 XOR
2 1 10393 824 10544 XOR
2 1 10543 824 10545 XOR
2 1 10544 10543 10546 XOR
2 1 10544 10545 10547 AND
2 1 10543 10547 10548 XOR
2 1 10396 825 10549 XOR
2 1 10548 825 10550 XOR
2 1 10549 10548 10551 XOR
2 1 10549 10550 10552 AND
2 1 10548 10552 10553 XOR
2 1 10399 826 10554 XOR
2 1 10553 826 10555 XOR
2 1 10554 10553 10556 XOR
2 1 10554 10555 10557 AND
2 1 10553 10557 10558 XOR
2 1 10402 827 10559 XOR
2 1 10558 827 10560 XOR
2 1 10559 10558 10561 XOR
2 1 10559 10560 10562 AND
2 1 10558 10562 10563 XOR
2 1 10405 828 10564 XOR
2 1 10563 828 10565 XOR
2 1 10564 10563 10566 XOR
2 1 10564 10565 10567 AND
2 1 10563 10567 10568 XOR
2 1 10408 829 10569 XOR
2 1 10568 829 10570 XOR
2 1 10569 10568 10571 XOR
2 1 10569 10570 10572 AND
2 1 10568 10572 10573 XOR
2 1 10411 830 10574 XOR
2 1 10573 830 10575 XOR
2 1 10574 10573 10576 XOR
2 1 10574 10575 10577 AND
2 1 10573 10577 10578 XOR
2 1 10414 831 10579 XOR
2 1 10578 831 10580 XOR
2 1 10579 10578 10581 XOR
2 1 10579 10580 10582 AND
2 1 10578 10582 10583 XOR
2 1 10417 832 10584 XOR
2 1 10583 832 10585 XOR
2 1 10584 10583 10586 XOR
2 1 10584 10585 10587 AND
2 1 10583 10587 10588 XOR
2 1 10420 833 10589 XOR
2 1 10588 833 10590 XOR
2 1 10589 10588 10591 XOR
2 1 10589 10590 10592 AND
2 1 10588 10592 10593 XOR
2 1 10423 834 10594 XOR
2 1 10593 834 10595 XOR
2 1 10594 10593 10596 XOR
2 1 10594 10595 10597 AND
2 1 10593 10597 10598 XOR
2 1 10426 835 10599 XOR
2 1 10598 835 10600 XOR
2 1 10599 10598 10601 XOR
2 1 10599 10600 10602 AND
2 1 10598 10602 10603 XOR
2 1 10429 836 10604 XOR
2 1 10603 836 10605 XOR
2 1 10604 10603 10606 XOR
2 1 10604 10605 10607 AND
2 1 10603 10607 10608 XOR
2 1 10432 837 10609 XOR
2 1 10608 837 10610 XOR
2 1 10609 10608 10611 XOR
2 1 10609 10610 10612 AND
2 1 10608 10612 10613 XOR
2 1 10435 838 10614 XOR
2 1 10613 838 10615 XOR
2 1 10614 10613 10616 XOR
2 1 10614 10615 10617 AND
2 1 10613 10617 10618 XOR
2 1 10438 839 10619 XOR
2 1 10618 839 10620 XOR
2 1 10619 10618 10621 XOR
2 1 10619 10620 10622 AND
2 1 10618 10622 10623 XOR
2 1 10441 840 10624 XOR
2 1 10623 840 10625 XOR
2 1 10624 10623 10626 XOR
2 1 10624 10625 10627 AND
2 1 10623 10627 10628 XOR
2 1 10444 841 10629 XOR
2 1 10628 841 10630 XOR
2 1 10629 10628 10631 XOR
2 1 10629 10630 10632 AND
2 1 10628 10632 10633 XOR
2 1 10447 842 10634 XOR
2 1 10633 842 10635 XOR
2 1 10634 10633 10636 XOR
2 1 10634 10635 10637 AND
2 1 10633 10637 10638 XOR
2 1 10450 843 10639 XOR
2 1 10638 843 10640 XOR
2 1 10639 10638 10641 XOR
2 1 10639 10640 10642 AND
2 1 10638 10642 10643 XOR
2 1 10453 844 10644 XOR
2 1 10643 844 10645 XOR
2 1 10644 10643 10646 XOR
2 1 10644 10645 10647 AND
2 1 10643 10647 10648 XOR
2 1 10456 845 10649 XOR
2 1 10648 845 10650 XOR
2 1 10649 10648 10651 XOR
2 1 10649 10650 10652 AND
2 1 10648 10652 10653 XOR
2 1 10459 846 10654 XOR
2 1 10653 846 10655 XOR
2 1 10654 10653 10656 XOR
2 1 10654 10655 10657 AND
2 1 10653 10657 10658 XOR
2 1 10462 847 10659 XOR
2 1 10658 847 10660 XOR
2 1 10659 10658 10661 XOR
2 1 10659 10660 10662 AND
2 1 10658 10662 10663 XOR
2 1 10465 848 10664 XOR
2 1 10663 848 10665 XOR
2 1 10664 10663 10666 XOR
2 1 10664 10665 10667 AND
2 1 10663 10667 10668 XOR
2 1 10468 849 10669 XOR
2 1 10668 849 10670 XOR
2 1 10669 10668 10671 XOR
2 1 10669 10670 10672 AND
2 1 10668 10672 10673 XOR
2 1 10471 850 10674 XOR
2 1 10673 850 10675 XOR
2 1 10674 10673 10676 XOR
2 1 10674 10675 10677 AND
2 1 10673 10677 10678 XOR
2 1 10474 851 10679 XOR
2 1 10678 851 10680 XOR
2 1 10679 10678 10681 XOR
2 1 10679 10680 10682 AND
2 1 10678 10682 10683 XOR
2 1 10477 852 10684 XOR
2 1 10683 852 10685 XOR
2 1 10684 10683 10686 XOR
2 1 10684 10685 10687 AND
2 1 10683 10687 10688 XOR
2 1 10480 853 10689 XOR
2 1 10688 853 10690 XOR
2 1 10689 10688 10691 XOR
2 1 10689 10690 10692 AND
2 1 10688 10692 10693 XOR
2 1 10483 854 10694 XOR
2 1 10693 854 10695 XOR
2 1 10694 10693 10696 XOR
2 1 10694 10695 10697 AND
2 1 10693 10697 10698 XOR
2 1 10486 855 10699 XOR
2 1 10698 855 10700 XOR
2 1 10699 10698 10701 XOR
2 1 10699 10700 10702 AND
2 1 10698 10702 10703 XOR
2 1 10489 856 10704 XOR
2 1 10703 856 10705 XOR
2 1 10704 10703 10706 XOR
2 1 10704 10705 10707 AND
2 1 10703 10707 10708 XOR
2 1 10492 857 10709 XOR
2 1 10708 857 10710 XOR
2 1 10709 10708 10711 XOR
2 1 10709 10710 10712 AND
2 1 10708 10712 10713 XOR
2 1 10495 858 10714 XOR
2 1 10713 858 10715 XOR
2 1 10714 10713 10716 XOR
2 1 10714 10715 10717 AND
2 1 10713 10717 10718 XOR
2 1 10498 859 10719 XOR
2 1 10718 859 10720 XOR
2 1 10719 10718 10721 XOR
2 1 10719 10720 10722 AND
2 1 10718 10722 10723 XOR
2 1 10501 860 10724 XOR
2 1 10723 860 10725 XOR
2 1 10724 10723 10726 XOR
2 1 10724 10725 10727 AND
2 1 10723 10727 10728 XOR
2 1 10504 861 10729 XOR
2 1 10728 861 10730 XOR
2 1 10729 10728 10731 XOR
2 1 10729 10730 10732 AND
2 1 10728 10732 10733 XOR
2 1 10507 862 10734 XOR
2 1 10733 862 10735 XOR
2 1 10734 10733 10736 XOR
2 1 10734 10735 10737 AND
2 1 10733 10737 10738 XOR
2 1 10510 863 10739 XOR
2 1 10738 863 10740 XOR
2 1 10739 10738 10741 XOR
2 1 10739 10740 10742 AND
2 1 10738 10742 10743 XOR
2 1 10513 864 10744 XOR
2 1 10743 864 10745 XOR
2 1 10744 10743 10746 XOR
2 1 10744 10745 10747 AND
2 1 10743 10747 10748 XOR
2 1 10516 865 10749 XOR
2 1 10748 865 10750 XOR
2 1 10749 10748 10751 XOR
2 1 10749 10750 10752 AND
2 1 10748 10752 10753 XOR
2 1 10519 866 10754 XOR
2 1 10753 866 10755 XOR
2 1 10754 10753 10756 XOR
2 1 10754 10755 10757 AND
2 1 10753 10757 10758 XOR
2 1 10522 867 10759 XOR
2 1 10758 867 10760 XOR
2 1 10759 10758 10761 XOR
2 1 10759 10760 10762 AND
2 1 10758 10762 10763 XOR
2 1 10525 868 10764 XOR
2 1 10763 868 10765 XOR
2 1 10764 10763 10766 XOR
2 1 10764 10765 10767 AND
2 1 10763 10767 10768 XOR
2 1 10768 926 10769 AND
2 1 10768 926 10770 XOR
2 1 10770 10769 10771 XOR
2 1 457 10527 10772 XOR
2 1 10771 10772 10773 AND
2 1 10773 10527 10774 XOR
2 1 10384 10531 10775 XOR
2 1 10771 10775 10776 AND
2 1 10776 10531 10777 XOR
2 1 10387 10536 10778 XOR
2 1 10771 10778 10779 AND
2 1 10779 10536 10780 XOR
2 1 10390 10541 10781 XOR
2 1 10771 10781 10782 AND
2 1 10782 10541 10783 XOR
2 1 10393 10546 10784 XOR
2 1 10771 10784 10785 AND
2 1 10785 10546 10786 XOR
2 1 10396 10551 10787 XOR
2 1 10771 10787 10788 AND
2 1 10788 10551 10789 XOR
2 1 10399 10556 10790 XOR
2 1 10771 10790 10791 AND
2 1 10791 10556 10792 XOR
2 1 10402 10561 10793 XOR
2 1 10771 10793 10794 AND
2 1 10794 10561 10795 XOR
2 1 10405 10566 10796 XOR
2 1 10771 10796 10797 AND
2 1 10797 10566 10798 XOR
2 1 10408 10571 10799 XOR
2 1 10771 10799 10800 AND
2 1 10800 10571 10801 XOR
2 1 10411 10576 10802 XOR
2 1 10771 10802 10803 AND
2 1 10803 10576 10804 XOR
2 1 10414 10581 10805 XOR
2 1 10771 10805 10806 AND
2 1 10806 10581 10807 XOR
2 1 10417 10586 10808 XOR
2 1 10771 10808 10809 AND
2 1 10809 10586 10810 XOR
2 1 10420 10591 10811 XOR
2 1 10771 10811 10812 AND
2 1 10812 10591 10813 XOR
2 1 10423 10596 10814 XOR
2 1 10771 10814 10815 AND
2 1 10815 10596 10816 XOR
2 1 10426 10601 10817 XOR
2 1 10771 10817 10818 AND
2 1 10818 10601 10819 XOR
2 1 10429 10606 10820 XOR
2 1 10771 10820 10821 AND
2 1 10821 10606 10822 XOR
2 1 10432 10611 10823 XOR
2 1 10771 10823 10824 AND
2 1 10824 10611 10825 XOR
2 1 10435 10616 10826 XOR
2 1 10771 10826 10827 AND
2 1 10827 10616 10828 XOR
2 1 10438 10621 10829 XOR
2 1 10771 10829 10830 AND
2 1 10830 10621 10831 XOR
2 1 10441 10626 10832 XOR
2 1 10771 10832 10833 AND
2 1 10833 10626 10834 XOR
2 1 10444 10631 10835 XOR
2 1 10771 10835 10836 AND
2 1 10836 10631 10837 XOR
2 1 10447 10636 10838 XOR
2 1 10771 10838 10839 AND
2 1 10839 10636 10840 XOR
2 1 10450 10641 10841 XOR
2 1 10771 10841 10842 AND
2 1 10842 10641 10843 XOR
2 1 10453 10646 10844 XOR
2 1 10771 10844 10845 AND
2 1 10845 10646 10846 XOR
2 1 10456 10651 10847 XOR
2 1 10771 10847 10848 AND
2 1 10848 10651 10849 XOR
2 1 10459 10656 10850 XOR
2 1 10771 10850 10851 AND
2 1 10851 10656 10852 XOR
2 1 10462 10661 10853 XOR
2 1 10771 10853 10854 AND
2 1 10854 10661 10855 XOR
2 1 10465 10666 10856 XOR
2 1 10771 10856 10857 AND
2 1 10857 10666 10858 XOR
2 1 10468 10671 10859 XOR
2 1 10771 10859 10860 AND
2 1 10860 10671 10861 XOR
2 1 10471 10676 10862 XOR
2 1 10771 10862 10863 AND
2 1 10863 10676 10864 XOR
2 1 10474 10681 10865 XOR
2 1 10771 10865 10866 AND
2 1 10866 10681 10867 XOR
2 1 10477 10686 10868 XOR
2 1 10771 10868 10869 AND
2 1 10869 10686 10870 XOR
2 1 10480 10691 10871 XOR
2 1 10771 10871 10872 AND
2 1 10872 10691 10873 XOR
2 1 10483 10696 10874 XOR
2 1 10771 10874 10875 AND
2 1 10875 10696 10876 XOR
2 1 10486 10701 10877 XOR
2 1 10771 10877 10878 AND
2 1 10878 10701 10879 XOR
2 1 10489 10706 10880 XOR
2 1 10771 10880 10881 AND
2 1 10881 10706 10882 XOR
2 1 10492 10711 10883 XOR
2 1 10771 10883 10884 AND
2 1 10884 10711 10885 XOR
2 1 10495 10716 10886 XOR
2 1 10771 10886 10887 AND
2 1 10887 10716 10888 XOR
2 1 10498 10721 10889 XOR
2 1 10771 10889 10890 AND
2 1 10890 10721 10891 XOR
2 1 10501 10726 10892 XOR
2 1 10771 10892 10893 AND
2 1 10893 10726 10894 XOR
2 1 10504 10731 10895 XOR
2 1 10771 10895 10896 AND
2 1 10896 10731 10897 XOR
2 1 10507 10736 10898 XOR
2 1 10771 10898 10899 AND
2 1 10899 10736 10900 XOR
2 1 10510 10741 10901 XOR
2 1 10771 10901 10902 AND
2 1 10902 10741 10903 XOR
2 1 10513 10746 10904 XOR
2 1 10771 10904 10905 AND
2 1 10905 10746 10906 XOR
2 1 10516 10751 10907 XOR
2 1 10771 10907 10908 AND
2 1 10908 10751 10909 XOR
2 1 10519 10756 10910 XOR
2 1 10771 10910 10911 AND
2 1 10911 10756 10912 XOR
2 1 10522 10761 10913 XOR
2 1 10771 10913 10914 AND
2 1 10914 10761 10915 XOR
2 1 10525 10766 10916 XOR
2 1 10771 10916 10917 AND
2 1 10917 10766 10918 XOR
1 1 10771 10919 INV
2 1 456 820 10920 XOR
2 1 10920 820 10921 AND
2 1 10774 821 10922 XOR
2 1 10921 821 10923 XOR
2 1 10922 10921 10924 XOR
2 1 10922 10923 10925 AND
2 1 10921 10925 10926 XOR
2 1 10777 822 10927 XOR
2 1 10926 822 10928 XOR
2 1 10927 10926 10929 XOR
2 1 10927 10928 10930 AND
2 1 10926 10930 10931 XOR
2 1 10780 823 10932 XOR
2 1 10931 823 10933 XOR
2 1 10932 10931 10934 XOR
2 1 10932 10933 10935 AND
2 1 10931 10935 10936 XOR
2 1 10783 824 10937 XOR
2 1 10936 824 10938 XOR
2 1 10937 10936 10939 XOR
2 1 10937 10938 10940 AND
2 1 10936 10940 10941 XOR
2 1 10786 825 10942 XOR
2 1 10941 825 10943 XOR
2 1 10942 10941 10944 XOR
2 1 10942 10943 10945 AND
2 1 10941 10945 10946 XOR
2 1 10789 826 10947 XOR
2 1 10946 826 10948 XOR
2 1 10947 10946 10949 XOR
2 1 10947 10948 10950 AND
2 1 10946 10950 10951 XOR
2 1 10792 827 10952 XOR
2 1 10951 827 10953 XOR
2 1 10952 10951 10954 XOR
2 1 10952 10953 10955 AND
2 1 10951 10955 10956 XOR
2 1 10795 828 10957 XOR
2 1 10956 828 10958 XOR
2 1 10957 10956 10959 XOR
2 1 10957 10958 10960 AND
2 1 10956 10960 10961 XOR
2 1 10798 829 10962 XOR
2 1 10961 829 10963 XOR
2 1 10962 10961 10964 XOR
2 1 10962 10963 10965 AND
2 1 10961 10965 10966 XOR
2 1 10801 830 10967 XOR
2 1 10966 830 10968 XOR
2 1 10967 10966 10969 XOR
2 1 10967 10968 10970 AND
2 1 10966 10970 10971 XOR
2 1 10804 831 10972 XOR
2 1 10971 831 10973 XOR
2 1 10972 10971 10974 XOR
2 1 10972 10973 10975 AND
2 1 10971 10975 10976 XOR
2 1 10807 832 10977 XOR
2 1 10976 832 10978 XOR
2 1 10977 10976 10979 XOR
2 1 10977 10978 10980 AND
2 1 10976 10980 10981 XOR
2 1 10810 833 10982 XOR
2 1 10981 833 10983 XOR
2 1 10982 10981 10984 XOR
2 1 10982 10983 10985 AND
2 1 10981 10985 10986 XOR
2 1 10813 834 10987 XOR
2 1 10986 834 10988 XOR
2 1 10987 10986 10989 XOR
2 1 10987 10988 10990 AND
2 1 10986 10990 10991 XOR
2 1 10816 835 10992 XOR
2 1 10991 835 10993 XOR
2 1 10992 10991 10994 XOR
2 1 10992 10993 10995 AND
2 1 10991 10995 10996 XOR
2 1 10819 836 10997 XOR
2 1 10996 836 10998 XOR
2 1 10997 10996 10999 XOR
2 1 10997 10998 11000 AND
2 1 10996 11000 11001 XOR
2 1 10822 837 11002 XOR
2 1 11001 837 11003 XOR
2 1 11002 11001 11004 XOR
2 1 11002 11003 11005 AND
2 1 11001 11005 11006 XOR
2 1 10825 838 11007 XOR
2 1 11006 838 11008 XOR
2 1 11007 11006 11009 XOR
2 1 11007 11008 11010 AND
2 1 11006 11010 11011 XOR
2 1 10828 839 11012 XOR
2 1 11011 839 11013 XOR
2 1 11012 11011 11014 XOR
2 1 11012 11013 11015 AND
2 1 11011 11015 11016 XOR
2 1 10831 840 11017 XOR
2 1 11016 840 11018 XOR
2 1 11017 11016 11019 XOR
2 1 11017 11018 11020 AND
2 1 11016 11020 11021 XOR
2 1 10834 841 11022 XOR
2 1 11021 841 11023 XOR
2 1 11022 11021 11024 XOR
2 1 11022 11023 11025 AND
2 1 11021 11025 11026 XOR
2 1 10837 842 11027 XOR
2 1 11026 842 11028 XOR
2 1 11027 11026 11029 XOR
2 1 11027 11028 11030 AND
2 1 11026 11030 11031 XOR
2 1 10840 843 11032 XOR
2 1 11031 843 11033 XOR
2 1 11032 11031 11034 XOR
2 1 11032 11033 11035 AND
2 1 11031 11035 11036 XOR
2 1 10843 844 11037 XOR
2 1 11036 844 11038 XOR
2 1 11037 11036 11039 XOR
2 1 11037 11038 11040 AND
2 1 11036 11040 11041 XOR
2 1 10846 845 11042 XOR
2 1 11041 845 11043 XOR
2 1 11042 11041 11044 XOR
2 1 11042 11043 11045 AND
2 1 11041 11045 11046 XOR
2 1 10849 846 11047 XOR
2 1 11046 846 11048 XOR
2 1 11047 11046 11049 XOR
2 1 11047 11048 11050 AND
2 1 11046 11050 11051 XOR
2 1 10852 847 11052 XOR
2 1 11051 847 11053 XOR
2 1 11052 11051 11054 XOR
2 1 11052 11053 11055 AND
2 1 11051 11055 11056 XOR
2 1 10855 848 11057 XOR
2 1 11056 848 11058 XOR
2 1 11057 11056 11059 XOR
2 1 11057 11058 11060 AND
2 1 11056 11060 11061 XOR
2 1 10858 849 11062 XOR
2 1 11061 849 11063 XOR
2 1 11062 11061 11064 XOR
2 1 11062 11063 11065 AND
2 1 11061 11065 11066 XOR
2 1 10861 850 11067 XOR
2 1 11066 850 11068 XOR
2 1 11067 11066 11069 XOR
2 1 11067 11068 11070 AND
2 1 11066 11070 11071 XOR
2 1 10864 851 11072 XOR
2 1 11071 851 11073 XOR
2 1 11072 11071 11074 XOR
2 1 11072 11073 11075 AND
2 1 11071 11075 11076 XOR
2 1 10867 852 11077 XOR
2 1 11076 852 11078 XOR
2 1 11077 11076 11079 XOR
2 1 11077 11078 11080 AND
2 1 11076 11080 11081 XOR
2 1 10870 853 11082 XOR
2 1 11081 853 11083 XOR
2 1 11082 11081 11084 XOR
2 1 11082 11083 11085 AND
2 1 11081 11085 11086 XOR
2 1 10873 854 11087 XOR
2 1 11086 854 11088 XOR
2 1 11087 11086 11089 XOR
2 1 11087 11088 11090 AND
2 1 11086 11090 11091 XOR
2 1 10876 855 11092 XOR
2 1 11091 855 11093 XOR
2 1 11092 11091 11094 XOR
2 1 11092 11093 11095 AND
2 1 11091 11095 11096 XOR
2 1 10879 856 11097 XOR
2 1 11096 856 11098 XOR
2 1 11097 11096 11099 XOR
2 1 11097 11098 11100 AND
2 1 11096 11100 11101 XOR
2 1 10882 857 11102 XOR
2 1 11101 857 11103 XOR
2 1 11102 11101 11104 XOR
2 1 11102 11103 11105 AND
2 1 11101 11105 11106 XOR
2 1 10885 858 11107 XOR
2 1 11106 858 11108 XOR
2 1 11107 11106 11109 XOR
2 1 11107 11108 11110 AND
2 1 11106 11110 11111 XOR
2 1 10888 859 11112 XOR
2 1 11111 859 11113 XOR
2 1 11112 11111 11114 XOR
2 1 11112 11113 11115 AND
2 1 11111 11115 11116 XOR
2 1 10891 860 11117 XOR
2 1 11116 860 11118 XOR
2 1 11117 11116 11119 XOR
2 1 11117 11118 11120 AND
2 1 11116 11120 11121 XOR
2 1 10894 861 11122 XOR
2 1 11121 861 11123 XOR
2 1 11122 11121 11124 XOR
2 1 11122 11123 11125 AND
2 1 11121 11125 11126 XOR
2 1 10897 862 11127 XOR
2 1 11126 862 11128 XOR
2 1 11127 11126 11129 XOR
2 1 11127 11128 11130 AND
2 1 11126 11130 11131 XOR
2 1 10900 863 11132 XOR
2 1 11131 863 11133 XOR
2 1 11132 11131 11134 XOR
2 1 11132 11133 11135 AND
2 1 11131 11135 11136 XOR
2 1 10903 864 11137 XOR
2 1 11136 864 11138 XOR
2 1 11137 11136 11139 XOR
2 1 11137 11138 11140 AND
2 1 11136 11140 11141 XOR
2 1 10906 865 11142 XOR
2 1 11141 865 11143 XOR
2 1 11142 11141 11144 XOR
2 1 11142 11143 11145 AND
2 1 11141 11145 11146 XOR
2 1 10909 866 11147 XOR
2 1 11146 866 11148 XOR
2 1 11147 11146 11149 XOR
2 1 11147 11148 11150 AND
2 1 11146 11150 11151 XOR
2 1 10912 867 11152 XOR
2 1 11151 867 11153 XOR
2 1 11152 11151 11154 XOR
2 1 11152 11153 11155 AND
2 1 11151 11155 11156 XOR
2 1 10915 868 11157 XOR
2 1 11156 868 11158 XOR
2 1 11157 11156 11159 XOR
2 1 11157 11158 11160 AND
2 1 11156 11160 11161 XOR
2 1 10918 869 11162 XOR
2 1 11161 869 11163 XOR
2 1 11162 11161 11164 XOR
2 1 11162 11163 11165 AND
2 1 11161 11165 11166 XOR
2 1 11166 923 11167 AND
2 1 11166 923 11168 XOR
2 1 11168 11167 11169 XOR
2 1 456 10920 11170 XOR
2 1 11169 11170 11171 AND
2 1 11171 10920 11172 XOR
2 1 10774 10924 11173 XOR
2 1 11169 11173 11174 AND
2 1 11174 10924 11175 XOR
2 1 10777 10929 11176 XOR
2 1 11169 11176 11177 AND
2 1 11177 10929 11178 XOR
2 1 10780 10934 11179 XOR
2 1 11169 11179 11180 AND
2 1 11180 10934 11181 XOR
2 1 10783 10939 11182 XOR
2 1 11169 11182 11183 AND
2 1 11183 10939 11184 XOR
2 1 10786 10944 11185 XOR
2 1 11169 11185 11186 AND
2 1 11186 10944 11187 XOR
2 1 10789 10949 11188 XOR
2 1 11169 11188 11189 AND
2 1 11189 10949 11190 XOR
2 1 10792 10954 11191 XOR
2 1 11169 11191 11192 AND
2 1 11192 10954 11193 XOR
2 1 10795 10959 11194 XOR
2 1 11169 11194 11195 AND
2 1 11195 10959 11196 XOR
2 1 10798 10964 11197 XOR
2 1 11169 11197 11198 AND
2 1 11198 10964 11199 XOR
2 1 10801 10969 11200 XOR
2 1 11169 11200 11201 AND
2 1 11201 10969 11202 XOR
2 1 10804 10974 11203 XOR
2 1 11169 11203 11204 AND
2 1 11204 10974 11205 XOR
2 1 10807 10979 11206 XOR
2 1 11169 11206 11207 AND
2 1 11207 10979 11208 XOR
2 1 10810 10984 11209 XOR
2 1 11169 11209 11210 AND
2 1 11210 10984 11211 XOR
2 1 10813 10989 11212 XOR
2 1 11169 11212 11213 AND
2 1 11213 10989 11214 XOR
2 1 10816 10994 11215 XOR
2 1 11169 11215 11216 AND
2 1 11216 10994 11217 XOR
2 1 10819 10999 11218 XOR
2 1 11169 11218 11219 AND
2 1 11219 10999 11220 XOR
2 1 10822 11004 11221 XOR
2 1 11169 11221 11222 AND
2 1 11222 11004 11223 XOR
2 1 10825 11009 11224 XOR
2 1 11169 11224 11225 AND
2 1 11225 11009 11226 XOR
2 1 10828 11014 11227 XOR
2 1 11169 11227 11228 AND
2 1 11228 11014 11229 XOR
2 1 10831 11019 11230 XOR
2 1 11169 11230 11231 AND
2 1 11231 11019 11232 XOR
2 1 10834 11024 11233 XOR
2 1 11169 11233 11234 AND
2 1 11234 11024 11235 XOR
2 1 10837 11029 11236 XOR
2 1 11169 11236 11237 AND
2 1 11237 11029 11238 XOR
2 1 10840 11034 11239 XOR
2 1 11169 11239 11240 AND
2 1 11240 11034 11241 XOR
2 1 10843 11039 11242 XOR
2 1 11169 11242 11243 AND
2 1 11243 11039 11244 XOR
2 1 10846 11044 11245 XOR
2 1 11169 11245 11246 AND
2 1 11246 11044 11247 XOR
2 1 10849 11049 11248 XOR
2 1 11169 11248 11249 AND
2 1 11249 11049 11250 XOR
2 1 10852 11054 11251 XOR
2 1 11169 11251 11252 AND
2 1 11252 11054 11253 XOR
2 1 10855 11059 11254 XOR
2 1 11169 11254 11255 AND
2 1 11255 11059 11256 XOR
2 1 10858 11064 11257 XOR
2 1 11169 11257 11258 AND
2 1 11258 11064 11259 XOR
2 1 10861 11069 11260 XOR
2 1 11169 11260 11261 AND
2 1 11261 11069 11262 XOR
2 1 10864 11074 11263 XOR
2 1 11169 11263 11264 AND
2 1 11264 11074 11265 XOR
2 1 10867 11079 11266 XOR
2 1 11169 11266 11267 AND
2 1 11267 11079 11268 XOR
2 1 10870 11084 11269 XOR
2 1 11169 11269 11270 AND
2 1 11270 11084 11271 XOR
2 1 10873 11089 11272 XOR
2 1 11169 11272 11273 AND
2 1 11273 11089 11274 XOR
2 1 10876 11094 11275 XOR
2 1 11169 11275 11276 AND
2 1 11276 11094 11277 XOR
2 1 10879 11099 11278 XOR
2 1 11169 11278 11279 AND
2 1 11279 11099 11280 XOR
2 1 10882 11104 11281 XOR
2 1 11169 11281 11282 AND
2 1 11282 11104 11283 XOR
2 1 10885 11109 11284 XOR
2 1 11169 11284 11285 AND
2 1 11285 11109 11286 XOR
2 1 10888 11114 11287 XOR
2 1 11169 11287 11288 AND
2 1 11288 11114 11289 XOR
2 1 10891 11119 11290 XOR
2 1 11169 11290 11291 AND
2 1 11291 11119 11292 XOR
2 1 10894 11124 11293 XOR
2 1 11169 11293 11294 AND
2 1 11294 11124 11295 XOR
2 1 10897 11129 11296 XOR
2 1 11169 11296 11297 AND
2 1 11297 11129 11298 XOR
2 1 10900 11134 11299 XOR
2 1 11169 11299 11300 AND
2 1 11300 11134 11301 XOR
2 1 10903 11139 11302 XOR
2 1 11169 11302 11303 AND
2 1 11303 11139 11304 XOR
2 1 10906 11144 11305 XOR
2 1 11169 11305 11306 AND
2 1 11306 11144 11307 XOR
2 1 10909 11149 11308 XOR
2 1 11169 11308 11309 AND
2 1 11309 11149 11310 XOR
2 1 10912 11154 11311 XOR
2 1 11169 11311 11312 AND
2 1 11312 11154 11313 XOR
2 1 10915 11159 11314 XOR
2 1 11169 11314 11315 AND
2 1 11315 11159 11316 XOR
2 1 10918 11164 11317 XOR
2 1 11169 11317 11318 AND
2 1 11318 11164 11319 XOR
1 1 11169 11320 INV
2 1 455 820 11321 XOR
2 1 11321 820 11322 AND
2 1 11172 821 11323 XOR
2 1 11322 821 11324 XOR
2 1 11323 11322 11325 XOR
2 1 11323 11324 11326 AND
2 1 11322 11326 11327 XOR
2 1 11175 822 11328 XOR
2 1 11327 822 11329 XOR
2 1 11328 11327 11330 XOR
2 1 11328 11329 11331 AND
2 1 11327 11331 11332 XOR
2 1 11178 823 11333 XOR
2 1 11332 823 11334 XOR
2 1 11333 11332 11335 XOR
2 1 11333 11334 11336 AND
2 1 11332 11336 11337 XOR
2 1 11181 824 11338 XOR
2 1 11337 824 11339 XOR
2 1 11338 11337 11340 XOR
2 1 11338 11339 11341 AND
2 1 11337 11341 11342 XOR
2 1 11184 825 11343 XOR
2 1 11342 825 11344 XOR
2 1 11343 11342 11345 XOR
2 1 11343 11344 11346 AND
2 1 11342 11346 11347 XOR
2 1 11187 826 11348 XOR
2 1 11347 826 11349 XOR
2 1 11348 11347 11350 XOR
2 1 11348 11349 11351 AND
2 1 11347 11351 11352 XOR
2 1 11190 827 11353 XOR
2 1 11352 827 11354 XOR
2 1 11353 11352 11355 XOR
2 1 11353 11354 11356 AND
2 1 11352 11356 11357 XOR
2 1 11193 828 11358 XOR
2 1 11357 828 11359 XOR
2 1 11358 11357 11360 XOR
2 1 11358 11359 11361 AND
2 1 11357 11361 11362 XOR
2 1 11196 829 11363 XOR
2 1 11362 829 11364 XOR
2 1 11363 11362 11365 XOR
2 1 11363 11364 11366 AND
2 1 11362 11366 11367 XOR
2 1 11199 830 11368 XOR
2 1 11367 830 11369 XOR
2 1 11368 11367 11370 XOR
2 1 11368 11369 11371 AND
2 1 11367 11371 11372 XOR
2 1 11202 831 11373 XOR
2 1 11372 831 11374 XOR
2 1 11373 11372 11375 XOR
2 1 11373 11374 11376 AND
2 1 11372 11376 11377 XOR
2 1 11205 832 11378 XOR
2 1 11377 832 11379 XOR
2 1 11378 11377 11380 XOR
2 1 11378 11379 11381 AND
2 1 11377 11381 11382 XOR
2 1 11208 833 11383 XOR
2 1 11382 833 11384 XOR
2 1 11383 11382 11385 XOR
2 1 11383 11384 11386 AND
2 1 11382 11386 11387 XOR
2 1 11211 834 11388 XOR
2 1 11387 834 11389 XOR
2 1 11388 11387 11390 XOR
2 1 11388 11389 11391 AND
2 1 11387 11391 11392 XOR
2 1 11214 835 11393 XOR
2 1 11392 835 11394 XOR
2 1 11393 11392 11395 XOR
2 1 11393 11394 11396 AND
2 1 11392 11396 11397 XOR
2 1 11217 836 11398 XOR
2 1 11397 836 11399 XOR
2 1 11398 11397 11400 XOR
2 1 11398 11399 11401 AND
2 1 11397 11401 11402 XOR
2 1 11220 837 11403 XOR
2 1 11402 837 11404 XOR
2 1 11403 11402 11405 XOR
2 1 11403 11404 11406 AND
2 1 11402 11406 11407 XOR
2 1 11223 838 11408 XOR
2 1 11407 838 11409 XOR
2 1 11408 11407 11410 XOR
2 1 11408 11409 11411 AND
2 1 11407 11411 11412 XOR
2 1 11226 839 11413 XOR
2 1 11412 839 11414 XOR
2 1 11413 11412 11415 XOR
2 1 11413 11414 11416 AND
2 1 11412 11416 11417 XOR
2 1 11229 840 11418 XOR
2 1 11417 840 11419 XOR
2 1 11418 11417 11420 XOR
2 1 11418 11419 11421 AND
2 1 11417 11421 11422 XOR
2 1 11232 841 11423 XOR
2 1 11422 841 11424 XOR
2 1 11423 11422 11425 XOR
2 1 11423 11424 11426 AND
2 1 11422 11426 11427 XOR
2 1 11235 842 11428 XOR
2 1 11427 842 11429 XOR
2 1 11428 11427 11430 XOR
2 1 11428 11429 11431 AND
2 1 11427 11431 11432 XOR
2 1 11238 843 11433 XOR
2 1 11432 843 11434 XOR
2 1 11433 11432 11435 XOR
2 1 11433 11434 11436 AND
2 1 11432 11436 11437 XOR
2 1 11241 844 11438 XOR
2 1 11437 844 11439 XOR
2 1 11438 11437 11440 XOR
2 1 11438 11439 11441 AND
2 1 11437 11441 11442 XOR
2 1 11244 845 11443 XOR
2 1 11442 845 11444 XOR
2 1 11443 11442 11445 XOR
2 1 11443 11444 11446 AND
2 1 11442 11446 11447 XOR
2 1 11247 846 11448 XOR
2 1 11447 846 11449 XOR
2 1 11448 11447 11450 XOR
2 1 11448 11449 11451 AND
2 1 11447 11451 11452 XOR
2 1 11250 847 11453 XOR
2 1 11452 847 11454 XOR
2 1 11453 11452 11455 XOR
2 1 11453 11454 11456 AND
2 1 11452 11456 11457 XOR
2 1 11253 848 11458 XOR
2 1 11457 848 11459 XOR
2 1 11458 11457 11460 XOR
2 1 11458 11459 11461 AND
2 1 11457 11461 11462 XOR
2 1 11256 849 11463 XOR
2 1 11462 849 11464 XOR
2 1 11463 11462 11465 XOR
2 1 11463 11464 11466 AND
2 1 11462 11466 11467 XOR
2 1 11259 850 11468 XOR
2 1 11467 850 11469 XOR
2 1 11468 11467 11470 XOR
2 1 11468 11469 11471 AND
2 1 11467 11471 11472 XOR
2 1 11262 851 11473 XOR
2 1 11472 851 11474 XOR
2 1 11473 11472 11475 XOR
2 1 11473 11474 11476 AND
2 1 11472 11476 11477 XOR
2 1 11265 852 11478 XOR
2 1 11477 852 11479 XOR
2 1 11478 11477 11480 XOR
2 1 11478 11479 11481 AND
2 1 11477 11481 11482 XOR
2 1 11268 853 11483 XOR
2 1 11482 853 11484 XOR
2 1 11483 11482 11485 XOR
2 1 11483 11484 11486 AND
2 1 11482 11486 11487 XOR
2 1 11271 854 11488 XOR
2 1 11487 854 11489 XOR
2 1 11488 11487 11490 XOR
2 1 11488 11489 11491 AND
2 1 11487 11491 11492 XOR
2 1 11274 855 11493 XOR
2 1 11492 855 11494 XOR
2 1 11493 11492 11495 XOR
2 1 11493 11494 11496 AND
2 1 11492 11496 11497 XOR
2 1 11277 856 11498 XOR
2 1 11497 856 11499 XOR
2 1 11498 11497 11500 XOR
2 1 11498 11499 11501 AND
2 1 11497 11501 11502 XOR
2 1 11280 857 11503 XOR
2 1 11502 857 11504 XOR
2 1 11503 11502 11505 XOR
2 1 11503 11504 11506 AND
2 1 11502 11506 11507 XOR
2 1 11283 858 11508 XOR
2 1 11507 858 11509 XOR
2 1 11508 11507 11510 XOR
2 1 11508 11509 11511 AND
2 1 11507 11511 11512 XOR
2 1 11286 859 11513 XOR
2 1 11512 859 11514 XOR
2 1 11513 11512 11515 XOR
2 1 11513 11514 11516 AND
2 1 11512 11516 11517 XOR
2 1 11289 860 11518 XOR
2 1 11517 860 11519 XOR
2 1 11518 11517 11520 XOR
2 1 11518 11519 11521 AND
2 1 11517 11521 11522 XOR
2 1 11292 861 11523 XOR
2 1 11522 861 11524 XOR
2 1 11523 11522 11525 XOR
2 1 11523 11524 11526 AND
2 1 11522 11526 11527 XOR
2 1 11295 862 11528 XOR
2 1 11527 862 11529 XOR
2 1 11528 11527 11530 XOR
2 1 11528 11529 11531 AND
2 1 11527 11531 11532 XOR
2 1 11298 863 11533 XOR
2 1 11532 863 11534 XOR
2 1 11533 11532 11535 XOR
2 1 11533 11534 11536 AND
2 1 11532 11536 11537 XOR
2 1 11301 864 11538 XOR
2 1 11537 864 11539 XOR
2 1 11538 11537 11540 XOR
2 1 11538 11539 11541 AND
2 1 11537 11541 11542 XOR
2 1 11304 865 11543 XOR
2 1 11542 865 11544 XOR
2 1 11543 11542 11545 XOR
2 1 11543 11544 11546 AND
2 1 11542 11546 11547 XOR
2 1 11307 866 11548 XOR
2 1 11547 866 11549 XOR
2 1 11548 11547 11550 XOR
2 1 11548 11549 11551 AND
2 1 11547 11551 11552 XOR
2 1 11310 867 11553 XOR
2 1 11552 867 11554 XOR
2 1 11553 11552 11555 XOR
2 1 11553 11554 11556 AND
2 1 11552 11556 11557 XOR
2 1 11313 868 11558 XOR
2 1 11557 868 11559 XOR
2 1 11558 11557 11560 XOR
2 1 11558 11559 11561 AND
2 1 11557 11561 11562 XOR
2 1 11316 869 11563 XOR
2 1 11562 869 11564 XOR
2 1 11563 11562 11565 XOR
2 1 11563 11564 11566 AND
2 1 11562 11566 11567 XOR
2 1 11319 870 11568 XOR
2 1 11567 870 11569 XOR
2 1 11568 11567 11570 XOR
2 1 11568 11569 11571 AND
2 1 11567 11571 11572 XOR
2 1 11572 920 11573 AND
2 1 11572 920 11574 XOR
2 1 11574 11573 11575 XOR
2 1 455 11321 11576 XOR
2 1 11575 11576 11577 AND
2 1 11577 11321 11578 XOR
2 1 11172 11325 11579 XOR
2 1 11575 11579 11580 AND
2 1 11580 11325 11581 XOR
2 1 11175 11330 11582 XOR
2 1 11575 11582 11583 AND
2 1 11583 11330 11584 XOR
2 1 11178 11335 11585 XOR
2 1 11575 11585 11586 AND
2 1 11586 11335 11587 XOR
2 1 11181 11340 11588 XOR
2 1 11575 11588 11589 AND
2 1 11589 11340 11590 XOR
2 1 11184 11345 11591 XOR
2 1 11575 11591 11592 AND
2 1 11592 11345 11593 XOR
2 1 11187 11350 11594 XOR
2 1 11575 11594 11595 AND
2 1 11595 11350 11596 XOR
2 1 11190 11355 11597 XOR
2 1 11575 11597 11598 AND
2 1 11598 11355 11599 XOR
2 1 11193 11360 11600 XOR
2 1 11575 11600 11601 AND
2 1 11601 11360 11602 XOR
2 1 11196 11365 11603 XOR
2 1 11575 11603 11604 AND
2 1 11604 11365 11605 XOR
2 1 11199 11370 11606 XOR
2 1 11575 11606 11607 AND
2 1 11607 11370 11608 XOR
2 1 11202 11375 11609 XOR
2 1 11575 11609 11610 AND
2 1 11610 11375 11611 XOR
2 1 11205 11380 11612 XOR
2 1 11575 11612 11613 AND
2 1 11613 11380 11614 XOR
2 1 11208 11385 11615 XOR
2 1 11575 11615 11616 AND
2 1 11616 11385 11617 XOR
2 1 11211 11390 11618 XOR
2 1 11575 11618 11619 AND
2 1 11619 11390 11620 XOR
2 1 11214 11395 11621 XOR
2 1 11575 11621 11622 AND
2 1 11622 11395 11623 XOR
2 1 11217 11400 11624 XOR
2 1 11575 11624 11625 AND
2 1 11625 11400 11626 XOR
2 1 11220 11405 11627 XOR
2 1 11575 11627 11628 AND
2 1 11628 11405 11629 XOR
2 1 11223 11410 11630 XOR
2 1 11575 11630 11631 AND
2 1 11631 11410 11632 XOR
2 1 11226 11415 11633 XOR
2 1 11575 11633 11634 AND
2 1 11634 11415 11635 XOR
2 1 11229 11420 11636 XOR
2 1 11575 11636 11637 AND
2 1 11637 11420 11638 XOR
2 1 11232 11425 11639 XOR
2 1 11575 11639 11640 AND
2 1 11640 11425 11641 XOR
2 1 11235 11430 11642 XOR
2 1 11575 11642 11643 AND
2 1 11643 11430 11644 XOR
2 1 11238 11435 11645 XOR
2 1 11575 11645 11646 AND
2 1 11646 11435 11647 XOR
2 1 11241 11440 11648 XOR
2 1 11575 11648 11649 AND
2 1 11649 11440 11650 XOR
2 1 11244 11445 11651 XOR
2 1 11575 11651 11652 AND
2 1 11652 11445 11653 XOR
2 1 11247 11450 11654 XOR
2 1 11575 11654 11655 AND
2 1 11655 11450 11656 XOR
2 1 11250 11455 11657 XOR
2 1 11575 11657 11658 AND
2 1 11658 11455 11659 XOR
2 1 11253 11460 11660 XOR
2 1 11575 11660 11661 AND
2 1 11661 11460 11662 XOR
2 1 11256 11465 11663 XOR
2 1 11575 11663 11664 AND
2 1 11664 11465 11665 XOR
2 1 11259 11470 11666 XOR
2 1 11575 11666 11667 AND
2 1 11667 11470 11668 XOR
2 1 11262 11475 11669 XOR
2 1 11575 11669 11670 AND
2 1 11670 11475 11671 XOR
2 1 11265 11480 11672 XOR
2 1 11575 11672 11673 AND
2 1 11673 11480 11674 XOR
2 1 11268 11485 11675 XOR
2 1 11575 11675 11676 AND
2 1 11676 11485 11677 XOR
2 1 11271 11490 11678 XOR
2 1 11575 11678 11679 AND
2 1 11679 11490 11680 XOR
2 1 11274 11495 11681 XOR
2 1 11575 11681 11682 AND
2 1 11682 11495 11683 XOR
2 1 11277 11500 11684 XOR
2 1 11575 11684 11685 AND
2 1 11685 11500 11686 XOR
2 1 11280 11505 11687 XOR
2 1 11575 11687 11688 AND
2 1 11688 11505 11689 XOR
2 1 11283 11510 11690 XOR
2 1 11575 11690 11691 AND
2 1 11691 11510 11692 XOR
2 1 11286 11515 11693 XOR
2 1 11575 11693 11694 AND
2 1 11694 11515 11695 XOR
2 1 11289 11520 11696 XOR
2 1 11575 11696 11697 AND
2 1 11697 11520 11698 XOR
2 1 11292 11525 11699 XOR
2 1 11575 11699 11700 AND
2 1 11700 11525 11701 XOR
2 1 11295 11530 11702 XOR
2 1 11575 11702 11703 AND
2 1 11703 11530 11704 XOR
2 1 11298 11535 11705 XOR
2 1 11575 11705 11706 AND
2 1 11706 11535 11707 XOR
2 1 11301 11540 11708 XOR
2 1 11575 11708 11709 AND
2 1 11709 11540 11710 XOR
2 1 11304 11545 11711 XOR
2 1 11575 11711 11712 AND
2 1 11712 11545 11713 XOR
2 1 11307 11550 11714 XOR
2 1 11575 11714 11715 AND
2 1 11715 11550 11716 XOR
2 1 11310 11555 11717 XOR
2 1 11575 11717 11718 AND
2 1 11718 11555 11719 XOR
2 1 11313 11560 11720 XOR
2 1 11575 11720 11721 AND
2 1 11721 11560 11722 XOR
2 1 11316 11565 11723 XOR
2 1 11575 11723 11724 AND
2 1 11724 11565 11725 XOR
2 1 11319 11570 11726 XOR
2 1 11575 11726 11727 AND
2 1 11727 11570 11728 XOR
1 1 11575 11729 INV
2 1 454 820 11730 XOR
2 1 11730 820 11731 AND
2 1 11578 821 11732 XOR
2 1 11731 821 11733 XOR
2 1 11732 11731 11734 XOR
2 1 11732 11733 11735 AND
2 1 11731 11735 11736 XOR
2 1 11581 822 11737 XOR
2 1 11736 822 11738 XOR
2 1 11737 11736 11739 XOR
2 1 11737 11738 11740 AND
2 1 11736 11740 11741 XOR
2 1 11584 823 11742 XOR
2 1 11741 823 11743 XOR
2 1 11742 11741 11744 XOR
2 1 11742 11743 11745 AND
2 1 11741 11745 11746 XOR
2 1 11587 824 11747 XOR
2 1 11746 824 11748 XOR
2 1 11747 11746 11749 XOR
2 1 11747 11748 11750 AND
2 1 11746 11750 11751 XOR
2 1 11590 825 11752 XOR
2 1 11751 825 11753 XOR
2 1 11752 11751 11754 XOR
2 1 11752 11753 11755 AND
2 1 11751 11755 11756 XOR
2 1 11593 826 11757 XOR
2 1 11756 826 11758 XOR
2 1 11757 11756 11759 XOR
2 1 11757 11758 11760 AND
2 1 11756 11760 11761 XOR
2 1 11596 827 11762 XOR
2 1 11761 827 11763 XOR
2 1 11762 11761 11764 XOR
2 1 11762 11763 11765 AND
2 1 11761 11765 11766 XOR
2 1 11599 828 11767 XOR
2 1 11766 828 11768 XOR
2 1 11767 11766 11769 XOR
2 1 11767 11768 11770 AND
2 1 11766 11770 11771 XOR
2 1 11602 829 11772 XOR
2 1 11771 829 11773 XOR
2 1 11772 11771 11774 XOR
2 1 11772 11773 11775 AND
2 1 11771 11775 11776 XOR
2 1 11605 830 11777 XOR
2 1 11776 830 11778 XOR
2 1 11777 11776 11779 XOR
2 1 11777 11778 11780 AND
2 1 11776 11780 11781 XOR
2 1 11608 831 11782 XOR
2 1 11781 831 11783 XOR
2 1 11782 11781 11784 XOR
2 1 11782 11783 11785 AND
2 1 11781 11785 11786 XOR
2 1 11611 832 11787 XOR
2 1 11786 832 11788 XOR
2 1 11787 11786 11789 XOR
2 1 11787 11788 11790 AND
2 1 11786 11790 11791 XOR
2 1 11614 833 11792 XOR
2 1 11791 833 11793 XOR
2 1 11792 11791 11794 XOR
2 1 11792 11793 11795 AND
2 1 11791 11795 11796 XOR
2 1 11617 834 11797 XOR
2 1 11796 834 11798 XOR
2 1 11797 11796 11799 XOR
2 1 11797 11798 11800 AND
2 1 11796 11800 11801 XOR
2 1 11620 835 11802 XOR
2 1 11801 835 11803 XOR
2 1 11802 11801 11804 XOR
2 1 11802 11803 11805 AND
2 1 11801 11805 11806 XOR
2 1 11623 836 11807 XOR
2 1 11806 836 11808 XOR
2 1 11807 11806 11809 XOR
2 1 11807 11808 11810 AND
2 1 11806 11810 11811 XOR
2 1 11626 837 11812 XOR
2 1 11811 837 11813 XOR
2 1 11812 11811 11814 XOR
2 1 11812 11813 11815 AND
2 1 11811 11815 11816 XOR
2 1 11629 838 11817 XOR
2 1 11816 838 11818 XOR
2 1 11817 11816 11819 XOR
2 1 11817 11818 11820 AND
2 1 11816 11820 11821 XOR
2 1 11632 839 11822 XOR
2 1 11821 839 11823 XOR
2 1 11822 11821 11824 XOR
2 1 11822 11823 11825 AND
2 1 11821 11825 11826 XOR
2 1 11635 840 11827 XOR
2 1 11826 840 11828 XOR
2 1 11827 11826 11829 XOR
2 1 11827 11828 11830 AND
2 1 11826 11830 11831 XOR
2 1 11638 841 11832 XOR
2 1 11831 841 11833 XOR
2 1 11832 11831 11834 XOR
2 1 11832 11833 11835 AND
2 1 11831 11835 11836 XOR
2 1 11641 842 11837 XOR
2 1 11836 842 11838 XOR
2 1 11837 11836 11839 XOR
2 1 11837 11838 11840 AND
2 1 11836 11840 11841 XOR
2 1 11644 843 11842 XOR
2 1 11841 843 11843 XOR
2 1 11842 11841 11844 XOR
2 1 11842 11843 11845 AND
2 1 11841 11845 11846 XOR
2 1 11647 844 11847 XOR
2 1 11846 844 11848 XOR
2 1 11847 11846 11849 XOR
2 1 11847 11848 11850 AND
2 1 11846 11850 11851 XOR
2 1 11650 845 11852 XOR
2 1 11851 845 11853 XOR
2 1 11852 11851 11854 XOR
2 1 11852 11853 11855 AND
2 1 11851 11855 11856 XOR
2 1 11653 846 11857 XOR
2 1 11856 846 11858 XOR
2 1 11857 11856 11859 XOR
2 1 11857 11858 11860 AND
2 1 11856 11860 11861 XOR
2 1 11656 847 11862 XOR
2 1 11861 847 11863 XOR
2 1 11862 11861 11864 XOR
2 1 11862 11863 11865 AND
2 1 11861 11865 11866 XOR
2 1 11659 848 11867 XOR
2 1 11866 848 11868 XOR
2 1 11867 11866 11869 XOR
2 1 11867 11868 11870 AND
2 1 11866 11870 11871 XOR
2 1 11662 849 11872 XOR
2 1 11871 849 11873 XOR
2 1 11872 11871 11874 XOR
2 1 11872 11873 11875 AND
2 1 11871 11875 11876 XOR
2 1 11665 850 11877 XOR
2 1 11876 850 11878 XOR
2 1 11877 11876 11879 XOR
2 1 11877 11878 11880 AND
2 1 11876 11880 11881 XOR
2 1 11668 851 11882 XOR
2 1 11881 851 11883 XOR
2 1 11882 11881 11884 XOR
2 1 11882 11883 11885 AND
2 1 11881 11885 11886 XOR
2 1 11671 852 11887 XOR
2 1 11886 852 11888 XOR
2 1 11887 11886 11889 XOR
2 1 11887 11888 11890 AND
2 1 11886 11890 11891 XOR
2 1 11674 853 11892 XOR
2 1 11891 853 11893 XOR
2 1 11892 11891 11894 XOR
2 1 11892 11893 11895 AND
2 1 11891 11895 11896 XOR
2 1 11677 854 11897 XOR
2 1 11896 854 11898 XOR
2 1 11897 11896 11899 XOR
2 1 11897 11898 11900 AND
2 1 11896 11900 11901 XOR
2 1 11680 855 11902 XOR
2 1 11901 855 11903 XOR
2 1 11902 11901 11904 XOR
2 1 11902 11903 11905 AND
2 1 11901 11905 11906 XOR
2 1 11683 856 11907 XOR
2 1 11906 856 11908 XOR
2 1 11907 11906 11909 XOR
2 1 11907 11908 11910 AND
2 1 11906 11910 11911 XOR
2 1 11686 857 11912 XOR
2 1 11911 857 11913 XOR
2 1 11912 11911 11914 XOR
2 1 11912 11913 11915 AND
2 1 11911 11915 11916 XOR
2 1 11689 858 11917 XOR
2 1 11916 858 11918 XOR
2 1 11917 11916 11919 XOR
2 1 11917 11918 11920 AND
2 1 11916 11920 11921 XOR
2 1 11692 859 11922 XOR
2 1 11921 859 11923 XOR
2 1 11922 11921 11924 XOR
2 1 11922 11923 11925 AND
2 1 11921 11925 11926 XOR
2 1 11695 860 11927 XOR
2 1 11926 860 11928 XOR
2 1 11927 11926 11929 XOR
2 1 11927 11928 11930 AND
2 1 11926 11930 11931 XOR
2 1 11698 861 11932 XOR
2 1 11931 861 11933 XOR
2 1 11932 11931 11934 XOR
2 1 11932 11933 11935 AND
2 1 11931 11935 11936 XOR
2 1 11701 862 11937 XOR
2 1 11936 862 11938 XOR
2 1 11937 11936 11939 XOR
2 1 11937 11938 11940 AND
2 1 11936 11940 11941 XOR
2 1 11704 863 11942 XOR
2 1 11941 863 11943 XOR
2 1 11942 11941 11944 XOR
2 1 11942 11943 11945 AND
2 1 11941 11945 11946 XOR
2 1 11707 864 11947 XOR
2 1 11946 864 11948 XOR
2 1 11947 11946 11949 XOR
2 1 11947 11948 11950 AND
2 1 11946 11950 11951 XOR
2 1 11710 865 11952 XOR
2 1 11951 865 11953 XOR
2 1 11952 11951 11954 XOR
2 1 11952 11953 11955 AND
2 1 11951 11955 11956 XOR
2 1 11713 866 11957 XOR
2 1 11956 866 11958 XOR
2 1 11957 11956 11959 XOR
2 1 11957 11958 11960 AND
2 1 11956 11960 11961 XOR
2 1 11716 867 11962 XOR
2 1 11961 867 11963 XOR
2 1 11962 11961 11964 XOR
2 1 11962 11963 11965 AND
2 1 11961 11965 11966 XOR
2 1 11719 868 11967 XOR
2 1 11966 868 11968 XOR
2 1 11967 11966 11969 XOR
2 1 11967 11968 11970 AND
2 1 11966 11970 11971 XOR
2 1 11722 869 11972 XOR
2 1 11971 869 11973 XOR
2 1 11972 11971 11974 XOR
2 1 11972 11973 11975 AND
2 1 11971 11975 11976 XOR
2 1 11725 870 11977 XOR
2 1 11976 870 11978 XOR
2 1 11977 11976 11979 XOR
2 1 11977 11978 11980 AND
2 1 11976 11980 11981 XOR
2 1 11728 871 11982 XOR
2 1 11981 871 11983 XOR
2 1 11982 11981 11984 XOR
2 1 11982 11983 11985 AND
2 1 11981 11985 11986 XOR
2 1 11986 917 11987 AND
2 1 11986 917 11988 XOR
2 1 11988 11987 11989 XOR
2 1 454 11730 11990 XOR
2 1 11989 11990 11991 AND
2 1 11991 11730 11992 XOR
2 1 11578 11734 11993 XOR
2 1 11989 11993 11994 AND
2 1 11994 11734 11995 XOR
2 1 11581 11739 11996 XOR
2 1 11989 11996 11997 AND
2 1 11997 11739 11998 XOR
2 1 11584 11744 11999 XOR
2 1 11989 11999 12000 AND
2 1 12000 11744 12001 XOR
2 1 11587 11749 12002 XOR
2 1 11989 12002 12003 AND
2 1 12003 11749 12004 XOR
2 1 11590 11754 12005 XOR
2 1 11989 12005 12006 AND
2 1 12006 11754 12007 XOR
2 1 11593 11759 12008 XOR
2 1 11989 12008 12009 AND
2 1 12009 11759 12010 XOR
2 1 11596 11764 12011 XOR
2 1 11989 12011 12012 AND
2 1 12012 11764 12013 XOR
2 1 11599 11769 12014 XOR
2 1 11989 12014 12015 AND
2 1 12015 11769 12016 XOR
2 1 11602 11774 12017 XOR
2 1 11989 12017 12018 AND
2 1 12018 11774 12019 XOR
2 1 11605 11779 12020 XOR
2 1 11989 12020 12021 AND
2 1 12021 11779 12022 XOR
2 1 11608 11784 12023 XOR
2 1 11989 12023 12024 AND
2 1 12024 11784 12025 XOR
2 1 11611 11789 12026 XOR
2 1 11989 12026 12027 AND
2 1 12027 11789 12028 XOR
2 1 11614 11794 12029 XOR
2 1 11989 12029 12030 AND
2 1 12030 11794 12031 XOR
2 1 11617 11799 12032 XOR
2 1 11989 12032 12033 AND
2 1 12033 11799 12034 XOR
2 1 11620 11804 12035 XOR
2 1 11989 12035 12036 AND
2 1 12036 11804 12037 XOR
2 1 11623 11809 12038 XOR
2 1 11989 12038 12039 AND
2 1 12039 11809 12040 XOR
2 1 11626 11814 12041 XOR
2 1 11989 12041 12042 AND
2 1 12042 11814 12043 XOR
2 1 11629 11819 12044 XOR
2 1 11989 12044 12045 AND
2 1 12045 11819 12046 XOR
2 1 11632 11824 12047 XOR
2 1 11989 12047 12048 AND
2 1 12048 11824 12049 XOR
2 1 11635 11829 12050 XOR
2 1 11989 12050 12051 AND
2 1 12051 11829 12052 XOR
2 1 11638 11834 12053 XOR
2 1 11989 12053 12054 AND
2 1 12054 11834 12055 XOR
2 1 11641 11839 12056 XOR
2 1 11989 12056 12057 AND
2 1 12057 11839 12058 XOR
2 1 11644 11844 12059 XOR
2 1 11989 12059 12060 AND
2 1 12060 11844 12061 XOR
2 1 11647 11849 12062 XOR
2 1 11989 12062 12063 AND
2 1 12063 11849 12064 XOR
2 1 11650 11854 12065 XOR
2 1 11989 12065 12066 AND
2 1 12066 11854 12067 XOR
2 1 11653 11859 12068 XOR
2 1 11989 12068 12069 AND
2 1 12069 11859 12070 XOR
2 1 11656 11864 12071 XOR
2 1 11989 12071 12072 AND
2 1 12072 11864 12073 XOR
2 1 11659 11869 12074 XOR
2 1 11989 12074 12075 AND
2 1 12075 11869 12076 XOR
2 1 11662 11874 12077 XOR
2 1 11989 12077 12078 AND
2 1 12078 11874 12079 XOR
2 1 11665 11879 12080 XOR
2 1 11989 12080 12081 AND
2 1 12081 11879 12082 XOR
2 1 11668 11884 12083 XOR
2 1 11989 12083 12084 AND
2 1 12084 11884 12085 XOR
2 1 11671 11889 12086 XOR
2 1 11989 12086 12087 AND
2 1 12087 11889 12088 XOR
2 1 11674 11894 12089 XOR
2 1 11989 12089 12090 AND
2 1 12090 11894 12091 XOR
2 1 11677 11899 12092 XOR
2 1 11989 12092 12093 AND
2 1 12093 11899 12094 XOR
2 1 11680 11904 12095 XOR
2 1 11989 12095 12096 AND
2 1 12096 11904 12097 XOR
2 1 11683 11909 12098 XOR
2 1 11989 12098 12099 AND
2 1 12099 11909 12100 XOR
2 1 11686 11914 12101 XOR
2 1 11989 12101 12102 AND
2 1 12102 11914 12103 XOR
2 1 11689 11919 12104 XOR
2 1 11989 12104 12105 AND
2 1 12105 11919 12106 XOR
2 1 11692 11924 12107 XOR
2 1 11989 12107 12108 AND
2 1 12108 11924 12109 XOR
2 1 11695 11929 12110 XOR
2 1 11989 12110 12111 AND
2 1 12111 11929 12112 XOR
2 1 11698 11934 12113 XOR
2 1 11989 12113 12114 AND
2 1 12114 11934 12115 XOR
2 1 11701 11939 12116 XOR
2 1 11989 12116 12117 AND
2 1 12117 11939 12118 XOR
2 1 11704 11944 12119 XOR
2 1 11989 12119 12120 AND
2 1 12120 11944 12121 XOR
2 1 11707 11949 12122 XOR
2 1 11989 12122 12123 AND
2 1 12123 11949 12124 XOR
2 1 11710 11954 12125 XOR
2 1 11989 12125 12126 AND
2 1 12126 11954 12127 XOR
2 1 11713 11959 12128 XOR
2 1 11989 12128 12129 AND
2 1 12129 11959 12130 XOR
2 1 11716 11964 12131 XOR
2 1 11989 12131 12132 AND
2 1 12132 11964 12133 XOR
2 1 11719 11969 12134 XOR
2 1 11989 12134 12135 AND
2 1 12135 11969 12136 XOR
2 1 11722 11974 12137 XOR
2 1 11989 12137 12138 AND
2 1 12138 11974 12139 XOR
2 1 11725 11979 12140 XOR
2 1 11989 12140 12141 AND
2 1 12141 11979 12142 XOR
2 1 11728 11984 12143 XOR
2 1 11989 12143 12144 AND
2 1 12144 11984 12145 XOR
1 1 11989 12146 INV
2 1 453 820 12147 XOR
2 1 12147 820 12148 AND
2 1 11992 821 12149 XOR
2 1 12148 821 12150 XOR
2 1 12149 12148 12151 XOR
2 1 12149 12150 12152 AND
2 1 12148 12152 12153 XOR
2 1 11995 822 12154 XOR
2 1 12153 822 12155 XOR
2 1 12154 12153 12156 XOR
2 1 12154 12155 12157 AND
2 1 12153 12157 12158 XOR
2 1 11998 823 12159 XOR
2 1 12158 823 12160 XOR
2 1 12159 12158 12161 XOR
2 1 12159 12160 12162 AND
2 1 12158 12162 12163 XOR
2 1 12001 824 12164 XOR
2 1 12163 824 12165 XOR
2 1 12164 12163 12166 XOR
2 1 12164 12165 12167 AND
2 1 12163 12167 12168 XOR
2 1 12004 825 12169 XOR
2 1 12168 825 12170 XOR
2 1 12169 12168 12171 XOR
2 1 12169 12170 12172 AND
2 1 12168 12172 12173 XOR
2 1 12007 826 12174 XOR
2 1 12173 826 12175 XOR
2 1 12174 12173 12176 XOR
2 1 12174 12175 12177 AND
2 1 12173 12177 12178 XOR
2 1 12010 827 12179 XOR
2 1 12178 827 12180 XOR
2 1 12179 12178 12181 XOR
2 1 12179 12180 12182 AND
2 1 12178 12182 12183 XOR
2 1 12013 828 12184 XOR
2 1 12183 828 12185 XOR
2 1 12184 12183 12186 XOR
2 1 12184 12185 12187 AND
2 1 12183 12187 12188 XOR
2 1 12016 829 12189 XOR
2 1 12188 829 12190 XOR
2 1 12189 12188 12191 XOR
2 1 12189 12190 12192 AND
2 1 12188 12192 12193 XOR
2 1 12019 830 12194 XOR
2 1 12193 830 12195 XOR
2 1 12194 12193 12196 XOR
2 1 12194 12195 12197 AND
2 1 12193 12197 12198 XOR
2 1 12022 831 12199 XOR
2 1 12198 831 12200 XOR
2 1 12199 12198 12201 XOR
2 1 12199 12200 12202 AND
2 1 12198 12202 12203 XOR
2 1 12025 832 12204 XOR
2 1 12203 832 12205 XOR
2 1 12204 12203 12206 XOR
2 1 12204 12205 12207 AND
2 1 12203 12207 12208 XOR
2 1 12028 833 12209 XOR
2 1 12208 833 12210 XOR
2 1 12209 12208 12211 XOR
2 1 12209 12210 12212 AND
2 1 12208 12212 12213 XOR
2 1 12031 834 12214 XOR
2 1 12213 834 12215 XOR
2 1 12214 12213 12216 XOR
2 1 12214 12215 12217 AND
2 1 12213 12217 12218 XOR
2 1 12034 835 12219 XOR
2 1 12218 835 12220 XOR
2 1 12219 12218 12221 XOR
2 1 12219 12220 12222 AND
2 1 12218 12222 12223 XOR
2 1 12037 836 12224 XOR
2 1 12223 836 12225 XOR
2 1 12224 12223 12226 XOR
2 1 12224 12225 12227 AND
2 1 12223 12227 12228 XOR
2 1 12040 837 12229 XOR
2 1 12228 837 12230 XOR
2 1 12229 12228 12231 XOR
2 1 12229 12230 12232 AND
2 1 12228 12232 12233 XOR
2 1 12043 838 12234 XOR
2 1 12233 838 12235 XOR
2 1 12234 12233 12236 XOR
2 1 12234 12235 12237 AND
2 1 12233 12237 12238 XOR
2 1 12046 839 12239 XOR
2 1 12238 839 12240 XOR
2 1 12239 12238 12241 XOR
2 1 12239 12240 12242 AND
2 1 12238 12242 12243 XOR
2 1 12049 840 12244 XOR
2 1 12243 840 12245 XOR
2 1 12244 12243 12246 XOR
2 1 12244 12245 12247 AND
2 1 12243 12247 12248 XOR
2 1 12052 841 12249 XOR
2 1 12248 841 12250 XOR
2 1 12249 12248 12251 XOR
2 1 12249 12250 12252 AND
2 1 12248 12252 12253 XOR
2 1 12055 842 12254 XOR
2 1 12253 842 12255 XOR
2 1 12254 12253 12256 XOR
2 1 12254 12255 12257 AND
2 1 12253 12257 12258 XOR
2 1 12058 843 12259 XOR
2 1 12258 843 12260 XOR
2 1 12259 12258 12261 XOR
2 1 12259 12260 12262 AND
2 1 12258 12262 12263 XOR
2 1 12061 844 12264 XOR
2 1 12263 844 12265 XOR
2 1 12264 12263 12266 XOR
2 1 12264 12265 12267 AND
2 1 12263 12267 12268 XOR
2 1 12064 845 12269 XOR
2 1 12268 845 12270 XOR
2 1 12269 12268 12271 XOR
2 1 12269 12270 12272 AND
2 1 12268 12272 12273 XOR
2 1 12067 846 12274 XOR
2 1 12273 846 12275 XOR
2 1 12274 12273 12276 XOR
2 1 12274 12275 12277 AND
2 1 12273 12277 12278 XOR
2 1 12070 847 12279 XOR
2 1 12278 847 12280 XOR
2 1 12279 12278 12281 XOR
2 1 12279 12280 12282 AND
2 1 12278 12282 12283 XOR
2 1 12073 848 12284 XOR
2 1 12283 848 12285 XOR
2 1 12284 12283 12286 XOR
2 1 12284 12285 12287 AND
2 1 12283 12287 12288 XOR
2 1 12076 849 12289 XOR
2 1 12288 849 12290 XOR
2 1 12289 12288 12291 XOR
2 1 12289 12290 12292 AND
2 1 12288 12292 12293 XOR
2 1 12079 850 12294 XOR
2 1 12293 850 12295 XOR
2 1 12294 12293 12296 XOR
2 1 12294 12295 12297 AND
2 1 12293 12297 12298 XOR
2 1 12082 851 12299 XOR
2 1 12298 851 12300 XOR
2 1 12299 12298 12301 XOR
2 1 12299 12300 12302 AND
2 1 12298 12302 12303 XOR
2 1 12085 852 12304 XOR
2 1 12303 852 12305 XOR
2 1 12304 12303 12306 XOR
2 1 12304 12305 12307 AND
2 1 12303 12307 12308 XOR
2 1 12088 853 12309 XOR
2 1 12308 853 12310 XOR
2 1 12309 12308 12311 XOR
2 1 12309 12310 12312 AND
2 1 12308 12312 12313 XOR
2 1 12091 854 12314 XOR
2 1 12313 854 12315 XOR
2 1 12314 12313 12316 XOR
2 1 12314 12315 12317 AND
2 1 12313 12317 12318 XOR
2 1 12094 855 12319 XOR
2 1 12318 855 12320 XOR
2 1 12319 12318 12321 XOR
2 1 12319 12320 12322 AND
2 1 12318 12322 12323 XOR
2 1 12097 856 12324 XOR
2 1 12323 856 12325 XOR
2 1 12324 12323 12326 XOR
2 1 12324 12325 12327 AND
2 1 12323 12327 12328 XOR
2 1 12100 857 12329 XOR
2 1 12328 857 12330 XOR
2 1 12329 12328 12331 XOR
2 1 12329 12330 12332 AND
2 1 12328 12332 12333 XOR
2 1 12103 858 12334 XOR
2 1 12333 858 12335 XOR
2 1 12334 12333 12336 XOR
2 1 12334 12335 12337 AND
2 1 12333 12337 12338 XOR
2 1 12106 859 12339 XOR
2 1 12338 859 12340 XOR
2 1 12339 12338 12341 XOR
2 1 12339 12340 12342 AND
2 1 12338 12342 12343 XOR
2 1 12109 860 12344 XOR
2 1 12343 860 12345 XOR
2 1 12344 12343 12346 XOR
2 1 12344 12345 12347 AND
2 1 12343 12347 12348 XOR
2 1 12112 861 12349 XOR
2 1 12348 861 12350 XOR
2 1 12349 12348 12351 XOR
2 1 12349 12350 12352 AND
2 1 12348 12352 12353 XOR
2 1 12115 862 12354 XOR
2 1 12353 862 12355 XOR
2 1 12354 12353 12356 XOR
2 1 12354 12355 12357 AND
2 1 12353 12357 12358 XOR
2 1 12118 863 12359 XOR
2 1 12358 863 12360 XOR
2 1 12359 12358 12361 XOR
2 1 12359 12360 12362 AND
2 1 12358 12362 12363 XOR
2 1 12121 864 12364 XOR
2 1 12363 864 12365 XOR
2 1 12364 12363 12366 XOR
2 1 12364 12365 12367 AND
2 1 12363 12367 12368 XOR
2 1 12124 865 12369 XOR
2 1 12368 865 12370 XOR
2 1 12369 12368 12371 XOR
2 1 12369 12370 12372 AND
2 1 12368 12372 12373 XOR
2 1 12127 866 12374 XOR
2 1 12373 866 12375 XOR
2 1 12374 12373 12376 XOR
2 1 12374 12375 12377 AND
2 1 12373 12377 12378 XOR
2 1 12130 867 12379 XOR
2 1 12378 867 12380 XOR
2 1 12379 12378 12381 XOR
2 1 12379 12380 12382 AND
2 1 12378 12382 12383 XOR
2 1 12133 868 12384 XOR
2 1 12383 868 12385 XOR
2 1 12384 12383 12386 XOR
2 1 12384 12385 12387 AND
2 1 12383 12387 12388 XOR
2 1 12136 869 12389 XOR
2 1 12388 869 12390 XOR
2 1 12389 12388 12391 XOR
2 1 12389 12390 12392 AND
2 1 12388 12392 12393 XOR
2 1 12139 870 12394 XOR
2 1 12393 870 12395 XOR
2 1 12394 12393 12396 XOR
2 1 12394 12395 12397 AND
2 1 12393 12397 12398 XOR
2 1 12142 871 12399 XOR
2 1 12398 871 12400 XOR
2 1 12399 12398 12401 XOR
2 1 12399 12400 12402 AND
2 1 12398 12402 12403 XOR
2 1 12145 872 12404 XOR
2 1 12403 872 12405 XOR
2 1 12404 12403 12406 XOR
2 1 12404 12405 12407 AND
2 1 12403 12407 12408 XOR
2 1 12408 914 12409 AND
2 1 12408 914 12410 XOR
2 1 12410 12409 12411 XOR
2 1 453 12147 12412 XOR
2 1 12411 12412 12413 AND
2 1 12413 12147 12414 XOR
2 1 11992 12151 12415 XOR
2 1 12411 12415 12416 AND
2 1 12416 12151 12417 XOR
2 1 11995 12156 12418 XOR
2 1 12411 12418 12419 AND
2 1 12419 12156 12420 XOR
2 1 11998 12161 12421 XOR
2 1 12411 12421 12422 AND
2 1 12422 12161 12423 XOR
2 1 12001 12166 12424 XOR
2 1 12411 12424 12425 AND
2 1 12425 12166 12426 XOR
2 1 12004 12171 12427 XOR
2 1 12411 12427 12428 AND
2 1 12428 12171 12429 XOR
2 1 12007 12176 12430 XOR
2 1 12411 12430 12431 AND
2 1 12431 12176 12432 XOR
2 1 12010 12181 12433 XOR
2 1 12411 12433 12434 AND
2 1 12434 12181 12435 XOR
2 1 12013 12186 12436 XOR
2 1 12411 12436 12437 AND
2 1 12437 12186 12438 XOR
2 1 12016 12191 12439 XOR
2 1 12411 12439 12440 AND
2 1 12440 12191 12441 XOR
2 1 12019 12196 12442 XOR
2 1 12411 12442 12443 AND
2 1 12443 12196 12444 XOR
2 1 12022 12201 12445 XOR
2 1 12411 12445 12446 AND
2 1 12446 12201 12447 XOR
2 1 12025 12206 12448 XOR
2 1 12411 12448 12449 AND
2 1 12449 12206 12450 XOR
2 1 12028 12211 12451 XOR
2 1 12411 12451 12452 AND
2 1 12452 12211 12453 XOR
2 1 12031 12216 12454 XOR
2 1 12411 12454 12455 AND
2 1 12455 12216 12456 XOR
2 1 12034 12221 12457 XOR
2 1 12411 12457 12458 AND
2 1 12458 12221 12459 XOR
2 1 12037 12226 12460 XOR
2 1 12411 12460 12461 AND
2 1 12461 12226 12462 XOR
2 1 12040 12231 12463 XOR
2 1 12411 12463 12464 AND
2 1 12464 12231 12465 XOR
2 1 12043 12236 12466 XOR
2 1 12411 12466 12467 AND
2 1 12467 12236 12468 XOR
2 1 12046 12241 12469 XOR
2 1 12411 12469 12470 AND
2 1 12470 12241 12471 XOR
2 1 12049 12246 12472 XOR
2 1 12411 12472 12473 AND
2 1 12473 12246 12474 XOR
2 1 12052 12251 12475 XOR
2 1 12411 12475 12476 AND
2 1 12476 12251 12477 XOR
2 1 12055 12256 12478 XOR
2 1 12411 12478 12479 AND
2 1 12479 12256 12480 XOR
2 1 12058 12261 12481 XOR
2 1 12411 12481 12482 AND
2 1 12482 12261 12483 XOR
2 1 12061 12266 12484 XOR
2 1 12411 12484 12485 AND
2 1 12485 12266 12486 XOR
2 1 12064 12271 12487 XOR
2 1 12411 12487 12488 AND
2 1 12488 12271 12489 XOR
2 1 12067 12276 12490 XOR
2 1 12411 12490 12491 AND
2 1 12491 12276 12492 XOR
2 1 12070 12281 12493 XOR
2 1 12411 12493 12494 AND
2 1 12494 12281 12495 XOR
2 1 12073 12286 12496 XOR
2 1 12411 12496 12497 AND
2 1 12497 12286 12498 XOR
2 1 12076 12291 12499 XOR
2 1 12411 12499 12500 AND
2 1 12500 12291 12501 XOR
2 1 12079 12296 12502 XOR
2 1 12411 12502 12503 AND
2 1 12503 12296 12504 XOR
2 1 12082 12301 12505 XOR
2 1 12411 12505 12506 AND
2 1 12506 12301 12507 XOR
2 1 12085 12306 12508 XOR
2 1 12411 12508 12509 AND
2 1 12509 12306 12510 XOR
2 1 12088 12311 12511 XOR
2 1 12411 12511 12512 AND
2 1 12512 12311 12513 XOR
2 1 12091 12316 12514 XOR
2 1 12411 12514 12515 AND
2 1 12515 12316 12516 XOR
2 1 12094 12321 12517 XOR
2 1 12411 12517 12518 AND
2 1 12518 12321 12519 XOR
2 1 12097 12326 12520 XOR
2 1 12411 12520 12521 AND
2 1 12521 12326 12522 XOR
2 1 12100 12331 12523 XOR
2 1 12411 12523 12524 AND
2 1 12524 12331 12525 XOR
2 1 12103 12336 12526 XOR
2 1 12411 12526 12527 AND
2 1 12527 12336 12528 XOR
2 1 12106 12341 12529 XOR
2 1 12411 12529 12530 AND
2 1 12530 12341 12531 XOR
2 1 12109 12346 12532 XOR
2 1 12411 12532 12533 AND
2 1 12533 12346 12534 XOR
2 1 12112 12351 12535 XOR
2 1 12411 12535 12536 AND
2 1 12536 12351 12537 XOR
2 1 12115 12356 12538 XOR
2 1 12411 12538 12539 AND
2 1 12539 12356 12540 XOR
2 1 12118 12361 12541 XOR
2 1 12411 12541 12542 AND
2 1 12542 12361 12543 XOR
2 1 12121 12366 12544 XOR
2 1 12411 12544 12545 AND
2 1 12545 12366 12546 XOR
2 1 12124 12371 12547 XOR
2 1 12411 12547 12548 AND
2 1 12548 12371 12549 XOR
2 1 12127 12376 12550 XOR
2 1 12411 12550 12551 AND
2 1 12551 12376 12552 XOR
2 1 12130 12381 12553 XOR
2 1 12411 12553 12554 AND
2 1 12554 12381 12555 XOR
2 1 12133 12386 12556 XOR
2 1 12411 12556 12557 AND
2 1 12557 12386 12558 XOR
2 1 12136 12391 12559 XOR
2 1 12411 12559 12560 AND
2 1 12560 12391 12561 XOR
2 1 12139 12396 12562 XOR
2 1 12411 12562 12563 AND
2 1 12563 12396 12564 XOR
2 1 12142 12401 12565 XOR
2 1 12411 12565 12566 AND
2 1 12566 12401 12567 XOR
2 1 12145 12406 12568 XOR
2 1 12411 12568 12569 AND
2 1 12569 12406 12570 XOR
1 1 12411 12571 INV
2 1 452 820 12572 XOR
2 1 12572 820 12573 AND
2 1 12414 821 12574 XOR
2 1 12573 821 12575 XOR
2 1 12574 12573 12576 XOR
2 1 12574 12575 12577 AND
2 1 12573 12577 12578 XOR
2 1 12417 822 12579 XOR
2 1 12578 822 12580 XOR
2 1 12579 12578 12581 XOR
2 1 12579 12580 12582 AND
2 1 12578 12582 12583 XOR
2 1 12420 823 12584 XOR
2 1 12583 823 12585 XOR
2 1 12584 12583 12586 XOR
2 1 12584 12585 12587 AND
2 1 12583 12587 12588 XOR
2 1 12423 824 12589 XOR
2 1 12588 824 12590 XOR
2 1 12589 12588 12591 XOR
2 1 12589 12590 12592 AND
2 1 12588 12592 12593 XOR
2 1 12426 825 12594 XOR
2 1 12593 825 12595 XOR
2 1 12594 12593 12596 XOR
2 1 12594 12595 12597 AND
2 1 12593 12597 12598 XOR
2 1 12429 826 12599 XOR
2 1 12598 826 12600 XOR
2 1 12599 12598 12601 XOR
2 1 12599 12600 12602 AND
2 1 12598 12602 12603 XOR
2 1 12432 827 12604 XOR
2 1 12603 827 12605 XOR
2 1 12604 12603 12606 XOR
2 1 12604 12605 12607 AND
2 1 12603 12607 12608 XOR
2 1 12435 828 12609 XOR
2 1 12608 828 12610 XOR
2 1 12609 12608 12611 XOR
2 1 12609 12610 12612 AND
2 1 12608 12612 12613 XOR
2 1 12438 829 12614 XOR
2 1 12613 829 12615 XOR
2 1 12614 12613 12616 XOR
2 1 12614 12615 12617 AND
2 1 12613 12617 12618 XOR
2 1 12441 830 12619 XOR
2 1 12618 830 12620 XOR
2 1 12619 12618 12621 XOR
2 1 12619 12620 12622 AND
2 1 12618 12622 12623 XOR
2 1 12444 831 12624 XOR
2 1 12623 831 12625 XOR
2 1 12624 12623 12626 XOR
2 1 12624 12625 12627 AND
2 1 12623 12627 12628 XOR
2 1 12447 832 12629 XOR
2 1 12628 832 12630 XOR
2 1 12629 12628 12631 XOR
2 1 12629 12630 12632 AND
2 1 12628 12632 12633 XOR
2 1 12450 833 12634 XOR
2 1 12633 833 12635 XOR
2 1 12634 12633 12636 XOR
2 1 12634 12635 12637 AND
2 1 12633 12637 12638 XOR
2 1 12453 834 12639 XOR
2 1 12638 834 12640 XOR
2 1 12639 12638 12641 XOR
2 1 12639 12640 12642 AND
2 1 12638 12642 12643 XOR
2 1 12456 835 12644 XOR
2 1 12643 835 12645 XOR
2 1 12644 12643 12646 XOR
2 1 12644 12645 12647 AND
2 1 12643 12647 12648 XOR
2 1 12459 836 12649 XOR
2 1 12648 836 12650 XOR
2 1 12649 12648 12651 XOR
2 1 12649 12650 12652 AND
2 1 12648 12652 12653 XOR
2 1 12462 837 12654 XOR
2 1 12653 837 12655 XOR
2 1 12654 12653 12656 XOR
2 1 12654 12655 12657 AND
2 1 12653 12657 12658 XOR
2 1 12465 838 12659 XOR
2 1 12658 838 12660 XOR
2 1 12659 12658 12661 XOR
2 1 12659 12660 12662 AND
2 1 12658 12662 12663 XOR
2 1 12468 839 12664 XOR
2 1 12663 839 12665 XOR
2 1 12664 12663 12666 XOR
2 1 12664 12665 12667 AND
2 1 12663 12667 12668 XOR
2 1 12471 840 12669 XOR
2 1 12668 840 12670 XOR
2 1 12669 12668 12671 XOR
2 1 12669 12670 12672 AND
2 1 12668 12672 12673 XOR
2 1 12474 841 12674 XOR
2 1 12673 841 12675 XOR
2 1 12674 12673 12676 XOR
2 1 12674 12675 12677 AND
2 1 12673 12677 12678 XOR
2 1 12477 842 12679 XOR
2 1 12678 842 12680 XOR
2 1 12679 12678 12681 XOR
2 1 12679 12680 12682 AND
2 1 12678 12682 12683 XOR
2 1 12480 843 12684 XOR
2 1 12683 843 12685 XOR
2 1 12684 12683 12686 XOR
2 1 12684 12685 12687 AND
2 1 12683 12687 12688 XOR
2 1 12483 844 12689 XOR
2 1 12688 844 12690 XOR
2 1 12689 12688 12691 XOR
2 1 12689 12690 12692 AND
2 1 12688 12692 12693 XOR
2 1 12486 845 12694 XOR
2 1 12693 845 12695 XOR
2 1 12694 12693 12696 XOR
2 1 12694 12695 12697 AND
2 1 12693 12697 12698 XOR
2 1 12489 846 12699 XOR
2 1 12698 846 12700 XOR
2 1 12699 12698 12701 XOR
2 1 12699 12700 12702 AND
2 1 12698 12702 12703 XOR
2 1 12492 847 12704 XOR
2 1 12703 847 12705 XOR
2 1 12704 12703 12706 XOR
2 1 12704 12705 12707 AND
2 1 12703 12707 12708 XOR
2 1 12495 848 12709 XOR
2 1 12708 848 12710 XOR
2 1 12709 12708 12711 XOR
2 1 12709 12710 12712 AND
2 1 12708 12712 12713 XOR
2 1 12498 849 12714 XOR
2 1 12713 849 12715 XOR
2 1 12714 12713 12716 XOR
2 1 12714 12715 12717 AND
2 1 12713 12717 12718 XOR
2 1 12501 850 12719 XOR
2 1 12718 850 12720 XOR
2 1 12719 12718 12721 XOR
2 1 12719 12720 12722 AND
2 1 12718 12722 12723 XOR
2 1 12504 851 12724 XOR
2 1 12723 851 12725 XOR
2 1 12724 12723 12726 XOR
2 1 12724 12725 12727 AND
2 1 12723 12727 12728 XOR
2 1 12507 852 12729 XOR
2 1 12728 852 12730 XOR
2 1 12729 12728 12731 XOR
2 1 12729 12730 12732 AND
2 1 12728 12732 12733 XOR
2 1 12510 853 12734 XOR
2 1 12733 853 12735 XOR
2 1 12734 12733 12736 XOR
2 1 12734 12735 12737 AND
2 1 12733 12737 12738 XOR
2 1 12513 854 12739 XOR
2 1 12738 854 12740 XOR
2 1 12739 12738 12741 XOR
2 1 12739 12740 12742 AND
2 1 12738 12742 12743 XOR
2 1 12516 855 12744 XOR
2 1 12743 855 12745 XOR
2 1 12744 12743 12746 XOR
2 1 12744 12745 12747 AND
2 1 12743 12747 12748 XOR
2 1 12519 856 12749 XOR
2 1 12748 856 12750 XOR
2 1 12749 12748 12751 XOR
2 1 12749 12750 12752 AND
2 1 12748 12752 12753 XOR
2 1 12522 857 12754 XOR
2 1 12753 857 12755 XOR
2 1 12754 12753 12756 XOR
2 1 12754 12755 12757 AND
2 1 12753 12757 12758 XOR
2 1 12525 858 12759 XOR
2 1 12758 858 12760 XOR
2 1 12759 12758 12761 XOR
2 1 12759 12760 12762 AND
2 1 12758 12762 12763 XOR
2 1 12528 859 12764 XOR
2 1 12763 859 12765 XOR
2 1 12764 12763 12766 XOR
2 1 12764 12765 12767 AND
2 1 12763 12767 12768 XOR
2 1 12531 860 12769 XOR
2 1 12768 860 12770 XOR
2 1 12769 12768 12771 XOR
2 1 12769 12770 12772 AND
2 1 12768 12772 12773 XOR
2 1 12534 861 12774 XOR
2 1 12773 861 12775 XOR
2 1 12774 12773 12776 XOR
2 1 12774 12775 12777 AND
2 1 12773 12777 12778 XOR
2 1 12537 862 12779 XOR
2 1 12778 862 12780 XOR
2 1 12779 12778 12781 XOR
2 1 12779 12780 12782 AND
2 1 12778 12782 12783 XOR
2 1 12540 863 12784 XOR
2 1 12783 863 12785 XOR
2 1 12784 12783 12786 XOR
2 1 12784 12785 12787 AND
2 1 12783 12787 12788 XOR
2 1 12543 864 12789 XOR
2 1 12788 864 12790 XOR
2 1 12789 12788 12791 XOR
2 1 12789 12790 12792 AND
2 1 12788 12792 12793 XOR
2 1 12546 865 12794 XOR
2 1 12793 865 12795 XOR
2 1 12794 12793 12796 XOR
2 1 12794 12795 12797 AND
2 1 12793 12797 12798 XOR
2 1 12549 866 12799 XOR
2 1 12798 866 12800 XOR
2 1 12799 12798 12801 XOR
2 1 12799 12800 12802 AND
2 1 12798 12802 12803 XOR
2 1 12552 867 12804 XOR
2 1 12803 867 12805 XOR
2 1 12804 12803 12806 XOR
2 1 12804 12805 12807 AND
2 1 12803 12807 12808 XOR
2 1 12555 868 12809 XOR
2 1 12808 868 12810 XOR
2 1 12809 12808 12811 XOR
2 1 12809 12810 12812 AND
2 1 12808 12812 12813 XOR
2 1 12558 869 12814 XOR
2 1 12813 869 12815 XOR
2 1 12814 12813 12816 XOR
2 1 12814 12815 12817 AND
2 1 12813 12817 12818 XOR
2 1 12561 870 12819 XOR
2 1 12818 870 12820 XOR
2 1 12819 12818 12821 XOR
2 1 12819 12820 12822 AND
2 1 12818 12822 12823 XOR
2 1 12564 871 12824 XOR
2 1 12823 871 12825 XOR
2 1 12824 12823 12826 XOR
2 1 12824 12825 12827 AND
2 1 12823 12827 12828 XOR
2 1 12567 872 12829 XOR
2 1 12828 872 12830 XOR
2 1 12829 12828 12831 XOR
2 1 12829 12830 12832 AND
2 1 12828 12832 12833 XOR
2 1 12570 873 12834 XOR
2 1 12833 873 12835 XOR
2 1 12834 12833 12836 XOR
2 1 12834 12835 12837 AND
2 1 12833 12837 12838 XOR
2 1 12838 911 12839 AND
2 1 12838 911 12840 XOR
2 1 12840 12839 12841 XOR
2 1 452 12572 12842 XOR
2 1 12841 12842 12843 AND
2 1 12843 12572 12844 XOR
2 1 12414 12576 12845 XOR
2 1 12841 12845 12846 AND
2 1 12846 12576 12847 XOR
2 1 12417 12581 12848 XOR
2 1 12841 12848 12849 AND
2 1 12849 12581 12850 XOR
2 1 12420 12586 12851 XOR
2 1 12841 12851 12852 AND
2 1 12852 12586 12853 XOR
2 1 12423 12591 12854 XOR
2 1 12841 12854 12855 AND
2 1 12855 12591 12856 XOR
2 1 12426 12596 12857 XOR
2 1 12841 12857 12858 AND
2 1 12858 12596 12859 XOR
2 1 12429 12601 12860 XOR
2 1 12841 12860 12861 AND
2 1 12861 12601 12862 XOR
2 1 12432 12606 12863 XOR
2 1 12841 12863 12864 AND
2 1 12864 12606 12865 XOR
2 1 12435 12611 12866 XOR
2 1 12841 12866 12867 AND
2 1 12867 12611 12868 XOR
2 1 12438 12616 12869 XOR
2 1 12841 12869 12870 AND
2 1 12870 12616 12871 XOR
2 1 12441 12621 12872 XOR
2 1 12841 12872 12873 AND
2 1 12873 12621 12874 XOR
2 1 12444 12626 12875 XOR
2 1 12841 12875 12876 AND
2 1 12876 12626 12877 XOR
2 1 12447 12631 12878 XOR
2 1 12841 12878 12879 AND
2 1 12879 12631 12880 XOR
2 1 12450 12636 12881 XOR
2 1 12841 12881 12882 AND
2 1 12882 12636 12883 XOR
2 1 12453 12641 12884 XOR
2 1 12841 12884 12885 AND
2 1 12885 12641 12886 XOR
2 1 12456 12646 12887 XOR
2 1 12841 12887 12888 AND
2 1 12888 12646 12889 XOR
2 1 12459 12651 12890 XOR
2 1 12841 12890 12891 AND
2 1 12891 12651 12892 XOR
2 1 12462 12656 12893 XOR
2 1 12841 12893 12894 AND
2 1 12894 12656 12895 XOR
2 1 12465 12661 12896 XOR
2 1 12841 12896 12897 AND
2 1 12897 12661 12898 XOR
2 1 12468 12666 12899 XOR
2 1 12841 12899 12900 AND
2 1 12900 12666 12901 XOR
2 1 12471 12671 12902 XOR
2 1 12841 12902 12903 AND
2 1 12903 12671 12904 XOR
2 1 12474 12676 12905 XOR
2 1 12841 12905 12906 AND
2 1 12906 12676 12907 XOR
2 1 12477 12681 12908 XOR
2 1 12841 12908 12909 AND
2 1 12909 12681 12910 XOR
2 1 12480 12686 12911 XOR
2 1 12841 12911 12912 AND
2 1 12912 12686 12913 XOR
2 1 12483 12691 12914 XOR
2 1 12841 12914 12915 AND
2 1 12915 12691 12916 XOR
2 1 12486 12696 12917 XOR
2 1 12841 12917 12918 AND
2 1 12918 12696 12919 XOR
2 1 12489 12701 12920 XOR
2 1 12841 12920 12921 AND
2 1 12921 12701 12922 XOR
2 1 12492 12706 12923 XOR
2 1 12841 12923 12924 AND
2 1 12924 12706 12925 XOR
2 1 12495 12711 12926 XOR
2 1 12841 12926 12927 AND
2 1 12927 12711 12928 XOR
2 1 12498 12716 12929 XOR
2 1 12841 12929 12930 AND
2 1 12930 12716 12931 XOR
2 1 12501 12721 12932 XOR
2 1 12841 12932 12933 AND
2 1 12933 12721 12934 XOR
2 1 12504 12726 12935 XOR
2 1 12841 12935 12936 AND
2 1 12936 12726 12937 XOR
2 1 12507 12731 12938 XOR
2 1 12841 12938 12939 AND
2 1 12939 12731 12940 XOR
2 1 12510 12736 12941 XOR
2 1 12841 12941 12942 AND
2 1 12942 12736 12943 XOR
2 1 12513 12741 12944 XOR
2 1 12841 12944 12945 AND
2 1 12945 12741 12946 XOR
2 1 12516 12746 12947 XOR
2 1 12841 12947 12948 AND
2 1 12948 12746 12949 XOR
2 1 12519 12751 12950 XOR
2 1 12841 12950 12951 AND
2 1 12951 12751 12952 XOR
2 1 12522 12756 12953 XOR
2 1 12841 12953 12954 AND
2 1 12954 12756 12955 XOR
2 1 12525 12761 12956 XOR
2 1 12841 12956 12957 AND
2 1 12957 12761 12958 XOR
2 1 12528 12766 12959 XOR
2 1 12841 12959 12960 AND
2 1 12960 12766 12961 XOR
2 1 12531 12771 12962 XOR
2 1 12841 12962 12963 AND
2 1 12963 12771 12964 XOR
2 1 12534 12776 12965 XOR
2 1 12841 12965 12966 AND
2 1 12966 12776 12967 XOR
2 1 12537 12781 12968 XOR
2 1 12841 12968 12969 AND
2 1 12969 12781 12970 XOR
2 1 12540 12786 12971 XOR
2 1 12841 12971 12972 AND
2 1 12972 12786 12973 XOR
2 1 12543 12791 12974 XOR
2 1 12841 12974 12975 AND
2 1 12975 12791 12976 XOR
2 1 12546 12796 12977 XOR
2 1 12841 12977 12978 AND
2 1 12978 12796 12979 XOR
2 1 12549 12801 12980 XOR
2 1 12841 12980 12981 AND
2 1 12981 12801 12982 XOR
2 1 12552 12806 12983 XOR
2 1 12841 12983 12984 AND
2 1 12984 12806 12985 XOR
2 1 12555 12811 12986 XOR
2 1 12841 12986 12987 AND
2 1 12987 12811 12988 XOR
2 1 12558 12816 12989 XOR
2 1 12841 12989 12990 AND
2 1 12990 12816 12991 XOR
2 1 12561 12821 12992 XOR
2 1 12841 12992 12993 AND
2 1 12993 12821 12994 XOR
2 1 12564 12826 12995 XOR
2 1 12841 12995 12996 AND
2 1 12996 12826 12997 XOR
2 1 12567 12831 12998 XOR
2 1 12841 12998 12999 AND
2 1 12999 12831 13000 XOR
2 1 12570 12836 13001 XOR
2 1 12841 13001 13002 AND
2 1 13002 12836 13003 XOR
1 1 12841 13004 INV
2 1 451 820 13005 XOR
2 1 13005 820 13006 AND
2 1 12844 821 13007 XOR
2 1 13006 821 13008 XOR
2 1 13007 13006 13009 XOR
2 1 13007 13008 13010 AND
2 1 13006 13010 13011 XOR
2 1 12847 822 13012 XOR
2 1 13011 822 13013 XOR
2 1 13012 13011 13014 XOR
2 1 13012 13013 13015 AND
2 1 13011 13015 13016 XOR
2 1 12850 823 13017 XOR
2 1 13016 823 13018 XOR
2 1 13017 13016 13019 XOR
2 1 13017 13018 13020 AND
2 1 13016 13020 13021 XOR
2 1 12853 824 13022 XOR
2 1 13021 824 13023 XOR
2 1 13022 13021 13024 XOR
2 1 13022 13023 13025 AND
2 1 13021 13025 13026 XOR
2 1 12856 825 13027 XOR
2 1 13026 825 13028 XOR
2 1 13027 13026 13029 XOR
2 1 13027 13028 13030 AND
2 1 13026 13030 13031 XOR
2 1 12859 826 13032 XOR
2 1 13031 826 13033 XOR
2 1 13032 13031 13034 XOR
2 1 13032 13033 13035 AND
2 1 13031 13035 13036 XOR
2 1 12862 827 13037 XOR
2 1 13036 827 13038 XOR
2 1 13037 13036 13039 XOR
2 1 13037 13038 13040 AND
2 1 13036 13040 13041 XOR
2 1 12865 828 13042 XOR
2 1 13041 828 13043 XOR
2 1 13042 13041 13044 XOR
2 1 13042 13043 13045 AND
2 1 13041 13045 13046 XOR
2 1 12868 829 13047 XOR
2 1 13046 829 13048 XOR
2 1 13047 13046 13049 XOR
2 1 13047 13048 13050 AND
2 1 13046 13050 13051 XOR
2 1 12871 830 13052 XOR
2 1 13051 830 13053 XOR
2 1 13052 13051 13054 XOR
2 1 13052 13053 13055 AND
2 1 13051 13055 13056 XOR
2 1 12874 831 13057 XOR
2 1 13056 831 13058 XOR
2 1 13057 13056 13059 XOR
2 1 13057 13058 13060 AND
2 1 13056 13060 13061 XOR
2 1 12877 832 13062 XOR
2 1 13061 832 13063 XOR
2 1 13062 13061 13064 XOR
2 1 13062 13063 13065 AND
2 1 13061 13065 13066 XOR
2 1 12880 833 13067 XOR
2 1 13066 833 13068 XOR
2 1 13067 13066 13069 XOR
2 1 13067 13068 13070 AND
2 1 13066 13070 13071 XOR
2 1 12883 834 13072 XOR
2 1 13071 834 13073 XOR
2 1 13072 13071 13074 XOR
2 1 13072 13073 13075 AND
2 1 13071 13075 13076 XOR
2 1 12886 835 13077 XOR
2 1 13076 835 13078 XOR
2 1 13077 13076 13079 XOR
2 1 13077 13078 13080 AND
2 1 13076 13080 13081 XOR
2 1 12889 836 13082 XOR
2 1 13081 836 13083 XOR
2 1 13082 13081 13084 XOR
2 1 13082 13083 13085 AND
2 1 13081 13085 13086 XOR
2 1 12892 837 13087 XOR
2 1 13086 837 13088 XOR
2 1 13087 13086 13089 XOR
2 1 13087 13088 13090 AND
2 1 13086 13090 13091 XOR
2 1 12895 838 13092 XOR
2 1 13091 838 13093 XOR
2 1 13092 13091 13094 XOR
2 1 13092 13093 13095 AND
2 1 13091 13095 13096 XOR
2 1 12898 839 13097 XOR
2 1 13096 839 13098 XOR
2 1 13097 13096 13099 XOR
2 1 13097 13098 13100 AND
2 1 13096 13100 13101 XOR
2 1 12901 840 13102 XOR
2 1 13101 840 13103 XOR
2 1 13102 13101 13104 XOR
2 1 13102 13103 13105 AND
2 1 13101 13105 13106 XOR
2 1 12904 841 13107 XOR
2 1 13106 841 13108 XOR
2 1 13107 13106 13109 XOR
2 1 13107 13108 13110 AND
2 1 13106 13110 13111 XOR
2 1 12907 842 13112 XOR
2 1 13111 842 13113 XOR
2 1 13112 13111 13114 XOR
2 1 13112 13113 13115 AND
2 1 13111 13115 13116 XOR
2 1 12910 843 13117 XOR
2 1 13116 843 13118 XOR
2 1 13117 13116 13119 XOR
2 1 13117 13118 13120 AND
2 1 13116 13120 13121 XOR
2 1 12913 844 13122 XOR
2 1 13121 844 13123 XOR
2 1 13122 13121 13124 XOR
2 1 13122 13123 13125 AND
2 1 13121 13125 13126 XOR
2 1 12916 845 13127 XOR
2 1 13126 845 13128 XOR
2 1 13127 13126 13129 XOR
2 1 13127 13128 13130 AND
2 1 13126 13130 13131 XOR
2 1 12919 846 13132 XOR
2 1 13131 846 13133 XOR
2 1 13132 13131 13134 XOR
2 1 13132 13133 13135 AND
2 1 13131 13135 13136 XOR
2 1 12922 847 13137 XOR
2 1 13136 847 13138 XOR
2 1 13137 13136 13139 XOR
2 1 13137 13138 13140 AND
2 1 13136 13140 13141 XOR
2 1 12925 848 13142 XOR
2 1 13141 848 13143 XOR
2 1 13142 13141 13144 XOR
2 1 13142 13143 13145 AND
2 1 13141 13145 13146 XOR
2 1 12928 849 13147 XOR
2 1 13146 849 13148 XOR
2 1 13147 13146 13149 XOR
2 1 13147 13148 13150 AND
2 1 13146 13150 13151 XOR
2 1 12931 850 13152 XOR
2 1 13151 850 13153 XOR
2 1 13152 13151 13154 XOR
2 1 13152 13153 13155 AND
2 1 13151 13155 13156 XOR
2 1 12934 851 13157 XOR
2 1 13156 851 13158 XOR
2 1 13157 13156 13159 XOR
2 1 13157 13158 13160 AND
2 1 13156 13160 13161 XOR
2 1 12937 852 13162 XOR
2 1 13161 852 13163 XOR
2 1 13162 13161 13164 XOR
2 1 13162 13163 13165 AND
2 1 13161 13165 13166 XOR
2 1 12940 853 13167 XOR
2 1 13166 853 13168 XOR
2 1 13167 13166 13169 XOR
2 1 13167 13168 13170 AND
2 1 13166 13170 13171 XOR
2 1 12943 854 13172 XOR
2 1 13171 854 13173 XOR
2 1 13172 13171 13174 XOR
2 1 13172 13173 13175 AND
2 1 13171 13175 13176 XOR
2 1 12946 855 13177 XOR
2 1 13176 855 13178 XOR
2 1 13177 13176 13179 XOR
2 1 13177 13178 13180 AND
2 1 13176 13180 13181 XOR
2 1 12949 856 13182 XOR
2 1 13181 856 13183 XOR
2 1 13182 13181 13184 XOR
2 1 13182 13183 13185 AND
2 1 13181 13185 13186 XOR
2 1 12952 857 13187 XOR
2 1 13186 857 13188 XOR
2 1 13187 13186 13189 XOR
2 1 13187 13188 13190 AND
2 1 13186 13190 13191 XOR
2 1 12955 858 13192 XOR
2 1 13191 858 13193 XOR
2 1 13192 13191 13194 XOR
2 1 13192 13193 13195 AND
2 1 13191 13195 13196 XOR
2 1 12958 859 13197 XOR
2 1 13196 859 13198 XOR
2 1 13197 13196 13199 XOR
2 1 13197 13198 13200 AND
2 1 13196 13200 13201 XOR
2 1 12961 860 13202 XOR
2 1 13201 860 13203 XOR
2 1 13202 13201 13204 XOR
2 1 13202 13203 13205 AND
2 1 13201 13205 13206 XOR
2 1 12964 861 13207 XOR
2 1 13206 861 13208 XOR
2 1 13207 13206 13209 XOR
2 1 13207 13208 13210 AND
2 1 13206 13210 13211 XOR
2 1 12967 862 13212 XOR
2 1 13211 862 13213 XOR
2 1 13212 13211 13214 XOR
2 1 13212 13213 13215 AND
2 1 13211 13215 13216 XOR
2 1 12970 863 13217 XOR
2 1 13216 863 13218 XOR
2 1 13217 13216 13219 XOR
2 1 13217 13218 13220 AND
2 1 13216 13220 13221 XOR
2 1 12973 864 13222 XOR
2 1 13221 864 13223 XOR
2 1 13222 13221 13224 XOR
2 1 13222 13223 13225 AND
2 1 13221 13225 13226 XOR
2 1 12976 865 13227 XOR
2 1 13226 865 13228 XOR
2 1 13227 13226 13229 XOR
2 1 13227 13228 13230 AND
2 1 13226 13230 13231 XOR
2 1 12979 866 13232 XOR
2 1 13231 866 13233 XOR
2 1 13232 13231 13234 XOR
2 1 13232 13233 13235 AND
2 1 13231 13235 13236 XOR
2 1 12982 867 13237 XOR
2 1 13236 867 13238 XOR
2 1 13237 13236 13239 XOR
2 1 13237 13238 13240 AND
2 1 13236 13240 13241 XOR
2 1 12985 868 13242 XOR
2 1 13241 868 13243 XOR
2 1 13242 13241 13244 XOR
2 1 13242 13243 13245 AND
2 1 13241 13245 13246 XOR
2 1 12988 869 13247 XOR
2 1 13246 869 13248 XOR
2 1 13247 13246 13249 XOR
2 1 13247 13248 13250 AND
2 1 13246 13250 13251 XOR
2 1 12991 870 13252 XOR
2 1 13251 870 13253 XOR
2 1 13252 13251 13254 XOR
2 1 13252 13253 13255 AND
2 1 13251 13255 13256 XOR
2 1 12994 871 13257 XOR
2 1 13256 871 13258 XOR
2 1 13257 13256 13259 XOR
2 1 13257 13258 13260 AND
2 1 13256 13260 13261 XOR
2 1 12997 872 13262 XOR
2 1 13261 872 13263 XOR
2 1 13262 13261 13264 XOR
2 1 13262 13263 13265 AND
2 1 13261 13265 13266 XOR
2 1 13000 873 13267 XOR
2 1 13266 873 13268 XOR
2 1 13267 13266 13269 XOR
2 1 13267 13268 13270 AND
2 1 13266 13270 13271 XOR
2 1 13003 874 13272 XOR
2 1 13271 874 13273 XOR
2 1 13272 13271 13274 XOR
2 1 13272 13273 13275 AND
2 1 13271 13275 13276 XOR
2 1 13276 908 13277 AND
2 1 13276 908 13278 XOR
2 1 13278 13277 13279 XOR
2 1 451 13005 13280 XOR
2 1 13279 13280 13281 AND
2 1 13281 13005 13282 XOR
2 1 12844 13009 13283 XOR
2 1 13279 13283 13284 AND
2 1 13284 13009 13285 XOR
2 1 12847 13014 13286 XOR
2 1 13279 13286 13287 AND
2 1 13287 13014 13288 XOR
2 1 12850 13019 13289 XOR
2 1 13279 13289 13290 AND
2 1 13290 13019 13291 XOR
2 1 12853 13024 13292 XOR
2 1 13279 13292 13293 AND
2 1 13293 13024 13294 XOR
2 1 12856 13029 13295 XOR
2 1 13279 13295 13296 AND
2 1 13296 13029 13297 XOR
2 1 12859 13034 13298 XOR
2 1 13279 13298 13299 AND
2 1 13299 13034 13300 XOR
2 1 12862 13039 13301 XOR
2 1 13279 13301 13302 AND
2 1 13302 13039 13303 XOR
2 1 12865 13044 13304 XOR
2 1 13279 13304 13305 AND
2 1 13305 13044 13306 XOR
2 1 12868 13049 13307 XOR
2 1 13279 13307 13308 AND
2 1 13308 13049 13309 XOR
2 1 12871 13054 13310 XOR
2 1 13279 13310 13311 AND
2 1 13311 13054 13312 XOR
2 1 12874 13059 13313 XOR
2 1 13279 13313 13314 AND
2 1 13314 13059 13315 XOR
2 1 12877 13064 13316 XOR
2 1 13279 13316 13317 AND
2 1 13317 13064 13318 XOR
2 1 12880 13069 13319 XOR
2 1 13279 13319 13320 AND
2 1 13320 13069 13321 XOR
2 1 12883 13074 13322 XOR
2 1 13279 13322 13323 AND
2 1 13323 13074 13324 XOR
2 1 12886 13079 13325 XOR
2 1 13279 13325 13326 AND
2 1 13326 13079 13327 XOR
2 1 12889 13084 13328 XOR
2 1 13279 13328 13329 AND
2 1 13329 13084 13330 XOR
2 1 12892 13089 13331 XOR
2 1 13279 13331 13332 AND
2 1 13332 13089 13333 XOR
2 1 12895 13094 13334 XOR
2 1 13279 13334 13335 AND
2 1 13335 13094 13336 XOR
2 1 12898 13099 13337 XOR
2 1 13279 13337 13338 AND
2 1 13338 13099 13339 XOR
2 1 12901 13104 13340 XOR
2 1 13279 13340 13341 AND
2 1 13341 13104 13342 XOR
2 1 12904 13109 13343 XOR
2 1 13279 13343 13344 AND
2 1 13344 13109 13345 XOR
2 1 12907 13114 13346 XOR
2 1 13279 13346 13347 AND
2 1 13347 13114 13348 XOR
2 1 12910 13119 13349 XOR
2 1 13279 13349 13350 AND
2 1 13350 13119 13351 XOR
2 1 12913 13124 13352 XOR
2 1 13279 13352 13353 AND
2 1 13353 13124 13354 XOR
2 1 12916 13129 13355 XOR
2 1 13279 13355 13356 AND
2 1 13356 13129 13357 XOR
2 1 12919 13134 13358 XOR
2 1 13279 13358 13359 AND
2 1 13359 13134 13360 XOR
2 1 12922 13139 13361 XOR
2 1 13279 13361 13362 AND
2 1 13362 13139 13363 XOR
2 1 12925 13144 13364 XOR
2 1 13279 13364 13365 AND
2 1 13365 13144 13366 XOR
2 1 12928 13149 13367 XOR
2 1 13279 13367 13368 AND
2 1 13368 13149 13369 XOR
2 1 12931 13154 13370 XOR
2 1 13279 13370 13371 AND
2 1 13371 13154 13372 XOR
2 1 12934 13159 13373 XOR
2 1 13279 13373 13374 AND
2 1 13374 13159 13375 XOR
2 1 12937 13164 13376 XOR
2 1 13279 13376 13377 AND
2 1 13377 13164 13378 XOR
2 1 12940 13169 13379 XOR
2 1 13279 13379 13380 AND
2 1 13380 13169 13381 XOR
2 1 12943 13174 13382 XOR
2 1 13279 13382 13383 AND
2 1 13383 13174 13384 XOR
2 1 12946 13179 13385 XOR
2 1 13279 13385 13386 AND
2 1 13386 13179 13387 XOR
2 1 12949 13184 13388 XOR
2 1 13279 13388 13389 AND
2 1 13389 13184 13390 XOR
2 1 12952 13189 13391 XOR
2 1 13279 13391 13392 AND
2 1 13392 13189 13393 XOR
2 1 12955 13194 13394 XOR
2 1 13279 13394 13395 AND
2 1 13395 13194 13396 XOR
2 1 12958 13199 13397 XOR
2 1 13279 13397 13398 AND
2 1 13398 13199 13399 XOR
2 1 12961 13204 13400 XOR
2 1 13279 13400 13401 AND
2 1 13401 13204 13402 XOR
2 1 12964 13209 13403 XOR
2 1 13279 13403 13404 AND
2 1 13404 13209 13405 XOR
2 1 12967 13214 13406 XOR
2 1 13279 13406 13407 AND
2 1 13407 13214 13408 XOR
2 1 12970 13219 13409 XOR
2 1 13279 13409 13410 AND
2 1 13410 13219 13411 XOR
2 1 12973 13224 13412 XOR
2 1 13279 13412 13413 AND
2 1 13413 13224 13414 XOR
2 1 12976 13229 13415 XOR
2 1 13279 13415 13416 AND
2 1 13416 13229 13417 XOR
2 1 12979 13234 13418 XOR
2 1 13279 13418 13419 AND
2 1 13419 13234 13420 XOR
2 1 12982 13239 13421 XOR
2 1 13279 13421 13422 AND
2 1 13422 13239 13423 XOR
2 1 12985 13244 13424 XOR
2 1 13279 13424 13425 AND
2 1 13425 13244 13426 XOR
2 1 12988 13249 13427 XOR
2 1 13279 13427 13428 AND
2 1 13428 13249 13429 XOR
2 1 12991 13254 13430 XOR
2 1 13279 13430 13431 AND
2 1 13431 13254 13432 XOR
2 1 12994 13259 13433 XOR
2 1 13279 13433 13434 AND
2 1 13434 13259 13435 XOR
2 1 12997 13264 13436 XOR
2 1 13279 13436 13437 AND
2 1 13437 13264 13438 XOR
2 1 13000 13269 13439 XOR
2 1 13279 13439 13440 AND
2 1 13440 13269 13441 XOR
2 1 13003 13274 13442 XOR
2 1 13279 13442 13443 AND
2 1 13443 13274 13444 XOR
1 1 13279 13445 INV
2 1 450 820 13446 XOR
2 1 13446 820 13447 AND
2 1 13282 821 13448 XOR
2 1 13447 821 13449 XOR
2 1 13448 13447 13450 XOR
2 1 13448 13449 13451 AND
2 1 13447 13451 13452 XOR
2 1 13285 822 13453 XOR
2 1 13452 822 13454 XOR
2 1 13453 13452 13455 XOR
2 1 13453 13454 13456 AND
2 1 13452 13456 13457 XOR
2 1 13288 823 13458 XOR
2 1 13457 823 13459 XOR
2 1 13458 13457 13460 XOR
2 1 13458 13459 13461 AND
2 1 13457 13461 13462 XOR
2 1 13291 824 13463 XOR
2 1 13462 824 13464 XOR
2 1 13463 13462 13465 XOR
2 1 13463 13464 13466 AND
2 1 13462 13466 13467 XOR
2 1 13294 825 13468 XOR
2 1 13467 825 13469 XOR
2 1 13468 13467 13470 XOR
2 1 13468 13469 13471 AND
2 1 13467 13471 13472 XOR
2 1 13297 826 13473 XOR
2 1 13472 826 13474 XOR
2 1 13473 13472 13475 XOR
2 1 13473 13474 13476 AND
2 1 13472 13476 13477 XOR
2 1 13300 827 13478 XOR
2 1 13477 827 13479 XOR
2 1 13478 13477 13480 XOR
2 1 13478 13479 13481 AND
2 1 13477 13481 13482 XOR
2 1 13303 828 13483 XOR
2 1 13482 828 13484 XOR
2 1 13483 13482 13485 XOR
2 1 13483 13484 13486 AND
2 1 13482 13486 13487 XOR
2 1 13306 829 13488 XOR
2 1 13487 829 13489 XOR
2 1 13488 13487 13490 XOR
2 1 13488 13489 13491 AND
2 1 13487 13491 13492 XOR
2 1 13309 830 13493 XOR
2 1 13492 830 13494 XOR
2 1 13493 13492 13495 XOR
2 1 13493 13494 13496 AND
2 1 13492 13496 13497 XOR
2 1 13312 831 13498 XOR
2 1 13497 831 13499 XOR
2 1 13498 13497 13500 XOR
2 1 13498 13499 13501 AND
2 1 13497 13501 13502 XOR
2 1 13315 832 13503 XOR
2 1 13502 832 13504 XOR
2 1 13503 13502 13505 XOR
2 1 13503 13504 13506 AND
2 1 13502 13506 13507 XOR
2 1 13318 833 13508 XOR
2 1 13507 833 13509 XOR
2 1 13508 13507 13510 XOR
2 1 13508 13509 13511 AND
2 1 13507 13511 13512 XOR
2 1 13321 834 13513 XOR
2 1 13512 834 13514 XOR
2 1 13513 13512 13515 XOR
2 1 13513 13514 13516 AND
2 1 13512 13516 13517 XOR
2 1 13324 835 13518 XOR
2 1 13517 835 13519 XOR
2 1 13518 13517 13520 XOR
2 1 13518 13519 13521 AND
2 1 13517 13521 13522 XOR
2 1 13327 836 13523 XOR
2 1 13522 836 13524 XOR
2 1 13523 13522 13525 XOR
2 1 13523 13524 13526 AND
2 1 13522 13526 13527 XOR
2 1 13330 837 13528 XOR
2 1 13527 837 13529 XOR
2 1 13528 13527 13530 XOR
2 1 13528 13529 13531 AND
2 1 13527 13531 13532 XOR
2 1 13333 838 13533 XOR
2 1 13532 838 13534 XOR
2 1 13533 13532 13535 XOR
2 1 13533 13534 13536 AND
2 1 13532 13536 13537 XOR
2 1 13336 839 13538 XOR
2 1 13537 839 13539 XOR
2 1 13538 13537 13540 XOR
2 1 13538 13539 13541 AND
2 1 13537 13541 13542 XOR
2 1 13339 840 13543 XOR
2 1 13542 840 13544 XOR
2 1 13543 13542 13545 XOR
2 1 13543 13544 13546 AND
2 1 13542 13546 13547 XOR
2 1 13342 841 13548 XOR
2 1 13547 841 13549 XOR
2 1 13548 13547 13550 XOR
2 1 13548 13549 13551 AND
2 1 13547 13551 13552 XOR
2 1 13345 842 13553 XOR
2 1 13552 842 13554 XOR
2 1 13553 13552 13555 XOR
2 1 13553 13554 13556 AND
2 1 13552 13556 13557 XOR
2 1 13348 843 13558 XOR
2 1 13557 843 13559 XOR
2 1 13558 13557 13560 XOR
2 1 13558 13559 13561 AND
2 1 13557 13561 13562 XOR
2 1 13351 844 13563 XOR
2 1 13562 844 13564 XOR
2 1 13563 13562 13565 XOR
2 1 13563 13564 13566 AND
2 1 13562 13566 13567 XOR
2 1 13354 845 13568 XOR
2 1 13567 845 13569 XOR
2 1 13568 13567 13570 XOR
2 1 13568 13569 13571 AND
2 1 13567 13571 13572 XOR
2 1 13357 846 13573 XOR
2 1 13572 846 13574 XOR
2 1 13573 13572 13575 XOR
2 1 13573 13574 13576 AND
2 1 13572 13576 13577 XOR
2 1 13360 847 13578 XOR
2 1 13577 847 13579 XOR
2 1 13578 13577 13580 XOR
2 1 13578 13579 13581 AND
2 1 13577 13581 13582 XOR
2 1 13363 848 13583 XOR
2 1 13582 848 13584 XOR
2 1 13583 13582 13585 XOR
2 1 13583 13584 13586 AND
2 1 13582 13586 13587 XOR
2 1 13366 849 13588 XOR
2 1 13587 849 13589 XOR
2 1 13588 13587 13590 XOR
2 1 13588 13589 13591 AND
2 1 13587 13591 13592 XOR
2 1 13369 850 13593 XOR
2 1 13592 850 13594 XOR
2 1 13593 13592 13595 XOR
2 1 13593 13594 13596 AND
2 1 13592 13596 13597 XOR
2 1 13372 851 13598 XOR
2 1 13597 851 13599 XOR
2 1 13598 13597 13600 XOR
2 1 13598 13599 13601 AND
2 1 13597 13601 13602 XOR
2 1 13375 852 13603 XOR
2 1 13602 852 13604 XOR
2 1 13603 13602 13605 XOR
2 1 13603 13604 13606 AND
2 1 13602 13606 13607 XOR
2 1 13378 853 13608 XOR
2 1 13607 853 13609 XOR
2 1 13608 13607 13610 XOR
2 1 13608 13609 13611 AND
2 1 13607 13611 13612 XOR
2 1 13381 854 13613 XOR
2 1 13612 854 13614 XOR
2 1 13613 13612 13615 XOR
2 1 13613 13614 13616 AND
2 1 13612 13616 13617 XOR
2 1 13384 855 13618 XOR
2 1 13617 855 13619 XOR
2 1 13618 13617 13620 XOR
2 1 13618 13619 13621 AND
2 1 13617 13621 13622 XOR
2 1 13387 856 13623 XOR
2 1 13622 856 13624 XOR
2 1 13623 13622 13625 XOR
2 1 13623 13624 13626 AND
2 1 13622 13626 13627 XOR
2 1 13390 857 13628 XOR
2 1 13627 857 13629 XOR
2 1 13628 13627 13630 XOR
2 1 13628 13629 13631 AND
2 1 13627 13631 13632 XOR
2 1 13393 858 13633 XOR
2 1 13632 858 13634 XOR
2 1 13633 13632 13635 XOR
2 1 13633 13634 13636 AND
2 1 13632 13636 13637 XOR
2 1 13396 859 13638 XOR
2 1 13637 859 13639 XOR
2 1 13638 13637 13640 XOR
2 1 13638 13639 13641 AND
2 1 13637 13641 13642 XOR
2 1 13399 860 13643 XOR
2 1 13642 860 13644 XOR
2 1 13643 13642 13645 XOR
2 1 13643 13644 13646 AND
2 1 13642 13646 13647 XOR
2 1 13402 861 13648 XOR
2 1 13647 861 13649 XOR
2 1 13648 13647 13650 XOR
2 1 13648 13649 13651 AND
2 1 13647 13651 13652 XOR
2 1 13405 862 13653 XOR
2 1 13652 862 13654 XOR
2 1 13653 13652 13655 XOR
2 1 13653 13654 13656 AND
2 1 13652 13656 13657 XOR
2 1 13408 863 13658 XOR
2 1 13657 863 13659 XOR
2 1 13658 13657 13660 XOR
2 1 13658 13659 13661 AND
2 1 13657 13661 13662 XOR
2 1 13411 864 13663 XOR
2 1 13662 864 13664 XOR
2 1 13663 13662 13665 XOR
2 1 13663 13664 13666 AND
2 1 13662 13666 13667 XOR
2 1 13414 865 13668 XOR
2 1 13667 865 13669 XOR
2 1 13668 13667 13670 XOR
2 1 13668 13669 13671 AND
2 1 13667 13671 13672 XOR
2 1 13417 866 13673 XOR
2 1 13672 866 13674 XOR
2 1 13673 13672 13675 XOR
2 1 13673 13674 13676 AND
2 1 13672 13676 13677 XOR
2 1 13420 867 13678 XOR
2 1 13677 867 13679 XOR
2 1 13678 13677 13680 XOR
2 1 13678 13679 13681 AND
2 1 13677 13681 13682 XOR
2 1 13423 868 13683 XOR
2 1 13682 868 13684 XOR
2 1 13683 13682 13685 XOR
2 1 13683 13684 13686 AND
2 1 13682 13686 13687 XOR
2 1 13426 869 13688 XOR
2 1 13687 869 13689 XOR
2 1 13688 13687 13690 XOR
2 1 13688 13689 13691 AND
2 1 13687 13691 13692 XOR
2 1 13429 870 13693 XOR
2 1 13692 870 13694 XOR
2 1 13693 13692 13695 XOR
2 1 13693 13694 13696 AND
2 1 13692 13696 13697 XOR
2 1 13432 871 13698 XOR
2 1 13697 871 13699 XOR
2 1 13698 13697 13700 XOR
2 1 13698 13699 13701 AND
2 1 13697 13701 13702 XOR
2 1 13435 872 13703 XOR
2 1 13702 872 13704 XOR
2 1 13703 13702 13705 XOR
2 1 13703 13704 13706 AND
2 1 13702 13706 13707 XOR
2 1 13438 873 13708 XOR
2 1 13707 873 13709 XOR
2 1 13708 13707 13710 XOR
2 1 13708 13709 13711 AND
2 1 13707 13711 13712 XOR
2 1 13441 874 13713 XOR
2 1 13712 874 13714 XOR
2 1 13713 13712 13715 XOR
2 1 13713 13714 13716 AND
2 1 13712 13716 13717 XOR
2 1 13444 875 13718 XOR
2 1 13717 875 13719 XOR
2 1 13718 13717 13720 XOR
2 1 13718 13719 13721 AND
2 1 13717 13721 13722 XOR
2 1 13722 905 13723 AND
2 1 13722 905 13724 XOR
2 1 13724 13723 13725 XOR
2 1 450 13446 13726 XOR
2 1 13725 13726 13727 AND
2 1 13727 13446 13728 XOR
2 1 13282 13450 13729 XOR
2 1 13725 13729 13730 AND
2 1 13730 13450 13731 XOR
2 1 13285 13455 13732 XOR
2 1 13725 13732 13733 AND
2 1 13733 13455 13734 XOR
2 1 13288 13460 13735 XOR
2 1 13725 13735 13736 AND
2 1 13736 13460 13737 XOR
2 1 13291 13465 13738 XOR
2 1 13725 13738 13739 AND
2 1 13739 13465 13740 XOR
2 1 13294 13470 13741 XOR
2 1 13725 13741 13742 AND
2 1 13742 13470 13743 XOR
2 1 13297 13475 13744 XOR
2 1 13725 13744 13745 AND
2 1 13745 13475 13746 XOR
2 1 13300 13480 13747 XOR
2 1 13725 13747 13748 AND
2 1 13748 13480 13749 XOR
2 1 13303 13485 13750 XOR
2 1 13725 13750 13751 AND
2 1 13751 13485 13752 XOR
2 1 13306 13490 13753 XOR
2 1 13725 13753 13754 AND
2 1 13754 13490 13755 XOR
2 1 13309 13495 13756 XOR
2 1 13725 13756 13757 AND
2 1 13757 13495 13758 XOR
2 1 13312 13500 13759 XOR
2 1 13725 13759 13760 AND
2 1 13760 13500 13761 XOR
2 1 13315 13505 13762 XOR
2 1 13725 13762 13763 AND
2 1 13763 13505 13764 XOR
2 1 13318 13510 13765 XOR
2 1 13725 13765 13766 AND
2 1 13766 13510 13767 XOR
2 1 13321 13515 13768 XOR
2 1 13725 13768 13769 AND
2 1 13769 13515 13770 XOR
2 1 13324 13520 13771 XOR
2 1 13725 13771 13772 AND
2 1 13772 13520 13773 XOR
2 1 13327 13525 13774 XOR
2 1 13725 13774 13775 AND
2 1 13775 13525 13776 XOR
2 1 13330 13530 13777 XOR
2 1 13725 13777 13778 AND
2 1 13778 13530 13779 XOR
2 1 13333 13535 13780 XOR
2 1 13725 13780 13781 AND
2 1 13781 13535 13782 XOR
2 1 13336 13540 13783 XOR
2 1 13725 13783 13784 AND
2 1 13784 13540 13785 XOR
2 1 13339 13545 13786 XOR
2 1 13725 13786 13787 AND
2 1 13787 13545 13788 XOR
2 1 13342 13550 13789 XOR
2 1 13725 13789 13790 AND
2 1 13790 13550 13791 XOR
2 1 13345 13555 13792 XOR
2 1 13725 13792 13793 AND
2 1 13793 13555 13794 XOR
2 1 13348 13560 13795 XOR
2 1 13725 13795 13796 AND
2 1 13796 13560 13797 XOR
2 1 13351 13565 13798 XOR
2 1 13725 13798 13799 AND
2 1 13799 13565 13800 XOR
2 1 13354 13570 13801 XOR
2 1 13725 13801 13802 AND
2 1 13802 13570 13803 XOR
2 1 13357 13575 13804 XOR
2 1 13725 13804 13805 AND
2 1 13805 13575 13806 XOR
2 1 13360 13580 13807 XOR
2 1 13725 13807 13808 AND
2 1 13808 13580 13809 XOR
2 1 13363 13585 13810 XOR
2 1 13725 13810 13811 AND
2 1 13811 13585 13812 XOR
2 1 13366 13590 13813 XOR
2 1 13725 13813 13814 AND
2 1 13814 13590 13815 XOR
2 1 13369 13595 13816 XOR
2 1 13725 13816 13817 AND
2 1 13817 13595 13818 XOR
2 1 13372 13600 13819 XOR
2 1 13725 13819 13820 AND
2 1 13820 13600 13821 XOR
2 1 13375 13605 13822 XOR
2 1 13725 13822 13823 AND
2 1 13823 13605 13824 XOR
2 1 13378 13610 13825 XOR
2 1 13725 13825 13826 AND
2 1 13826 13610 13827 XOR
2 1 13381 13615 13828 XOR
2 1 13725 13828 13829 AND
2 1 13829 13615 13830 XOR
2 1 13384 13620 13831 XOR
2 1 13725 13831 13832 AND
2 1 13832 13620 13833 XOR
2 1 13387 13625 13834 XOR
2 1 13725 13834 13835 AND
2 1 13835 13625 13836 XOR
2 1 13390 13630 13837 XOR
2 1 13725 13837 13838 AND
2 1 13838 13630 13839 XOR
2 1 13393 13635 13840 XOR
2 1 13725 13840 13841 AND
2 1 13841 13635 13842 XOR
2 1 13396 13640 13843 XOR
2 1 13725 13843 13844 AND
2 1 13844 13640 13845 XOR
2 1 13399 13645 13846 XOR
2 1 13725 13846 13847 AND
2 1 13847 13645 13848 XOR
2 1 13402 13650 13849 XOR
2 1 13725 13849 13850 AND
2 1 13850 13650 13851 XOR
2 1 13405 13655 13852 XOR
2 1 13725 13852 13853 AND
2 1 13853 13655 13854 XOR
2 1 13408 13660 13855 XOR
2 1 13725 13855 13856 AND
2 1 13856 13660 13857 XOR
2 1 13411 13665 13858 XOR
2 1 13725 13858 13859 AND
2 1 13859 13665 13860 XOR
2 1 13414 13670 13861 XOR
2 1 13725 13861 13862 AND
2 1 13862 13670 13863 XOR
2 1 13417 13675 13864 XOR
2 1 13725 13864 13865 AND
2 1 13865 13675 13866 XOR
2 1 13420 13680 13867 XOR
2 1 13725 13867 13868 AND
2 1 13868 13680 13869 XOR
2 1 13423 13685 13870 XOR
2 1 13725 13870 13871 AND
2 1 13871 13685 13872 XOR
2 1 13426 13690 13873 XOR
2 1 13725 13873 13874 AND
2 1 13874 13690 13875 XOR
2 1 13429 13695 13876 XOR
2 1 13725 13876 13877 AND
2 1 13877 13695 13878 XOR
2 1 13432 13700 13879 XOR
2 1 13725 13879 13880 AND
2 1 13880 13700 13881 XOR
2 1 13435 13705 13882 XOR
2 1 13725 13882 13883 AND
2 1 13883 13705 13884 XOR
2 1 13438 13710 13885 XOR
2 1 13725 13885 13886 AND
2 1 13886 13710 13887 XOR
2 1 13441 13715 13888 XOR
2 1 13725 13888 13889 AND
2 1 13889 13715 13890 XOR
2 1 13444 13720 13891 XOR
2 1 13725 13891 13892 AND
2 1 13892 13720 13893 XOR
1 1 13725 13894 INV
2 1 449 820 13895 XOR
2 1 13895 820 13896 AND
2 1 13728 821 13897 XOR
2 1 13896 821 13898 XOR
2 1 13897 13896 13899 XOR
2 1 13897 13898 13900 AND
2 1 13896 13900 13901 XOR
2 1 13731 822 13902 XOR
2 1 13901 822 13903 XOR
2 1 13902 13901 13904 XOR
2 1 13902 13903 13905 AND
2 1 13901 13905 13906 XOR
2 1 13734 823 13907 XOR
2 1 13906 823 13908 XOR
2 1 13907 13906 13909 XOR
2 1 13907 13908 13910 AND
2 1 13906 13910 13911 XOR
2 1 13737 824 13912 XOR
2 1 13911 824 13913 XOR
2 1 13912 13911 13914 XOR
2 1 13912 13913 13915 AND
2 1 13911 13915 13916 XOR
2 1 13740 825 13917 XOR
2 1 13916 825 13918 XOR
2 1 13917 13916 13919 XOR
2 1 13917 13918 13920 AND
2 1 13916 13920 13921 XOR
2 1 13743 826 13922 XOR
2 1 13921 826 13923 XOR
2 1 13922 13921 13924 XOR
2 1 13922 13923 13925 AND
2 1 13921 13925 13926 XOR
2 1 13746 827 13927 XOR
2 1 13926 827 13928 XOR
2 1 13927 13926 13929 XOR
2 1 13927 13928 13930 AND
2 1 13926 13930 13931 XOR
2 1 13749 828 13932 XOR
2 1 13931 828 13933 XOR
2 1 13932 13931 13934 XOR
2 1 13932 13933 13935 AND
2 1 13931 13935 13936 XOR
2 1 13752 829 13937 XOR
2 1 13936 829 13938 XOR
2 1 13937 13936 13939 XOR
2 1 13937 13938 13940 AND
2 1 13936 13940 13941 XOR
2 1 13755 830 13942 XOR
2 1 13941 830 13943 XOR
2 1 13942 13941 13944 XOR
2 1 13942 13943 13945 AND
2 1 13941 13945 13946 XOR
2 1 13758 831 13947 XOR
2 1 13946 831 13948 XOR
2 1 13947 13946 13949 XOR
2 1 13947 13948 13950 AND
2 1 13946 13950 13951 XOR
2 1 13761 832 13952 XOR
2 1 13951 832 13953 XOR
2 1 13952 13951 13954 XOR
2 1 13952 13953 13955 AND
2 1 13951 13955 13956 XOR
2 1 13764 833 13957 XOR
2 1 13956 833 13958 XOR
2 1 13957 13956 13959 XOR
2 1 13957 13958 13960 AND
2 1 13956 13960 13961 XOR
2 1 13767 834 13962 XOR
2 1 13961 834 13963 XOR
2 1 13962 13961 13964 XOR
2 1 13962 13963 13965 AND
2 1 13961 13965 13966 XOR
2 1 13770 835 13967 XOR
2 1 13966 835 13968 XOR
2 1 13967 13966 13969 XOR
2 1 13967 13968 13970 AND
2 1 13966 13970 13971 XOR
2 1 13773 836 13972 XOR
2 1 13971 836 13973 XOR
2 1 13972 13971 13974 XOR
2 1 13972 13973 13975 AND
2 1 13971 13975 13976 XOR
2 1 13776 837 13977 XOR
2 1 13976 837 13978 XOR
2 1 13977 13976 13979 XOR
2 1 13977 13978 13980 AND
2 1 13976 13980 13981 XOR
2 1 13779 838 13982 XOR
2 1 13981 838 13983 XOR
2 1 13982 13981 13984 XOR
2 1 13982 13983 13985 AND
2 1 13981 13985 13986 XOR
2 1 13782 839 13987 XOR
2 1 13986 839 13988 XOR
2 1 13987 13986 13989 XOR
2 1 13987 13988 13990 AND
2 1 13986 13990 13991 XOR
2 1 13785 840 13992 XOR
2 1 13991 840 13993 XOR
2 1 13992 13991 13994 XOR
2 1 13992 13993 13995 AND
2 1 13991 13995 13996 XOR
2 1 13788 841 13997 XOR
2 1 13996 841 13998 XOR
2 1 13997 13996 13999 XOR
2 1 13997 13998 14000 AND
2 1 13996 14000 14001 XOR
2 1 13791 842 14002 XOR
2 1 14001 842 14003 XOR
2 1 14002 14001 14004 XOR
2 1 14002 14003 14005 AND
2 1 14001 14005 14006 XOR
2 1 13794 843 14007 XOR
2 1 14006 843 14008 XOR
2 1 14007 14006 14009 XOR
2 1 14007 14008 14010 AND
2 1 14006 14010 14011 XOR
2 1 13797 844 14012 XOR
2 1 14011 844 14013 XOR
2 1 14012 14011 14014 XOR
2 1 14012 14013 14015 AND
2 1 14011 14015 14016 XOR
2 1 13800 845 14017 XOR
2 1 14016 845 14018 XOR
2 1 14017 14016 14019 XOR
2 1 14017 14018 14020 AND
2 1 14016 14020 14021 XOR
2 1 13803 846 14022 XOR
2 1 14021 846 14023 XOR
2 1 14022 14021 14024 XOR
2 1 14022 14023 14025 AND
2 1 14021 14025 14026 XOR
2 1 13806 847 14027 XOR
2 1 14026 847 14028 XOR
2 1 14027 14026 14029 XOR
2 1 14027 14028 14030 AND
2 1 14026 14030 14031 XOR
2 1 13809 848 14032 XOR
2 1 14031 848 14033 XOR
2 1 14032 14031 14034 XOR
2 1 14032 14033 14035 AND
2 1 14031 14035 14036 XOR
2 1 13812 849 14037 XOR
2 1 14036 849 14038 XOR
2 1 14037 14036 14039 XOR
2 1 14037 14038 14040 AND
2 1 14036 14040 14041 XOR
2 1 13815 850 14042 XOR
2 1 14041 850 14043 XOR
2 1 14042 14041 14044 XOR
2 1 14042 14043 14045 AND
2 1 14041 14045 14046 XOR
2 1 13818 851 14047 XOR
2 1 14046 851 14048 XOR
2 1 14047 14046 14049 XOR
2 1 14047 14048 14050 AND
2 1 14046 14050 14051 XOR
2 1 13821 852 14052 XOR
2 1 14051 852 14053 XOR
2 1 14052 14051 14054 XOR
2 1 14052 14053 14055 AND
2 1 14051 14055 14056 XOR
2 1 13824 853 14057 XOR
2 1 14056 853 14058 XOR
2 1 14057 14056 14059 XOR
2 1 14057 14058 14060 AND
2 1 14056 14060 14061 XOR
2 1 13827 854 14062 XOR
2 1 14061 854 14063 XOR
2 1 14062 14061 14064 XOR
2 1 14062 14063 14065 AND
2 1 14061 14065 14066 XOR
2 1 13830 855 14067 XOR
2 1 14066 855 14068 XOR
2 1 14067 14066 14069 XOR
2 1 14067 14068 14070 AND
2 1 14066 14070 14071 XOR
2 1 13833 856 14072 XOR
2 1 14071 856 14073 XOR
2 1 14072 14071 14074 XOR
2 1 14072 14073 14075 AND
2 1 14071 14075 14076 XOR
2 1 13836 857 14077 XOR
2 1 14076 857 14078 XOR
2 1 14077 14076 14079 XOR
2 1 14077 14078 14080 AND
2 1 14076 14080 14081 XOR
2 1 13839 858 14082 XOR
2 1 14081 858 14083 XOR
2 1 14082 14081 14084 XOR
2 1 14082 14083 14085 AND
2 1 14081 14085 14086 XOR
2 1 13842 859 14087 XOR
2 1 14086 859 14088 XOR
2 1 14087 14086 14089 XOR
2 1 14087 14088 14090 AND
2 1 14086 14090 14091 XOR
2 1 13845 860 14092 XOR
2 1 14091 860 14093 XOR
2 1 14092 14091 14094 XOR
2 1 14092 14093 14095 AND
2 1 14091 14095 14096 XOR
2 1 13848 861 14097 XOR
2 1 14096 861 14098 XOR
2 1 14097 14096 14099 XOR
2 1 14097 14098 14100 AND
2 1 14096 14100 14101 XOR
2 1 13851 862 14102 XOR
2 1 14101 862 14103 XOR
2 1 14102 14101 14104 XOR
2 1 14102 14103 14105 AND
2 1 14101 14105 14106 XOR
2 1 13854 863 14107 XOR
2 1 14106 863 14108 XOR
2 1 14107 14106 14109 XOR
2 1 14107 14108 14110 AND
2 1 14106 14110 14111 XOR
2 1 13857 864 14112 XOR
2 1 14111 864 14113 XOR
2 1 14112 14111 14114 XOR
2 1 14112 14113 14115 AND
2 1 14111 14115 14116 XOR
2 1 13860 865 14117 XOR
2 1 14116 865 14118 XOR
2 1 14117 14116 14119 XOR
2 1 14117 14118 14120 AND
2 1 14116 14120 14121 XOR
2 1 13863 866 14122 XOR
2 1 14121 866 14123 XOR
2 1 14122 14121 14124 XOR
2 1 14122 14123 14125 AND
2 1 14121 14125 14126 XOR
2 1 13866 867 14127 XOR
2 1 14126 867 14128 XOR
2 1 14127 14126 14129 XOR
2 1 14127 14128 14130 AND
2 1 14126 14130 14131 XOR
2 1 13869 868 14132 XOR
2 1 14131 868 14133 XOR
2 1 14132 14131 14134 XOR
2 1 14132 14133 14135 AND
2 1 14131 14135 14136 XOR
2 1 13872 869 14137 XOR
2 1 14136 869 14138 XOR
2 1 14137 14136 14139 XOR
2 1 14137 14138 14140 AND
2 1 14136 14140 14141 XOR
2 1 13875 870 14142 XOR
2 1 14141 870 14143 XOR
2 1 14142 14141 14144 XOR
2 1 14142 14143 14145 AND
2 1 14141 14145 14146 XOR
2 1 13878 871 14147 XOR
2 1 14146 871 14148 XOR
2 1 14147 14146 14149 XOR
2 1 14147 14148 14150 AND
2 1 14146 14150 14151 XOR
2 1 13881 872 14152 XOR
2 1 14151 872 14153 XOR
2 1 14152 14151 14154 XOR
2 1 14152 14153 14155 AND
2 1 14151 14155 14156 XOR
2 1 13884 873 14157 XOR
2 1 14156 873 14158 XOR
2 1 14157 14156 14159 XOR
2 1 14157 14158 14160 AND
2 1 14156 14160 14161 XOR
2 1 13887 874 14162 XOR
2 1 14161 874 14163 XOR
2 1 14162 14161 14164 XOR
2 1 14162 14163 14165 AND
2 1 14161 14165 14166 XOR
2 1 13890 875 14167 XOR
2 1 14166 875 14168 XOR
2 1 14167 14166 14169 XOR
2 1 14167 14168 14170 AND
2 1 14166 14170 14171 XOR
2 1 13893 876 14172 XOR
2 1 14171 876 14173 XOR
2 1 14172 14171 14174 XOR
2 1 14172 14173 14175 AND
2 1 14171 14175 14176 XOR
2 1 14176 902 14177 AND
2 1 14176 902 14178 XOR
2 1 14178 14177 14179 XOR
2 1 449 13895 14180 XOR
2 1 14179 14180 14181 AND
2 1 14181 13895 14182 XOR
2 1 13728 13899 14183 XOR
2 1 14179 14183 14184 AND
2 1 14184 13899 14185 XOR
2 1 13731 13904 14186 XOR
2 1 14179 14186 14187 AND
2 1 14187 13904 14188 XOR
2 1 13734 13909 14189 XOR
2 1 14179 14189 14190 AND
2 1 14190 13909 14191 XOR
2 1 13737 13914 14192 XOR
2 1 14179 14192 14193 AND
2 1 14193 13914 14194 XOR
2 1 13740 13919 14195 XOR
2 1 14179 14195 14196 AND
2 1 14196 13919 14197 XOR
2 1 13743 13924 14198 XOR
2 1 14179 14198 14199 AND
2 1 14199 13924 14200 XOR
2 1 13746 13929 14201 XOR
2 1 14179 14201 14202 AND
2 1 14202 13929 14203 XOR
2 1 13749 13934 14204 XOR
2 1 14179 14204 14205 AND
2 1 14205 13934 14206 XOR
2 1 13752 13939 14207 XOR
2 1 14179 14207 14208 AND
2 1 14208 13939 14209 XOR
2 1 13755 13944 14210 XOR
2 1 14179 14210 14211 AND
2 1 14211 13944 14212 XOR
2 1 13758 13949 14213 XOR
2 1 14179 14213 14214 AND
2 1 14214 13949 14215 XOR
2 1 13761 13954 14216 XOR
2 1 14179 14216 14217 AND
2 1 14217 13954 14218 XOR
2 1 13764 13959 14219 XOR
2 1 14179 14219 14220 AND
2 1 14220 13959 14221 XOR
2 1 13767 13964 14222 XOR
2 1 14179 14222 14223 AND
2 1 14223 13964 14224 XOR
2 1 13770 13969 14225 XOR
2 1 14179 14225 14226 AND
2 1 14226 13969 14227 XOR
2 1 13773 13974 14228 XOR
2 1 14179 14228 14229 AND
2 1 14229 13974 14230 XOR
2 1 13776 13979 14231 XOR
2 1 14179 14231 14232 AND
2 1 14232 13979 14233 XOR
2 1 13779 13984 14234 XOR
2 1 14179 14234 14235 AND
2 1 14235 13984 14236 XOR
2 1 13782 13989 14237 XOR
2 1 14179 14237 14238 AND
2 1 14238 13989 14239 XOR
2 1 13785 13994 14240 XOR
2 1 14179 14240 14241 AND
2 1 14241 13994 14242 XOR
2 1 13788 13999 14243 XOR
2 1 14179 14243 14244 AND
2 1 14244 13999 14245 XOR
2 1 13791 14004 14246 XOR
2 1 14179 14246 14247 AND
2 1 14247 14004 14248 XOR
2 1 13794 14009 14249 XOR
2 1 14179 14249 14250 AND
2 1 14250 14009 14251 XOR
2 1 13797 14014 14252 XOR
2 1 14179 14252 14253 AND
2 1 14253 14014 14254 XOR
2 1 13800 14019 14255 XOR
2 1 14179 14255 14256 AND
2 1 14256 14019 14257 XOR
2 1 13803 14024 14258 XOR
2 1 14179 14258 14259 AND
2 1 14259 14024 14260 XOR
2 1 13806 14029 14261 XOR
2 1 14179 14261 14262 AND
2 1 14262 14029 14263 XOR
2 1 13809 14034 14264 XOR
2 1 14179 14264 14265 AND
2 1 14265 14034 14266 XOR
2 1 13812 14039 14267 XOR
2 1 14179 14267 14268 AND
2 1 14268 14039 14269 XOR
2 1 13815 14044 14270 XOR
2 1 14179 14270 14271 AND
2 1 14271 14044 14272 XOR
2 1 13818 14049 14273 XOR
2 1 14179 14273 14274 AND
2 1 14274 14049 14275 XOR
2 1 13821 14054 14276 XOR
2 1 14179 14276 14277 AND
2 1 14277 14054 14278 XOR
2 1 13824 14059 14279 XOR
2 1 14179 14279 14280 AND
2 1 14280 14059 14281 XOR
2 1 13827 14064 14282 XOR
2 1 14179 14282 14283 AND
2 1 14283 14064 14284 XOR
2 1 13830 14069 14285 XOR
2 1 14179 14285 14286 AND
2 1 14286 14069 14287 XOR
2 1 13833 14074 14288 XOR
2 1 14179 14288 14289 AND
2 1 14289 14074 14290 XOR
2 1 13836 14079 14291 XOR
2 1 14179 14291 14292 AND
2 1 14292 14079 14293 XOR
2 1 13839 14084 14294 XOR
2 1 14179 14294 14295 AND
2 1 14295 14084 14296 XOR
2 1 13842 14089 14297 XOR
2 1 14179 14297 14298 AND
2 1 14298 14089 14299 XOR
2 1 13845 14094 14300 XOR
2 1 14179 14300 14301 AND
2 1 14301 14094 14302 XOR
2 1 13848 14099 14303 XOR
2 1 14179 14303 14304 AND
2 1 14304 14099 14305 XOR
2 1 13851 14104 14306 XOR
2 1 14179 14306 14307 AND
2 1 14307 14104 14308 XOR
2 1 13854 14109 14309 XOR
2 1 14179 14309 14310 AND
2 1 14310 14109 14311 XOR
2 1 13857 14114 14312 XOR
2 1 14179 14312 14313 AND
2 1 14313 14114 14314 XOR
2 1 13860 14119 14315 XOR
2 1 14179 14315 14316 AND
2 1 14316 14119 14317 XOR
2 1 13863 14124 14318 XOR
2 1 14179 14318 14319 AND
2 1 14319 14124 14320 XOR
2 1 13866 14129 14321 XOR
2 1 14179 14321 14322 AND
2 1 14322 14129 14323 XOR
2 1 13869 14134 14324 XOR
2 1 14179 14324 14325 AND
2 1 14325 14134 14326 XOR
2 1 13872 14139 14327 XOR
2 1 14179 14327 14328 AND
2 1 14328 14139 14329 XOR
2 1 13875 14144 14330 XOR
2 1 14179 14330 14331 AND
2 1 14331 14144 14332 XOR
2 1 13878 14149 14333 XOR
2 1 14179 14333 14334 AND
2 1 14334 14149 14335 XOR
2 1 13881 14154 14336 XOR
2 1 14179 14336 14337 AND
2 1 14337 14154 14338 XOR
2 1 13884 14159 14339 XOR
2 1 14179 14339 14340 AND
2 1 14340 14159 14341 XOR
2 1 13887 14164 14342 XOR
2 1 14179 14342 14343 AND
2 1 14343 14164 14344 XOR
2 1 13890 14169 14345 XOR
2 1 14179 14345 14346 AND
2 1 14346 14169 14347 XOR
2 1 13893 14174 14348 XOR
2 1 14179 14348 14349 AND
2 1 14349 14174 14350 XOR
1 1 14179 14351 INV
2 1 448 820 14352 XOR
2 1 14352 820 14353 AND
2 1 14182 821 14354 XOR
2 1 14353 821 14355 XOR
2 1 14354 14353 14356 XOR
2 1 14354 14355 14357 AND
2 1 14353 14357 14358 XOR
2 1 14185 822 14359 XOR
2 1 14358 822 14360 XOR
2 1 14359 14358 14361 XOR
2 1 14359 14360 14362 AND
2 1 14358 14362 14363 XOR
2 1 14188 823 14364 XOR
2 1 14363 823 14365 XOR
2 1 14364 14363 14366 XOR
2 1 14364 14365 14367 AND
2 1 14363 14367 14368 XOR
2 1 14191 824 14369 XOR
2 1 14368 824 14370 XOR
2 1 14369 14368 14371 XOR
2 1 14369 14370 14372 AND
2 1 14368 14372 14373 XOR
2 1 14194 825 14374 XOR
2 1 14373 825 14375 XOR
2 1 14374 14373 14376 XOR
2 1 14374 14375 14377 AND
2 1 14373 14377 14378 XOR
2 1 14197 826 14379 XOR
2 1 14378 826 14380 XOR
2 1 14379 14378 14381 XOR
2 1 14379 14380 14382 AND
2 1 14378 14382 14383 XOR
2 1 14200 827 14384 XOR
2 1 14383 827 14385 XOR
2 1 14384 14383 14386 XOR
2 1 14384 14385 14387 AND
2 1 14383 14387 14388 XOR
2 1 14203 828 14389 XOR
2 1 14388 828 14390 XOR
2 1 14389 14388 14391 XOR
2 1 14389 14390 14392 AND
2 1 14388 14392 14393 XOR
2 1 14206 829 14394 XOR
2 1 14393 829 14395 XOR
2 1 14394 14393 14396 XOR
2 1 14394 14395 14397 AND
2 1 14393 14397 14398 XOR
2 1 14209 830 14399 XOR
2 1 14398 830 14400 XOR
2 1 14399 14398 14401 XOR
2 1 14399 14400 14402 AND
2 1 14398 14402 14403 XOR
2 1 14212 831 14404 XOR
2 1 14403 831 14405 XOR
2 1 14404 14403 14406 XOR
2 1 14404 14405 14407 AND
2 1 14403 14407 14408 XOR
2 1 14215 832 14409 XOR
2 1 14408 832 14410 XOR
2 1 14409 14408 14411 XOR
2 1 14409 14410 14412 AND
2 1 14408 14412 14413 XOR
2 1 14218 833 14414 XOR
2 1 14413 833 14415 XOR
2 1 14414 14413 14416 XOR
2 1 14414 14415 14417 AND
2 1 14413 14417 14418 XOR
2 1 14221 834 14419 XOR
2 1 14418 834 14420 XOR
2 1 14419 14418 14421 XOR
2 1 14419 14420 14422 AND
2 1 14418 14422 14423 XOR
2 1 14224 835 14424 XOR
2 1 14423 835 14425 XOR
2 1 14424 14423 14426 XOR
2 1 14424 14425 14427 AND
2 1 14423 14427 14428 XOR
2 1 14227 836 14429 XOR
2 1 14428 836 14430 XOR
2 1 14429 14428 14431 XOR
2 1 14429 14430 14432 AND
2 1 14428 14432 14433 XOR
2 1 14230 837 14434 XOR
2 1 14433 837 14435 XOR
2 1 14434 14433 14436 XOR
2 1 14434 14435 14437 AND
2 1 14433 14437 14438 XOR
2 1 14233 838 14439 XOR
2 1 14438 838 14440 XOR
2 1 14439 14438 14441 XOR
2 1 14439 14440 14442 AND
2 1 14438 14442 14443 XOR
2 1 14236 839 14444 XOR
2 1 14443 839 14445 XOR
2 1 14444 14443 14446 XOR
2 1 14444 14445 14447 AND
2 1 14443 14447 14448 XOR
2 1 14239 840 14449 XOR
2 1 14448 840 14450 XOR
2 1 14449 14448 14451 XOR
2 1 14449 14450 14452 AND
2 1 14448 14452 14453 XOR
2 1 14242 841 14454 XOR
2 1 14453 841 14455 XOR
2 1 14454 14453 14456 XOR
2 1 14454 14455 14457 AND
2 1 14453 14457 14458 XOR
2 1 14245 842 14459 XOR
2 1 14458 842 14460 XOR
2 1 14459 14458 14461 XOR
2 1 14459 14460 14462 AND
2 1 14458 14462 14463 XOR
2 1 14248 843 14464 XOR
2 1 14463 843 14465 XOR
2 1 14464 14463 14466 XOR
2 1 14464 14465 14467 AND
2 1 14463 14467 14468 XOR
2 1 14251 844 14469 XOR
2 1 14468 844 14470 XOR
2 1 14469 14468 14471 XOR
2 1 14469 14470 14472 AND
2 1 14468 14472 14473 XOR
2 1 14254 845 14474 XOR
2 1 14473 845 14475 XOR
2 1 14474 14473 14476 XOR
2 1 14474 14475 14477 AND
2 1 14473 14477 14478 XOR
2 1 14257 846 14479 XOR
2 1 14478 846 14480 XOR
2 1 14479 14478 14481 XOR
2 1 14479 14480 14482 AND
2 1 14478 14482 14483 XOR
2 1 14260 847 14484 XOR
2 1 14483 847 14485 XOR
2 1 14484 14483 14486 XOR
2 1 14484 14485 14487 AND
2 1 14483 14487 14488 XOR
2 1 14263 848 14489 XOR
2 1 14488 848 14490 XOR
2 1 14489 14488 14491 XOR
2 1 14489 14490 14492 AND
2 1 14488 14492 14493 XOR
2 1 14266 849 14494 XOR
2 1 14493 849 14495 XOR
2 1 14494 14493 14496 XOR
2 1 14494 14495 14497 AND
2 1 14493 14497 14498 XOR
2 1 14269 850 14499 XOR
2 1 14498 850 14500 XOR
2 1 14499 14498 14501 XOR
2 1 14499 14500 14502 AND
2 1 14498 14502 14503 XOR
2 1 14272 851 14504 XOR
2 1 14503 851 14505 XOR
2 1 14504 14503 14506 XOR
2 1 14504 14505 14507 AND
2 1 14503 14507 14508 XOR
2 1 14275 852 14509 XOR
2 1 14508 852 14510 XOR
2 1 14509 14508 14511 XOR
2 1 14509 14510 14512 AND
2 1 14508 14512 14513 XOR
2 1 14278 853 14514 XOR
2 1 14513 853 14515 XOR
2 1 14514 14513 14516 XOR
2 1 14514 14515 14517 AND
2 1 14513 14517 14518 XOR
2 1 14281 854 14519 XOR
2 1 14518 854 14520 XOR
2 1 14519 14518 14521 XOR
2 1 14519 14520 14522 AND
2 1 14518 14522 14523 XOR
2 1 14284 855 14524 XOR
2 1 14523 855 14525 XOR
2 1 14524 14523 14526 XOR
2 1 14524 14525 14527 AND
2 1 14523 14527 14528 XOR
2 1 14287 856 14529 XOR
2 1 14528 856 14530 XOR
2 1 14529 14528 14531 XOR
2 1 14529 14530 14532 AND
2 1 14528 14532 14533 XOR
2 1 14290 857 14534 XOR
2 1 14533 857 14535 XOR
2 1 14534 14533 14536 XOR
2 1 14534 14535 14537 AND
2 1 14533 14537 14538 XOR
2 1 14293 858 14539 XOR
2 1 14538 858 14540 XOR
2 1 14539 14538 14541 XOR
2 1 14539 14540 14542 AND
2 1 14538 14542 14543 XOR
2 1 14296 859 14544 XOR
2 1 14543 859 14545 XOR
2 1 14544 14543 14546 XOR
2 1 14544 14545 14547 AND
2 1 14543 14547 14548 XOR
2 1 14299 860 14549 XOR
2 1 14548 860 14550 XOR
2 1 14549 14548 14551 XOR
2 1 14549 14550 14552 AND
2 1 14548 14552 14553 XOR
2 1 14302 861 14554 XOR
2 1 14553 861 14555 XOR
2 1 14554 14553 14556 XOR
2 1 14554 14555 14557 AND
2 1 14553 14557 14558 XOR
2 1 14305 862 14559 XOR
2 1 14558 862 14560 XOR
2 1 14559 14558 14561 XOR
2 1 14559 14560 14562 AND
2 1 14558 14562 14563 XOR
2 1 14308 863 14564 XOR
2 1 14563 863 14565 XOR
2 1 14564 14563 14566 XOR
2 1 14564 14565 14567 AND
2 1 14563 14567 14568 XOR
2 1 14311 864 14569 XOR
2 1 14568 864 14570 XOR
2 1 14569 14568 14571 XOR
2 1 14569 14570 14572 AND
2 1 14568 14572 14573 XOR
2 1 14314 865 14574 XOR
2 1 14573 865 14575 XOR
2 1 14574 14573 14576 XOR
2 1 14574 14575 14577 AND
2 1 14573 14577 14578 XOR
2 1 14317 866 14579 XOR
2 1 14578 866 14580 XOR
2 1 14579 14578 14581 XOR
2 1 14579 14580 14582 AND
2 1 14578 14582 14583 XOR
2 1 14320 867 14584 XOR
2 1 14583 867 14585 XOR
2 1 14584 14583 14586 XOR
2 1 14584 14585 14587 AND
2 1 14583 14587 14588 XOR
2 1 14323 868 14589 XOR
2 1 14588 868 14590 XOR
2 1 14589 14588 14591 XOR
2 1 14589 14590 14592 AND
2 1 14588 14592 14593 XOR
2 1 14326 869 14594 XOR
2 1 14593 869 14595 XOR
2 1 14594 14593 14596 XOR
2 1 14594 14595 14597 AND
2 1 14593 14597 14598 XOR
2 1 14329 870 14599 XOR
2 1 14598 870 14600 XOR
2 1 14599 14598 14601 XOR
2 1 14599 14600 14602 AND
2 1 14598 14602 14603 XOR
2 1 14332 871 14604 XOR
2 1 14603 871 14605 XOR
2 1 14604 14603 14606 XOR
2 1 14604 14605 14607 AND
2 1 14603 14607 14608 XOR
2 1 14335 872 14609 XOR
2 1 14608 872 14610 XOR
2 1 14609 14608 14611 XOR
2 1 14609 14610 14612 AND
2 1 14608 14612 14613 XOR
2 1 14338 873 14614 XOR
2 1 14613 873 14615 XOR
2 1 14614 14613 14616 XOR
2 1 14614 14615 14617 AND
2 1 14613 14617 14618 XOR
2 1 14341 874 14619 XOR
2 1 14618 874 14620 XOR
2 1 14619 14618 14621 XOR
2 1 14619 14620 14622 AND
2 1 14618 14622 14623 XOR
2 1 14344 875 14624 XOR
2 1 14623 875 14625 XOR
2 1 14624 14623 14626 XOR
2 1 14624 14625 14627 AND
2 1 14623 14627 14628 XOR
2 1 14347 876 14629 XOR
2 1 14628 876 14630 XOR
2 1 14629 14628 14631 XOR
2 1 14629 14630 14632 AND
2 1 14628 14632 14633 XOR
2 1 14350 877 14634 XOR
2 1 14633 877 14635 XOR
2 1 14634 14633 14636 XOR
2 1 14634 14635 14637 AND
2 1 14633 14637 14638 XOR
2 1 14638 899 14639 AND
2 1 14638 899 14640 XOR
2 1 14640 14639 14641 XOR
2 1 448 14352 14642 XOR
2 1 14641 14642 14643 AND
2 1 14643 14352 14644 XOR
2 1 14182 14356 14645 XOR
2 1 14641 14645 14646 AND
2 1 14646 14356 14647 XOR
2 1 14185 14361 14648 XOR
2 1 14641 14648 14649 AND
2 1 14649 14361 14650 XOR
2 1 14188 14366 14651 XOR
2 1 14641 14651 14652 AND
2 1 14652 14366 14653 XOR
2 1 14191 14371 14654 XOR
2 1 14641 14654 14655 AND
2 1 14655 14371 14656 XOR
2 1 14194 14376 14657 XOR
2 1 14641 14657 14658 AND
2 1 14658 14376 14659 XOR
2 1 14197 14381 14660 XOR
2 1 14641 14660 14661 AND
2 1 14661 14381 14662 XOR
2 1 14200 14386 14663 XOR
2 1 14641 14663 14664 AND
2 1 14664 14386 14665 XOR
2 1 14203 14391 14666 XOR
2 1 14641 14666 14667 AND
2 1 14667 14391 14668 XOR
2 1 14206 14396 14669 XOR
2 1 14641 14669 14670 AND
2 1 14670 14396 14671 XOR
2 1 14209 14401 14672 XOR
2 1 14641 14672 14673 AND
2 1 14673 14401 14674 XOR
2 1 14212 14406 14675 XOR
2 1 14641 14675 14676 AND
2 1 14676 14406 14677 XOR
2 1 14215 14411 14678 XOR
2 1 14641 14678 14679 AND
2 1 14679 14411 14680 XOR
2 1 14218 14416 14681 XOR
2 1 14641 14681 14682 AND
2 1 14682 14416 14683 XOR
2 1 14221 14421 14684 XOR
2 1 14641 14684 14685 AND
2 1 14685 14421 14686 XOR
2 1 14224 14426 14687 XOR
2 1 14641 14687 14688 AND
2 1 14688 14426 14689 XOR
2 1 14227 14431 14690 XOR
2 1 14641 14690 14691 AND
2 1 14691 14431 14692 XOR
2 1 14230 14436 14693 XOR
2 1 14641 14693 14694 AND
2 1 14694 14436 14695 XOR
2 1 14233 14441 14696 XOR
2 1 14641 14696 14697 AND
2 1 14697 14441 14698 XOR
2 1 14236 14446 14699 XOR
2 1 14641 14699 14700 AND
2 1 14700 14446 14701 XOR
2 1 14239 14451 14702 XOR
2 1 14641 14702 14703 AND
2 1 14703 14451 14704 XOR
2 1 14242 14456 14705 XOR
2 1 14641 14705 14706 AND
2 1 14706 14456 14707 XOR
2 1 14245 14461 14708 XOR
2 1 14641 14708 14709 AND
2 1 14709 14461 14710 XOR
2 1 14248 14466 14711 XOR
2 1 14641 14711 14712 AND
2 1 14712 14466 14713 XOR
2 1 14251 14471 14714 XOR
2 1 14641 14714 14715 AND
2 1 14715 14471 14716 XOR
2 1 14254 14476 14717 XOR
2 1 14641 14717 14718 AND
2 1 14718 14476 14719 XOR
2 1 14257 14481 14720 XOR
2 1 14641 14720 14721 AND
2 1 14721 14481 14722 XOR
2 1 14260 14486 14723 XOR
2 1 14641 14723 14724 AND
2 1 14724 14486 14725 XOR
2 1 14263 14491 14726 XOR
2 1 14641 14726 14727 AND
2 1 14727 14491 14728 XOR
2 1 14266 14496 14729 XOR
2 1 14641 14729 14730 AND
2 1 14730 14496 14731 XOR
2 1 14269 14501 14732 XOR
2 1 14641 14732 14733 AND
2 1 14733 14501 14734 XOR
2 1 14272 14506 14735 XOR
2 1 14641 14735 14736 AND
2 1 14736 14506 14737 XOR
2 1 14275 14511 14738 XOR
2 1 14641 14738 14739 AND
2 1 14739 14511 14740 XOR
2 1 14278 14516 14741 XOR
2 1 14641 14741 14742 AND
2 1 14742 14516 14743 XOR
2 1 14281 14521 14744 XOR
2 1 14641 14744 14745 AND
2 1 14745 14521 14746 XOR
2 1 14284 14526 14747 XOR
2 1 14641 14747 14748 AND
2 1 14748 14526 14749 XOR
2 1 14287 14531 14750 XOR
2 1 14641 14750 14751 AND
2 1 14751 14531 14752 XOR
2 1 14290 14536 14753 XOR
2 1 14641 14753 14754 AND
2 1 14754 14536 14755 XOR
2 1 14293 14541 14756 XOR
2 1 14641 14756 14757 AND
2 1 14757 14541 14758 XOR
2 1 14296 14546 14759 XOR
2 1 14641 14759 14760 AND
2 1 14760 14546 14761 XOR
2 1 14299 14551 14762 XOR
2 1 14641 14762 14763 AND
2 1 14763 14551 14764 XOR
2 1 14302 14556 14765 XOR
2 1 14641 14765 14766 AND
2 1 14766 14556 14767 XOR
2 1 14305 14561 14768 XOR
2 1 14641 14768 14769 AND
2 1 14769 14561 14770 XOR
2 1 14308 14566 14771 XOR
2 1 14641 14771 14772 AND
2 1 14772 14566 14773 XOR
2 1 14311 14571 14774 XOR
2 1 14641 14774 14775 AND
2 1 14775 14571 14776 XOR
2 1 14314 14576 14777 XOR
2 1 14641 14777 14778 AND
2 1 14778 14576 14779 XOR
2 1 14317 14581 14780 XOR
2 1 14641 14780 14781 AND
2 1 14781 14581 14782 XOR
2 1 14320 14586 14783 XOR
2 1 14641 14783 14784 AND
2 1 14784 14586 14785 XOR
2 1 14323 14591 14786 XOR
2 1 14641 14786 14787 AND
2 1 14787 14591 14788 XOR
2 1 14326 14596 14789 XOR
2 1 14641 14789 14790 AND
2 1 14790 14596 14791 XOR
2 1 14329 14601 14792 XOR
2 1 14641 14792 14793 AND
2 1 14793 14601 14794 XOR
2 1 14332 14606 14795 XOR
2 1 14641 14795 14796 AND
2 1 14796 14606 14797 XOR
2 1 14335 14611 14798 XOR
2 1 14641 14798 14799 AND
2 1 14799 14611 14800 XOR
2 1 14338 14616 14801 XOR
2 1 14641 14801 14802 AND
2 1 14802 14616 14803 XOR
2 1 14341 14621 14804 XOR
2 1 14641 14804 14805 AND
2 1 14805 14621 14806 XOR
2 1 14344 14626 14807 XOR
2 1 14641 14807 14808 AND
2 1 14808 14626 14809 XOR
2 1 14347 14631 14810 XOR
2 1 14641 14810 14811 AND
2 1 14811 14631 14812 XOR
2 1 14350 14636 14813 XOR
2 1 14641 14813 14814 AND
2 1 14814 14636 14815 XOR
1 1 14641 14816 INV
2 1 447 820 14817 XOR
2 1 14817 820 14818 AND
2 1 14644 821 14819 XOR
2 1 14818 821 14820 XOR
2 1 14819 14818 14821 XOR
2 1 14819 14820 14822 AND
2 1 14818 14822 14823 XOR
2 1 14647 822 14824 XOR
2 1 14823 822 14825 XOR
2 1 14824 14823 14826 XOR
2 1 14824 14825 14827 AND
2 1 14823 14827 14828 XOR
2 1 14650 823 14829 XOR
2 1 14828 823 14830 XOR
2 1 14829 14828 14831 XOR
2 1 14829 14830 14832 AND
2 1 14828 14832 14833 XOR
2 1 14653 824 14834 XOR
2 1 14833 824 14835 XOR
2 1 14834 14833 14836 XOR
2 1 14834 14835 14837 AND
2 1 14833 14837 14838 XOR
2 1 14656 825 14839 XOR
2 1 14838 825 14840 XOR
2 1 14839 14838 14841 XOR
2 1 14839 14840 14842 AND
2 1 14838 14842 14843 XOR
2 1 14659 826 14844 XOR
2 1 14843 826 14845 XOR
2 1 14844 14843 14846 XOR
2 1 14844 14845 14847 AND
2 1 14843 14847 14848 XOR
2 1 14662 827 14849 XOR
2 1 14848 827 14850 XOR
2 1 14849 14848 14851 XOR
2 1 14849 14850 14852 AND
2 1 14848 14852 14853 XOR
2 1 14665 828 14854 XOR
2 1 14853 828 14855 XOR
2 1 14854 14853 14856 XOR
2 1 14854 14855 14857 AND
2 1 14853 14857 14858 XOR
2 1 14668 829 14859 XOR
2 1 14858 829 14860 XOR
2 1 14859 14858 14861 XOR
2 1 14859 14860 14862 AND
2 1 14858 14862 14863 XOR
2 1 14671 830 14864 XOR
2 1 14863 830 14865 XOR
2 1 14864 14863 14866 XOR
2 1 14864 14865 14867 AND
2 1 14863 14867 14868 XOR
2 1 14674 831 14869 XOR
2 1 14868 831 14870 XOR
2 1 14869 14868 14871 XOR
2 1 14869 14870 14872 AND
2 1 14868 14872 14873 XOR
2 1 14677 832 14874 XOR
2 1 14873 832 14875 XOR
2 1 14874 14873 14876 XOR
2 1 14874 14875 14877 AND
2 1 14873 14877 14878 XOR
2 1 14680 833 14879 XOR
2 1 14878 833 14880 XOR
2 1 14879 14878 14881 XOR
2 1 14879 14880 14882 AND
2 1 14878 14882 14883 XOR
2 1 14683 834 14884 XOR
2 1 14883 834 14885 XOR
2 1 14884 14883 14886 XOR
2 1 14884 14885 14887 AND
2 1 14883 14887 14888 XOR
2 1 14686 835 14889 XOR
2 1 14888 835 14890 XOR
2 1 14889 14888 14891 XOR
2 1 14889 14890 14892 AND
2 1 14888 14892 14893 XOR
2 1 14689 836 14894 XOR
2 1 14893 836 14895 XOR
2 1 14894 14893 14896 XOR
2 1 14894 14895 14897 AND
2 1 14893 14897 14898 XOR
2 1 14692 837 14899 XOR
2 1 14898 837 14900 XOR
2 1 14899 14898 14901 XOR
2 1 14899 14900 14902 AND
2 1 14898 14902 14903 XOR
2 1 14695 838 14904 XOR
2 1 14903 838 14905 XOR
2 1 14904 14903 14906 XOR
2 1 14904 14905 14907 AND
2 1 14903 14907 14908 XOR
2 1 14698 839 14909 XOR
2 1 14908 839 14910 XOR
2 1 14909 14908 14911 XOR
2 1 14909 14910 14912 AND
2 1 14908 14912 14913 XOR
2 1 14701 840 14914 XOR
2 1 14913 840 14915 XOR
2 1 14914 14913 14916 XOR
2 1 14914 14915 14917 AND
2 1 14913 14917 14918 XOR
2 1 14704 841 14919 XOR
2 1 14918 841 14920 XOR
2 1 14919 14918 14921 XOR
2 1 14919 14920 14922 AND
2 1 14918 14922 14923 XOR
2 1 14707 842 14924 XOR
2 1 14923 842 14925 XOR
2 1 14924 14923 14926 XOR
2 1 14924 14925 14927 AND
2 1 14923 14927 14928 XOR
2 1 14710 843 14929 XOR
2 1 14928 843 14930 XOR
2 1 14929 14928 14931 XOR
2 1 14929 14930 14932 AND
2 1 14928 14932 14933 XOR
2 1 14713 844 14934 XOR
2 1 14933 844 14935 XOR
2 1 14934 14933 14936 XOR
2 1 14934 14935 14937 AND
2 1 14933 14937 14938 XOR
2 1 14716 845 14939 XOR
2 1 14938 845 14940 XOR
2 1 14939 14938 14941 XOR
2 1 14939 14940 14942 AND
2 1 14938 14942 14943 XOR
2 1 14719 846 14944 XOR
2 1 14943 846 14945 XOR
2 1 14944 14943 14946 XOR
2 1 14944 14945 14947 AND
2 1 14943 14947 14948 XOR
2 1 14722 847 14949 XOR
2 1 14948 847 14950 XOR
2 1 14949 14948 14951 XOR
2 1 14949 14950 14952 AND
2 1 14948 14952 14953 XOR
2 1 14725 848 14954 XOR
2 1 14953 848 14955 XOR
2 1 14954 14953 14956 XOR
2 1 14954 14955 14957 AND
2 1 14953 14957 14958 XOR
2 1 14728 849 14959 XOR
2 1 14958 849 14960 XOR
2 1 14959 14958 14961 XOR
2 1 14959 14960 14962 AND
2 1 14958 14962 14963 XOR
2 1 14731 850 14964 XOR
2 1 14963 850 14965 XOR
2 1 14964 14963 14966 XOR
2 1 14964 14965 14967 AND
2 1 14963 14967 14968 XOR
2 1 14734 851 14969 XOR
2 1 14968 851 14970 XOR
2 1 14969 14968 14971 XOR
2 1 14969 14970 14972 AND
2 1 14968 14972 14973 XOR
2 1 14737 852 14974 XOR
2 1 14973 852 14975 XOR
2 1 14974 14973 14976 XOR
2 1 14974 14975 14977 AND
2 1 14973 14977 14978 XOR
2 1 14740 853 14979 XOR
2 1 14978 853 14980 XOR
2 1 14979 14978 14981 XOR
2 1 14979 14980 14982 AND
2 1 14978 14982 14983 XOR
2 1 14743 854 14984 XOR
2 1 14983 854 14985 XOR
2 1 14984 14983 14986 XOR
2 1 14984 14985 14987 AND
2 1 14983 14987 14988 XOR
2 1 14746 855 14989 XOR
2 1 14988 855 14990 XOR
2 1 14989 14988 14991 XOR
2 1 14989 14990 14992 AND
2 1 14988 14992 14993 XOR
2 1 14749 856 14994 XOR
2 1 14993 856 14995 XOR
2 1 14994 14993 14996 XOR
2 1 14994 14995 14997 AND
2 1 14993 14997 14998 XOR
2 1 14752 857 14999 XOR
2 1 14998 857 15000 XOR
2 1 14999 14998 15001 XOR
2 1 14999 15000 15002 AND
2 1 14998 15002 15003 XOR
2 1 14755 858 15004 XOR
2 1 15003 858 15005 XOR
2 1 15004 15003 15006 XOR
2 1 15004 15005 15007 AND
2 1 15003 15007 15008 XOR
2 1 14758 859 15009 XOR
2 1 15008 859 15010 XOR
2 1 15009 15008 15011 XOR
2 1 15009 15010 15012 AND
2 1 15008 15012 15013 XOR
2 1 14761 860 15014 XOR
2 1 15013 860 15015 XOR
2 1 15014 15013 15016 XOR
2 1 15014 15015 15017 AND
2 1 15013 15017 15018 XOR
2 1 14764 861 15019 XOR
2 1 15018 861 15020 XOR
2 1 15019 15018 15021 XOR
2 1 15019 15020 15022 AND
2 1 15018 15022 15023 XOR
2 1 14767 862 15024 XOR
2 1 15023 862 15025 XOR
2 1 15024 15023 15026 XOR
2 1 15024 15025 15027 AND
2 1 15023 15027 15028 XOR
2 1 14770 863 15029 XOR
2 1 15028 863 15030 XOR
2 1 15029 15028 15031 XOR
2 1 15029 15030 15032 AND
2 1 15028 15032 15033 XOR
2 1 14773 864 15034 XOR
2 1 15033 864 15035 XOR
2 1 15034 15033 15036 XOR
2 1 15034 15035 15037 AND
2 1 15033 15037 15038 XOR
2 1 14776 865 15039 XOR
2 1 15038 865 15040 XOR
2 1 15039 15038 15041 XOR
2 1 15039 15040 15042 AND
2 1 15038 15042 15043 XOR
2 1 14779 866 15044 XOR
2 1 15043 866 15045 XOR
2 1 15044 15043 15046 XOR
2 1 15044 15045 15047 AND
2 1 15043 15047 15048 XOR
2 1 14782 867 15049 XOR
2 1 15048 867 15050 XOR
2 1 15049 15048 15051 XOR
2 1 15049 15050 15052 AND
2 1 15048 15052 15053 XOR
2 1 14785 868 15054 XOR
2 1 15053 868 15055 XOR
2 1 15054 15053 15056 XOR
2 1 15054 15055 15057 AND
2 1 15053 15057 15058 XOR
2 1 14788 869 15059 XOR
2 1 15058 869 15060 XOR
2 1 15059 15058 15061 XOR
2 1 15059 15060 15062 AND
2 1 15058 15062 15063 XOR
2 1 14791 870 15064 XOR
2 1 15063 870 15065 XOR
2 1 15064 15063 15066 XOR
2 1 15064 15065 15067 AND
2 1 15063 15067 15068 XOR
2 1 14794 871 15069 XOR
2 1 15068 871 15070 XOR
2 1 15069 15068 15071 XOR
2 1 15069 15070 15072 AND
2 1 15068 15072 15073 XOR
2 1 14797 872 15074 XOR
2 1 15073 872 15075 XOR
2 1 15074 15073 15076 XOR
2 1 15074 15075 15077 AND
2 1 15073 15077 15078 XOR
2 1 14800 873 15079 XOR
2 1 15078 873 15080 XOR
2 1 15079 15078 15081 XOR
2 1 15079 15080 15082 AND
2 1 15078 15082 15083 XOR
2 1 14803 874 15084 XOR
2 1 15083 874 15085 XOR
2 1 15084 15083 15086 XOR
2 1 15084 15085 15087 AND
2 1 15083 15087 15088 XOR
2 1 14806 875 15089 XOR
2 1 15088 875 15090 XOR
2 1 15089 15088 15091 XOR
2 1 15089 15090 15092 AND
2 1 15088 15092 15093 XOR
2 1 14809 876 15094 XOR
2 1 15093 876 15095 XOR
2 1 15094 15093 15096 XOR
2 1 15094 15095 15097 AND
2 1 15093 15097 15098 XOR
2 1 14812 877 15099 XOR
2 1 15098 877 15100 XOR
2 1 15099 15098 15101 XOR
2 1 15099 15100 15102 AND
2 1 15098 15102 15103 XOR
2 1 14815 878 15104 XOR
2 1 15103 878 15105 XOR
2 1 15104 15103 15106 XOR
2 1 15104 15105 15107 AND
2 1 15103 15107 15108 XOR
2 1 15108 896 15109 AND
2 1 15108 896 15110 XOR
2 1 15110 15109 15111 XOR
2 1 447 14817 15112 XOR
2 1 15111 15112 15113 AND
2 1 15113 14817 15114 XOR
2 1 14644 14821 15115 XOR
2 1 15111 15115 15116 AND
2 1 15116 14821 15117 XOR
2 1 14647 14826 15118 XOR
2 1 15111 15118 15119 AND
2 1 15119 14826 15120 XOR
2 1 14650 14831 15121 XOR
2 1 15111 15121 15122 AND
2 1 15122 14831 15123 XOR
2 1 14653 14836 15124 XOR
2 1 15111 15124 15125 AND
2 1 15125 14836 15126 XOR
2 1 14656 14841 15127 XOR
2 1 15111 15127 15128 AND
2 1 15128 14841 15129 XOR
2 1 14659 14846 15130 XOR
2 1 15111 15130 15131 AND
2 1 15131 14846 15132 XOR
2 1 14662 14851 15133 XOR
2 1 15111 15133 15134 AND
2 1 15134 14851 15135 XOR
2 1 14665 14856 15136 XOR
2 1 15111 15136 15137 AND
2 1 15137 14856 15138 XOR
2 1 14668 14861 15139 XOR
2 1 15111 15139 15140 AND
2 1 15140 14861 15141 XOR
2 1 14671 14866 15142 XOR
2 1 15111 15142 15143 AND
2 1 15143 14866 15144 XOR
2 1 14674 14871 15145 XOR
2 1 15111 15145 15146 AND
2 1 15146 14871 15147 XOR
2 1 14677 14876 15148 XOR
2 1 15111 15148 15149 AND
2 1 15149 14876 15150 XOR
2 1 14680 14881 15151 XOR
2 1 15111 15151 15152 AND
2 1 15152 14881 15153 XOR
2 1 14683 14886 15154 XOR
2 1 15111 15154 15155 AND
2 1 15155 14886 15156 XOR
2 1 14686 14891 15157 XOR
2 1 15111 15157 15158 AND
2 1 15158 14891 15159 XOR
2 1 14689 14896 15160 XOR
2 1 15111 15160 15161 AND
2 1 15161 14896 15162 XOR
2 1 14692 14901 15163 XOR
2 1 15111 15163 15164 AND
2 1 15164 14901 15165 XOR
2 1 14695 14906 15166 XOR
2 1 15111 15166 15167 AND
2 1 15167 14906 15168 XOR
2 1 14698 14911 15169 XOR
2 1 15111 15169 15170 AND
2 1 15170 14911 15171 XOR
2 1 14701 14916 15172 XOR
2 1 15111 15172 15173 AND
2 1 15173 14916 15174 XOR
2 1 14704 14921 15175 XOR
2 1 15111 15175 15176 AND
2 1 15176 14921 15177 XOR
2 1 14707 14926 15178 XOR
2 1 15111 15178 15179 AND
2 1 15179 14926 15180 XOR
2 1 14710 14931 15181 XOR
2 1 15111 15181 15182 AND
2 1 15182 14931 15183 XOR
2 1 14713 14936 15184 XOR
2 1 15111 15184 15185 AND
2 1 15185 14936 15186 XOR
2 1 14716 14941 15187 XOR
2 1 15111 15187 15188 AND
2 1 15188 14941 15189 XOR
2 1 14719 14946 15190 XOR
2 1 15111 15190 15191 AND
2 1 15191 14946 15192 XOR
2 1 14722 14951 15193 XOR
2 1 15111 15193 15194 AND
2 1 15194 14951 15195 XOR
2 1 14725 14956 15196 XOR
2 1 15111 15196 15197 AND
2 1 15197 14956 15198 XOR
2 1 14728 14961 15199 XOR
2 1 15111 15199 15200 AND
2 1 15200 14961 15201 XOR
2 1 14731 14966 15202 XOR
2 1 15111 15202 15203 AND
2 1 15203 14966 15204 XOR
2 1 14734 14971 15205 XOR
2 1 15111 15205 15206 AND
2 1 15206 14971 15207 XOR
2 1 14737 14976 15208 XOR
2 1 15111 15208 15209 AND
2 1 15209 14976 15210 XOR
2 1 14740 14981 15211 XOR
2 1 15111 15211 15212 AND
2 1 15212 14981 15213 XOR
2 1 14743 14986 15214 XOR
2 1 15111 15214 15215 AND
2 1 15215 14986 15216 XOR
2 1 14746 14991 15217 XOR
2 1 15111 15217 15218 AND
2 1 15218 14991 15219 XOR
2 1 14749 14996 15220 XOR
2 1 15111 15220 15221 AND
2 1 15221 14996 15222 XOR
2 1 14752 15001 15223 XOR
2 1 15111 15223 15224 AND
2 1 15224 15001 15225 XOR
2 1 14755 15006 15226 XOR
2 1 15111 15226 15227 AND
2 1 15227 15006 15228 XOR
2 1 14758 15011 15229 XOR
2 1 15111 15229 15230 AND
2 1 15230 15011 15231 XOR
2 1 14761 15016 15232 XOR
2 1 15111 15232 15233 AND
2 1 15233 15016 15234 XOR
2 1 14764 15021 15235 XOR
2 1 15111 15235 15236 AND
2 1 15236 15021 15237 XOR
2 1 14767 15026 15238 XOR
2 1 15111 15238 15239 AND
2 1 15239 15026 15240 XOR
2 1 14770 15031 15241 XOR
2 1 15111 15241 15242 AND
2 1 15242 15031 15243 XOR
2 1 14773 15036 15244 XOR
2 1 15111 15244 15245 AND
2 1 15245 15036 15246 XOR
2 1 14776 15041 15247 XOR
2 1 15111 15247 15248 AND
2 1 15248 15041 15249 XOR
2 1 14779 15046 15250 XOR
2 1 15111 15250 15251 AND
2 1 15251 15046 15252 XOR
2 1 14782 15051 15253 XOR
2 1 15111 15253 15254 AND
2 1 15254 15051 15255 XOR
2 1 14785 15056 15256 XOR
2 1 15111 15256 15257 AND
2 1 15257 15056 15258 XOR
2 1 14788 15061 15259 XOR
2 1 15111 15259 15260 AND
2 1 15260 15061 15261 XOR
2 1 14791 15066 15262 XOR
2 1 15111 15262 15263 AND
2 1 15263 15066 15264 XOR
2 1 14794 15071 15265 XOR
2 1 15111 15265 15266 AND
2 1 15266 15071 15267 XOR
2 1 14797 15076 15268 XOR
2 1 15111 15268 15269 AND
2 1 15269 15076 15270 XOR
2 1 14800 15081 15271 XOR
2 1 15111 15271 15272 AND
2 1 15272 15081 15273 XOR
2 1 14803 15086 15274 XOR
2 1 15111 15274 15275 AND
2 1 15275 15086 15276 XOR
2 1 14806 15091 15277 XOR
2 1 15111 15277 15278 AND
2 1 15278 15091 15279 XOR
2 1 14809 15096 15280 XOR
2 1 15111 15280 15281 AND
2 1 15281 15096 15282 XOR
2 1 14812 15101 15283 XOR
2 1 15111 15283 15284 AND
2 1 15284 15101 15285 XOR
2 1 14815 15106 15286 XOR
2 1 15111 15286 15287 AND
2 1 15287 15106 15288 XOR
1 1 15111 15289 INV
2 1 446 820 15290 XOR
2 1 15290 820 15291 AND
2 1 15114 821 15292 XOR
2 1 15291 821 15293 XOR
2 1 15292 15291 15294 XOR
2 1 15292 15293 15295 AND
2 1 15291 15295 15296 XOR
2 1 15117 822 15297 XOR
2 1 15296 822 15298 XOR
2 1 15297 15296 15299 XOR
2 1 15297 15298 15300 AND
2 1 15296 15300 15301 XOR
2 1 15120 823 15302 XOR
2 1 15301 823 15303 XOR
2 1 15302 15301 15304 XOR
2 1 15302 15303 15305 AND
2 1 15301 15305 15306 XOR
2 1 15123 824 15307 XOR
2 1 15306 824 15308 XOR
2 1 15307 15306 15309 XOR
2 1 15307 15308 15310 AND
2 1 15306 15310 15311 XOR
2 1 15126 825 15312 XOR
2 1 15311 825 15313 XOR
2 1 15312 15311 15314 XOR
2 1 15312 15313 15315 AND
2 1 15311 15315 15316 XOR
2 1 15129 826 15317 XOR
2 1 15316 826 15318 XOR
2 1 15317 15316 15319 XOR
2 1 15317 15318 15320 AND
2 1 15316 15320 15321 XOR
2 1 15132 827 15322 XOR
2 1 15321 827 15323 XOR
2 1 15322 15321 15324 XOR
2 1 15322 15323 15325 AND
2 1 15321 15325 15326 XOR
2 1 15135 828 15327 XOR
2 1 15326 828 15328 XOR
2 1 15327 15326 15329 XOR
2 1 15327 15328 15330 AND
2 1 15326 15330 15331 XOR
2 1 15138 829 15332 XOR
2 1 15331 829 15333 XOR
2 1 15332 15331 15334 XOR
2 1 15332 15333 15335 AND
2 1 15331 15335 15336 XOR
2 1 15141 830 15337 XOR
2 1 15336 830 15338 XOR
2 1 15337 15336 15339 XOR
2 1 15337 15338 15340 AND
2 1 15336 15340 15341 XOR
2 1 15144 831 15342 XOR
2 1 15341 831 15343 XOR
2 1 15342 15341 15344 XOR
2 1 15342 15343 15345 AND
2 1 15341 15345 15346 XOR
2 1 15147 832 15347 XOR
2 1 15346 832 15348 XOR
2 1 15347 15346 15349 XOR
2 1 15347 15348 15350 AND
2 1 15346 15350 15351 XOR
2 1 15150 833 15352 XOR
2 1 15351 833 15353 XOR
2 1 15352 15351 15354 XOR
2 1 15352 15353 15355 AND
2 1 15351 15355 15356 XOR
2 1 15153 834 15357 XOR
2 1 15356 834 15358 XOR
2 1 15357 15356 15359 XOR
2 1 15357 15358 15360 AND
2 1 15356 15360 15361 XOR
2 1 15156 835 15362 XOR
2 1 15361 835 15363 XOR
2 1 15362 15361 15364 XOR
2 1 15362 15363 15365 AND
2 1 15361 15365 15366 XOR
2 1 15159 836 15367 XOR
2 1 15366 836 15368 XOR
2 1 15367 15366 15369 XOR
2 1 15367 15368 15370 AND
2 1 15366 15370 15371 XOR
2 1 15162 837 15372 XOR
2 1 15371 837 15373 XOR
2 1 15372 15371 15374 XOR
2 1 15372 15373 15375 AND
2 1 15371 15375 15376 XOR
2 1 15165 838 15377 XOR
2 1 15376 838 15378 XOR
2 1 15377 15376 15379 XOR
2 1 15377 15378 15380 AND
2 1 15376 15380 15381 XOR
2 1 15168 839 15382 XOR
2 1 15381 839 15383 XOR
2 1 15382 15381 15384 XOR
2 1 15382 15383 15385 AND
2 1 15381 15385 15386 XOR
2 1 15171 840 15387 XOR
2 1 15386 840 15388 XOR
2 1 15387 15386 15389 XOR
2 1 15387 15388 15390 AND
2 1 15386 15390 15391 XOR
2 1 15174 841 15392 XOR
2 1 15391 841 15393 XOR
2 1 15392 15391 15394 XOR
2 1 15392 15393 15395 AND
2 1 15391 15395 15396 XOR
2 1 15177 842 15397 XOR
2 1 15396 842 15398 XOR
2 1 15397 15396 15399 XOR
2 1 15397 15398 15400 AND
2 1 15396 15400 15401 XOR
2 1 15180 843 15402 XOR
2 1 15401 843 15403 XOR
2 1 15402 15401 15404 XOR
2 1 15402 15403 15405 AND
2 1 15401 15405 15406 XOR
2 1 15183 844 15407 XOR
2 1 15406 844 15408 XOR
2 1 15407 15406 15409 XOR
2 1 15407 15408 15410 AND
2 1 15406 15410 15411 XOR
2 1 15186 845 15412 XOR
2 1 15411 845 15413 XOR
2 1 15412 15411 15414 XOR
2 1 15412 15413 15415 AND
2 1 15411 15415 15416 XOR
2 1 15189 846 15417 XOR
2 1 15416 846 15418 XOR
2 1 15417 15416 15419 XOR
2 1 15417 15418 15420 AND
2 1 15416 15420 15421 XOR
2 1 15192 847 15422 XOR
2 1 15421 847 15423 XOR
2 1 15422 15421 15424 XOR
2 1 15422 15423 15425 AND
2 1 15421 15425 15426 XOR
2 1 15195 848 15427 XOR
2 1 15426 848 15428 XOR
2 1 15427 15426 15429 XOR
2 1 15427 15428 15430 AND
2 1 15426 15430 15431 XOR
2 1 15198 849 15432 XOR
2 1 15431 849 15433 XOR
2 1 15432 15431 15434 XOR
2 1 15432 15433 15435 AND
2 1 15431 15435 15436 XOR
2 1 15201 850 15437 XOR
2 1 15436 850 15438 XOR
2 1 15437 15436 15439 XOR
2 1 15437 15438 15440 AND
2 1 15436 15440 15441 XOR
2 1 15204 851 15442 XOR
2 1 15441 851 15443 XOR
2 1 15442 15441 15444 XOR
2 1 15442 15443 15445 AND
2 1 15441 15445 15446 XOR
2 1 15207 852 15447 XOR
2 1 15446 852 15448 XOR
2 1 15447 15446 15449 XOR
2 1 15447 15448 15450 AND
2 1 15446 15450 15451 XOR
2 1 15210 853 15452 XOR
2 1 15451 853 15453 XOR
2 1 15452 15451 15454 XOR
2 1 15452 15453 15455 AND
2 1 15451 15455 15456 XOR
2 1 15213 854 15457 XOR
2 1 15456 854 15458 XOR
2 1 15457 15456 15459 XOR
2 1 15457 15458 15460 AND
2 1 15456 15460 15461 XOR
2 1 15216 855 15462 XOR
2 1 15461 855 15463 XOR
2 1 15462 15461 15464 XOR
2 1 15462 15463 15465 AND
2 1 15461 15465 15466 XOR
2 1 15219 856 15467 XOR
2 1 15466 856 15468 XOR
2 1 15467 15466 15469 XOR
2 1 15467 15468 15470 AND
2 1 15466 15470 15471 XOR
2 1 15222 857 15472 XOR
2 1 15471 857 15473 XOR
2 1 15472 15471 15474 XOR
2 1 15472 15473 15475 AND
2 1 15471 15475 15476 XOR
2 1 15225 858 15477 XOR
2 1 15476 858 15478 XOR
2 1 15477 15476 15479 XOR
2 1 15477 15478 15480 AND
2 1 15476 15480 15481 XOR
2 1 15228 859 15482 XOR
2 1 15481 859 15483 XOR
2 1 15482 15481 15484 XOR
2 1 15482 15483 15485 AND
2 1 15481 15485 15486 XOR
2 1 15231 860 15487 XOR
2 1 15486 860 15488 XOR
2 1 15487 15486 15489 XOR
2 1 15487 15488 15490 AND
2 1 15486 15490 15491 XOR
2 1 15234 861 15492 XOR
2 1 15491 861 15493 XOR
2 1 15492 15491 15494 XOR
2 1 15492 15493 15495 AND
2 1 15491 15495 15496 XOR
2 1 15237 862 15497 XOR
2 1 15496 862 15498 XOR
2 1 15497 15496 15499 XOR
2 1 15497 15498 15500 AND
2 1 15496 15500 15501 XOR
2 1 15240 863 15502 XOR
2 1 15501 863 15503 XOR
2 1 15502 15501 15504 XOR
2 1 15502 15503 15505 AND
2 1 15501 15505 15506 XOR
2 1 15243 864 15507 XOR
2 1 15506 864 15508 XOR
2 1 15507 15506 15509 XOR
2 1 15507 15508 15510 AND
2 1 15506 15510 15511 XOR
2 1 15246 865 15512 XOR
2 1 15511 865 15513 XOR
2 1 15512 15511 15514 XOR
2 1 15512 15513 15515 AND
2 1 15511 15515 15516 XOR
2 1 15249 866 15517 XOR
2 1 15516 866 15518 XOR
2 1 15517 15516 15519 XOR
2 1 15517 15518 15520 AND
2 1 15516 15520 15521 XOR
2 1 15252 867 15522 XOR
2 1 15521 867 15523 XOR
2 1 15522 15521 15524 XOR
2 1 15522 15523 15525 AND
2 1 15521 15525 15526 XOR
2 1 15255 868 15527 XOR
2 1 15526 868 15528 XOR
2 1 15527 15526 15529 XOR
2 1 15527 15528 15530 AND
2 1 15526 15530 15531 XOR
2 1 15258 869 15532 XOR
2 1 15531 869 15533 XOR
2 1 15532 15531 15534 XOR
2 1 15532 15533 15535 AND
2 1 15531 15535 15536 XOR
2 1 15261 870 15537 XOR
2 1 15536 870 15538 XOR
2 1 15537 15536 15539 XOR
2 1 15537 15538 15540 AND
2 1 15536 15540 15541 XOR
2 1 15264 871 15542 XOR
2 1 15541 871 15543 XOR
2 1 15542 15541 15544 XOR
2 1 15542 15543 15545 AND
2 1 15541 15545 15546 XOR
2 1 15267 872 15547 XOR
2 1 15546 872 15548 XOR
2 1 15547 15546 15549 XOR
2 1 15547 15548 15550 AND
2 1 15546 15550 15551 XOR
2 1 15270 873 15552 XOR
2 1 15551 873 15553 XOR
2 1 15552 15551 15554 XOR
2 1 15552 15553 15555 AND
2 1 15551 15555 15556 XOR
2 1 15273 874 15557 XOR
2 1 15556 874 15558 XOR
2 1 15557 15556 15559 XOR
2 1 15557 15558 15560 AND
2 1 15556 15560 15561 XOR
2 1 15276 875 15562 XOR
2 1 15561 875 15563 XOR
2 1 15562 15561 15564 XOR
2 1 15562 15563 15565 AND
2 1 15561 15565 15566 XOR
2 1 15279 876 15567 XOR
2 1 15566 876 15568 XOR
2 1 15567 15566 15569 XOR
2 1 15567 15568 15570 AND
2 1 15566 15570 15571 XOR
2 1 15282 877 15572 XOR
2 1 15571 877 15573 XOR
2 1 15572 15571 15574 XOR
2 1 15572 15573 15575 AND
2 1 15571 15575 15576 XOR
2 1 15285 878 15577 XOR
2 1 15576 878 15578 XOR
2 1 15577 15576 15579 XOR
2 1 15577 15578 15580 AND
2 1 15576 15580 15581 XOR
2 1 15288 879 15582 XOR
2 1 15581 879 15583 XOR
2 1 15582 15581 15584 XOR
2 1 15582 15583 15585 AND
2 1 15581 15585 15586 XOR
2 1 15586 893 15587 AND
2 1 15586 893 15588 XOR
2 1 15588 15587 15589 XOR
2 1 446 15290 15590 XOR
2 1 15589 15590 15591 AND
2 1 15591 15290 15592 XOR
2 1 15114 15294 15593 XOR
2 1 15589 15593 15594 AND
2 1 15594 15294 15595 XOR
2 1 15117 15299 15596 XOR
2 1 15589 15596 15597 AND
2 1 15597 15299 15598 XOR
2 1 15120 15304 15599 XOR
2 1 15589 15599 15600 AND
2 1 15600 15304 15601 XOR
2 1 15123 15309 15602 XOR
2 1 15589 15602 15603 AND
2 1 15603 15309 15604 XOR
2 1 15126 15314 15605 XOR
2 1 15589 15605 15606 AND
2 1 15606 15314 15607 XOR
2 1 15129 15319 15608 XOR
2 1 15589 15608 15609 AND
2 1 15609 15319 15610 XOR
2 1 15132 15324 15611 XOR
2 1 15589 15611 15612 AND
2 1 15612 15324 15613 XOR
2 1 15135 15329 15614 XOR
2 1 15589 15614 15615 AND
2 1 15615 15329 15616 XOR
2 1 15138 15334 15617 XOR
2 1 15589 15617 15618 AND
2 1 15618 15334 15619 XOR
2 1 15141 15339 15620 XOR
2 1 15589 15620 15621 AND
2 1 15621 15339 15622 XOR
2 1 15144 15344 15623 XOR
2 1 15589 15623 15624 AND
2 1 15624 15344 15625 XOR
2 1 15147 15349 15626 XOR
2 1 15589 15626 15627 AND
2 1 15627 15349 15628 XOR
2 1 15150 15354 15629 XOR
2 1 15589 15629 15630 AND
2 1 15630 15354 15631 XOR
2 1 15153 15359 15632 XOR
2 1 15589 15632 15633 AND
2 1 15633 15359 15634 XOR
2 1 15156 15364 15635 XOR
2 1 15589 15635 15636 AND
2 1 15636 15364 15637 XOR
2 1 15159 15369 15638 XOR
2 1 15589 15638 15639 AND
2 1 15639 15369 15640 XOR
2 1 15162 15374 15641 XOR
2 1 15589 15641 15642 AND
2 1 15642 15374 15643 XOR
2 1 15165 15379 15644 XOR
2 1 15589 15644 15645 AND
2 1 15645 15379 15646 XOR
2 1 15168 15384 15647 XOR
2 1 15589 15647 15648 AND
2 1 15648 15384 15649 XOR
2 1 15171 15389 15650 XOR
2 1 15589 15650 15651 AND
2 1 15651 15389 15652 XOR
2 1 15174 15394 15653 XOR
2 1 15589 15653 15654 AND
2 1 15654 15394 15655 XOR
2 1 15177 15399 15656 XOR
2 1 15589 15656 15657 AND
2 1 15657 15399 15658 XOR
2 1 15180 15404 15659 XOR
2 1 15589 15659 15660 AND
2 1 15660 15404 15661 XOR
2 1 15183 15409 15662 XOR
2 1 15589 15662 15663 AND
2 1 15663 15409 15664 XOR
2 1 15186 15414 15665 XOR
2 1 15589 15665 15666 AND
2 1 15666 15414 15667 XOR
2 1 15189 15419 15668 XOR
2 1 15589 15668 15669 AND
2 1 15669 15419 15670 XOR
2 1 15192 15424 15671 XOR
2 1 15589 15671 15672 AND
2 1 15672 15424 15673 XOR
2 1 15195 15429 15674 XOR
2 1 15589 15674 15675 AND
2 1 15675 15429 15676 XOR
2 1 15198 15434 15677 XOR
2 1 15589 15677 15678 AND
2 1 15678 15434 15679 XOR
2 1 15201 15439 15680 XOR
2 1 15589 15680 15681 AND
2 1 15681 15439 15682 XOR
2 1 15204 15444 15683 XOR
2 1 15589 15683 15684 AND
2 1 15684 15444 15685 XOR
2 1 15207 15449 15686 XOR
2 1 15589 15686 15687 AND
2 1 15687 15449 15688 XOR
2 1 15210 15454 15689 XOR
2 1 15589 15689 15690 AND
2 1 15690 15454 15691 XOR
2 1 15213 15459 15692 XOR
2 1 15589 15692 15693 AND
2 1 15693 15459 15694 XOR
2 1 15216 15464 15695 XOR
2 1 15589 15695 15696 AND
2 1 15696 15464 15697 XOR
2 1 15219 15469 15698 XOR
2 1 15589 15698 15699 AND
2 1 15699 15469 15700 XOR
2 1 15222 15474 15701 XOR
2 1 15589 15701 15702 AND
2 1 15702 15474 15703 XOR
2 1 15225 15479 15704 XOR
2 1 15589 15704 15705 AND
2 1 15705 15479 15706 XOR
2 1 15228 15484 15707 XOR
2 1 15589 15707 15708 AND
2 1 15708 15484 15709 XOR
2 1 15231 15489 15710 XOR
2 1 15589 15710 15711 AND
2 1 15711 15489 15712 XOR
2 1 15234 15494 15713 XOR
2 1 15589 15713 15714 AND
2 1 15714 15494 15715 XOR
2 1 15237 15499 15716 XOR
2 1 15589 15716 15717 AND
2 1 15717 15499 15718 XOR
2 1 15240 15504 15719 XOR
2 1 15589 15719 15720 AND
2 1 15720 15504 15721 XOR
2 1 15243 15509 15722 XOR
2 1 15589 15722 15723 AND
2 1 15723 15509 15724 XOR
2 1 15246 15514 15725 XOR
2 1 15589 15725 15726 AND
2 1 15726 15514 15727 XOR
2 1 15249 15519 15728 XOR
2 1 15589 15728 15729 AND
2 1 15729 15519 15730 XOR
2 1 15252 15524 15731 XOR
2 1 15589 15731 15732 AND
2 1 15732 15524 15733 XOR
2 1 15255 15529 15734 XOR
2 1 15589 15734 15735 AND
2 1 15735 15529 15736 XOR
2 1 15258 15534 15737 XOR
2 1 15589 15737 15738 AND
2 1 15738 15534 15739 XOR
2 1 15261 15539 15740 XOR
2 1 15589 15740 15741 AND
2 1 15741 15539 15742 XOR
2 1 15264 15544 15743 XOR
2 1 15589 15743 15744 AND
2 1 15744 15544 15745 XOR
2 1 15267 15549 15746 XOR
2 1 15589 15746 15747 AND
2 1 15747 15549 15748 XOR
2 1 15270 15554 15749 XOR
2 1 15589 15749 15750 AND
2 1 15750 15554 15751 XOR
2 1 15273 15559 15752 XOR
2 1 15589 15752 15753 AND
2 1 15753 15559 15754 XOR
2 1 15276 15564 15755 XOR
2 1 15589 15755 15756 AND
2 1 15756 15564 15757 XOR
2 1 15279 15569 15758 XOR
2 1 15589 15758 15759 AND
2 1 15759 15569 15760 XOR
2 1 15282 15574 15761 XOR
2 1 15589 15761 15762 AND
2 1 15762 15574 15763 XOR
2 1 15285 15579 15764 XOR
2 1 15589 15764 15765 AND
2 1 15765 15579 15766 XOR
2 1 15288 15584 15767 XOR
2 1 15589 15767 15768 AND
2 1 15768 15584 15769 XOR
1 1 15589 15770 INV
2 1 445 820 15771 XOR
2 1 15771 820 15772 AND
2 1 15592 821 15773 XOR
2 1 15772 821 15774 XOR
2 1 15773 15772 15775 XOR
2 1 15773 15774 15776 AND
2 1 15772 15776 15777 XOR
2 1 15595 822 15778 XOR
2 1 15777 822 15779 XOR
2 1 15778 15777 15780 XOR
2 1 15778 15779 15781 AND
2 1 15777 15781 15782 XOR
2 1 15598 823 15783 XOR
2 1 15782 823 15784 XOR
2 1 15783 15782 15785 XOR
2 1 15783 15784 15786 AND
2 1 15782 15786 15787 XOR
2 1 15601 824 15788 XOR
2 1 15787 824 15789 XOR
2 1 15788 15787 15790 XOR
2 1 15788 15789 15791 AND
2 1 15787 15791 15792 XOR
2 1 15604 825 15793 XOR
2 1 15792 825 15794 XOR
2 1 15793 15792 15795 XOR
2 1 15793 15794 15796 AND
2 1 15792 15796 15797 XOR
2 1 15607 826 15798 XOR
2 1 15797 826 15799 XOR
2 1 15798 15797 15800 XOR
2 1 15798 15799 15801 AND
2 1 15797 15801 15802 XOR
2 1 15610 827 15803 XOR
2 1 15802 827 15804 XOR
2 1 15803 15802 15805 XOR
2 1 15803 15804 15806 AND
2 1 15802 15806 15807 XOR
2 1 15613 828 15808 XOR
2 1 15807 828 15809 XOR
2 1 15808 15807 15810 XOR
2 1 15808 15809 15811 AND
2 1 15807 15811 15812 XOR
2 1 15616 829 15813 XOR
2 1 15812 829 15814 XOR
2 1 15813 15812 15815 XOR
2 1 15813 15814 15816 AND
2 1 15812 15816 15817 XOR
2 1 15619 830 15818 XOR
2 1 15817 830 15819 XOR
2 1 15818 15817 15820 XOR
2 1 15818 15819 15821 AND
2 1 15817 15821 15822 XOR
2 1 15622 831 15823 XOR
2 1 15822 831 15824 XOR
2 1 15823 15822 15825 XOR
2 1 15823 15824 15826 AND
2 1 15822 15826 15827 XOR
2 1 15625 832 15828 XOR
2 1 15827 832 15829 XOR
2 1 15828 15827 15830 XOR
2 1 15828 15829 15831 AND
2 1 15827 15831 15832 XOR
2 1 15628 833 15833 XOR
2 1 15832 833 15834 XOR
2 1 15833 15832 15835 XOR
2 1 15833 15834 15836 AND
2 1 15832 15836 15837 XOR
2 1 15631 834 15838 XOR
2 1 15837 834 15839 XOR
2 1 15838 15837 15840 XOR
2 1 15838 15839 15841 AND
2 1 15837 15841 15842 XOR
2 1 15634 835 15843 XOR
2 1 15842 835 15844 XOR
2 1 15843 15842 15845 XOR
2 1 15843 15844 15846 AND
2 1 15842 15846 15847 XOR
2 1 15637 836 15848 XOR
2 1 15847 836 15849 XOR
2 1 15848 15847 15850 XOR
2 1 15848 15849 15851 AND
2 1 15847 15851 15852 XOR
2 1 15640 837 15853 XOR
2 1 15852 837 15854 XOR
2 1 15853 15852 15855 XOR
2 1 15853 15854 15856 AND
2 1 15852 15856 15857 XOR
2 1 15643 838 15858 XOR
2 1 15857 838 15859 XOR
2 1 15858 15857 15860 XOR
2 1 15858 15859 15861 AND
2 1 15857 15861 15862 XOR
2 1 15646 839 15863 XOR
2 1 15862 839 15864 XOR
2 1 15863 15862 15865 XOR
2 1 15863 15864 15866 AND
2 1 15862 15866 15867 XOR
2 1 15649 840 15868 XOR
2 1 15867 840 15869 XOR
2 1 15868 15867 15870 XOR
2 1 15868 15869 15871 AND
2 1 15867 15871 15872 XOR
2 1 15652 841 15873 XOR
2 1 15872 841 15874 XOR
2 1 15873 15872 15875 XOR
2 1 15873 15874 15876 AND
2 1 15872 15876 15877 XOR
2 1 15655 842 15878 XOR
2 1 15877 842 15879 XOR
2 1 15878 15877 15880 XOR
2 1 15878 15879 15881 AND
2 1 15877 15881 15882 XOR
2 1 15658 843 15883 XOR
2 1 15882 843 15884 XOR
2 1 15883 15882 15885 XOR
2 1 15883 15884 15886 AND
2 1 15882 15886 15887 XOR
2 1 15661 844 15888 XOR
2 1 15887 844 15889 XOR
2 1 15888 15887 15890 XOR
2 1 15888 15889 15891 AND
2 1 15887 15891 15892 XOR
2 1 15664 845 15893 XOR
2 1 15892 845 15894 XOR
2 1 15893 15892 15895 XOR
2 1 15893 15894 15896 AND
2 1 15892 15896 15897 XOR
2 1 15667 846 15898 XOR
2 1 15897 846 15899 XOR
2 1 15898 15897 15900 XOR
2 1 15898 15899 15901 AND
2 1 15897 15901 15902 XOR
2 1 15670 847 15903 XOR
2 1 15902 847 15904 XOR
2 1 15903 15902 15905 XOR
2 1 15903 15904 15906 AND
2 1 15902 15906 15907 XOR
2 1 15673 848 15908 XOR
2 1 15907 848 15909 XOR
2 1 15908 15907 15910 XOR
2 1 15908 15909 15911 AND
2 1 15907 15911 15912 XOR
2 1 15676 849 15913 XOR
2 1 15912 849 15914 XOR
2 1 15913 15912 15915 XOR
2 1 15913 15914 15916 AND
2 1 15912 15916 15917 XOR
2 1 15679 850 15918 XOR
2 1 15917 850 15919 XOR
2 1 15918 15917 15920 XOR
2 1 15918 15919 15921 AND
2 1 15917 15921 15922 XOR
2 1 15682 851 15923 XOR
2 1 15922 851 15924 XOR
2 1 15923 15922 15925 XOR
2 1 15923 15924 15926 AND
2 1 15922 15926 15927 XOR
2 1 15685 852 15928 XOR
2 1 15927 852 15929 XOR
2 1 15928 15927 15930 XOR
2 1 15928 15929 15931 AND
2 1 15927 15931 15932 XOR
2 1 15688 853 15933 XOR
2 1 15932 853 15934 XOR
2 1 15933 15932 15935 XOR
2 1 15933 15934 15936 AND
2 1 15932 15936 15937 XOR
2 1 15691 854 15938 XOR
2 1 15937 854 15939 XOR
2 1 15938 15937 15940 XOR
2 1 15938 15939 15941 AND
2 1 15937 15941 15942 XOR
2 1 15694 855 15943 XOR
2 1 15942 855 15944 XOR
2 1 15943 15942 15945 XOR
2 1 15943 15944 15946 AND
2 1 15942 15946 15947 XOR
2 1 15697 856 15948 XOR
2 1 15947 856 15949 XOR
2 1 15948 15947 15950 XOR
2 1 15948 15949 15951 AND
2 1 15947 15951 15952 XOR
2 1 15700 857 15953 XOR
2 1 15952 857 15954 XOR
2 1 15953 15952 15955 XOR
2 1 15953 15954 15956 AND
2 1 15952 15956 15957 XOR
2 1 15703 858 15958 XOR
2 1 15957 858 15959 XOR
2 1 15958 15957 15960 XOR
2 1 15958 15959 15961 AND
2 1 15957 15961 15962 XOR
2 1 15706 859 15963 XOR
2 1 15962 859 15964 XOR
2 1 15963 15962 15965 XOR
2 1 15963 15964 15966 AND
2 1 15962 15966 15967 XOR
2 1 15709 860 15968 XOR
2 1 15967 860 15969 XOR
2 1 15968 15967 15970 XOR
2 1 15968 15969 15971 AND
2 1 15967 15971 15972 XOR
2 1 15712 861 15973 XOR
2 1 15972 861 15974 XOR
2 1 15973 15972 15975 XOR
2 1 15973 15974 15976 AND
2 1 15972 15976 15977 XOR
2 1 15715 862 15978 XOR
2 1 15977 862 15979 XOR
2 1 15978 15977 15980 XOR
2 1 15978 15979 15981 AND
2 1 15977 15981 15982 XOR
2 1 15718 863 15983 XOR
2 1 15982 863 15984 XOR
2 1 15983 15982 15985 XOR
2 1 15983 15984 15986 AND
2 1 15982 15986 15987 XOR
2 1 15721 864 15988 XOR
2 1 15987 864 15989 XOR
2 1 15988 15987 15990 XOR
2 1 15988 15989 15991 AND
2 1 15987 15991 15992 XOR
2 1 15724 865 15993 XOR
2 1 15992 865 15994 XOR
2 1 15993 15992 15995 XOR
2 1 15993 15994 15996 AND
2 1 15992 15996 15997 XOR
2 1 15727 866 15998 XOR
2 1 15997 866 15999 XOR
2 1 15998 15997 16000 XOR
2 1 15998 15999 16001 AND
2 1 15997 16001 16002 XOR
2 1 15730 867 16003 XOR
2 1 16002 867 16004 XOR
2 1 16003 16002 16005 XOR
2 1 16003 16004 16006 AND
2 1 16002 16006 16007 XOR
2 1 15733 868 16008 XOR
2 1 16007 868 16009 XOR
2 1 16008 16007 16010 XOR
2 1 16008 16009 16011 AND
2 1 16007 16011 16012 XOR
2 1 15736 869 16013 XOR
2 1 16012 869 16014 XOR
2 1 16013 16012 16015 XOR
2 1 16013 16014 16016 AND
2 1 16012 16016 16017 XOR
2 1 15739 870 16018 XOR
2 1 16017 870 16019 XOR
2 1 16018 16017 16020 XOR
2 1 16018 16019 16021 AND
2 1 16017 16021 16022 XOR
2 1 15742 871 16023 XOR
2 1 16022 871 16024 XOR
2 1 16023 16022 16025 XOR
2 1 16023 16024 16026 AND
2 1 16022 16026 16027 XOR
2 1 15745 872 16028 XOR
2 1 16027 872 16029 XOR
2 1 16028 16027 16030 XOR
2 1 16028 16029 16031 AND
2 1 16027 16031 16032 XOR
2 1 15748 873 16033 XOR
2 1 16032 873 16034 XOR
2 1 16033 16032 16035 XOR
2 1 16033 16034 16036 AND
2 1 16032 16036 16037 XOR
2 1 15751 874 16038 XOR
2 1 16037 874 16039 XOR
2 1 16038 16037 16040 XOR
2 1 16038 16039 16041 AND
2 1 16037 16041 16042 XOR
2 1 15754 875 16043 XOR
2 1 16042 875 16044 XOR
2 1 16043 16042 16045 XOR
2 1 16043 16044 16046 AND
2 1 16042 16046 16047 XOR
2 1 15757 876 16048 XOR
2 1 16047 876 16049 XOR
2 1 16048 16047 16050 XOR
2 1 16048 16049 16051 AND
2 1 16047 16051 16052 XOR
2 1 15760 877 16053 XOR
2 1 16052 877 16054 XOR
2 1 16053 16052 16055 XOR
2 1 16053 16054 16056 AND
2 1 16052 16056 16057 XOR
2 1 15763 878 16058 XOR
2 1 16057 878 16059 XOR
2 1 16058 16057 16060 XOR
2 1 16058 16059 16061 AND
2 1 16057 16061 16062 XOR
2 1 15766 879 16063 XOR
2 1 16062 879 16064 XOR
2 1 16063 16062 16065 XOR
2 1 16063 16064 16066 AND
2 1 16062 16066 16067 XOR
2 1 15769 880 16068 XOR
2 1 16067 880 16069 XOR
2 1 16068 16067 16070 XOR
2 1 16068 16069 16071 AND
2 1 16067 16071 16072 XOR
2 1 16072 890 16073 AND
2 1 16072 890 16074 XOR
2 1 16074 16073 16075 XOR
2 1 445 15771 16076 XOR
2 1 16075 16076 16077 AND
2 1 16077 15771 16078 XOR
2 1 15592 15775 16079 XOR
2 1 16075 16079 16080 AND
2 1 16080 15775 16081 XOR
2 1 15595 15780 16082 XOR
2 1 16075 16082 16083 AND
2 1 16083 15780 16084 XOR
2 1 15598 15785 16085 XOR
2 1 16075 16085 16086 AND
2 1 16086 15785 16087 XOR
2 1 15601 15790 16088 XOR
2 1 16075 16088 16089 AND
2 1 16089 15790 16090 XOR
2 1 15604 15795 16091 XOR
2 1 16075 16091 16092 AND
2 1 16092 15795 16093 XOR
2 1 15607 15800 16094 XOR
2 1 16075 16094 16095 AND
2 1 16095 15800 16096 XOR
2 1 15610 15805 16097 XOR
2 1 16075 16097 16098 AND
2 1 16098 15805 16099 XOR
2 1 15613 15810 16100 XOR
2 1 16075 16100 16101 AND
2 1 16101 15810 16102 XOR
2 1 15616 15815 16103 XOR
2 1 16075 16103 16104 AND
2 1 16104 15815 16105 XOR
2 1 15619 15820 16106 XOR
2 1 16075 16106 16107 AND
2 1 16107 15820 16108 XOR
2 1 15622 15825 16109 XOR
2 1 16075 16109 16110 AND
2 1 16110 15825 16111 XOR
2 1 15625 15830 16112 XOR
2 1 16075 16112 16113 AND
2 1 16113 15830 16114 XOR
2 1 15628 15835 16115 XOR
2 1 16075 16115 16116 AND
2 1 16116 15835 16117 XOR
2 1 15631 15840 16118 XOR
2 1 16075 16118 16119 AND
2 1 16119 15840 16120 XOR
2 1 15634 15845 16121 XOR
2 1 16075 16121 16122 AND
2 1 16122 15845 16123 XOR
2 1 15637 15850 16124 XOR
2 1 16075 16124 16125 AND
2 1 16125 15850 16126 XOR
2 1 15640 15855 16127 XOR
2 1 16075 16127 16128 AND
2 1 16128 15855 16129 XOR
2 1 15643 15860 16130 XOR
2 1 16075 16130 16131 AND
2 1 16131 15860 16132 XOR
2 1 15646 15865 16133 XOR
2 1 16075 16133 16134 AND
2 1 16134 15865 16135 XOR
2 1 15649 15870 16136 XOR
2 1 16075 16136 16137 AND
2 1 16137 15870 16138 XOR
2 1 15652 15875 16139 XOR
2 1 16075 16139 16140 AND
2 1 16140 15875 16141 XOR
2 1 15655 15880 16142 XOR
2 1 16075 16142 16143 AND
2 1 16143 15880 16144 XOR
2 1 15658 15885 16145 XOR
2 1 16075 16145 16146 AND
2 1 16146 15885 16147 XOR
2 1 15661 15890 16148 XOR
2 1 16075 16148 16149 AND
2 1 16149 15890 16150 XOR
2 1 15664 15895 16151 XOR
2 1 16075 16151 16152 AND
2 1 16152 15895 16153 XOR
2 1 15667 15900 16154 XOR
2 1 16075 16154 16155 AND
2 1 16155 15900 16156 XOR
2 1 15670 15905 16157 XOR
2 1 16075 16157 16158 AND
2 1 16158 15905 16159 XOR
2 1 15673 15910 16160 XOR
2 1 16075 16160 16161 AND
2 1 16161 15910 16162 XOR
2 1 15676 15915 16163 XOR
2 1 16075 16163 16164 AND
2 1 16164 15915 16165 XOR
2 1 15679 15920 16166 XOR
2 1 16075 16166 16167 AND
2 1 16167 15920 16168 XOR
2 1 15682 15925 16169 XOR
2 1 16075 16169 16170 AND
2 1 16170 15925 16171 XOR
2 1 15685 15930 16172 XOR
2 1 16075 16172 16173 AND
2 1 16173 15930 16174 XOR
2 1 15688 15935 16175 XOR
2 1 16075 16175 16176 AND
2 1 16176 15935 16177 XOR
2 1 15691 15940 16178 XOR
2 1 16075 16178 16179 AND
2 1 16179 15940 16180 XOR
2 1 15694 15945 16181 XOR
2 1 16075 16181 16182 AND
2 1 16182 15945 16183 XOR
2 1 15697 15950 16184 XOR
2 1 16075 16184 16185 AND
2 1 16185 15950 16186 XOR
2 1 15700 15955 16187 XOR
2 1 16075 16187 16188 AND
2 1 16188 15955 16189 XOR
2 1 15703 15960 16190 XOR
2 1 16075 16190 16191 AND
2 1 16191 15960 16192 XOR
2 1 15706 15965 16193 XOR
2 1 16075 16193 16194 AND
2 1 16194 15965 16195 XOR
2 1 15709 15970 16196 XOR
2 1 16075 16196 16197 AND
2 1 16197 15970 16198 XOR
2 1 15712 15975 16199 XOR
2 1 16075 16199 16200 AND
2 1 16200 15975 16201 XOR
2 1 15715 15980 16202 XOR
2 1 16075 16202 16203 AND
2 1 16203 15980 16204 XOR
2 1 15718 15985 16205 XOR
2 1 16075 16205 16206 AND
2 1 16206 15985 16207 XOR
2 1 15721 15990 16208 XOR
2 1 16075 16208 16209 AND
2 1 16209 15990 16210 XOR
2 1 15724 15995 16211 XOR
2 1 16075 16211 16212 AND
2 1 16212 15995 16213 XOR
2 1 15727 16000 16214 XOR
2 1 16075 16214 16215 AND
2 1 16215 16000 16216 XOR
2 1 15730 16005 16217 XOR
2 1 16075 16217 16218 AND
2 1 16218 16005 16219 XOR
2 1 15733 16010 16220 XOR
2 1 16075 16220 16221 AND
2 1 16221 16010 16222 XOR
2 1 15736 16015 16223 XOR
2 1 16075 16223 16224 AND
2 1 16224 16015 16225 XOR
2 1 15739 16020 16226 XOR
2 1 16075 16226 16227 AND
2 1 16227 16020 16228 XOR
2 1 15742 16025 16229 XOR
2 1 16075 16229 16230 AND
2 1 16230 16025 16231 XOR
2 1 15745 16030 16232 XOR
2 1 16075 16232 16233 AND
2 1 16233 16030 16234 XOR
2 1 15748 16035 16235 XOR
2 1 16075 16235 16236 AND
2 1 16236 16035 16237 XOR
2 1 15751 16040 16238 XOR
2 1 16075 16238 16239 AND
2 1 16239 16040 16240 XOR
2 1 15754 16045 16241 XOR
2 1 16075 16241 16242 AND
2 1 16242 16045 16243 XOR
2 1 15757 16050 16244 XOR
2 1 16075 16244 16245 AND
2 1 16245 16050 16246 XOR
2 1 15760 16055 16247 XOR
2 1 16075 16247 16248 AND
2 1 16248 16055 16249 XOR
2 1 15763 16060 16250 XOR
2 1 16075 16250 16251 AND
2 1 16251 16060 16252 XOR
2 1 15766 16065 16253 XOR
2 1 16075 16253 16254 AND
2 1 16254 16065 16255 XOR
2 1 15769 16070 16256 XOR
2 1 16075 16256 16257 AND
2 1 16257 16070 16258 XOR
1 1 16075 16259 INV
2 1 444 820 16260 XOR
2 1 16260 820 16261 AND
2 1 16078 821 16262 XOR
2 1 16261 821 16263 XOR
2 1 16262 16261 16264 XOR
2 1 16262 16263 16265 AND
2 1 16261 16265 16266 XOR
2 1 16081 822 16267 XOR
2 1 16266 822 16268 XOR
2 1 16267 16266 16269 XOR
2 1 16267 16268 16270 AND
2 1 16266 16270 16271 XOR
2 1 16084 823 16272 XOR
2 1 16271 823 16273 XOR
2 1 16272 16271 16274 XOR
2 1 16272 16273 16275 AND
2 1 16271 16275 16276 XOR
2 1 16087 824 16277 XOR
2 1 16276 824 16278 XOR
2 1 16277 16276 16279 XOR
2 1 16277 16278 16280 AND
2 1 16276 16280 16281 XOR
2 1 16090 825 16282 XOR
2 1 16281 825 16283 XOR
2 1 16282 16281 16284 XOR
2 1 16282 16283 16285 AND
2 1 16281 16285 16286 XOR
2 1 16093 826 16287 XOR
2 1 16286 826 16288 XOR
2 1 16287 16286 16289 XOR
2 1 16287 16288 16290 AND
2 1 16286 16290 16291 XOR
2 1 16096 827 16292 XOR
2 1 16291 827 16293 XOR
2 1 16292 16291 16294 XOR
2 1 16292 16293 16295 AND
2 1 16291 16295 16296 XOR
2 1 16099 828 16297 XOR
2 1 16296 828 16298 XOR
2 1 16297 16296 16299 XOR
2 1 16297 16298 16300 AND
2 1 16296 16300 16301 XOR
2 1 16102 829 16302 XOR
2 1 16301 829 16303 XOR
2 1 16302 16301 16304 XOR
2 1 16302 16303 16305 AND
2 1 16301 16305 16306 XOR
2 1 16105 830 16307 XOR
2 1 16306 830 16308 XOR
2 1 16307 16306 16309 XOR
2 1 16307 16308 16310 AND
2 1 16306 16310 16311 XOR
2 1 16108 831 16312 XOR
2 1 16311 831 16313 XOR
2 1 16312 16311 16314 XOR
2 1 16312 16313 16315 AND
2 1 16311 16315 16316 XOR
2 1 16111 832 16317 XOR
2 1 16316 832 16318 XOR
2 1 16317 16316 16319 XOR
2 1 16317 16318 16320 AND
2 1 16316 16320 16321 XOR
2 1 16114 833 16322 XOR
2 1 16321 833 16323 XOR
2 1 16322 16321 16324 XOR
2 1 16322 16323 16325 AND
2 1 16321 16325 16326 XOR
2 1 16117 834 16327 XOR
2 1 16326 834 16328 XOR
2 1 16327 16326 16329 XOR
2 1 16327 16328 16330 AND
2 1 16326 16330 16331 XOR
2 1 16120 835 16332 XOR
2 1 16331 835 16333 XOR
2 1 16332 16331 16334 XOR
2 1 16332 16333 16335 AND
2 1 16331 16335 16336 XOR
2 1 16123 836 16337 XOR
2 1 16336 836 16338 XOR
2 1 16337 16336 16339 XOR
2 1 16337 16338 16340 AND
2 1 16336 16340 16341 XOR
2 1 16126 837 16342 XOR
2 1 16341 837 16343 XOR
2 1 16342 16341 16344 XOR
2 1 16342 16343 16345 AND
2 1 16341 16345 16346 XOR
2 1 16129 838 16347 XOR
2 1 16346 838 16348 XOR
2 1 16347 16346 16349 XOR
2 1 16347 16348 16350 AND
2 1 16346 16350 16351 XOR
2 1 16132 839 16352 XOR
2 1 16351 839 16353 XOR
2 1 16352 16351 16354 XOR
2 1 16352 16353 16355 AND
2 1 16351 16355 16356 XOR
2 1 16135 840 16357 XOR
2 1 16356 840 16358 XOR
2 1 16357 16356 16359 XOR
2 1 16357 16358 16360 AND
2 1 16356 16360 16361 XOR
2 1 16138 841 16362 XOR
2 1 16361 841 16363 XOR
2 1 16362 16361 16364 XOR
2 1 16362 16363 16365 AND
2 1 16361 16365 16366 XOR
2 1 16141 842 16367 XOR
2 1 16366 842 16368 XOR
2 1 16367 16366 16369 XOR
2 1 16367 16368 16370 AND
2 1 16366 16370 16371 XOR
2 1 16144 843 16372 XOR
2 1 16371 843 16373 XOR
2 1 16372 16371 16374 XOR
2 1 16372 16373 16375 AND
2 1 16371 16375 16376 XOR
2 1 16147 844 16377 XOR
2 1 16376 844 16378 XOR
2 1 16377 16376 16379 XOR
2 1 16377 16378 16380 AND
2 1 16376 16380 16381 XOR
2 1 16150 845 16382 XOR
2 1 16381 845 16383 XOR
2 1 16382 16381 16384 XOR
2 1 16382 16383 16385 AND
2 1 16381 16385 16386 XOR
2 1 16153 846 16387 XOR
2 1 16386 846 16388 XOR
2 1 16387 16386 16389 XOR
2 1 16387 16388 16390 AND
2 1 16386 16390 16391 XOR
2 1 16156 847 16392 XOR
2 1 16391 847 16393 XOR
2 1 16392 16391 16394 XOR
2 1 16392 16393 16395 AND
2 1 16391 16395 16396 XOR
2 1 16159 848 16397 XOR
2 1 16396 848 16398 XOR
2 1 16397 16396 16399 XOR
2 1 16397 16398 16400 AND
2 1 16396 16400 16401 XOR
2 1 16162 849 16402 XOR
2 1 16401 849 16403 XOR
2 1 16402 16401 16404 XOR
2 1 16402 16403 16405 AND
2 1 16401 16405 16406 XOR
2 1 16165 850 16407 XOR
2 1 16406 850 16408 XOR
2 1 16407 16406 16409 XOR
2 1 16407 16408 16410 AND
2 1 16406 16410 16411 XOR
2 1 16168 851 16412 XOR
2 1 16411 851 16413 XOR
2 1 16412 16411 16414 XOR
2 1 16412 16413 16415 AND
2 1 16411 16415 16416 XOR
2 1 16171 852 16417 XOR
2 1 16416 852 16418 XOR
2 1 16417 16416 16419 XOR
2 1 16417 16418 16420 AND
2 1 16416 16420 16421 XOR
2 1 16174 853 16422 XOR
2 1 16421 853 16423 XOR
2 1 16422 16421 16424 XOR
2 1 16422 16423 16425 AND
2 1 16421 16425 16426 XOR
2 1 16177 854 16427 XOR
2 1 16426 854 16428 XOR
2 1 16427 16426 16429 XOR
2 1 16427 16428 16430 AND
2 1 16426 16430 16431 XOR
2 1 16180 855 16432 XOR
2 1 16431 855 16433 XOR
2 1 16432 16431 16434 XOR
2 1 16432 16433 16435 AND
2 1 16431 16435 16436 XOR
2 1 16183 856 16437 XOR
2 1 16436 856 16438 XOR
2 1 16437 16436 16439 XOR
2 1 16437 16438 16440 AND
2 1 16436 16440 16441 XOR
2 1 16186 857 16442 XOR
2 1 16441 857 16443 XOR
2 1 16442 16441 16444 XOR
2 1 16442 16443 16445 AND
2 1 16441 16445 16446 XOR
2 1 16189 858 16447 XOR
2 1 16446 858 16448 XOR
2 1 16447 16446 16449 XOR
2 1 16447 16448 16450 AND
2 1 16446 16450 16451 XOR
2 1 16192 859 16452 XOR
2 1 16451 859 16453 XOR
2 1 16452 16451 16454 XOR
2 1 16452 16453 16455 AND
2 1 16451 16455 16456 XOR
2 1 16195 860 16457 XOR
2 1 16456 860 16458 XOR
2 1 16457 16456 16459 XOR
2 1 16457 16458 16460 AND
2 1 16456 16460 16461 XOR
2 1 16198 861 16462 XOR
2 1 16461 861 16463 XOR
2 1 16462 16461 16464 XOR
2 1 16462 16463 16465 AND
2 1 16461 16465 16466 XOR
2 1 16201 862 16467 XOR
2 1 16466 862 16468 XOR
2 1 16467 16466 16469 XOR
2 1 16467 16468 16470 AND
2 1 16466 16470 16471 XOR
2 1 16204 863 16472 XOR
2 1 16471 863 16473 XOR
2 1 16472 16471 16474 XOR
2 1 16472 16473 16475 AND
2 1 16471 16475 16476 XOR
2 1 16207 864 16477 XOR
2 1 16476 864 16478 XOR
2 1 16477 16476 16479 XOR
2 1 16477 16478 16480 AND
2 1 16476 16480 16481 XOR
2 1 16210 865 16482 XOR
2 1 16481 865 16483 XOR
2 1 16482 16481 16484 XOR
2 1 16482 16483 16485 AND
2 1 16481 16485 16486 XOR
2 1 16213 866 16487 XOR
2 1 16486 866 16488 XOR
2 1 16487 16486 16489 XOR
2 1 16487 16488 16490 AND
2 1 16486 16490 16491 XOR
2 1 16216 867 16492 XOR
2 1 16491 867 16493 XOR
2 1 16492 16491 16494 XOR
2 1 16492 16493 16495 AND
2 1 16491 16495 16496 XOR
2 1 16219 868 16497 XOR
2 1 16496 868 16498 XOR
2 1 16497 16496 16499 XOR
2 1 16497 16498 16500 AND
2 1 16496 16500 16501 XOR
2 1 16222 869 16502 XOR
2 1 16501 869 16503 XOR
2 1 16502 16501 16504 XOR
2 1 16502 16503 16505 AND
2 1 16501 16505 16506 XOR
2 1 16225 870 16507 XOR
2 1 16506 870 16508 XOR
2 1 16507 16506 16509 XOR
2 1 16507 16508 16510 AND
2 1 16506 16510 16511 XOR
2 1 16228 871 16512 XOR
2 1 16511 871 16513 XOR
2 1 16512 16511 16514 XOR
2 1 16512 16513 16515 AND
2 1 16511 16515 16516 XOR
2 1 16231 872 16517 XOR
2 1 16516 872 16518 XOR
2 1 16517 16516 16519 XOR
2 1 16517 16518 16520 AND
2 1 16516 16520 16521 XOR
2 1 16234 873 16522 XOR
2 1 16521 873 16523 XOR
2 1 16522 16521 16524 XOR
2 1 16522 16523 16525 AND
2 1 16521 16525 16526 XOR
2 1 16237 874 16527 XOR
2 1 16526 874 16528 XOR
2 1 16527 16526 16529 XOR
2 1 16527 16528 16530 AND
2 1 16526 16530 16531 XOR
2 1 16240 875 16532 XOR
2 1 16531 875 16533 XOR
2 1 16532 16531 16534 XOR
2 1 16532 16533 16535 AND
2 1 16531 16535 16536 XOR
2 1 16243 876 16537 XOR
2 1 16536 876 16538 XOR
2 1 16537 16536 16539 XOR
2 1 16537 16538 16540 AND
2 1 16536 16540 16541 XOR
2 1 16246 877 16542 XOR
2 1 16541 877 16543 XOR
2 1 16542 16541 16544 XOR
2 1 16542 16543 16545 AND
2 1 16541 16545 16546 XOR
2 1 16249 878 16547 XOR
2 1 16546 878 16548 XOR
2 1 16547 16546 16549 XOR
2 1 16547 16548 16550 AND
2 1 16546 16550 16551 XOR
2 1 16252 879 16552 XOR
2 1 16551 879 16553 XOR
2 1 16552 16551 16554 XOR
2 1 16552 16553 16555 AND
2 1 16551 16555 16556 XOR
2 1 16255 880 16557 XOR
2 1 16556 880 16558 XOR
2 1 16557 16556 16559 XOR
2 1 16557 16558 16560 AND
2 1 16556 16560 16561 XOR
2 1 16258 881 16562 XOR
2 1 16561 881 16563 XOR
2 1 16562 16561 16564 XOR
2 1 16562 16563 16565 AND
2 1 16561 16565 16566 XOR
2 1 16566 887 16567 AND
2 1 16566 887 16568 XOR
2 1 16568 16567 16569 XOR
2 1 444 16260 16570 XOR
2 1 16569 16570 16571 AND
2 1 16571 16260 16572 XOR
2 1 16078 16264 16573 XOR
2 1 16569 16573 16574 AND
2 1 16574 16264 16575 XOR
2 1 16081 16269 16576 XOR
2 1 16569 16576 16577 AND
2 1 16577 16269 16578 XOR
2 1 16084 16274 16579 XOR
2 1 16569 16579 16580 AND
2 1 16580 16274 16581 XOR
2 1 16087 16279 16582 XOR
2 1 16569 16582 16583 AND
2 1 16583 16279 16584 XOR
2 1 16090 16284 16585 XOR
2 1 16569 16585 16586 AND
2 1 16586 16284 16587 XOR
2 1 16093 16289 16588 XOR
2 1 16569 16588 16589 AND
2 1 16589 16289 16590 XOR
2 1 16096 16294 16591 XOR
2 1 16569 16591 16592 AND
2 1 16592 16294 16593 XOR
2 1 16099 16299 16594 XOR
2 1 16569 16594 16595 AND
2 1 16595 16299 16596 XOR
2 1 16102 16304 16597 XOR
2 1 16569 16597 16598 AND
2 1 16598 16304 16599 XOR
2 1 16105 16309 16600 XOR
2 1 16569 16600 16601 AND
2 1 16601 16309 16602 XOR
2 1 16108 16314 16603 XOR
2 1 16569 16603 16604 AND
2 1 16604 16314 16605 XOR
2 1 16111 16319 16606 XOR
2 1 16569 16606 16607 AND
2 1 16607 16319 16608 XOR
2 1 16114 16324 16609 XOR
2 1 16569 16609 16610 AND
2 1 16610 16324 16611 XOR
2 1 16117 16329 16612 XOR
2 1 16569 16612 16613 AND
2 1 16613 16329 16614 XOR
2 1 16120 16334 16615 XOR
2 1 16569 16615 16616 AND
2 1 16616 16334 16617 XOR
2 1 16123 16339 16618 XOR
2 1 16569 16618 16619 AND
2 1 16619 16339 16620 XOR
2 1 16126 16344 16621 XOR
2 1 16569 16621 16622 AND
2 1 16622 16344 16623 XOR
2 1 16129 16349 16624 XOR
2 1 16569 16624 16625 AND
2 1 16625 16349 16626 XOR
2 1 16132 16354 16627 XOR
2 1 16569 16627 16628 AND
2 1 16628 16354 16629 XOR
2 1 16135 16359 16630 XOR
2 1 16569 16630 16631 AND
2 1 16631 16359 16632 XOR
2 1 16138 16364 16633 XOR
2 1 16569 16633 16634 AND
2 1 16634 16364 16635 XOR
2 1 16141 16369 16636 XOR
2 1 16569 16636 16637 AND
2 1 16637 16369 16638 XOR
2 1 16144 16374 16639 XOR
2 1 16569 16639 16640 AND
2 1 16640 16374 16641 XOR
2 1 16147 16379 16642 XOR
2 1 16569 16642 16643 AND
2 1 16643 16379 16644 XOR
2 1 16150 16384 16645 XOR
2 1 16569 16645 16646 AND
2 1 16646 16384 16647 XOR
2 1 16153 16389 16648 XOR
2 1 16569 16648 16649 AND
2 1 16649 16389 16650 XOR
2 1 16156 16394 16651 XOR
2 1 16569 16651 16652 AND
2 1 16652 16394 16653 XOR
2 1 16159 16399 16654 XOR
2 1 16569 16654 16655 AND
2 1 16655 16399 16656 XOR
2 1 16162 16404 16657 XOR
2 1 16569 16657 16658 AND
2 1 16658 16404 16659 XOR
2 1 16165 16409 16660 XOR
2 1 16569 16660 16661 AND
2 1 16661 16409 16662 XOR
2 1 16168 16414 16663 XOR
2 1 16569 16663 16664 AND
2 1 16664 16414 16665 XOR
2 1 16171 16419 16666 XOR
2 1 16569 16666 16667 AND
2 1 16667 16419 16668 XOR
2 1 16174 16424 16669 XOR
2 1 16569 16669 16670 AND
2 1 16670 16424 16671 XOR
2 1 16177 16429 16672 XOR
2 1 16569 16672 16673 AND
2 1 16673 16429 16674 XOR
2 1 16180 16434 16675 XOR
2 1 16569 16675 16676 AND
2 1 16676 16434 16677 XOR
2 1 16183 16439 16678 XOR
2 1 16569 16678 16679 AND
2 1 16679 16439 16680 XOR
2 1 16186 16444 16681 XOR
2 1 16569 16681 16682 AND
2 1 16682 16444 16683 XOR
2 1 16189 16449 16684 XOR
2 1 16569 16684 16685 AND
2 1 16685 16449 16686 XOR
2 1 16192 16454 16687 XOR
2 1 16569 16687 16688 AND
2 1 16688 16454 16689 XOR
2 1 16195 16459 16690 XOR
2 1 16569 16690 16691 AND
2 1 16691 16459 16692 XOR
2 1 16198 16464 16693 XOR
2 1 16569 16693 16694 AND
2 1 16694 16464 16695 XOR
2 1 16201 16469 16696 XOR
2 1 16569 16696 16697 AND
2 1 16697 16469 16698 XOR
2 1 16204 16474 16699 XOR
2 1 16569 16699 16700 AND
2 1 16700 16474 16701 XOR
2 1 16207 16479 16702 XOR
2 1 16569 16702 16703 AND
2 1 16703 16479 16704 XOR
2 1 16210 16484 16705 XOR
2 1 16569 16705 16706 AND
2 1 16706 16484 16707 XOR
2 1 16213 16489 16708 XOR
2 1 16569 16708 16709 AND
2 1 16709 16489 16710 XOR
2 1 16216 16494 16711 XOR
2 1 16569 16711 16712 AND
2 1 16712 16494 16713 XOR
2 1 16219 16499 16714 XOR
2 1 16569 16714 16715 AND
2 1 16715 16499 16716 XOR
2 1 16222 16504 16717 XOR
2 1 16569 16717 16718 AND
2 1 16718 16504 16719 XOR
2 1 16225 16509 16720 XOR
2 1 16569 16720 16721 AND
2 1 16721 16509 16722 XOR
2 1 16228 16514 16723 XOR
2 1 16569 16723 16724 AND
2 1 16724 16514 16725 XOR
2 1 16231 16519 16726 XOR
2 1 16569 16726 16727 AND
2 1 16727 16519 16728 XOR
2 1 16234 16524 16729 XOR
2 1 16569 16729 16730 AND
2 1 16730 16524 16731 XOR
2 1 16237 16529 16732 XOR
2 1 16569 16732 16733 AND
2 1 16733 16529 16734 XOR
2 1 16240 16534 16735 XOR
2 1 16569 16735 16736 AND
2 1 16736 16534 16737 XOR
2 1 16243 16539 16738 XOR
2 1 16569 16738 16739 AND
2 1 16739 16539 16740 XOR
2 1 16246 16544 16741 XOR
2 1 16569 16741 16742 AND
2 1 16742 16544 16743 XOR
2 1 16249 16549 16744 XOR
2 1 16569 16744 16745 AND
2 1 16745 16549 16746 XOR
2 1 16252 16554 16747 XOR
2 1 16569 16747 16748 AND
2 1 16748 16554 16749 XOR
2 1 16255 16559 16750 XOR
2 1 16569 16750 16751 AND
2 1 16751 16559 16752 XOR
2 1 16258 16564 16753 XOR
2 1 16569 16753 16754 AND
2 1 16754 16564 16755 XOR
1 1 16569 16756 INV
2 1 443 820 16757 XOR
2 1 16757 820 16758 AND
2 1 16572 821 16759 XOR
2 1 16758 821 16760 XOR
2 1 16759 16758 16761 XOR
2 1 16759 16760 16762 AND
2 1 16758 16762 16763 XOR
2 1 16575 822 16764 XOR
2 1 16763 822 16765 XOR
2 1 16764 16763 16766 XOR
2 1 16764 16765 16767 AND
2 1 16763 16767 16768 XOR
2 1 16578 823 16769 XOR
2 1 16768 823 16770 XOR
2 1 16769 16768 16771 XOR
2 1 16769 16770 16772 AND
2 1 16768 16772 16773 XOR
2 1 16581 824 16774 XOR
2 1 16773 824 16775 XOR
2 1 16774 16773 16776 XOR
2 1 16774 16775 16777 AND
2 1 16773 16777 16778 XOR
2 1 16584 825 16779 XOR
2 1 16778 825 16780 XOR
2 1 16779 16778 16781 XOR
2 1 16779 16780 16782 AND
2 1 16778 16782 16783 XOR
2 1 16587 826 16784 XOR
2 1 16783 826 16785 XOR
2 1 16784 16783 16786 XOR
2 1 16784 16785 16787 AND
2 1 16783 16787 16788 XOR
2 1 16590 827 16789 XOR
2 1 16788 827 16790 XOR
2 1 16789 16788 16791 XOR
2 1 16789 16790 16792 AND
2 1 16788 16792 16793 XOR
2 1 16593 828 16794 XOR
2 1 16793 828 16795 XOR
2 1 16794 16793 16796 XOR
2 1 16794 16795 16797 AND
2 1 16793 16797 16798 XOR
2 1 16596 829 16799 XOR
2 1 16798 829 16800 XOR
2 1 16799 16798 16801 XOR
2 1 16799 16800 16802 AND
2 1 16798 16802 16803 XOR
2 1 16599 830 16804 XOR
2 1 16803 830 16805 XOR
2 1 16804 16803 16806 XOR
2 1 16804 16805 16807 AND
2 1 16803 16807 16808 XOR
2 1 16602 831 16809 XOR
2 1 16808 831 16810 XOR
2 1 16809 16808 16811 XOR
2 1 16809 16810 16812 AND
2 1 16808 16812 16813 XOR
2 1 16605 832 16814 XOR
2 1 16813 832 16815 XOR
2 1 16814 16813 16816 XOR
2 1 16814 16815 16817 AND
2 1 16813 16817 16818 XOR
2 1 16608 833 16819 XOR
2 1 16818 833 16820 XOR
2 1 16819 16818 16821 XOR
2 1 16819 16820 16822 AND
2 1 16818 16822 16823 XOR
2 1 16611 834 16824 XOR
2 1 16823 834 16825 XOR
2 1 16824 16823 16826 XOR
2 1 16824 16825 16827 AND
2 1 16823 16827 16828 XOR
2 1 16614 835 16829 XOR
2 1 16828 835 16830 XOR
2 1 16829 16828 16831 XOR
2 1 16829 16830 16832 AND
2 1 16828 16832 16833 XOR
2 1 16617 836 16834 XOR
2 1 16833 836 16835 XOR
2 1 16834 16833 16836 XOR
2 1 16834 16835 16837 AND
2 1 16833 16837 16838 XOR
2 1 16620 837 16839 XOR
2 1 16838 837 16840 XOR
2 1 16839 16838 16841 XOR
2 1 16839 16840 16842 AND
2 1 16838 16842 16843 XOR
2 1 16623 838 16844 XOR
2 1 16843 838 16845 XOR
2 1 16844 16843 16846 XOR
2 1 16844 16845 16847 AND
2 1 16843 16847 16848 XOR
2 1 16626 839 16849 XOR
2 1 16848 839 16850 XOR
2 1 16849 16848 16851 XOR
2 1 16849 16850 16852 AND
2 1 16848 16852 16853 XOR
2 1 16629 840 16854 XOR
2 1 16853 840 16855 XOR
2 1 16854 16853 16856 XOR
2 1 16854 16855 16857 AND
2 1 16853 16857 16858 XOR
2 1 16632 841 16859 XOR
2 1 16858 841 16860 XOR
2 1 16859 16858 16861 XOR
2 1 16859 16860 16862 AND
2 1 16858 16862 16863 XOR
2 1 16635 842 16864 XOR
2 1 16863 842 16865 XOR
2 1 16864 16863 16866 XOR
2 1 16864 16865 16867 AND
2 1 16863 16867 16868 XOR
2 1 16638 843 16869 XOR
2 1 16868 843 16870 XOR
2 1 16869 16868 16871 XOR
2 1 16869 16870 16872 AND
2 1 16868 16872 16873 XOR
2 1 16641 844 16874 XOR
2 1 16873 844 16875 XOR
2 1 16874 16873 16876 XOR
2 1 16874 16875 16877 AND
2 1 16873 16877 16878 XOR
2 1 16644 845 16879 XOR
2 1 16878 845 16880 XOR
2 1 16879 16878 16881 XOR
2 1 16879 16880 16882 AND
2 1 16878 16882 16883 XOR
2 1 16647 846 16884 XOR
2 1 16883 846 16885 XOR
2 1 16884 16883 16886 XOR
2 1 16884 16885 16887 AND
2 1 16883 16887 16888 XOR
2 1 16650 847 16889 XOR
2 1 16888 847 16890 XOR
2 1 16889 16888 16891 XOR
2 1 16889 16890 16892 AND
2 1 16888 16892 16893 XOR
2 1 16653 848 16894 XOR
2 1 16893 848 16895 XOR
2 1 16894 16893 16896 XOR
2 1 16894 16895 16897 AND
2 1 16893 16897 16898 XOR
2 1 16656 849 16899 XOR
2 1 16898 849 16900 XOR
2 1 16899 16898 16901 XOR
2 1 16899 16900 16902 AND
2 1 16898 16902 16903 XOR
2 1 16659 850 16904 XOR
2 1 16903 850 16905 XOR
2 1 16904 16903 16906 XOR
2 1 16904 16905 16907 AND
2 1 16903 16907 16908 XOR
2 1 16662 851 16909 XOR
2 1 16908 851 16910 XOR
2 1 16909 16908 16911 XOR
2 1 16909 16910 16912 AND
2 1 16908 16912 16913 XOR
2 1 16665 852 16914 XOR
2 1 16913 852 16915 XOR
2 1 16914 16913 16916 XOR
2 1 16914 16915 16917 AND
2 1 16913 16917 16918 XOR
2 1 16668 853 16919 XOR
2 1 16918 853 16920 XOR
2 1 16919 16918 16921 XOR
2 1 16919 16920 16922 AND
2 1 16918 16922 16923 XOR
2 1 16671 854 16924 XOR
2 1 16923 854 16925 XOR
2 1 16924 16923 16926 XOR
2 1 16924 16925 16927 AND
2 1 16923 16927 16928 XOR
2 1 16674 855 16929 XOR
2 1 16928 855 16930 XOR
2 1 16929 16928 16931 XOR
2 1 16929 16930 16932 AND
2 1 16928 16932 16933 XOR
2 1 16677 856 16934 XOR
2 1 16933 856 16935 XOR
2 1 16934 16933 16936 XOR
2 1 16934 16935 16937 AND
2 1 16933 16937 16938 XOR
2 1 16680 857 16939 XOR
2 1 16938 857 16940 XOR
2 1 16939 16938 16941 XOR
2 1 16939 16940 16942 AND
2 1 16938 16942 16943 XOR
2 1 16683 858 16944 XOR
2 1 16943 858 16945 XOR
2 1 16944 16943 16946 XOR
2 1 16944 16945 16947 AND
2 1 16943 16947 16948 XOR
2 1 16686 859 16949 XOR
2 1 16948 859 16950 XOR
2 1 16949 16948 16951 XOR
2 1 16949 16950 16952 AND
2 1 16948 16952 16953 XOR
2 1 16689 860 16954 XOR
2 1 16953 860 16955 XOR
2 1 16954 16953 16956 XOR
2 1 16954 16955 16957 AND
2 1 16953 16957 16958 XOR
2 1 16692 861 16959 XOR
2 1 16958 861 16960 XOR
2 1 16959 16958 16961 XOR
2 1 16959 16960 16962 AND
2 1 16958 16962 16963 XOR
2 1 16695 862 16964 XOR
2 1 16963 862 16965 XOR
2 1 16964 16963 16966 XOR
2 1 16964 16965 16967 AND
2 1 16963 16967 16968 XOR
2 1 16698 863 16969 XOR
2 1 16968 863 16970 XOR
2 1 16969 16968 16971 XOR
2 1 16969 16970 16972 AND
2 1 16968 16972 16973 XOR
2 1 16701 864 16974 XOR
2 1 16973 864 16975 XOR
2 1 16974 16973 16976 XOR
2 1 16974 16975 16977 AND
2 1 16973 16977 16978 XOR
2 1 16704 865 16979 XOR
2 1 16978 865 16980 XOR
2 1 16979 16978 16981 XOR
2 1 16979 16980 16982 AND
2 1 16978 16982 16983 XOR
2 1 16707 866 16984 XOR
2 1 16983 866 16985 XOR
2 1 16984 16983 16986 XOR
2 1 16984 16985 16987 AND
2 1 16983 16987 16988 XOR
2 1 16710 867 16989 XOR
2 1 16988 867 16990 XOR
2 1 16989 16988 16991 XOR
2 1 16989 16990 16992 AND
2 1 16988 16992 16993 XOR
2 1 16713 868 16994 XOR
2 1 16993 868 16995 XOR
2 1 16994 16993 16996 XOR
2 1 16994 16995 16997 AND
2 1 16993 16997 16998 XOR
2 1 16716 869 16999 XOR
2 1 16998 869 17000 XOR
2 1 16999 16998 17001 XOR
2 1 16999 17000 17002 AND
2 1 16998 17002 17003 XOR
2 1 16719 870 17004 XOR
2 1 17003 870 17005 XOR
2 1 17004 17003 17006 XOR
2 1 17004 17005 17007 AND
2 1 17003 17007 17008 XOR
2 1 16722 871 17009 XOR
2 1 17008 871 17010 XOR
2 1 17009 17008 17011 XOR
2 1 17009 17010 17012 AND
2 1 17008 17012 17013 XOR
2 1 16725 872 17014 XOR
2 1 17013 872 17015 XOR
2 1 17014 17013 17016 XOR
2 1 17014 17015 17017 AND
2 1 17013 17017 17018 XOR
2 1 16728 873 17019 XOR
2 1 17018 873 17020 XOR
2 1 17019 17018 17021 XOR
2 1 17019 17020 17022 AND
2 1 17018 17022 17023 XOR
2 1 16731 874 17024 XOR
2 1 17023 874 17025 XOR
2 1 17024 17023 17026 XOR
2 1 17024 17025 17027 AND
2 1 17023 17027 17028 XOR
2 1 16734 875 17029 XOR
2 1 17028 875 17030 XOR
2 1 17029 17028 17031 XOR
2 1 17029 17030 17032 AND
2 1 17028 17032 17033 XOR
2 1 16737 876 17034 XOR
2 1 17033 876 17035 XOR
2 1 17034 17033 17036 XOR
2 1 17034 17035 17037 AND
2 1 17033 17037 17038 XOR
2 1 16740 877 17039 XOR
2 1 17038 877 17040 XOR
2 1 17039 17038 17041 XOR
2 1 17039 17040 17042 AND
2 1 17038 17042 17043 XOR
2 1 16743 878 17044 XOR
2 1 17043 878 17045 XOR
2 1 17044 17043 17046 XOR
2 1 17044 17045 17047 AND
2 1 17043 17047 17048 XOR
2 1 16746 879 17049 XOR
2 1 17048 879 17050 XOR
2 1 17049 17048 17051 XOR
2 1 17049 17050 17052 AND
2 1 17048 17052 17053 XOR
2 1 16749 880 17054 XOR
2 1 17053 880 17055 XOR
2 1 17054 17053 17056 XOR
2 1 17054 17055 17057 AND
2 1 17053 17057 17058 XOR
2 1 16752 881 17059 XOR
2 1 17058 881 17060 XOR
2 1 17059 17058 17061 XOR
2 1 17059 17060 17062 AND
2 1 17058 17062 17063 XOR
2 1 16755 882 17064 XOR
2 1 17063 882 17065 XOR
2 1 17064 17063 17066 XOR
2 1 17064 17065 17067 AND
2 1 17063 17067 17068 XOR
2 1 17068 883 17069 AND
2 1 17068 883 17070 XOR
2 1 17070 17069 17071 XOR
2 1 443 16757 17072 XOR
2 1 17071 17072 17073 AND
2 1 17073 16757 17074 XOR
2 1 16572 16761 17075 XOR
2 1 17071 17075 17076 AND
2 1 17076 16761 17077 XOR
2 1 16575 16766 17078 XOR
2 1 17071 17078 17079 AND
2 1 17079 16766 17080 XOR
2 1 16578 16771 17081 XOR
2 1 17071 17081 17082 AND
2 1 17082 16771 17083 XOR
2 1 16581 16776 17084 XOR
2 1 17071 17084 17085 AND
2 1 17085 16776 17086 XOR
2 1 16584 16781 17087 XOR
2 1 17071 17087 17088 AND
2 1 17088 16781 17089 XOR
2 1 16587 16786 17090 XOR
2 1 17071 17090 17091 AND
2 1 17091 16786 17092 XOR
2 1 16590 16791 17093 XOR
2 1 17071 17093 17094 AND
2 1 17094 16791 17095 XOR
2 1 16593 16796 17096 XOR
2 1 17071 17096 17097 AND
2 1 17097 16796 17098 XOR
2 1 16596 16801 17099 XOR
2 1 17071 17099 17100 AND
2 1 17100 16801 17101 XOR
2 1 16599 16806 17102 XOR
2 1 17071 17102 17103 AND
2 1 17103 16806 17104 XOR
2 1 16602 16811 17105 XOR
2 1 17071 17105 17106 AND
2 1 17106 16811 17107 XOR
2 1 16605 16816 17108 XOR
2 1 17071 17108 17109 AND
2 1 17109 16816 17110 XOR
2 1 16608 16821 17111 XOR
2 1 17071 17111 17112 AND
2 1 17112 16821 17113 XOR
2 1 16611 16826 17114 XOR
2 1 17071 17114 17115 AND
2 1 17115 16826 17116 XOR
2 1 16614 16831 17117 XOR
2 1 17071 17117 17118 AND
2 1 17118 16831 17119 XOR
2 1 16617 16836 17120 XOR
2 1 17071 17120 17121 AND
2 1 17121 16836 17122 XOR
2 1 16620 16841 17123 XOR
2 1 17071 17123 17124 AND
2 1 17124 16841 17125 XOR
2 1 16623 16846 17126 XOR
2 1 17071 17126 17127 AND
2 1 17127 16846 17128 XOR
2 1 16626 16851 17129 XOR
2 1 17071 17129 17130 AND
2 1 17130 16851 17131 XOR
2 1 16629 16856 17132 XOR
2 1 17071 17132 17133 AND
2 1 17133 16856 17134 XOR
2 1 16632 16861 17135 XOR
2 1 17071 17135 17136 AND
2 1 17136 16861 17137 XOR
2 1 16635 16866 17138 XOR
2 1 17071 17138 17139 AND
2 1 17139 16866 17140 XOR
2 1 16638 16871 17141 XOR
2 1 17071 17141 17142 AND
2 1 17142 16871 17143 XOR
2 1 16641 16876 17144 XOR
2 1 17071 17144 17145 AND
2 1 17145 16876 17146 XOR
2 1 16644 16881 17147 XOR
2 1 17071 17147 17148 AND
2 1 17148 16881 17149 XOR
2 1 16647 16886 17150 XOR
2 1 17071 17150 17151 AND
2 1 17151 16886 17152 XOR
2 1 16650 16891 17153 XOR
2 1 17071 17153 17154 AND
2 1 17154 16891 17155 XOR
2 1 16653 16896 17156 XOR
2 1 17071 17156 17157 AND
2 1 17157 16896 17158 XOR
2 1 16656 16901 17159 XOR
2 1 17071 17159 17160 AND
2 1 17160 16901 17161 XOR
2 1 16659 16906 17162 XOR
2 1 17071 17162 17163 AND
2 1 17163 16906 17164 XOR
2 1 16662 16911 17165 XOR
2 1 17071 17165 17166 AND
2 1 17166 16911 17167 XOR
2 1 16665 16916 17168 XOR
2 1 17071 17168 17169 AND
2 1 17169 16916 17170 XOR
2 1 16668 16921 17171 XOR
2 1 17071 17171 17172 AND
2 1 17172 16921 17173 XOR
2 1 16671 16926 17174 XOR
2 1 17071 17174 17175 AND
2 1 17175 16926 17176 XOR
2 1 16674 16931 17177 XOR
2 1 17071 17177 17178 AND
2 1 17178 16931 17179 XOR
2 1 16677 16936 17180 XOR
2 1 17071 17180 17181 AND
2 1 17181 16936 17182 XOR
2 1 16680 16941 17183 XOR
2 1 17071 17183 17184 AND
2 1 17184 16941 17185 XOR
2 1 16683 16946 17186 XOR
2 1 17071 17186 17187 AND
2 1 17187 16946 17188 XOR
2 1 16686 16951 17189 XOR
2 1 17071 17189 17190 AND
2 1 17190 16951 17191 XOR
2 1 16689 16956 17192 XOR
2 1 17071 17192 17193 AND
2 1 17193 16956 17194 XOR
2 1 16692 16961 17195 XOR
2 1 17071 17195 17196 AND
2 1 17196 16961 17197 XOR
2 1 16695 16966 17198 XOR
2 1 17071 17198 17199 AND
2 1 17199 16966 17200 XOR
2 1 16698 16971 17201 XOR
2 1 17071 17201 17202 AND
2 1 17202 16971 17203 XOR
2 1 16701 16976 17204 XOR
2 1 17071 17204 17205 AND
2 1 17205 16976 17206 XOR
2 1 16704 16981 17207 XOR
2 1 17071 17207 17208 AND
2 1 17208 16981 17209 XOR
2 1 16707 16986 17210 XOR
2 1 17071 17210 17211 AND
2 1 17211 16986 17212 XOR
2 1 16710 16991 17213 XOR
2 1 17071 17213 17214 AND
2 1 17214 16991 17215 XOR
2 1 16713 16996 17216 XOR
2 1 17071 17216 17217 AND
2 1 17217 16996 17218 XOR
2 1 16716 17001 17219 XOR
2 1 17071 17219 17220 AND
2 1 17220 17001 17221 XOR
2 1 16719 17006 17222 XOR
2 1 17071 17222 17223 AND
2 1 17223 17006 17224 XOR
2 1 16722 17011 17225 XOR
2 1 17071 17225 17226 AND
2 1 17226 17011 17227 XOR
2 1 16725 17016 17228 XOR
2 1 17071 17228 17229 AND
2 1 17229 17016 17230 XOR
2 1 16728 17021 17231 XOR
2 1 17071 17231 17232 AND
2 1 17232 17021 17233 XOR
2 1 16731 17026 17234 XOR
2 1 17071 17234 17235 AND
2 1 17235 17026 17236 XOR
2 1 16734 17031 17237 XOR
2 1 17071 17237 17238 AND
2 1 17238 17031 17239 XOR
2 1 16737 17036 17240 XOR
2 1 17071 17240 17241 AND
2 1 17241 17036 17242 XOR
2 1 16740 17041 17243 XOR
2 1 17071 17243 17244 AND
2 1 17244 17041 17245 XOR
2 1 16743 17046 17246 XOR
2 1 17071 17246 17247 AND
2 1 17247 17046 17248 XOR
2 1 16746 17051 17249 XOR
2 1 17071 17249 17250 AND
2 1 17250 17051 17251 XOR
2 1 16749 17056 17252 XOR
2 1 17071 17252 17253 AND
2 1 17253 17056 17254 XOR
2 1 16752 17061 17255 XOR
2 1 17071 17255 17256 AND
2 1 17256 17061 17257 XOR
2 1 16755 17066 17258 XOR
2 1 17071 17258 17259 AND
2 1 17259 17066 17260 XOR
1 1 17071 17261 INV
2 1 442 820 17262 XOR
2 1 17262 820 17263 AND
2 1 17074 821 17264 XOR
2 1 17263 821 17265 XOR
2 1 17264 17263 17266 XOR
2 1 17264 17265 17267 AND
2 1 17263 17267 17268 XOR
2 1 17077 822 17269 XOR
2 1 17268 822 17270 XOR
2 1 17269 17268 17271 XOR
2 1 17269 17270 17272 AND
2 1 17268 17272 17273 XOR
2 1 17080 823 17274 XOR
2 1 17273 823 17275 XOR
2 1 17274 17273 17276 XOR
2 1 17274 17275 17277 AND
2 1 17273 17277 17278 XOR
2 1 17083 824 17279 XOR
2 1 17278 824 17280 XOR
2 1 17279 17278 17281 XOR
2 1 17279 17280 17282 AND
2 1 17278 17282 17283 XOR
2 1 17086 825 17284 XOR
2 1 17283 825 17285 XOR
2 1 17284 17283 17286 XOR
2 1 17284 17285 17287 AND
2 1 17283 17287 17288 XOR
2 1 17089 826 17289 XOR
2 1 17288 826 17290 XOR
2 1 17289 17288 17291 XOR
2 1 17289 17290 17292 AND
2 1 17288 17292 17293 XOR
2 1 17092 827 17294 XOR
2 1 17293 827 17295 XOR
2 1 17294 17293 17296 XOR
2 1 17294 17295 17297 AND
2 1 17293 17297 17298 XOR
2 1 17095 828 17299 XOR
2 1 17298 828 17300 XOR
2 1 17299 17298 17301 XOR
2 1 17299 17300 17302 AND
2 1 17298 17302 17303 XOR
2 1 17098 829 17304 XOR
2 1 17303 829 17305 XOR
2 1 17304 17303 17306 XOR
2 1 17304 17305 17307 AND
2 1 17303 17307 17308 XOR
2 1 17101 830 17309 XOR
2 1 17308 830 17310 XOR
2 1 17309 17308 17311 XOR
2 1 17309 17310 17312 AND
2 1 17308 17312 17313 XOR
2 1 17104 831 17314 XOR
2 1 17313 831 17315 XOR
2 1 17314 17313 17316 XOR
2 1 17314 17315 17317 AND
2 1 17313 17317 17318 XOR
2 1 17107 832 17319 XOR
2 1 17318 832 17320 XOR
2 1 17319 17318 17321 XOR
2 1 17319 17320 17322 AND
2 1 17318 17322 17323 XOR
2 1 17110 833 17324 XOR
2 1 17323 833 17325 XOR
2 1 17324 17323 17326 XOR
2 1 17324 17325 17327 AND
2 1 17323 17327 17328 XOR
2 1 17113 834 17329 XOR
2 1 17328 834 17330 XOR
2 1 17329 17328 17331 XOR
2 1 17329 17330 17332 AND
2 1 17328 17332 17333 XOR
2 1 17116 835 17334 XOR
2 1 17333 835 17335 XOR
2 1 17334 17333 17336 XOR
2 1 17334 17335 17337 AND
2 1 17333 17337 17338 XOR
2 1 17119 836 17339 XOR
2 1 17338 836 17340 XOR
2 1 17339 17338 17341 XOR
2 1 17339 17340 17342 AND
2 1 17338 17342 17343 XOR
2 1 17122 837 17344 XOR
2 1 17343 837 17345 XOR
2 1 17344 17343 17346 XOR
2 1 17344 17345 17347 AND
2 1 17343 17347 17348 XOR
2 1 17125 838 17349 XOR
2 1 17348 838 17350 XOR
2 1 17349 17348 17351 XOR
2 1 17349 17350 17352 AND
2 1 17348 17352 17353 XOR
2 1 17128 839 17354 XOR
2 1 17353 839 17355 XOR
2 1 17354 17353 17356 XOR
2 1 17354 17355 17357 AND
2 1 17353 17357 17358 XOR
2 1 17131 840 17359 XOR
2 1 17358 840 17360 XOR
2 1 17359 17358 17361 XOR
2 1 17359 17360 17362 AND
2 1 17358 17362 17363 XOR
2 1 17134 841 17364 XOR
2 1 17363 841 17365 XOR
2 1 17364 17363 17366 XOR
2 1 17364 17365 17367 AND
2 1 17363 17367 17368 XOR
2 1 17137 842 17369 XOR
2 1 17368 842 17370 XOR
2 1 17369 17368 17371 XOR
2 1 17369 17370 17372 AND
2 1 17368 17372 17373 XOR
2 1 17140 843 17374 XOR
2 1 17373 843 17375 XOR
2 1 17374 17373 17376 XOR
2 1 17374 17375 17377 AND
2 1 17373 17377 17378 XOR
2 1 17143 844 17379 XOR
2 1 17378 844 17380 XOR
2 1 17379 17378 17381 XOR
2 1 17379 17380 17382 AND
2 1 17378 17382 17383 XOR
2 1 17146 845 17384 XOR
2 1 17383 845 17385 XOR
2 1 17384 17383 17386 XOR
2 1 17384 17385 17387 AND
2 1 17383 17387 17388 XOR
2 1 17149 846 17389 XOR
2 1 17388 846 17390 XOR
2 1 17389 17388 17391 XOR
2 1 17389 17390 17392 AND
2 1 17388 17392 17393 XOR
2 1 17152 847 17394 XOR
2 1 17393 847 17395 XOR
2 1 17394 17393 17396 XOR
2 1 17394 17395 17397 AND
2 1 17393 17397 17398 XOR
2 1 17155 848 17399 XOR
2 1 17398 848 17400 XOR
2 1 17399 17398 17401 XOR
2 1 17399 17400 17402 AND
2 1 17398 17402 17403 XOR
2 1 17158 849 17404 XOR
2 1 17403 849 17405 XOR
2 1 17404 17403 17406 XOR
2 1 17404 17405 17407 AND
2 1 17403 17407 17408 XOR
2 1 17161 850 17409 XOR
2 1 17408 850 17410 XOR
2 1 17409 17408 17411 XOR
2 1 17409 17410 17412 AND
2 1 17408 17412 17413 XOR
2 1 17164 851 17414 XOR
2 1 17413 851 17415 XOR
2 1 17414 17413 17416 XOR
2 1 17414 17415 17417 AND
2 1 17413 17417 17418 XOR
2 1 17167 852 17419 XOR
2 1 17418 852 17420 XOR
2 1 17419 17418 17421 XOR
2 1 17419 17420 17422 AND
2 1 17418 17422 17423 XOR
2 1 17170 853 17424 XOR
2 1 17423 853 17425 XOR
2 1 17424 17423 17426 XOR
2 1 17424 17425 17427 AND
2 1 17423 17427 17428 XOR
2 1 17173 854 17429 XOR
2 1 17428 854 17430 XOR
2 1 17429 17428 17431 XOR
2 1 17429 17430 17432 AND
2 1 17428 17432 17433 XOR
2 1 17176 855 17434 XOR
2 1 17433 855 17435 XOR
2 1 17434 17433 17436 XOR
2 1 17434 17435 17437 AND
2 1 17433 17437 17438 XOR
2 1 17179 856 17439 XOR
2 1 17438 856 17440 XOR
2 1 17439 17438 17441 XOR
2 1 17439 17440 17442 AND
2 1 17438 17442 17443 XOR
2 1 17182 857 17444 XOR
2 1 17443 857 17445 XOR
2 1 17444 17443 17446 XOR
2 1 17444 17445 17447 AND
2 1 17443 17447 17448 XOR
2 1 17185 858 17449 XOR
2 1 17448 858 17450 XOR
2 1 17449 17448 17451 XOR
2 1 17449 17450 17452 AND
2 1 17448 17452 17453 XOR
2 1 17188 859 17454 XOR
2 1 17453 859 17455 XOR
2 1 17454 17453 17456 XOR
2 1 17454 17455 17457 AND
2 1 17453 17457 17458 XOR
2 1 17191 860 17459 XOR
2 1 17458 860 17460 XOR
2 1 17459 17458 17461 XOR
2 1 17459 17460 17462 AND
2 1 17458 17462 17463 XOR
2 1 17194 861 17464 XOR
2 1 17463 861 17465 XOR
2 1 17464 17463 17466 XOR
2 1 17464 17465 17467 AND
2 1 17463 17467 17468 XOR
2 1 17197 862 17469 XOR
2 1 17468 862 17470 XOR
2 1 17469 17468 17471 XOR
2 1 17469 17470 17472 AND
2 1 17468 17472 17473 XOR
2 1 17200 863 17474 XOR
2 1 17473 863 17475 XOR
2 1 17474 17473 17476 XOR
2 1 17474 17475 17477 AND
2 1 17473 17477 17478 XOR
2 1 17203 864 17479 XOR
2 1 17478 864 17480 XOR
2 1 17479 17478 17481 XOR
2 1 17479 17480 17482 AND
2 1 17478 17482 17483 XOR
2 1 17206 865 17484 XOR
2 1 17483 865 17485 XOR
2 1 17484 17483 17486 XOR
2 1 17484 17485 17487 AND
2 1 17483 17487 17488 XOR
2 1 17209 866 17489 XOR
2 1 17488 866 17490 XOR
2 1 17489 17488 17491 XOR
2 1 17489 17490 17492 AND
2 1 17488 17492 17493 XOR
2 1 17212 867 17494 XOR
2 1 17493 867 17495 XOR
2 1 17494 17493 17496 XOR
2 1 17494 17495 17497 AND
2 1 17493 17497 17498 XOR
2 1 17215 868 17499 XOR
2 1 17498 868 17500 XOR
2 1 17499 17498 17501 XOR
2 1 17499 17500 17502 AND
2 1 17498 17502 17503 XOR
2 1 17218 869 17504 XOR
2 1 17503 869 17505 XOR
2 1 17504 17503 17506 XOR
2 1 17504 17505 17507 AND
2 1 17503 17507 17508 XOR
2 1 17221 870 17509 XOR
2 1 17508 870 17510 XOR
2 1 17509 17508 17511 XOR
2 1 17509 17510 17512 AND
2 1 17508 17512 17513 XOR
2 1 17224 871 17514 XOR
2 1 17513 871 17515 XOR
2 1 17514 17513 17516 XOR
2 1 17514 17515 17517 AND
2 1 17513 17517 17518 XOR
2 1 17227 872 17519 XOR
2 1 17518 872 17520 XOR
2 1 17519 17518 17521 XOR
2 1 17519 17520 17522 AND
2 1 17518 17522 17523 XOR
2 1 17230 873 17524 XOR
2 1 17523 873 17525 XOR
2 1 17524 17523 17526 XOR
2 1 17524 17525 17527 AND
2 1 17523 17527 17528 XOR
2 1 17233 874 17529 XOR
2 1 17528 874 17530 XOR
2 1 17529 17528 17531 XOR
2 1 17529 17530 17532 AND
2 1 17528 17532 17533 XOR
2 1 17236 875 17534 XOR
2 1 17533 875 17535 XOR
2 1 17534 17533 17536 XOR
2 1 17534 17535 17537 AND
2 1 17533 17537 17538 XOR
2 1 17239 876 17539 XOR
2 1 17538 876 17540 XOR
2 1 17539 17538 17541 XOR
2 1 17539 17540 17542 AND
2 1 17538 17542 17543 XOR
2 1 17242 877 17544 XOR
2 1 17543 877 17545 XOR
2 1 17544 17543 17546 XOR
2 1 17544 17545 17547 AND
2 1 17543 17547 17548 XOR
2 1 17245 878 17549 XOR
2 1 17548 878 17550 XOR
2 1 17549 17548 17551 XOR
2 1 17549 17550 17552 AND
2 1 17548 17552 17553 XOR
2 1 17248 879 17554 XOR
2 1 17553 879 17555 XOR
2 1 17554 17553 17556 XOR
2 1 17554 17555 17557 AND
2 1 17553 17557 17558 XOR
2 1 17251 880 17559 XOR
2 1 17558 880 17560 XOR
2 1 17559 17558 17561 XOR
2 1 17559 17560 17562 AND
2 1 17558 17562 17563 XOR
2 1 17254 881 17564 XOR
2 1 17563 881 17565 XOR
2 1 17564 17563 17566 XOR
2 1 17564 17565 17567 AND
2 1 17563 17567 17568 XOR
2 1 17257 882 17569 XOR
2 1 17568 882 17570 XOR
2 1 17569 17568 17571 XOR
2 1 17569 17570 17572 AND
2 1 17568 17572 17573 XOR
2 1 17260 883 17574 XOR
2 1 17573 883 17575 XOR
2 1 17574 17573 17576 XOR
2 1 17574 17575 17577 AND
2 1 17573 17577 17578 XOR
2 1 442 17262 17579 XOR
2 1 17578 17579 17580 AND
2 1 17580 17262 17581 XOR
2 1 17074 17266 17582 XOR
2 1 17578 17582 17583 AND
2 1 17583 17266 17584 XOR
2 1 17077 17271 17585 XOR
2 1 17578 17585 17586 AND
2 1 17586 17271 17587 XOR
2 1 17080 17276 17588 XOR
2 1 17578 17588 17589 AND
2 1 17589 17276 17590 XOR
2 1 17083 17281 17591 XOR
2 1 17578 17591 17592 AND
2 1 17592 17281 17593 XOR
2 1 17086 17286 17594 XOR
2 1 17578 17594 17595 AND
2 1 17595 17286 17596 XOR
2 1 17089 17291 17597 XOR
2 1 17578 17597 17598 AND
2 1 17598 17291 17599 XOR
2 1 17092 17296 17600 XOR
2 1 17578 17600 17601 AND
2 1 17601 17296 17602 XOR
2 1 17095 17301 17603 XOR
2 1 17578 17603 17604 AND
2 1 17604 17301 17605 XOR
2 1 17098 17306 17606 XOR
2 1 17578 17606 17607 AND
2 1 17607 17306 17608 XOR
2 1 17101 17311 17609 XOR
2 1 17578 17609 17610 AND
2 1 17610 17311 17611 XOR
2 1 17104 17316 17612 XOR
2 1 17578 17612 17613 AND
2 1 17613 17316 17614 XOR
2 1 17107 17321 17615 XOR
2 1 17578 17615 17616 AND
2 1 17616 17321 17617 XOR
2 1 17110 17326 17618 XOR
2 1 17578 17618 17619 AND
2 1 17619 17326 17620 XOR
2 1 17113 17331 17621 XOR
2 1 17578 17621 17622 AND
2 1 17622 17331 17623 XOR
2 1 17116 17336 17624 XOR
2 1 17578 17624 17625 AND
2 1 17625 17336 17626 XOR
2 1 17119 17341 17627 XOR
2 1 17578 17627 17628 AND
2 1 17628 17341 17629 XOR
2 1 17122 17346 17630 XOR
2 1 17578 17630 17631 AND
2 1 17631 17346 17632 XOR
2 1 17125 17351 17633 XOR
2 1 17578 17633 17634 AND
2 1 17634 17351 17635 XOR
2 1 17128 17356 17636 XOR
2 1 17578 17636 17637 AND
2 1 17637 17356 17638 XOR
2 1 17131 17361 17639 XOR
2 1 17578 17639 17640 AND
2 1 17640 17361 17641 XOR
2 1 17134 17366 17642 XOR
2 1 17578 17642 17643 AND
2 1 17643 17366 17644 XOR
2 1 17137 17371 17645 XOR
2 1 17578 17645 17646 AND
2 1 17646 17371 17647 XOR
2 1 17140 17376 17648 XOR
2 1 17578 17648 17649 AND
2 1 17649 17376 17650 XOR
2 1 17143 17381 17651 XOR
2 1 17578 17651 17652 AND
2 1 17652 17381 17653 XOR
2 1 17146 17386 17654 XOR
2 1 17578 17654 17655 AND
2 1 17655 17386 17656 XOR
2 1 17149 17391 17657 XOR
2 1 17578 17657 17658 AND
2 1 17658 17391 17659 XOR
2 1 17152 17396 17660 XOR
2 1 17578 17660 17661 AND
2 1 17661 17396 17662 XOR
2 1 17155 17401 17663 XOR
2 1 17578 17663 17664 AND
2 1 17664 17401 17665 XOR
2 1 17158 17406 17666 XOR
2 1 17578 17666 17667 AND
2 1 17667 17406 17668 XOR
2 1 17161 17411 17669 XOR
2 1 17578 17669 17670 AND
2 1 17670 17411 17671 XOR
2 1 17164 17416 17672 XOR
2 1 17578 17672 17673 AND
2 1 17673 17416 17674 XOR
2 1 17167 17421 17675 XOR
2 1 17578 17675 17676 AND
2 1 17676 17421 17677 XOR
2 1 17170 17426 17678 XOR
2 1 17578 17678 17679 AND
2 1 17679 17426 17680 XOR
2 1 17173 17431 17681 XOR
2 1 17578 17681 17682 AND
2 1 17682 17431 17683 XOR
2 1 17176 17436 17684 XOR
2 1 17578 17684 17685 AND
2 1 17685 17436 17686 XOR
2 1 17179 17441 17687 XOR
2 1 17578 17687 17688 AND
2 1 17688 17441 17689 XOR
2 1 17182 17446 17690 XOR
2 1 17578 17690 17691 AND
2 1 17691 17446 17692 XOR
2 1 17185 17451 17693 XOR
2 1 17578 17693 17694 AND
2 1 17694 17451 17695 XOR
2 1 17188 17456 17696 XOR
2 1 17578 17696 17697 AND
2 1 17697 17456 17698 XOR
2 1 17191 17461 17699 XOR
2 1 17578 17699 17700 AND
2 1 17700 17461 17701 XOR
2 1 17194 17466 17702 XOR
2 1 17578 17702 17703 AND
2 1 17703 17466 17704 XOR
2 1 17197 17471 17705 XOR
2 1 17578 17705 17706 AND
2 1 17706 17471 17707 XOR
2 1 17200 17476 17708 XOR
2 1 17578 17708 17709 AND
2 1 17709 17476 17710 XOR
2 1 17203 17481 17711 XOR
2 1 17578 17711 17712 AND
2 1 17712 17481 17713 XOR
2 1 17206 17486 17714 XOR
2 1 17578 17714 17715 AND
2 1 17715 17486 17716 XOR
2 1 17209 17491 17717 XOR
2 1 17578 17717 17718 AND
2 1 17718 17491 17719 XOR
2 1 17212 17496 17720 XOR
2 1 17578 17720 17721 AND
2 1 17721 17496 17722 XOR
2 1 17215 17501 17723 XOR
2 1 17578 17723 17724 AND
2 1 17724 17501 17725 XOR
2 1 17218 17506 17726 XOR
2 1 17578 17726 17727 AND
2 1 17727 17506 17728 XOR
2 1 17221 17511 17729 XOR
2 1 17578 17729 17730 AND
2 1 17730 17511 17731 XOR
2 1 17224 17516 17732 XOR
2 1 17578 17732 17733 AND
2 1 17733 17516 17734 XOR
2 1 17227 17521 17735 XOR
2 1 17578 17735 17736 AND
2 1 17736 17521 17737 XOR
2 1 17230 17526 17738 XOR
2 1 17578 17738 17739 AND
2 1 17739 17526 17740 XOR
2 1 17233 17531 17741 XOR
2 1 17578 17741 17742 AND
2 1 17742 17531 17743 XOR
2 1 17236 17536 17744 XOR
2 1 17578 17744 17745 AND
2 1 17745 17536 17746 XOR
2 1 17239 17541 17747 XOR
2 1 17578 17747 17748 AND
2 1 17748 17541 17749 XOR
2 1 17242 17546 17750 XOR
2 1 17578 17750 17751 AND
2 1 17751 17546 17752 XOR
2 1 17245 17551 17753 XOR
2 1 17578 17753 17754 AND
2 1 17754 17551 17755 XOR
2 1 17248 17556 17756 XOR
2 1 17578 17756 17757 AND
2 1 17757 17556 17758 XOR
2 1 17251 17561 17759 XOR
2 1 17578 17759 17760 AND
2 1 17760 17561 17761 XOR
2 1 17254 17566 17762 XOR
2 1 17578 17762 17763 AND
2 1 17763 17566 17764 XOR
2 1 17257 17571 17765 XOR
2 1 17578 17765 17766 AND
2 1 17766 17571 17767 XOR
2 1 17260 17576 17768 XOR
2 1 17578 17768 17769 AND
2 1 17769 17576 17770 XOR
1 1 17578 17771 INV
2 1 17771 884 17772 XOR
2 1 17772 884 17773 XOR
2 1 884 17772 17774 AND
2 1 17261 884 17775 XOR
2 1 17775 17774 17776 XOR
2 1 17774 17775 17777 AND
2 1 16756 884 17778 XOR
2 1 17778 17777 17779 XOR
2 1 17777 17778 17780 AND
2 1 16259 884 17781 XOR
2 1 17781 17780 17782 XOR
2 1 17780 17781 17783 AND
2 1 15770 884 17784 XOR
2 1 17784 17783 17785 XOR
2 1 17783 17784 17786 AND
2 1 15289 884 17787 XOR
2 1 17787 17786 17788 XOR
2 1 17786 17787 17789 AND
2 1 14816 884 17790 XOR
2 1 17790 17789 17791 XOR
2 1 17789 17790 17792 AND
2 1 14351 884 17793 XOR
2 1 17793 17792 17794 XOR
2 1 17792 17793 17795 AND
2 1 13894 884 17796 XOR
2 1 17796 17795 17797 XOR
2 1 17795 17796 17798 AND
2 1 13445 884 17799 XOR
2 1 17799 17798 17800 XOR
2 1 17798 17799 17801 AND
2 1 13004 884 17802 XOR
2 1 17802 17801 17803 XOR
2 1 17801 17802 17804 AND
2 1 12571 884 17805 XOR
2 1 17805 17804 17806 XOR
2 1 17804 17805 17807 AND
2 1 12146 884 17808 XOR
2 1 17808 17807 17809 XOR
2 1 17807 17808 17810 AND
2 1 11729 884 17811 XOR
2 1 17811 17810 17812 XOR
2 1 17810 17811 17813 AND
2 1 11320 884 17814 XOR
2 1 17814 17813 17815 XOR
2 1 17813 17814 17816 AND
2 1 10919 884 17817 XOR
2 1 17817 17816 17818 XOR
2 1 17816 17817 17819 AND
2 1 10526 884 17820 XOR
2 1 17820 17819 17821 XOR
2 1 17819 17820 17822 AND
2 1 10141 884 17823 XOR
2 1 17823 17822 17824 XOR
2 1 17822 17823 17825 AND
2 1 9764 884 17826 XOR
2 1 17826 17825 17827 XOR
2 1 17825 17826 17828 AND
2 1 9395 884 17829 XOR
2 1 17829 17828 17830 XOR
2 1 17828 17829 17831 AND
2 1 9034 884 17832 XOR
2 1 17832 17831 17833 XOR
2 1 17831 17832 17834 AND
2 1 8681 884 17835 XOR
2 1 17835 17834 17836 XOR
2 1 17834 17835 17837 AND
2 1 8336 884 17838 XOR
2 1 17838 17837 17839 XOR
2 1 17837 17838 17840 AND
2 1 7999 884 17841 XOR
2 1 17841 17840 17842 XOR
2 1 17840 17841 17843 AND
2 1 7670 884 17844 XOR
2 1 17844 17843 17845 XOR
2 1 17843 17844 17846 AND
2 1 7349 884 17847 XOR
2 1 17847 17846 17848 XOR
2 1 17846 17847 17849 AND
2 1 7036 884 17850 XOR
2 1 17850 17849 17851 XOR
2 1 17849 17850 17852 AND
2 1 6731 884 17853 XOR
2 1 17853 17852 17854 XOR
2 1 17852 17853 17855 AND
2 1 6434 884 17856 XOR
2 1 17856 17855 17857 XOR
2 1 17855 17856 17858 AND
2 1 6145 884 17859 XOR
2 1 17859 17858 17860 XOR
2 1 17858 17859 17861 AND
2 1 5864 884 17862 XOR
2 1 17862 17861 17863 XOR
2 1 17861 17862 17864 AND
2 1 5591 884 17865 XOR
2 1 17865 17864 17866 XOR
2 1 17864 17865 17867 AND
2 1 5326 884 17868 XOR
2 1 17868 17867 17869 XOR
2 1 17867 17868 17870 AND
2 1 5069 884 17871 XOR
2 1 17871 17870 17872 XOR
2 1 17870 17871 17873 AND
2 1 4820 884 17874 XOR
2 1 17874 17873 17875 XOR
2 1 17873 17874 17876 AND
2 1 4579 884 17877 XOR
2 1 17877 17876 17878 XOR
2 1 17876 17877 17879 AND
2 1 4346 884 17880 XOR
2 1 17880 17879 17881 XOR
2 1 17879 17880 17882 AND
2 1 4121 884 17883 XOR
2 1 17883 17882 17884 XOR
2 1 17882 17883 17885 AND
2 1 3904 884 17886 XOR
2 1 17886 17885 17887 XOR
2 1 17885 17886 17888 AND
2 1 3695 884 17889 XOR
2 1 17889 17888 17890 XOR
2 1 17888 17889 17891 AND
2 1 3494 884 17892 XOR
2 1 17892 17891 17893 XOR
2 1 17891 17892 17894 AND
2 1 3301 884 17895 XOR
2 1 17895 17894 17896 XOR
2 1 17894 17895 17897 AND
2 1 3116 884 17898 XOR
2 1 17898 17897 17899 XOR
2 1 17897 17898 17900 AND
2 1 2939 884 17901 XOR
2 1 17901 17900 17902 XOR
2 1 17900 17901 17903 AND
2 1 2770 884 17904 XOR
2 1 17904 17903 17905 XOR
2 1 17903 17904 17906 AND
2 1 2609 884 17907 XOR
2 1 17907 17906 17908 XOR
2 1 17906 17907 17909 AND
2 1 2456 884 17910 XOR
2 1 17910 17909 17911 XOR
2 1 17909 17910 17912 AND
2 1 2311 884 17913 XOR
2 1 17913 17912 17914 XOR
2 1 17912 17913 17915 AND
2 1 2174 884 17916 XOR
2 1 17916 17915 17917 XOR
2 1 17915 17916 17918 AND
2 1 2045 884 17919 XOR
2 1 17919 17918 17920 XOR
2 1 17918 17919 17921 AND
2 1 1924 884 17922 XOR
2 1 17922 17921 17923 XOR
2 1 17921 17922 17924 AND
2 1 1811 884 17925 XOR
2 1 17925 17924 17926 XOR
2 1 17924 17925 17927 AND
2 1 1706 884 17928 XOR
2 1 17928 17927 17929 XOR
2 1 17927 17928 17930 AND
2 1 1609 884 17931 XOR
2 1 17931 17930 17932 XOR
2 1 17930 17931 17933 AND
2 1 1520 884 17934 XOR
2 1 17934 17933 17935 XOR
2 1 17933 17934 17936 AND
2 1 1439 884 17937 XOR
2 1 17937 17936 17938 XOR
2 1 17936 17937 17939 AND
2 1 1366 884 17940 XOR
2 1 17940 17939 17941 XOR
2 1 17939 17940 17942 AND
2 1 1301 884 17943 XOR
2 1 17943 17942 17944 XOR
2 1 17942 17943 17945 AND
2 1 1244 884 17946 XOR
2 1 17946 17945 17947 XOR
2 1 17945 17946 17948 AND
2 1 1195 884 17949 XOR
2 1 17949 17948 17950 XOR
2 1 17948 17949 17951 AND
2 1 1154 884 17952 XOR
2 1 17952 17951 17953 XOR
2 1 17951 17952 17954 AND
2 1 1121 884 17955 XOR
2 1 17955 17954 17956 XOR
2 1 17954 17955 17957 AND
2 1 1096 884 17958 XOR
2 1 17958 17957 17959 XOR
2 1 17957 17958 17960 AND
2 1 884 17960 17961 XOR
2 1 17961 1079 17962 XOR
2 1 0 0 17963 XOR
2 1 17963 17773 17964 XOR
2 1 17963 17776 17965 XOR
2 1 17963 17779 17966 XOR
2 1 17963 17782 17967 XOR
2 1 17963 17785 17968 XOR
2 1 17963 17788 17969 XOR
2 1 17963 17791 17970 XOR
2 1 17963 17794 17971 XOR
2 1 17963 17797 17972 XOR
2 1 17963 17800 17973 XOR
2 1 17963 17803 17974 XOR
2 1 17963 17806 17975 XOR
2 1 17963 17809 17976 XOR
2 1 17963 17812 17977 XOR
2 1 17963 17815 17978 XOR
2 1 17963 17818 17979 XOR
2 1 17963 17821 17980 XOR
2 1 17963 17824 17981 XOR
2 1 17963 17827 17982 XOR
2 1 17963 17830 17983 XOR
2 1 17963 17833 17984 XOR
2 1 17963 17836 17985 XOR
2 1 17963 17839 17986 XOR
2 1 17963 17842 17987 XOR
2 1 17963 17845 17988 XOR
2 1 17963 17848 17989 XOR
2 1 17963 17851 17990 XOR
2 1 17963 17854 17991 XOR
2 1 17963 17857 17992 XOR
2 1 17963 17860 17993 XOR
2 1 17963 17863 17994 XOR
2 1 17963 17866 17995 XOR
2 1 17963 17869 17996 XOR
2 1 17963 17872 17997 XOR
2 1 17963 17875 17998 XOR
2 1 17963 17878 17999 XOR
2 1 17963 17881 18000 XOR
2 1 17963 17884 18001 XOR
2 1 17963 17887 18002 XOR
2 1 17963 17890 18003 XOR
2 1 17963 17893 18004 XOR
2 1 17963 17896 18005 XOR
2 1 17963 17899 18006 XOR
2 1 17963 17902 18007 XOR
2 1 17963 17905 18008 XOR
2 1 17963 17908 18009 XOR
2 1 17963 17911 18010 XOR
2 1 17963 17914 18011 XOR
2 1 17963 17917 18012 XOR
2 1 17963 17920 18013 XOR
2 1 17963 17923 18014 XOR
2 1 17963 17926 18015 XOR
2 1 17963 17929 18016 XOR
2 1 17963 17932 18017 XOR
2 1 17963 17935 18018 XOR
2 1 17963 17938 18019 XOR
2 1 17963 17941 18020 XOR
2 1 17963 17944 18021 XOR
2 1 17963 17947 18022 XOR
2 1 17963 17950 18023 XOR
2 1 17963 17953 18024 XOR
2 1 17963 17956 18025 XOR
2 1 17963 17959 18026 XOR
2 1 17963 17962 18027 XOR
