10686 10750
32 32 32
                                                                                                                                                                                   
1 1 0 64 INV
2 1 32 64 65 AND
1 1 65 66 INV
1 1 33 67 INV
2 1 66 67 68 AND
1 1 68 69 INV
1 1 33 70 INV
2 1 1 70 71 AND
1 1 71 72 INV
2 1 69 72 73 AND
1 1 65 74 INV
2 1 1 74 75 AND
1 1 75 76 INV
2 1 73 76 77 AND
2 1 77 34 78 XOR
2 1 77 34 79 AND
2 1 78 79 80 XOR
1 1 34 81 INV
1 1 2 82 INV
1 1 82 83 INV
2 1 81 83 84 AND
1 1 84 85 INV
2 1 80 85 86 AND
2 1 77 82 87 XOR
2 1 77 82 88 AND
2 1 87 88 89 XOR
2 1 86 89 90 AND
2 1 90 35 91 XOR
2 1 90 35 92 AND
2 1 91 92 93 XOR
1 1 35 94 INV
2 1 3 94 95 AND
1 1 95 96 INV
2 1 93 96 97 AND
1 1 90 98 INV
2 1 3 98 99 AND
1 1 99 100 INV
2 1 97 100 101 AND
2 1 101 36 102 XOR
2 1 101 36 103 AND
2 1 102 103 104 XOR
1 1 36 105 INV
2 1 4 105 106 AND
1 1 106 107 INV
2 1 104 107 108 AND
1 1 101 109 INV
2 1 4 109 110 AND
1 1 110 111 INV
2 1 108 111 112 AND
2 1 112 37 113 XOR
2 1 112 37 114 AND
2 1 113 114 115 XOR
1 1 37 116 INV
2 1 5 116 117 AND
1 1 117 118 INV
2 1 115 118 119 AND
1 1 112 120 INV
2 1 5 120 121 AND
1 1 121 122 INV
2 1 119 122 123 AND
2 1 123 38 124 XOR
2 1 123 38 125 AND
2 1 124 125 126 XOR
1 1 38 127 INV
1 1 6 128 INV
1 1 128 129 INV
2 1 127 129 130 AND
1 1 130 131 INV
2 1 126 131 132 AND
2 1 123 128 133 XOR
2 1 123 128 134 AND
2 1 133 134 135 XOR
2 1 132 135 136 AND
2 1 136 39 137 XOR
2 1 136 39 138 AND
2 1 137 138 139 XOR
1 1 39 140 INV
2 1 7 140 141 AND
1 1 141 142 INV
2 1 139 142 143 AND
1 1 136 144 INV
2 1 7 144 145 AND
1 1 145 146 INV
2 1 143 146 147 AND
2 1 147 40 148 XOR
2 1 147 40 149 AND
2 1 148 149 150 XOR
1 1 40 151 INV
2 1 8 151 152 AND
1 1 152 153 INV
2 1 150 153 154 AND
1 1 147 155 INV
2 1 8 155 156 AND
1 1 156 157 INV
2 1 154 157 158 AND
2 1 158 41 159 XOR
2 1 158 41 160 AND
2 1 159 160 161 XOR
1 1 41 162 INV
2 1 9 162 163 AND
1 1 163 164 INV
2 1 161 164 165 AND
1 1 158 166 INV
2 1 9 166 167 AND
1 1 167 168 INV
2 1 165 168 169 AND
2 1 169 42 170 XOR
2 1 169 42 171 AND
2 1 170 171 172 XOR
1 1 42 173 INV
1 1 10 174 INV
1 1 174 175 INV
2 1 173 175 176 AND
1 1 176 177 INV
2 1 172 177 178 AND
2 1 169 174 179 XOR
2 1 169 174 180 AND
2 1 179 180 181 XOR
2 1 178 181 182 AND
2 1 182 43 183 XOR
2 1 182 43 184 AND
2 1 183 184 185 XOR
1 1 43 186 INV
2 1 11 186 187 AND
1 1 187 188 INV
2 1 185 188 189 AND
1 1 182 190 INV
2 1 11 190 191 AND
1 1 191 192 INV
2 1 189 192 193 AND
2 1 193 44 194 XOR
2 1 193 44 195 AND
2 1 194 195 196 XOR
1 1 44 197 INV
2 1 12 197 198 AND
1 1 198 199 INV
2 1 196 199 200 AND
1 1 193 201 INV
2 1 12 201 202 AND
1 1 202 203 INV
2 1 200 203 204 AND
2 1 204 45 205 XOR
2 1 204 45 206 AND
2 1 205 206 207 XOR
1 1 45 208 INV
2 1 13 208 209 AND
1 1 209 210 INV
2 1 207 210 211 AND
1 1 204 212 INV
2 1 13 212 213 AND
1 1 213 214 INV
2 1 211 214 215 AND
2 1 215 46 216 XOR
2 1 215 46 217 AND
2 1 216 217 218 XOR
1 1 46 219 INV
1 1 14 220 INV
1 1 220 221 INV
2 1 219 221 222 AND
1 1 222 223 INV
2 1 218 223 224 AND
2 1 215 220 225 XOR
2 1 215 220 226 AND
2 1 225 226 227 XOR
2 1 224 227 228 AND
2 1 228 47 229 XOR
2 1 228 47 230 AND
2 1 229 230 231 XOR
1 1 47 232 INV
2 1 15 232 233 AND
1 1 233 234 INV
2 1 231 234 235 AND
1 1 228 236 INV
2 1 15 236 237 AND
1 1 237 238 INV
2 1 235 238 239 AND
2 1 239 48 240 XOR
2 1 239 48 241 AND
2 1 240 241 242 XOR
1 1 48 243 INV
2 1 16 243 244 AND
1 1 244 245 INV
2 1 242 245 246 AND
1 1 239 247 INV
2 1 16 247 248 AND
1 1 248 249 INV
2 1 246 249 250 AND
2 1 250 49 251 XOR
2 1 250 49 252 AND
2 1 251 252 253 XOR
1 1 49 254 INV
2 1 17 254 255 AND
1 1 255 256 INV
2 1 253 256 257 AND
1 1 250 258 INV
2 1 17 258 259 AND
1 1 259 260 INV
2 1 257 260 261 AND
2 1 261 50 262 XOR
2 1 261 50 263 AND
2 1 262 263 264 XOR
1 1 50 265 INV
1 1 18 266 INV
1 1 266 267 INV
2 1 265 267 268 AND
1 1 268 269 INV
2 1 264 269 270 AND
2 1 261 266 271 XOR
2 1 261 266 272 AND
2 1 271 272 273 XOR
2 1 270 273 274 AND
2 1 274 51 275 XOR
2 1 274 51 276 AND
2 1 275 276 277 XOR
1 1 51 278 INV
2 1 19 278 279 AND
1 1 279 280 INV
2 1 277 280 281 AND
1 1 274 282 INV
2 1 19 282 283 AND
1 1 283 284 INV
2 1 281 284 285 AND
2 1 285 52 286 XOR
2 1 285 52 287 AND
2 1 286 287 288 XOR
1 1 52 289 INV
2 1 20 289 290 AND
1 1 290 291 INV
2 1 288 291 292 AND
1 1 285 293 INV
2 1 20 293 294 AND
1 1 294 295 INV
2 1 292 295 296 AND
2 1 296 53 297 XOR
2 1 296 53 298 AND
2 1 297 298 299 XOR
1 1 53 300 INV
2 1 21 300 301 AND
1 1 301 302 INV
2 1 299 302 303 AND
1 1 296 304 INV
2 1 21 304 305 AND
1 1 305 306 INV
2 1 303 306 307 AND
2 1 307 54 308 XOR
2 1 307 54 309 AND
2 1 308 309 310 XOR
1 1 54 311 INV
2 1 22 311 312 AND
1 1 312 313 INV
2 1 310 313 314 AND
1 1 307 315 INV
2 1 22 315 316 AND
1 1 316 317 INV
2 1 314 317 318 AND
1 1 318 319 INV
1 1 54 320 INV
2 1 22 320 321 XOR
1 1 321 322 INV
2 1 307 322 323 XOR
2 1 22 323 324 XOR
2 1 319 324 325 AND
2 1 22 325 326 XOR
1 1 33 327 INV
1 1 32 328 INV
2 1 327 328 329 AND
1 1 329 330 INV
2 1 32 0 331 XOR
2 1 0 331 332 XOR
2 1 319 332 333 AND
2 1 0 333 334 XOR
1 1 33 335 INV
2 1 334 335 336 AND
1 1 336 337 INV
2 1 330 337 338 AND
1 1 32 339 INV
2 1 334 339 340 AND
1 1 340 341 INV
2 1 338 341 342 AND
2 1 342 34 343 XOR
2 1 342 34 344 AND
2 1 343 344 345 XOR
2 1 1 327 346 XOR
1 1 346 347 INV
2 1 66 347 348 XOR
1 1 348 349 INV
2 1 1 349 350 XOR
2 1 319 350 351 AND
2 1 1 351 352 XOR
1 1 34 353 INV
2 1 352 353 354 AND
1 1 354 355 INV
2 1 345 355 356 AND
1 1 342 357 INV
2 1 352 357 358 AND
1 1 358 359 INV
2 1 356 359 360 AND
2 1 360 35 361 XOR
2 1 360 35 362 AND
2 1 361 362 363 XOR
2 1 82 34 364 XOR
1 1 364 365 INV
2 1 77 365 366 XOR
2 1 2 366 367 XOR
2 1 319 367 368 AND
2 1 2 368 369 XOR
1 1 35 370 INV
2 1 369 370 371 AND
1 1 371 372 INV
2 1 363 372 373 AND
1 1 360 374 INV
2 1 369 374 375 AND
1 1 375 376 INV
2 1 373 376 377 AND
2 1 377 36 378 XOR
2 1 377 36 379 AND
2 1 378 379 380 XOR
1 1 35 381 INV
2 1 3 381 382 XOR
1 1 382 383 INV
2 1 90 383 384 XOR
2 1 3 384 385 XOR
2 1 319 385 386 AND
2 1 3 386 387 XOR
1 1 36 388 INV
2 1 387 388 389 AND
1 1 389 390 INV
2 1 380 390 391 AND
1 1 377 392 INV
2 1 387 392 393 AND
1 1 393 394 INV
2 1 391 394 395 AND
2 1 395 37 396 XOR
2 1 395 37 397 AND
2 1 396 397 398 XOR
1 1 36 399 INV
2 1 4 399 400 XOR
1 1 400 401 INV
2 1 101 401 402 XOR
2 1 4 402 403 XOR
2 1 319 403 404 AND
2 1 4 404 405 XOR
1 1 37 406 INV
2 1 405 406 407 AND
1 1 407 408 INV
2 1 398 408 409 AND
1 1 395 410 INV
2 1 405 410 411 AND
1 1 411 412 INV
2 1 409 412 413 AND
2 1 413 38 414 XOR
2 1 413 38 415 AND
2 1 414 415 416 XOR
1 1 37 417 INV
2 1 5 417 418 XOR
1 1 418 419 INV
2 1 112 419 420 XOR
2 1 5 420 421 XOR
2 1 319 421 422 AND
2 1 5 422 423 XOR
1 1 38 424 INV
2 1 423 424 425 AND
1 1 425 426 INV
2 1 416 426 427 AND
1 1 413 428 INV
2 1 423 428 429 AND
1 1 429 430 INV
2 1 427 430 431 AND
2 1 431 39 432 XOR
2 1 431 39 433 AND
2 1 432 433 434 XOR
2 1 128 38 435 XOR
1 1 435 436 INV
2 1 123 436 437 XOR
2 1 6 437 438 XOR
2 1 319 438 439 AND
2 1 6 439 440 XOR
1 1 39 441 INV
2 1 440 441 442 AND
1 1 442 443 INV
2 1 434 443 444 AND
1 1 431 445 INV
2 1 440 445 446 AND
1 1 446 447 INV
2 1 444 447 448 AND
2 1 448 40 449 XOR
2 1 448 40 450 AND
2 1 449 450 451 XOR
1 1 39 452 INV
2 1 7 452 453 XOR
1 1 453 454 INV
2 1 136 454 455 XOR
2 1 7 455 456 XOR
2 1 319 456 457 AND
2 1 7 457 458 XOR
1 1 40 459 INV
2 1 458 459 460 AND
1 1 460 461 INV
2 1 451 461 462 AND
1 1 448 463 INV
2 1 458 463 464 AND
1 1 464 465 INV
2 1 462 465 466 AND
2 1 466 41 467 XOR
2 1 466 41 468 AND
2 1 467 468 469 XOR
1 1 40 470 INV
2 1 8 470 471 XOR
1 1 471 472 INV
2 1 147 472 473 XOR
2 1 8 473 474 XOR
2 1 319 474 475 AND
2 1 8 475 476 XOR
1 1 41 477 INV
2 1 476 477 478 AND
1 1 478 479 INV
2 1 469 479 480 AND
1 1 466 481 INV
2 1 476 481 482 AND
1 1 482 483 INV
2 1 480 483 484 AND
2 1 484 42 485 XOR
2 1 484 42 486 AND
2 1 485 486 487 XOR
1 1 41 488 INV
2 1 9 488 489 XOR
1 1 489 490 INV
2 1 158 490 491 XOR
2 1 9 491 492 XOR
2 1 319 492 493 AND
2 1 9 493 494 XOR
1 1 42 495 INV
2 1 494 495 496 AND
1 1 496 497 INV
2 1 487 497 498 AND
1 1 484 499 INV
2 1 494 499 500 AND
1 1 500 501 INV
2 1 498 501 502 AND
2 1 502 43 503 XOR
2 1 502 43 504 AND
2 1 503 504 505 XOR
2 1 174 42 506 XOR
1 1 506 507 INV
2 1 169 507 508 XOR
2 1 10 508 509 XOR
2 1 319 509 510 AND
2 1 10 510 511 XOR
1 1 43 512 INV
2 1 511 512 513 AND
1 1 513 514 INV
2 1 505 514 515 AND
1 1 502 516 INV
2 1 511 516 517 AND
1 1 517 518 INV
2 1 515 518 519 AND
2 1 519 44 520 XOR
2 1 519 44 521 AND
2 1 520 521 522 XOR
1 1 43 523 INV
2 1 11 523 524 XOR
1 1 524 525 INV
2 1 182 525 526 XOR
2 1 11 526 527 XOR
2 1 319 527 528 AND
2 1 11 528 529 XOR
1 1 44 530 INV
2 1 529 530 531 AND
1 1 531 532 INV
2 1 522 532 533 AND
1 1 519 534 INV
2 1 529 534 535 AND
1 1 535 536 INV
2 1 533 536 537 AND
2 1 537 45 538 XOR
2 1 537 45 539 AND
2 1 538 539 540 XOR
1 1 44 541 INV
2 1 12 541 542 XOR
1 1 542 543 INV
2 1 193 543 544 XOR
2 1 12 544 545 XOR
2 1 319 545 546 AND
2 1 12 546 547 XOR
1 1 45 548 INV
2 1 547 548 549 AND
1 1 549 550 INV
2 1 540 550 551 AND
1 1 537 552 INV
2 1 547 552 553 AND
1 1 553 554 INV
2 1 551 554 555 AND
2 1 555 46 556 XOR
2 1 555 46 557 AND
2 1 556 557 558 XOR
1 1 45 559 INV
2 1 13 559 560 XOR
1 1 560 561 INV
2 1 204 561 562 XOR
2 1 13 562 563 XOR
2 1 319 563 564 AND
2 1 13 564 565 XOR
1 1 46 566 INV
2 1 565 566 567 AND
1 1 567 568 INV
2 1 558 568 569 AND
1 1 555 570 INV
2 1 565 570 571 AND
1 1 571 572 INV
2 1 569 572 573 AND
2 1 573 47 574 XOR
2 1 573 47 575 AND
2 1 574 575 576 XOR
2 1 220 46 577 XOR
1 1 577 578 INV
2 1 215 578 579 XOR
2 1 14 579 580 XOR
2 1 319 580 581 AND
2 1 14 581 582 XOR
1 1 47 583 INV
2 1 582 583 584 AND
1 1 584 585 INV
2 1 576 585 586 AND
1 1 573 587 INV
2 1 582 587 588 AND
1 1 588 589 INV
2 1 586 589 590 AND
2 1 590 48 591 XOR
2 1 590 48 592 AND
2 1 591 592 593 XOR
1 1 47 594 INV
2 1 15 594 595 XOR
1 1 595 596 INV
2 1 228 596 597 XOR
2 1 15 597 598 XOR
2 1 319 598 599 AND
2 1 15 599 600 XOR
1 1 48 601 INV
2 1 600 601 602 AND
1 1 602 603 INV
2 1 593 603 604 AND
1 1 590 605 INV
2 1 600 605 606 AND
1 1 606 607 INV
2 1 604 607 608 AND
2 1 608 49 609 XOR
2 1 608 49 610 AND
2 1 609 610 611 XOR
1 1 48 612 INV
2 1 16 612 613 XOR
1 1 613 614 INV
2 1 239 614 615 XOR
2 1 16 615 616 XOR
2 1 319 616 617 AND
2 1 16 617 618 XOR
1 1 49 619 INV
2 1 618 619 620 AND
1 1 620 621 INV
2 1 611 621 622 AND
1 1 608 623 INV
2 1 618 623 624 AND
1 1 624 625 INV
2 1 622 625 626 AND
2 1 626 50 627 XOR
2 1 626 50 628 AND
2 1 627 628 629 XOR
1 1 49 630 INV
2 1 17 630 631 XOR
1 1 631 632 INV
2 1 250 632 633 XOR
2 1 17 633 634 XOR
2 1 319 634 635 AND
2 1 17 635 636 XOR
1 1 50 637 INV
2 1 636 637 638 AND
1 1 638 639 INV
2 1 629 639 640 AND
1 1 626 641 INV
2 1 636 641 642 AND
1 1 642 643 INV
2 1 640 643 644 AND
2 1 644 51 645 XOR
2 1 644 51 646 AND
2 1 645 646 647 XOR
2 1 266 50 648 XOR
1 1 648 649 INV
2 1 261 649 650 XOR
2 1 18 650 651 XOR
2 1 319 651 652 AND
2 1 18 652 653 XOR
1 1 51 654 INV
2 1 653 654 655 AND
1 1 655 656 INV
2 1 647 656 657 AND
1 1 644 658 INV
2 1 653 658 659 AND
1 1 659 660 INV
2 1 657 660 661 AND
2 1 661 52 662 XOR
2 1 661 52 663 AND
2 1 662 663 664 XOR
1 1 51 665 INV
2 1 19 665 666 XOR
1 1 666 667 INV
2 1 274 667 668 XOR
2 1 19 668 669 XOR
2 1 319 669 670 AND
2 1 19 670 671 XOR
1 1 52 672 INV
2 1 671 672 673 AND
1 1 673 674 INV
2 1 664 674 675 AND
1 1 661 676 INV
2 1 671 676 677 AND
1 1 677 678 INV
2 1 675 678 679 AND
2 1 679 53 680 XOR
2 1 679 53 681 AND
2 1 680 681 682 XOR
1 1 52 683 INV
2 1 20 683 684 XOR
1 1 684 685 INV
2 1 285 685 686 XOR
2 1 20 686 687 XOR
2 1 319 687 688 AND
2 1 20 688 689 XOR
1 1 53 690 INV
2 1 689 690 691 AND
1 1 691 692 INV
2 1 682 692 693 AND
1 1 679 694 INV
2 1 689 694 695 AND
1 1 695 696 INV
2 1 693 696 697 AND
2 1 697 54 698 XOR
2 1 697 54 699 AND
2 1 698 699 700 XOR
1 1 53 701 INV
2 1 21 701 702 XOR
1 1 702 703 INV
2 1 296 703 704 XOR
2 1 21 704 705 XOR
2 1 319 705 706 AND
2 1 21 706 707 XOR
1 1 54 708 INV
2 1 707 708 709 AND
1 1 709 710 INV
2 1 700 710 711 AND
1 1 697 712 INV
2 1 707 712 713 AND
1 1 713 714 INV
2 1 711 714 715 AND
1 1 715 716 INV
2 1 326 716 717 AND
1 1 717 718 INV
2 1 718 319 719 AND
1 1 719 720 INV
2 1 720 32 721 AND
2 1 320 707 722 XOR
1 1 722 723 INV
2 1 697 723 724 XOR
2 1 707 724 725 XOR
2 1 720 725 726 AND
2 1 707 726 727 XOR
1 1 33 728 INV
2 1 721 728 729 AND
1 1 729 730 INV
2 1 330 730 731 AND
2 1 731 34 732 XOR
2 1 731 34 733 AND
2 1 732 733 734 XOR
2 1 327 32 735 XOR
1 1 735 736 INV
2 1 334 736 737 XOR
2 1 334 737 738 XOR
2 1 720 738 739 AND
2 1 334 739 740 XOR
1 1 34 741 INV
2 1 740 741 742 AND
1 1 742 743 INV
2 1 734 743 744 AND
1 1 731 745 INV
2 1 740 745 746 AND
1 1 746 747 INV
2 1 744 747 748 AND
2 1 748 35 749 XOR
2 1 748 35 750 AND
2 1 749 750 751 XOR
2 1 81 352 752 XOR
1 1 752 753 INV
2 1 342 753 754 XOR
2 1 352 754 755 XOR
2 1 720 755 756 AND
2 1 352 756 757 XOR
1 1 35 758 INV
2 1 757 758 759 AND
1 1 759 760 INV
2 1 751 760 761 AND
1 1 748 762 INV
2 1 757 762 763 AND
1 1 763 764 INV
2 1 761 764 765 AND
2 1 765 36 766 XOR
2 1 765 36 767 AND
2 1 766 767 768 XOR
2 1 381 369 769 XOR
1 1 769 770 INV
2 1 360 770 771 XOR
2 1 369 771 772 XOR
2 1 720 772 773 AND
2 1 369 773 774 XOR
1 1 36 775 INV
2 1 774 775 776 AND
1 1 776 777 INV
2 1 768 777 778 AND
1 1 765 779 INV
2 1 774 779 780 AND
1 1 780 781 INV
2 1 778 781 782 AND
2 1 782 37 783 XOR
2 1 782 37 784 AND
2 1 783 784 785 XOR
2 1 399 387 786 XOR
1 1 786 787 INV
2 1 377 787 788 XOR
2 1 387 788 789 XOR
2 1 720 789 790 AND
2 1 387 790 791 XOR
1 1 37 792 INV
2 1 791 792 793 AND
1 1 793 794 INV
2 1 785 794 795 AND
1 1 782 796 INV
2 1 791 796 797 AND
1 1 797 798 INV
2 1 795 798 799 AND
2 1 799 38 800 XOR
2 1 799 38 801 AND
2 1 800 801 802 XOR
2 1 417 405 803 XOR
1 1 803 804 INV
2 1 395 804 805 XOR
2 1 405 805 806 XOR
2 1 720 806 807 AND
2 1 405 807 808 XOR
1 1 38 809 INV
2 1 808 809 810 AND
1 1 810 811 INV
2 1 802 811 812 AND
1 1 799 813 INV
2 1 808 813 814 AND
1 1 814 815 INV
2 1 812 815 816 AND
2 1 816 39 817 XOR
2 1 816 39 818 AND
2 1 817 818 819 XOR
2 1 127 423 820 XOR
1 1 820 821 INV
2 1 413 821 822 XOR
2 1 423 822 823 XOR
2 1 720 823 824 AND
2 1 423 824 825 XOR
1 1 39 826 INV
2 1 825 826 827 AND
1 1 827 828 INV
2 1 819 828 829 AND
1 1 816 830 INV
2 1 825 830 831 AND
1 1 831 832 INV
2 1 829 832 833 AND
2 1 833 40 834 XOR
2 1 833 40 835 AND
2 1 834 835 836 XOR
2 1 452 440 837 XOR
1 1 837 838 INV
2 1 431 838 839 XOR
2 1 440 839 840 XOR
2 1 720 840 841 AND
2 1 440 841 842 XOR
1 1 40 843 INV
2 1 842 843 844 AND
1 1 844 845 INV
2 1 836 845 846 AND
1 1 833 847 INV
2 1 842 847 848 AND
1 1 848 849 INV
2 1 846 849 850 AND
2 1 850 41 851 XOR
2 1 850 41 852 AND
2 1 851 852 853 XOR
2 1 470 458 854 XOR
1 1 854 855 INV
2 1 448 855 856 XOR
2 1 458 856 857 XOR
2 1 720 857 858 AND
2 1 458 858 859 XOR
1 1 41 860 INV
2 1 859 860 861 AND
1 1 861 862 INV
2 1 853 862 863 AND
1 1 850 864 INV
2 1 859 864 865 AND
1 1 865 866 INV
2 1 863 866 867 AND
2 1 867 42 868 XOR
2 1 867 42 869 AND
2 1 868 869 870 XOR
2 1 488 476 871 XOR
1 1 871 872 INV
2 1 466 872 873 XOR
2 1 476 873 874 XOR
2 1 720 874 875 AND
2 1 476 875 876 XOR
1 1 42 877 INV
2 1 876 877 878 AND
1 1 878 879 INV
2 1 870 879 880 AND
1 1 867 881 INV
2 1 876 881 882 AND
1 1 882 883 INV
2 1 880 883 884 AND
2 1 884 43 885 XOR
2 1 884 43 886 AND
2 1 885 886 887 XOR
2 1 173 494 888 XOR
1 1 888 889 INV
2 1 484 889 890 XOR
2 1 494 890 891 XOR
2 1 720 891 892 AND
2 1 494 892 893 XOR
1 1 43 894 INV
2 1 893 894 895 AND
1 1 895 896 INV
2 1 887 896 897 AND
1 1 884 898 INV
2 1 893 898 899 AND
1 1 899 900 INV
2 1 897 900 901 AND
2 1 901 44 902 XOR
2 1 901 44 903 AND
2 1 902 903 904 XOR
2 1 523 511 905 XOR
1 1 905 906 INV
2 1 502 906 907 XOR
2 1 511 907 908 XOR
2 1 720 908 909 AND
2 1 511 909 910 XOR
1 1 44 911 INV
2 1 910 911 912 AND
1 1 912 913 INV
2 1 904 913 914 AND
1 1 901 915 INV
2 1 910 915 916 AND
1 1 916 917 INV
2 1 914 917 918 AND
2 1 918 45 919 XOR
2 1 918 45 920 AND
2 1 919 920 921 XOR
2 1 541 529 922 XOR
1 1 922 923 INV
2 1 519 923 924 XOR
2 1 529 924 925 XOR
2 1 720 925 926 AND
2 1 529 926 927 XOR
1 1 45 928 INV
2 1 927 928 929 AND
1 1 929 930 INV
2 1 921 930 931 AND
1 1 918 932 INV
2 1 927 932 933 AND
1 1 933 934 INV
2 1 931 934 935 AND
2 1 935 46 936 XOR
2 1 935 46 937 AND
2 1 936 937 938 XOR
2 1 559 547 939 XOR
1 1 939 940 INV
2 1 537 940 941 XOR
2 1 547 941 942 XOR
2 1 720 942 943 AND
2 1 547 943 944 XOR
1 1 46 945 INV
2 1 944 945 946 AND
1 1 946 947 INV
2 1 938 947 948 AND
1 1 935 949 INV
2 1 944 949 950 AND
1 1 950 951 INV
2 1 948 951 952 AND
2 1 952 47 953 XOR
2 1 952 47 954 AND
2 1 953 954 955 XOR
2 1 219 565 956 XOR
1 1 956 957 INV
2 1 555 957 958 XOR
2 1 565 958 959 XOR
2 1 720 959 960 AND
2 1 565 960 961 XOR
1 1 47 962 INV
2 1 961 962 963 AND
1 1 963 964 INV
2 1 955 964 965 AND
1 1 952 966 INV
2 1 961 966 967 AND
1 1 967 968 INV
2 1 965 968 969 AND
2 1 969 48 970 XOR
2 1 969 48 971 AND
2 1 970 971 972 XOR
2 1 594 582 973 XOR
1 1 973 974 INV
2 1 573 974 975 XOR
2 1 582 975 976 XOR
2 1 720 976 977 AND
2 1 582 977 978 XOR
1 1 48 979 INV
2 1 978 979 980 AND
1 1 980 981 INV
2 1 972 981 982 AND
1 1 969 983 INV
2 1 978 983 984 AND
1 1 984 985 INV
2 1 982 985 986 AND
2 1 986 49 987 XOR
2 1 986 49 988 AND
2 1 987 988 989 XOR
2 1 612 600 990 XOR
1 1 990 991 INV
2 1 590 991 992 XOR
2 1 600 992 993 XOR
2 1 720 993 994 AND
2 1 600 994 995 XOR
1 1 49 996 INV
2 1 995 996 997 AND
1 1 997 998 INV
2 1 989 998 999 AND
1 1 986 1000 INV
2 1 995 1000 1001 AND
1 1 1001 1002 INV
2 1 999 1002 1003 AND
2 1 1003 50 1004 XOR
2 1 1003 50 1005 AND
2 1 1004 1005 1006 XOR
2 1 630 618 1007 XOR
1 1 1007 1008 INV
2 1 608 1008 1009 XOR
2 1 618 1009 1010 XOR
2 1 720 1010 1011 AND
2 1 618 1011 1012 XOR
1 1 50 1013 INV
2 1 1012 1013 1014 AND
1 1 1014 1015 INV
2 1 1006 1015 1016 AND
1 1 1003 1017 INV
2 1 1012 1017 1018 AND
1 1 1018 1019 INV
2 1 1016 1019 1020 AND
2 1 1020 51 1021 XOR
2 1 1020 51 1022 AND
2 1 1021 1022 1023 XOR
2 1 265 636 1024 XOR
1 1 1024 1025 INV
2 1 626 1025 1026 XOR
2 1 636 1026 1027 XOR
2 1 720 1027 1028 AND
2 1 636 1028 1029 XOR
1 1 51 1030 INV
2 1 1029 1030 1031 AND
1 1 1031 1032 INV
2 1 1023 1032 1033 AND
1 1 1020 1034 INV
2 1 1029 1034 1035 AND
1 1 1035 1036 INV
2 1 1033 1036 1037 AND
2 1 1037 52 1038 XOR
2 1 1037 52 1039 AND
2 1 1038 1039 1040 XOR
2 1 665 653 1041 XOR
1 1 1041 1042 INV
2 1 644 1042 1043 XOR
2 1 653 1043 1044 XOR
2 1 720 1044 1045 AND
2 1 653 1045 1046 XOR
1 1 52 1047 INV
2 1 1046 1047 1048 AND
1 1 1048 1049 INV
2 1 1040 1049 1050 AND
1 1 1037 1051 INV
2 1 1046 1051 1052 AND
1 1 1052 1053 INV
2 1 1050 1053 1054 AND
2 1 1054 53 1055 XOR
2 1 1054 53 1056 AND
2 1 1055 1056 1057 XOR
2 1 683 671 1058 XOR
1 1 1058 1059 INV
2 1 661 1059 1060 XOR
2 1 671 1060 1061 XOR
2 1 720 1061 1062 AND
2 1 671 1062 1063 XOR
1 1 53 1064 INV
2 1 1063 1064 1065 AND
1 1 1065 1066 INV
2 1 1057 1066 1067 AND
1 1 1054 1068 INV
2 1 1063 1068 1069 AND
1 1 1069 1070 INV
2 1 1067 1070 1071 AND
2 1 1071 54 1072 XOR
2 1 1071 54 1073 AND
2 1 1072 1073 1074 XOR
2 1 701 689 1075 XOR
1 1 1075 1076 INV
2 1 679 1076 1077 XOR
2 1 689 1077 1078 XOR
2 1 720 1078 1079 AND
2 1 689 1079 1080 XOR
1 1 54 1081 INV
2 1 1080 1081 1082 AND
1 1 1082 1083 INV
2 1 1074 1083 1084 AND
1 1 1071 1085 INV
2 1 1080 1085 1086 AND
1 1 1086 1087 INV
2 1 1084 1087 1088 AND
1 1 1088 1089 INV
2 1 727 1089 1090 AND
1 1 1090 1091 INV
2 1 715 326 1092 XOR
1 1 1092 1093 INV
2 1 326 1093 1094 XOR
2 1 720 1094 1095 AND
2 1 326 1095 1096 XOR
1 1 1096 1097 INV
2 1 1091 1097 1098 AND
1 1 1098 1099 INV
2 1 721 736 1100 XOR
2 1 721 1100 1101 XOR
2 1 1099 1101 1102 AND
2 1 721 1102 1103 XOR
2 1 320 1080 1104 XOR
1 1 1104 1105 INV
2 1 1071 1105 1106 XOR
2 1 1080 1106 1107 XOR
2 1 1099 1107 1108 AND
2 1 1080 1108 1109 XOR
2 1 1099 32 1110 AND
1 1 33 1111 INV
2 1 1110 1111 1112 AND
1 1 1112 1113 INV
2 1 330 1113 1114 AND
2 1 1114 34 1115 XOR
2 1 1114 34 1116 AND
2 1 1115 1116 1117 XOR
1 1 34 1118 INV
2 1 1103 1118 1119 AND
1 1 1119 1120 INV
2 1 1117 1120 1121 AND
1 1 1114 1122 INV
2 1 1103 1122 1123 AND
1 1 1123 1124 INV
2 1 1121 1124 1125 AND
2 1 1125 35 1126 XOR
2 1 1125 35 1127 AND
2 1 1126 1127 1128 XOR
2 1 81 740 1129 XOR
1 1 1129 1130 INV
2 1 731 1130 1131 XOR
2 1 740 1131 1132 XOR
2 1 1099 1132 1133 AND
2 1 740 1133 1134 XOR
1 1 35 1135 INV
2 1 1134 1135 1136 AND
1 1 1136 1137 INV
2 1 1128 1137 1138 AND
1 1 1125 1139 INV
2 1 1134 1139 1140 AND
1 1 1140 1141 INV
2 1 1138 1141 1142 AND
2 1 1142 36 1143 XOR
2 1 1142 36 1144 AND
2 1 1143 1144 1145 XOR
2 1 381 757 1146 XOR
1 1 1146 1147 INV
2 1 748 1147 1148 XOR
2 1 757 1148 1149 XOR
2 1 1099 1149 1150 AND
2 1 757 1150 1151 XOR
1 1 36 1152 INV
2 1 1151 1152 1153 AND
1 1 1153 1154 INV
2 1 1145 1154 1155 AND
1 1 1142 1156 INV
2 1 1151 1156 1157 AND
1 1 1157 1158 INV
2 1 1155 1158 1159 AND
2 1 1159 37 1160 XOR
2 1 1159 37 1161 AND
2 1 1160 1161 1162 XOR
2 1 399 774 1163 XOR
1 1 1163 1164 INV
2 1 765 1164 1165 XOR
2 1 774 1165 1166 XOR
2 1 1099 1166 1167 AND
2 1 774 1167 1168 XOR
1 1 37 1169 INV
2 1 1168 1169 1170 AND
1 1 1170 1171 INV
2 1 1162 1171 1172 AND
1 1 1159 1173 INV
2 1 1168 1173 1174 AND
1 1 1174 1175 INV
2 1 1172 1175 1176 AND
2 1 1176 38 1177 XOR
2 1 1176 38 1178 AND
2 1 1177 1178 1179 XOR
2 1 417 791 1180 XOR
1 1 1180 1181 INV
2 1 782 1181 1182 XOR
2 1 791 1182 1183 XOR
2 1 1099 1183 1184 AND
2 1 791 1184 1185 XOR
1 1 38 1186 INV
2 1 1185 1186 1187 AND
1 1 1187 1188 INV
2 1 1179 1188 1189 AND
1 1 1176 1190 INV
2 1 1185 1190 1191 AND
1 1 1191 1192 INV
2 1 1189 1192 1193 AND
2 1 1193 39 1194 XOR
2 1 1193 39 1195 AND
2 1 1194 1195 1196 XOR
2 1 127 808 1197 XOR
1 1 1197 1198 INV
2 1 799 1198 1199 XOR
2 1 808 1199 1200 XOR
2 1 1099 1200 1201 AND
2 1 808 1201 1202 XOR
1 1 39 1203 INV
2 1 1202 1203 1204 AND
1 1 1204 1205 INV
2 1 1196 1205 1206 AND
1 1 1193 1207 INV
2 1 1202 1207 1208 AND
1 1 1208 1209 INV
2 1 1206 1209 1210 AND
2 1 1210 40 1211 XOR
2 1 1210 40 1212 AND
2 1 1211 1212 1213 XOR
2 1 452 825 1214 XOR
1 1 1214 1215 INV
2 1 816 1215 1216 XOR
2 1 825 1216 1217 XOR
2 1 1099 1217 1218 AND
2 1 825 1218 1219 XOR
1 1 40 1220 INV
2 1 1219 1220 1221 AND
1 1 1221 1222 INV
2 1 1213 1222 1223 AND
1 1 1210 1224 INV
2 1 1219 1224 1225 AND
1 1 1225 1226 INV
2 1 1223 1226 1227 AND
2 1 1227 41 1228 XOR
2 1 1227 41 1229 AND
2 1 1228 1229 1230 XOR
2 1 470 842 1231 XOR
1 1 1231 1232 INV
2 1 833 1232 1233 XOR
2 1 842 1233 1234 XOR
2 1 1099 1234 1235 AND
2 1 842 1235 1236 XOR
1 1 41 1237 INV
2 1 1236 1237 1238 AND
1 1 1238 1239 INV
2 1 1230 1239 1240 AND
1 1 1227 1241 INV
2 1 1236 1241 1242 AND
1 1 1242 1243 INV
2 1 1240 1243 1244 AND
2 1 1244 42 1245 XOR
2 1 1244 42 1246 AND
2 1 1245 1246 1247 XOR
2 1 488 859 1248 XOR
1 1 1248 1249 INV
2 1 850 1249 1250 XOR
2 1 859 1250 1251 XOR
2 1 1099 1251 1252 AND
2 1 859 1252 1253 XOR
1 1 42 1254 INV
2 1 1253 1254 1255 AND
1 1 1255 1256 INV
2 1 1247 1256 1257 AND
1 1 1244 1258 INV
2 1 1253 1258 1259 AND
1 1 1259 1260 INV
2 1 1257 1260 1261 AND
2 1 1261 43 1262 XOR
2 1 1261 43 1263 AND
2 1 1262 1263 1264 XOR
2 1 173 876 1265 XOR
1 1 1265 1266 INV
2 1 867 1266 1267 XOR
2 1 876 1267 1268 XOR
2 1 1099 1268 1269 AND
2 1 876 1269 1270 XOR
1 1 43 1271 INV
2 1 1270 1271 1272 AND
1 1 1272 1273 INV
2 1 1264 1273 1274 AND
1 1 1261 1275 INV
2 1 1270 1275 1276 AND
1 1 1276 1277 INV
2 1 1274 1277 1278 AND
2 1 1278 44 1279 XOR
2 1 1278 44 1280 AND
2 1 1279 1280 1281 XOR
2 1 523 893 1282 XOR
1 1 1282 1283 INV
2 1 884 1283 1284 XOR
2 1 893 1284 1285 XOR
2 1 1099 1285 1286 AND
2 1 893 1286 1287 XOR
1 1 44 1288 INV
2 1 1287 1288 1289 AND
1 1 1289 1290 INV
2 1 1281 1290 1291 AND
1 1 1278 1292 INV
2 1 1287 1292 1293 AND
1 1 1293 1294 INV
2 1 1291 1294 1295 AND
2 1 1295 45 1296 XOR
2 1 1295 45 1297 AND
2 1 1296 1297 1298 XOR
2 1 541 910 1299 XOR
1 1 1299 1300 INV
2 1 901 1300 1301 XOR
2 1 910 1301 1302 XOR
2 1 1099 1302 1303 AND
2 1 910 1303 1304 XOR
1 1 45 1305 INV
2 1 1304 1305 1306 AND
1 1 1306 1307 INV
2 1 1298 1307 1308 AND
1 1 1295 1309 INV
2 1 1304 1309 1310 AND
1 1 1310 1311 INV
2 1 1308 1311 1312 AND
2 1 1312 46 1313 XOR
2 1 1312 46 1314 AND
2 1 1313 1314 1315 XOR
2 1 559 927 1316 XOR
1 1 1316 1317 INV
2 1 918 1317 1318 XOR
2 1 927 1318 1319 XOR
2 1 1099 1319 1320 AND
2 1 927 1320 1321 XOR
1 1 46 1322 INV
2 1 1321 1322 1323 AND
1 1 1323 1324 INV
2 1 1315 1324 1325 AND
1 1 1312 1326 INV
2 1 1321 1326 1327 AND
1 1 1327 1328 INV
2 1 1325 1328 1329 AND
2 1 1329 47 1330 XOR
2 1 1329 47 1331 AND
2 1 1330 1331 1332 XOR
2 1 219 944 1333 XOR
1 1 1333 1334 INV
2 1 935 1334 1335 XOR
2 1 944 1335 1336 XOR
2 1 1099 1336 1337 AND
2 1 944 1337 1338 XOR
1 1 47 1339 INV
2 1 1338 1339 1340 AND
1 1 1340 1341 INV
2 1 1332 1341 1342 AND
1 1 1329 1343 INV
2 1 1338 1343 1344 AND
1 1 1344 1345 INV
2 1 1342 1345 1346 AND
2 1 1346 48 1347 XOR
2 1 1346 48 1348 AND
2 1 1347 1348 1349 XOR
2 1 594 961 1350 XOR
1 1 1350 1351 INV
2 1 952 1351 1352 XOR
2 1 961 1352 1353 XOR
2 1 1099 1353 1354 AND
2 1 961 1354 1355 XOR
1 1 48 1356 INV
2 1 1355 1356 1357 AND
1 1 1357 1358 INV
2 1 1349 1358 1359 AND
1 1 1346 1360 INV
2 1 1355 1360 1361 AND
1 1 1361 1362 INV
2 1 1359 1362 1363 AND
2 1 1363 49 1364 XOR
2 1 1363 49 1365 AND
2 1 1364 1365 1366 XOR
2 1 612 978 1367 XOR
1 1 1367 1368 INV
2 1 969 1368 1369 XOR
2 1 978 1369 1370 XOR
2 1 1099 1370 1371 AND
2 1 978 1371 1372 XOR
1 1 49 1373 INV
2 1 1372 1373 1374 AND
1 1 1374 1375 INV
2 1 1366 1375 1376 AND
1 1 1363 1377 INV
2 1 1372 1377 1378 AND
1 1 1378 1379 INV
2 1 1376 1379 1380 AND
2 1 1380 50 1381 XOR
2 1 1380 50 1382 AND
2 1 1381 1382 1383 XOR
2 1 630 995 1384 XOR
1 1 1384 1385 INV
2 1 986 1385 1386 XOR
2 1 995 1386 1387 XOR
2 1 1099 1387 1388 AND
2 1 995 1388 1389 XOR
1 1 50 1390 INV
2 1 1389 1390 1391 AND
1 1 1391 1392 INV
2 1 1383 1392 1393 AND
1 1 1380 1394 INV
2 1 1389 1394 1395 AND
1 1 1395 1396 INV
2 1 1393 1396 1397 AND
2 1 1397 51 1398 XOR
2 1 1397 51 1399 AND
2 1 1398 1399 1400 XOR
2 1 265 1012 1401 XOR
1 1 1401 1402 INV
2 1 1003 1402 1403 XOR
2 1 1012 1403 1404 XOR
2 1 1099 1404 1405 AND
2 1 1012 1405 1406 XOR
1 1 51 1407 INV
2 1 1406 1407 1408 AND
1 1 1408 1409 INV
2 1 1400 1409 1410 AND
1 1 1397 1411 INV
2 1 1406 1411 1412 AND
1 1 1412 1413 INV
2 1 1410 1413 1414 AND
2 1 1414 52 1415 XOR
2 1 1414 52 1416 AND
2 1 1415 1416 1417 XOR
2 1 665 1029 1418 XOR
1 1 1418 1419 INV
2 1 1020 1419 1420 XOR
2 1 1029 1420 1421 XOR
2 1 1099 1421 1422 AND
2 1 1029 1422 1423 XOR
1 1 52 1424 INV
2 1 1423 1424 1425 AND
1 1 1425 1426 INV
2 1 1417 1426 1427 AND
1 1 1414 1428 INV
2 1 1423 1428 1429 AND
1 1 1429 1430 INV
2 1 1427 1430 1431 AND
2 1 1431 53 1432 XOR
2 1 1431 53 1433 AND
2 1 1432 1433 1434 XOR
2 1 683 1046 1435 XOR
1 1 1435 1436 INV
2 1 1037 1436 1437 XOR
2 1 1046 1437 1438 XOR
2 1 1099 1438 1439 AND
2 1 1046 1439 1440 XOR
1 1 53 1441 INV
2 1 1440 1441 1442 AND
1 1 1442 1443 INV
2 1 1434 1443 1444 AND
1 1 1431 1445 INV
2 1 1440 1445 1446 AND
1 1 1446 1447 INV
2 1 1444 1447 1448 AND
2 1 1448 54 1449 XOR
2 1 1448 54 1450 AND
2 1 1449 1450 1451 XOR
2 1 701 1063 1452 XOR
1 1 1452 1453 INV
2 1 1054 1453 1454 XOR
2 1 1063 1454 1455 XOR
2 1 1099 1455 1456 AND
2 1 1063 1456 1457 XOR
1 1 54 1458 INV
2 1 1457 1458 1459 AND
1 1 1459 1460 INV
2 1 1451 1460 1461 AND
1 1 1448 1462 INV
2 1 1457 1462 1463 AND
1 1 1463 1464 INV
2 1 1461 1464 1465 AND
1 1 1465 1466 INV
2 1 1109 1466 1467 AND
1 1 1467 1468 INV
2 1 1088 727 1469 XOR
1 1 1469 1470 INV
2 1 727 1470 1471 XOR
2 1 1099 1471 1472 AND
2 1 727 1472 1473 XOR
1 1 1473 1474 INV
2 1 1468 1474 1475 AND
1 1 1475 1476 INV
2 1 81 1103 1477 XOR
1 1 1477 1478 INV
2 1 1114 1478 1479 XOR
2 1 1103 1479 1480 XOR
2 1 1476 1480 1481 AND
2 1 1103 1481 1482 XOR
2 1 320 1457 1483 XOR
1 1 1483 1484 INV
2 1 1448 1484 1485 XOR
2 1 1457 1485 1486 XOR
2 1 1476 1486 1487 AND
2 1 1457 1487 1488 XOR
2 1 1476 32 1489 AND
1 1 33 1490 INV
2 1 1489 1490 1491 AND
1 1 1491 1492 INV
2 1 330 1492 1493 AND
2 1 1493 34 1494 XOR
2 1 1493 34 1495 AND
2 1 1494 1495 1496 XOR
2 1 1110 736 1497 XOR
2 1 1110 1497 1498 XOR
2 1 1476 1498 1499 AND
2 1 1110 1499 1500 XOR
1 1 34 1501 INV
2 1 1500 1501 1502 AND
1 1 1502 1503 INV
2 1 1496 1503 1504 AND
1 1 1493 1505 INV
2 1 1500 1505 1506 AND
1 1 1506 1507 INV
2 1 1504 1507 1508 AND
2 1 1508 35 1509 XOR
2 1 1508 35 1510 AND
2 1 1509 1510 1511 XOR
1 1 35 1512 INV
2 1 1482 1512 1513 AND
1 1 1513 1514 INV
2 1 1511 1514 1515 AND
1 1 1508 1516 INV
2 1 1482 1516 1517 AND
1 1 1517 1518 INV
2 1 1515 1518 1519 AND
2 1 1519 36 1520 XOR
2 1 1519 36 1521 AND
2 1 1520 1521 1522 XOR
2 1 381 1134 1523 XOR
1 1 1523 1524 INV
2 1 1125 1524 1525 XOR
2 1 1134 1525 1526 XOR
2 1 1476 1526 1527 AND
2 1 1134 1527 1528 XOR
1 1 36 1529 INV
2 1 1528 1529 1530 AND
1 1 1530 1531 INV
2 1 1522 1531 1532 AND
1 1 1519 1533 INV
2 1 1528 1533 1534 AND
1 1 1534 1535 INV
2 1 1532 1535 1536 AND
2 1 1536 37 1537 XOR
2 1 1536 37 1538 AND
2 1 1537 1538 1539 XOR
2 1 399 1151 1540 XOR
1 1 1540 1541 INV
2 1 1142 1541 1542 XOR
2 1 1151 1542 1543 XOR
2 1 1476 1543 1544 AND
2 1 1151 1544 1545 XOR
1 1 37 1546 INV
2 1 1545 1546 1547 AND
1 1 1547 1548 INV
2 1 1539 1548 1549 AND
1 1 1536 1550 INV
2 1 1545 1550 1551 AND
1 1 1551 1552 INV
2 1 1549 1552 1553 AND
2 1 1553 38 1554 XOR
2 1 1553 38 1555 AND
2 1 1554 1555 1556 XOR
2 1 417 1168 1557 XOR
1 1 1557 1558 INV
2 1 1159 1558 1559 XOR
2 1 1168 1559 1560 XOR
2 1 1476 1560 1561 AND
2 1 1168 1561 1562 XOR
1 1 38 1563 INV
2 1 1562 1563 1564 AND
1 1 1564 1565 INV
2 1 1556 1565 1566 AND
1 1 1553 1567 INV
2 1 1562 1567 1568 AND
1 1 1568 1569 INV
2 1 1566 1569 1570 AND
2 1 1570 39 1571 XOR
2 1 1570 39 1572 AND
2 1 1571 1572 1573 XOR
2 1 127 1185 1574 XOR
1 1 1574 1575 INV
2 1 1176 1575 1576 XOR
2 1 1185 1576 1577 XOR
2 1 1476 1577 1578 AND
2 1 1185 1578 1579 XOR
1 1 39 1580 INV
2 1 1579 1580 1581 AND
1 1 1581 1582 INV
2 1 1573 1582 1583 AND
1 1 1570 1584 INV
2 1 1579 1584 1585 AND
1 1 1585 1586 INV
2 1 1583 1586 1587 AND
2 1 1587 40 1588 XOR
2 1 1587 40 1589 AND
2 1 1588 1589 1590 XOR
2 1 452 1202 1591 XOR
1 1 1591 1592 INV
2 1 1193 1592 1593 XOR
2 1 1202 1593 1594 XOR
2 1 1476 1594 1595 AND
2 1 1202 1595 1596 XOR
1 1 40 1597 INV
2 1 1596 1597 1598 AND
1 1 1598 1599 INV
2 1 1590 1599 1600 AND
1 1 1587 1601 INV
2 1 1596 1601 1602 AND
1 1 1602 1603 INV
2 1 1600 1603 1604 AND
2 1 1604 41 1605 XOR
2 1 1604 41 1606 AND
2 1 1605 1606 1607 XOR
2 1 470 1219 1608 XOR
1 1 1608 1609 INV
2 1 1210 1609 1610 XOR
2 1 1219 1610 1611 XOR
2 1 1476 1611 1612 AND
2 1 1219 1612 1613 XOR
1 1 41 1614 INV
2 1 1613 1614 1615 AND
1 1 1615 1616 INV
2 1 1607 1616 1617 AND
1 1 1604 1618 INV
2 1 1613 1618 1619 AND
1 1 1619 1620 INV
2 1 1617 1620 1621 AND
2 1 1621 42 1622 XOR
2 1 1621 42 1623 AND
2 1 1622 1623 1624 XOR
2 1 488 1236 1625 XOR
1 1 1625 1626 INV
2 1 1227 1626 1627 XOR
2 1 1236 1627 1628 XOR
2 1 1476 1628 1629 AND
2 1 1236 1629 1630 XOR
1 1 42 1631 INV
2 1 1630 1631 1632 AND
1 1 1632 1633 INV
2 1 1624 1633 1634 AND
1 1 1621 1635 INV
2 1 1630 1635 1636 AND
1 1 1636 1637 INV
2 1 1634 1637 1638 AND
2 1 1638 43 1639 XOR
2 1 1638 43 1640 AND
2 1 1639 1640 1641 XOR
2 1 173 1253 1642 XOR
1 1 1642 1643 INV
2 1 1244 1643 1644 XOR
2 1 1253 1644 1645 XOR
2 1 1476 1645 1646 AND
2 1 1253 1646 1647 XOR
1 1 43 1648 INV
2 1 1647 1648 1649 AND
1 1 1649 1650 INV
2 1 1641 1650 1651 AND
1 1 1638 1652 INV
2 1 1647 1652 1653 AND
1 1 1653 1654 INV
2 1 1651 1654 1655 AND
2 1 1655 44 1656 XOR
2 1 1655 44 1657 AND
2 1 1656 1657 1658 XOR
2 1 523 1270 1659 XOR
1 1 1659 1660 INV
2 1 1261 1660 1661 XOR
2 1 1270 1661 1662 XOR
2 1 1476 1662 1663 AND
2 1 1270 1663 1664 XOR
1 1 44 1665 INV
2 1 1664 1665 1666 AND
1 1 1666 1667 INV
2 1 1658 1667 1668 AND
1 1 1655 1669 INV
2 1 1664 1669 1670 AND
1 1 1670 1671 INV
2 1 1668 1671 1672 AND
2 1 1672 45 1673 XOR
2 1 1672 45 1674 AND
2 1 1673 1674 1675 XOR
2 1 541 1287 1676 XOR
1 1 1676 1677 INV
2 1 1278 1677 1678 XOR
2 1 1287 1678 1679 XOR
2 1 1476 1679 1680 AND
2 1 1287 1680 1681 XOR
1 1 45 1682 INV
2 1 1681 1682 1683 AND
1 1 1683 1684 INV
2 1 1675 1684 1685 AND
1 1 1672 1686 INV
2 1 1681 1686 1687 AND
1 1 1687 1688 INV
2 1 1685 1688 1689 AND
2 1 1689 46 1690 XOR
2 1 1689 46 1691 AND
2 1 1690 1691 1692 XOR
2 1 559 1304 1693 XOR
1 1 1693 1694 INV
2 1 1295 1694 1695 XOR
2 1 1304 1695 1696 XOR
2 1 1476 1696 1697 AND
2 1 1304 1697 1698 XOR
1 1 46 1699 INV
2 1 1698 1699 1700 AND
1 1 1700 1701 INV
2 1 1692 1701 1702 AND
1 1 1689 1703 INV
2 1 1698 1703 1704 AND
1 1 1704 1705 INV
2 1 1702 1705 1706 AND
2 1 1706 47 1707 XOR
2 1 1706 47 1708 AND
2 1 1707 1708 1709 XOR
2 1 219 1321 1710 XOR
1 1 1710 1711 INV
2 1 1312 1711 1712 XOR
2 1 1321 1712 1713 XOR
2 1 1476 1713 1714 AND
2 1 1321 1714 1715 XOR
1 1 47 1716 INV
2 1 1715 1716 1717 AND
1 1 1717 1718 INV
2 1 1709 1718 1719 AND
1 1 1706 1720 INV
2 1 1715 1720 1721 AND
1 1 1721 1722 INV
2 1 1719 1722 1723 AND
2 1 1723 48 1724 XOR
2 1 1723 48 1725 AND
2 1 1724 1725 1726 XOR
2 1 594 1338 1727 XOR
1 1 1727 1728 INV
2 1 1329 1728 1729 XOR
2 1 1338 1729 1730 XOR
2 1 1476 1730 1731 AND
2 1 1338 1731 1732 XOR
1 1 48 1733 INV
2 1 1732 1733 1734 AND
1 1 1734 1735 INV
2 1 1726 1735 1736 AND
1 1 1723 1737 INV
2 1 1732 1737 1738 AND
1 1 1738 1739 INV
2 1 1736 1739 1740 AND
2 1 1740 49 1741 XOR
2 1 1740 49 1742 AND
2 1 1741 1742 1743 XOR
2 1 612 1355 1744 XOR
1 1 1744 1745 INV
2 1 1346 1745 1746 XOR
2 1 1355 1746 1747 XOR
2 1 1476 1747 1748 AND
2 1 1355 1748 1749 XOR
1 1 49 1750 INV
2 1 1749 1750 1751 AND
1 1 1751 1752 INV
2 1 1743 1752 1753 AND
1 1 1740 1754 INV
2 1 1749 1754 1755 AND
1 1 1755 1756 INV
2 1 1753 1756 1757 AND
2 1 1757 50 1758 XOR
2 1 1757 50 1759 AND
2 1 1758 1759 1760 XOR
2 1 630 1372 1761 XOR
1 1 1761 1762 INV
2 1 1363 1762 1763 XOR
2 1 1372 1763 1764 XOR
2 1 1476 1764 1765 AND
2 1 1372 1765 1766 XOR
1 1 50 1767 INV
2 1 1766 1767 1768 AND
1 1 1768 1769 INV
2 1 1760 1769 1770 AND
1 1 1757 1771 INV
2 1 1766 1771 1772 AND
1 1 1772 1773 INV
2 1 1770 1773 1774 AND
2 1 1774 51 1775 XOR
2 1 1774 51 1776 AND
2 1 1775 1776 1777 XOR
2 1 265 1389 1778 XOR
1 1 1778 1779 INV
2 1 1380 1779 1780 XOR
2 1 1389 1780 1781 XOR
2 1 1476 1781 1782 AND
2 1 1389 1782 1783 XOR
1 1 51 1784 INV
2 1 1783 1784 1785 AND
1 1 1785 1786 INV
2 1 1777 1786 1787 AND
1 1 1774 1788 INV
2 1 1783 1788 1789 AND
1 1 1789 1790 INV
2 1 1787 1790 1791 AND
2 1 1791 52 1792 XOR
2 1 1791 52 1793 AND
2 1 1792 1793 1794 XOR
2 1 665 1406 1795 XOR
1 1 1795 1796 INV
2 1 1397 1796 1797 XOR
2 1 1406 1797 1798 XOR
2 1 1476 1798 1799 AND
2 1 1406 1799 1800 XOR
1 1 52 1801 INV
2 1 1800 1801 1802 AND
1 1 1802 1803 INV
2 1 1794 1803 1804 AND
1 1 1791 1805 INV
2 1 1800 1805 1806 AND
1 1 1806 1807 INV
2 1 1804 1807 1808 AND
2 1 1808 53 1809 XOR
2 1 1808 53 1810 AND
2 1 1809 1810 1811 XOR
2 1 683 1423 1812 XOR
1 1 1812 1813 INV
2 1 1414 1813 1814 XOR
2 1 1423 1814 1815 XOR
2 1 1476 1815 1816 AND
2 1 1423 1816 1817 XOR
1 1 53 1818 INV
2 1 1817 1818 1819 AND
1 1 1819 1820 INV
2 1 1811 1820 1821 AND
1 1 1808 1822 INV
2 1 1817 1822 1823 AND
1 1 1823 1824 INV
2 1 1821 1824 1825 AND
2 1 1825 54 1826 XOR
2 1 1825 54 1827 AND
2 1 1826 1827 1828 XOR
2 1 701 1440 1829 XOR
1 1 1829 1830 INV
2 1 1431 1830 1831 XOR
2 1 1440 1831 1832 XOR
2 1 1476 1832 1833 AND
2 1 1440 1833 1834 XOR
1 1 54 1835 INV
2 1 1834 1835 1836 AND
1 1 1836 1837 INV
2 1 1828 1837 1838 AND
1 1 1825 1839 INV
2 1 1834 1839 1840 AND
1 1 1840 1841 INV
2 1 1838 1841 1842 AND
1 1 1842 1843 INV
2 1 1488 1843 1844 AND
1 1 1844 1845 INV
2 1 1465 1109 1846 XOR
1 1 1846 1847 INV
2 1 1109 1847 1848 XOR
2 1 1476 1848 1849 AND
2 1 1109 1849 1850 XOR
1 1 1850 1851 INV
2 1 1845 1851 1852 AND
1 1 1852 1853 INV
2 1 381 1482 1854 XOR
1 1 1854 1855 INV
2 1 1508 1855 1856 XOR
2 1 1482 1856 1857 XOR
2 1 1853 1857 1858 AND
2 1 1482 1858 1859 XOR
2 1 320 1834 1860 XOR
1 1 1860 1861 INV
2 1 1825 1861 1862 XOR
2 1 1834 1862 1863 XOR
2 1 1853 1863 1864 AND
2 1 1834 1864 1865 XOR
2 1 1853 32 1866 AND
1 1 33 1867 INV
2 1 1866 1867 1868 AND
1 1 1868 1869 INV
2 1 330 1869 1870 AND
2 1 1870 34 1871 XOR
2 1 1870 34 1872 AND
2 1 1871 1872 1873 XOR
2 1 1489 736 1874 XOR
2 1 1489 1874 1875 XOR
2 1 1853 1875 1876 AND
2 1 1489 1876 1877 XOR
1 1 34 1878 INV
2 1 1877 1878 1879 AND
1 1 1879 1880 INV
2 1 1873 1880 1881 AND
1 1 1870 1882 INV
2 1 1877 1882 1883 AND
1 1 1883 1884 INV
2 1 1881 1884 1885 AND
2 1 1885 35 1886 XOR
2 1 1885 35 1887 AND
2 1 1886 1887 1888 XOR
2 1 81 1500 1889 XOR
1 1 1889 1890 INV
2 1 1493 1890 1891 XOR
2 1 1500 1891 1892 XOR
2 1 1853 1892 1893 AND
2 1 1500 1893 1894 XOR
1 1 35 1895 INV
2 1 1894 1895 1896 AND
1 1 1896 1897 INV
2 1 1888 1897 1898 AND
1 1 1885 1899 INV
2 1 1894 1899 1900 AND
1 1 1900 1901 INV
2 1 1898 1901 1902 AND
2 1 1902 36 1903 XOR
2 1 1902 36 1904 AND
2 1 1903 1904 1905 XOR
1 1 36 1906 INV
2 1 1859 1906 1907 AND
1 1 1907 1908 INV
2 1 1905 1908 1909 AND
1 1 1902 1910 INV
2 1 1859 1910 1911 AND
1 1 1911 1912 INV
2 1 1909 1912 1913 AND
2 1 1913 37 1914 XOR
2 1 1913 37 1915 AND
2 1 1914 1915 1916 XOR
2 1 399 1528 1917 XOR
1 1 1917 1918 INV
2 1 1519 1918 1919 XOR
2 1 1528 1919 1920 XOR
2 1 1853 1920 1921 AND
2 1 1528 1921 1922 XOR
1 1 37 1923 INV
2 1 1922 1923 1924 AND
1 1 1924 1925 INV
2 1 1916 1925 1926 AND
1 1 1913 1927 INV
2 1 1922 1927 1928 AND
1 1 1928 1929 INV
2 1 1926 1929 1930 AND
2 1 1930 38 1931 XOR
2 1 1930 38 1932 AND
2 1 1931 1932 1933 XOR
2 1 417 1545 1934 XOR
1 1 1934 1935 INV
2 1 1536 1935 1936 XOR
2 1 1545 1936 1937 XOR
2 1 1853 1937 1938 AND
2 1 1545 1938 1939 XOR
1 1 38 1940 INV
2 1 1939 1940 1941 AND
1 1 1941 1942 INV
2 1 1933 1942 1943 AND
1 1 1930 1944 INV
2 1 1939 1944 1945 AND
1 1 1945 1946 INV
2 1 1943 1946 1947 AND
2 1 1947 39 1948 XOR
2 1 1947 39 1949 AND
2 1 1948 1949 1950 XOR
2 1 127 1562 1951 XOR
1 1 1951 1952 INV
2 1 1553 1952 1953 XOR
2 1 1562 1953 1954 XOR
2 1 1853 1954 1955 AND
2 1 1562 1955 1956 XOR
1 1 39 1957 INV
2 1 1956 1957 1958 AND
1 1 1958 1959 INV
2 1 1950 1959 1960 AND
1 1 1947 1961 INV
2 1 1956 1961 1962 AND
1 1 1962 1963 INV
2 1 1960 1963 1964 AND
2 1 1964 40 1965 XOR
2 1 1964 40 1966 AND
2 1 1965 1966 1967 XOR
2 1 452 1579 1968 XOR
1 1 1968 1969 INV
2 1 1570 1969 1970 XOR
2 1 1579 1970 1971 XOR
2 1 1853 1971 1972 AND
2 1 1579 1972 1973 XOR
1 1 40 1974 INV
2 1 1973 1974 1975 AND
1 1 1975 1976 INV
2 1 1967 1976 1977 AND
1 1 1964 1978 INV
2 1 1973 1978 1979 AND
1 1 1979 1980 INV
2 1 1977 1980 1981 AND
2 1 1981 41 1982 XOR
2 1 1981 41 1983 AND
2 1 1982 1983 1984 XOR
2 1 470 1596 1985 XOR
1 1 1985 1986 INV
2 1 1587 1986 1987 XOR
2 1 1596 1987 1988 XOR
2 1 1853 1988 1989 AND
2 1 1596 1989 1990 XOR
1 1 41 1991 INV
2 1 1990 1991 1992 AND
1 1 1992 1993 INV
2 1 1984 1993 1994 AND
1 1 1981 1995 INV
2 1 1990 1995 1996 AND
1 1 1996 1997 INV
2 1 1994 1997 1998 AND
2 1 1998 42 1999 XOR
2 1 1998 42 2000 AND
2 1 1999 2000 2001 XOR
2 1 488 1613 2002 XOR
1 1 2002 2003 INV
2 1 1604 2003 2004 XOR
2 1 1613 2004 2005 XOR
2 1 1853 2005 2006 AND
2 1 1613 2006 2007 XOR
1 1 42 2008 INV
2 1 2007 2008 2009 AND
1 1 2009 2010 INV
2 1 2001 2010 2011 AND
1 1 1998 2012 INV
2 1 2007 2012 2013 AND
1 1 2013 2014 INV
2 1 2011 2014 2015 AND
2 1 2015 43 2016 XOR
2 1 2015 43 2017 AND
2 1 2016 2017 2018 XOR
2 1 173 1630 2019 XOR
1 1 2019 2020 INV
2 1 1621 2020 2021 XOR
2 1 1630 2021 2022 XOR
2 1 1853 2022 2023 AND
2 1 1630 2023 2024 XOR
1 1 43 2025 INV
2 1 2024 2025 2026 AND
1 1 2026 2027 INV
2 1 2018 2027 2028 AND
1 1 2015 2029 INV
2 1 2024 2029 2030 AND
1 1 2030 2031 INV
2 1 2028 2031 2032 AND
2 1 2032 44 2033 XOR
2 1 2032 44 2034 AND
2 1 2033 2034 2035 XOR
2 1 523 1647 2036 XOR
1 1 2036 2037 INV
2 1 1638 2037 2038 XOR
2 1 1647 2038 2039 XOR
2 1 1853 2039 2040 AND
2 1 1647 2040 2041 XOR
1 1 44 2042 INV
2 1 2041 2042 2043 AND
1 1 2043 2044 INV
2 1 2035 2044 2045 AND
1 1 2032 2046 INV
2 1 2041 2046 2047 AND
1 1 2047 2048 INV
2 1 2045 2048 2049 AND
2 1 2049 45 2050 XOR
2 1 2049 45 2051 AND
2 1 2050 2051 2052 XOR
2 1 541 1664 2053 XOR
1 1 2053 2054 INV
2 1 1655 2054 2055 XOR
2 1 1664 2055 2056 XOR
2 1 1853 2056 2057 AND
2 1 1664 2057 2058 XOR
1 1 45 2059 INV
2 1 2058 2059 2060 AND
1 1 2060 2061 INV
2 1 2052 2061 2062 AND
1 1 2049 2063 INV
2 1 2058 2063 2064 AND
1 1 2064 2065 INV
2 1 2062 2065 2066 AND
2 1 2066 46 2067 XOR
2 1 2066 46 2068 AND
2 1 2067 2068 2069 XOR
2 1 559 1681 2070 XOR
1 1 2070 2071 INV
2 1 1672 2071 2072 XOR
2 1 1681 2072 2073 XOR
2 1 1853 2073 2074 AND
2 1 1681 2074 2075 XOR
1 1 46 2076 INV
2 1 2075 2076 2077 AND
1 1 2077 2078 INV
2 1 2069 2078 2079 AND
1 1 2066 2080 INV
2 1 2075 2080 2081 AND
1 1 2081 2082 INV
2 1 2079 2082 2083 AND
2 1 2083 47 2084 XOR
2 1 2083 47 2085 AND
2 1 2084 2085 2086 XOR
2 1 219 1698 2087 XOR
1 1 2087 2088 INV
2 1 1689 2088 2089 XOR
2 1 1698 2089 2090 XOR
2 1 1853 2090 2091 AND
2 1 1698 2091 2092 XOR
1 1 47 2093 INV
2 1 2092 2093 2094 AND
1 1 2094 2095 INV
2 1 2086 2095 2096 AND
1 1 2083 2097 INV
2 1 2092 2097 2098 AND
1 1 2098 2099 INV
2 1 2096 2099 2100 AND
2 1 2100 48 2101 XOR
2 1 2100 48 2102 AND
2 1 2101 2102 2103 XOR
2 1 594 1715 2104 XOR
1 1 2104 2105 INV
2 1 1706 2105 2106 XOR
2 1 1715 2106 2107 XOR
2 1 1853 2107 2108 AND
2 1 1715 2108 2109 XOR
1 1 48 2110 INV
2 1 2109 2110 2111 AND
1 1 2111 2112 INV
2 1 2103 2112 2113 AND
1 1 2100 2114 INV
2 1 2109 2114 2115 AND
1 1 2115 2116 INV
2 1 2113 2116 2117 AND
2 1 2117 49 2118 XOR
2 1 2117 49 2119 AND
2 1 2118 2119 2120 XOR
2 1 612 1732 2121 XOR
1 1 2121 2122 INV
2 1 1723 2122 2123 XOR
2 1 1732 2123 2124 XOR
2 1 1853 2124 2125 AND
2 1 1732 2125 2126 XOR
1 1 49 2127 INV
2 1 2126 2127 2128 AND
1 1 2128 2129 INV
2 1 2120 2129 2130 AND
1 1 2117 2131 INV
2 1 2126 2131 2132 AND
1 1 2132 2133 INV
2 1 2130 2133 2134 AND
2 1 2134 50 2135 XOR
2 1 2134 50 2136 AND
2 1 2135 2136 2137 XOR
2 1 630 1749 2138 XOR
1 1 2138 2139 INV
2 1 1740 2139 2140 XOR
2 1 1749 2140 2141 XOR
2 1 1853 2141 2142 AND
2 1 1749 2142 2143 XOR
1 1 50 2144 INV
2 1 2143 2144 2145 AND
1 1 2145 2146 INV
2 1 2137 2146 2147 AND
1 1 2134 2148 INV
2 1 2143 2148 2149 AND
1 1 2149 2150 INV
2 1 2147 2150 2151 AND
2 1 2151 51 2152 XOR
2 1 2151 51 2153 AND
2 1 2152 2153 2154 XOR
2 1 265 1766 2155 XOR
1 1 2155 2156 INV
2 1 1757 2156 2157 XOR
2 1 1766 2157 2158 XOR
2 1 1853 2158 2159 AND
2 1 1766 2159 2160 XOR
1 1 51 2161 INV
2 1 2160 2161 2162 AND
1 1 2162 2163 INV
2 1 2154 2163 2164 AND
1 1 2151 2165 INV
2 1 2160 2165 2166 AND
1 1 2166 2167 INV
2 1 2164 2167 2168 AND
2 1 2168 52 2169 XOR
2 1 2168 52 2170 AND
2 1 2169 2170 2171 XOR
2 1 665 1783 2172 XOR
1 1 2172 2173 INV
2 1 1774 2173 2174 XOR
2 1 1783 2174 2175 XOR
2 1 1853 2175 2176 AND
2 1 1783 2176 2177 XOR
1 1 52 2178 INV
2 1 2177 2178 2179 AND
1 1 2179 2180 INV
2 1 2171 2180 2181 AND
1 1 2168 2182 INV
2 1 2177 2182 2183 AND
1 1 2183 2184 INV
2 1 2181 2184 2185 AND
2 1 2185 53 2186 XOR
2 1 2185 53 2187 AND
2 1 2186 2187 2188 XOR
2 1 683 1800 2189 XOR
1 1 2189 2190 INV
2 1 1791 2190 2191 XOR
2 1 1800 2191 2192 XOR
2 1 1853 2192 2193 AND
2 1 1800 2193 2194 XOR
1 1 53 2195 INV
2 1 2194 2195 2196 AND
1 1 2196 2197 INV
2 1 2188 2197 2198 AND
1 1 2185 2199 INV
2 1 2194 2199 2200 AND
1 1 2200 2201 INV
2 1 2198 2201 2202 AND
2 1 2202 54 2203 XOR
2 1 2202 54 2204 AND
2 1 2203 2204 2205 XOR
2 1 701 1817 2206 XOR
1 1 2206 2207 INV
2 1 1808 2207 2208 XOR
2 1 1817 2208 2209 XOR
2 1 1853 2209 2210 AND
2 1 1817 2210 2211 XOR
1 1 54 2212 INV
2 1 2211 2212 2213 AND
1 1 2213 2214 INV
2 1 2205 2214 2215 AND
1 1 2202 2216 INV
2 1 2211 2216 2217 AND
1 1 2217 2218 INV
2 1 2215 2218 2219 AND
1 1 2219 2220 INV
2 1 1865 2220 2221 AND
1 1 2221 2222 INV
2 1 1842 1488 2223 XOR
1 1 2223 2224 INV
2 1 1488 2224 2225 XOR
2 1 1853 2225 2226 AND
2 1 1488 2226 2227 XOR
1 1 2227 2228 INV
2 1 2222 2228 2229 AND
1 1 2229 2230 INV
2 1 399 1859 2231 XOR
1 1 2231 2232 INV
2 1 1902 2232 2233 XOR
2 1 1859 2233 2234 XOR
2 1 2230 2234 2235 AND
2 1 1859 2235 2236 XOR
2 1 320 2211 2237 XOR
1 1 2237 2238 INV
2 1 2202 2238 2239 XOR
2 1 2211 2239 2240 XOR
2 1 2230 2240 2241 AND
2 1 2211 2241 2242 XOR
2 1 2230 32 2243 AND
1 1 33 2244 INV
2 1 2243 2244 2245 AND
1 1 2245 2246 INV
2 1 330 2246 2247 AND
2 1 2247 34 2248 XOR
2 1 2247 34 2249 AND
2 1 2248 2249 2250 XOR
2 1 1866 736 2251 XOR
2 1 1866 2251 2252 XOR
2 1 2230 2252 2253 AND
2 1 1866 2253 2254 XOR
1 1 34 2255 INV
2 1 2254 2255 2256 AND
1 1 2256 2257 INV
2 1 2250 2257 2258 AND
1 1 2247 2259 INV
2 1 2254 2259 2260 AND
1 1 2260 2261 INV
2 1 2258 2261 2262 AND
2 1 2262 35 2263 XOR
2 1 2262 35 2264 AND
2 1 2263 2264 2265 XOR
2 1 81 1877 2266 XOR
1 1 2266 2267 INV
2 1 1870 2267 2268 XOR
2 1 1877 2268 2269 XOR
2 1 2230 2269 2270 AND
2 1 1877 2270 2271 XOR
1 1 35 2272 INV
2 1 2271 2272 2273 AND
1 1 2273 2274 INV
2 1 2265 2274 2275 AND
1 1 2262 2276 INV
2 1 2271 2276 2277 AND
1 1 2277 2278 INV
2 1 2275 2278 2279 AND
2 1 2279 36 2280 XOR
2 1 2279 36 2281 AND
2 1 2280 2281 2282 XOR
2 1 381 1894 2283 XOR
1 1 2283 2284 INV
2 1 1885 2284 2285 XOR
2 1 1894 2285 2286 XOR
2 1 2230 2286 2287 AND
2 1 1894 2287 2288 XOR
1 1 36 2289 INV
2 1 2288 2289 2290 AND
1 1 2290 2291 INV
2 1 2282 2291 2292 AND
1 1 2279 2293 INV
2 1 2288 2293 2294 AND
1 1 2294 2295 INV
2 1 2292 2295 2296 AND
2 1 2296 37 2297 XOR
2 1 2296 37 2298 AND
2 1 2297 2298 2299 XOR
1 1 37 2300 INV
2 1 2236 2300 2301 AND
1 1 2301 2302 INV
2 1 2299 2302 2303 AND
1 1 2296 2304 INV
2 1 2236 2304 2305 AND
1 1 2305 2306 INV
2 1 2303 2306 2307 AND
2 1 2307 38 2308 XOR
2 1 2307 38 2309 AND
2 1 2308 2309 2310 XOR
2 1 417 1922 2311 XOR
1 1 2311 2312 INV
2 1 1913 2312 2313 XOR
2 1 1922 2313 2314 XOR
2 1 2230 2314 2315 AND
2 1 1922 2315 2316 XOR
1 1 38 2317 INV
2 1 2316 2317 2318 AND
1 1 2318 2319 INV
2 1 2310 2319 2320 AND
1 1 2307 2321 INV
2 1 2316 2321 2322 AND
1 1 2322 2323 INV
2 1 2320 2323 2324 AND
2 1 2324 39 2325 XOR
2 1 2324 39 2326 AND
2 1 2325 2326 2327 XOR
2 1 127 1939 2328 XOR
1 1 2328 2329 INV
2 1 1930 2329 2330 XOR
2 1 1939 2330 2331 XOR
2 1 2230 2331 2332 AND
2 1 1939 2332 2333 XOR
1 1 39 2334 INV
2 1 2333 2334 2335 AND
1 1 2335 2336 INV
2 1 2327 2336 2337 AND
1 1 2324 2338 INV
2 1 2333 2338 2339 AND
1 1 2339 2340 INV
2 1 2337 2340 2341 AND
2 1 2341 40 2342 XOR
2 1 2341 40 2343 AND
2 1 2342 2343 2344 XOR
2 1 452 1956 2345 XOR
1 1 2345 2346 INV
2 1 1947 2346 2347 XOR
2 1 1956 2347 2348 XOR
2 1 2230 2348 2349 AND
2 1 1956 2349 2350 XOR
1 1 40 2351 INV
2 1 2350 2351 2352 AND
1 1 2352 2353 INV
2 1 2344 2353 2354 AND
1 1 2341 2355 INV
2 1 2350 2355 2356 AND
1 1 2356 2357 INV
2 1 2354 2357 2358 AND
2 1 2358 41 2359 XOR
2 1 2358 41 2360 AND
2 1 2359 2360 2361 XOR
2 1 470 1973 2362 XOR
1 1 2362 2363 INV
2 1 1964 2363 2364 XOR
2 1 1973 2364 2365 XOR
2 1 2230 2365 2366 AND
2 1 1973 2366 2367 XOR
1 1 41 2368 INV
2 1 2367 2368 2369 AND
1 1 2369 2370 INV
2 1 2361 2370 2371 AND
1 1 2358 2372 INV
2 1 2367 2372 2373 AND
1 1 2373 2374 INV
2 1 2371 2374 2375 AND
2 1 2375 42 2376 XOR
2 1 2375 42 2377 AND
2 1 2376 2377 2378 XOR
2 1 488 1990 2379 XOR
1 1 2379 2380 INV
2 1 1981 2380 2381 XOR
2 1 1990 2381 2382 XOR
2 1 2230 2382 2383 AND
2 1 1990 2383 2384 XOR
1 1 42 2385 INV
2 1 2384 2385 2386 AND
1 1 2386 2387 INV
2 1 2378 2387 2388 AND
1 1 2375 2389 INV
2 1 2384 2389 2390 AND
1 1 2390 2391 INV
2 1 2388 2391 2392 AND
2 1 2392 43 2393 XOR
2 1 2392 43 2394 AND
2 1 2393 2394 2395 XOR
2 1 173 2007 2396 XOR
1 1 2396 2397 INV
2 1 1998 2397 2398 XOR
2 1 2007 2398 2399 XOR
2 1 2230 2399 2400 AND
2 1 2007 2400 2401 XOR
1 1 43 2402 INV
2 1 2401 2402 2403 AND
1 1 2403 2404 INV
2 1 2395 2404 2405 AND
1 1 2392 2406 INV
2 1 2401 2406 2407 AND
1 1 2407 2408 INV
2 1 2405 2408 2409 AND
2 1 2409 44 2410 XOR
2 1 2409 44 2411 AND
2 1 2410 2411 2412 XOR
2 1 523 2024 2413 XOR
1 1 2413 2414 INV
2 1 2015 2414 2415 XOR
2 1 2024 2415 2416 XOR
2 1 2230 2416 2417 AND
2 1 2024 2417 2418 XOR
1 1 44 2419 INV
2 1 2418 2419 2420 AND
1 1 2420 2421 INV
2 1 2412 2421 2422 AND
1 1 2409 2423 INV
2 1 2418 2423 2424 AND
1 1 2424 2425 INV
2 1 2422 2425 2426 AND
2 1 2426 45 2427 XOR
2 1 2426 45 2428 AND
2 1 2427 2428 2429 XOR
2 1 541 2041 2430 XOR
1 1 2430 2431 INV
2 1 2032 2431 2432 XOR
2 1 2041 2432 2433 XOR
2 1 2230 2433 2434 AND
2 1 2041 2434 2435 XOR
1 1 45 2436 INV
2 1 2435 2436 2437 AND
1 1 2437 2438 INV
2 1 2429 2438 2439 AND
1 1 2426 2440 INV
2 1 2435 2440 2441 AND
1 1 2441 2442 INV
2 1 2439 2442 2443 AND
2 1 2443 46 2444 XOR
2 1 2443 46 2445 AND
2 1 2444 2445 2446 XOR
2 1 559 2058 2447 XOR
1 1 2447 2448 INV
2 1 2049 2448 2449 XOR
2 1 2058 2449 2450 XOR
2 1 2230 2450 2451 AND
2 1 2058 2451 2452 XOR
1 1 46 2453 INV
2 1 2452 2453 2454 AND
1 1 2454 2455 INV
2 1 2446 2455 2456 AND
1 1 2443 2457 INV
2 1 2452 2457 2458 AND
1 1 2458 2459 INV
2 1 2456 2459 2460 AND
2 1 2460 47 2461 XOR
2 1 2460 47 2462 AND
2 1 2461 2462 2463 XOR
2 1 219 2075 2464 XOR
1 1 2464 2465 INV
2 1 2066 2465 2466 XOR
2 1 2075 2466 2467 XOR
2 1 2230 2467 2468 AND
2 1 2075 2468 2469 XOR
1 1 47 2470 INV
2 1 2469 2470 2471 AND
1 1 2471 2472 INV
2 1 2463 2472 2473 AND
1 1 2460 2474 INV
2 1 2469 2474 2475 AND
1 1 2475 2476 INV
2 1 2473 2476 2477 AND
2 1 2477 48 2478 XOR
2 1 2477 48 2479 AND
2 1 2478 2479 2480 XOR
2 1 594 2092 2481 XOR
1 1 2481 2482 INV
2 1 2083 2482 2483 XOR
2 1 2092 2483 2484 XOR
2 1 2230 2484 2485 AND
2 1 2092 2485 2486 XOR
1 1 48 2487 INV
2 1 2486 2487 2488 AND
1 1 2488 2489 INV
2 1 2480 2489 2490 AND
1 1 2477 2491 INV
2 1 2486 2491 2492 AND
1 1 2492 2493 INV
2 1 2490 2493 2494 AND
2 1 2494 49 2495 XOR
2 1 2494 49 2496 AND
2 1 2495 2496 2497 XOR
2 1 612 2109 2498 XOR
1 1 2498 2499 INV
2 1 2100 2499 2500 XOR
2 1 2109 2500 2501 XOR
2 1 2230 2501 2502 AND
2 1 2109 2502 2503 XOR
1 1 49 2504 INV
2 1 2503 2504 2505 AND
1 1 2505 2506 INV
2 1 2497 2506 2507 AND
1 1 2494 2508 INV
2 1 2503 2508 2509 AND
1 1 2509 2510 INV
2 1 2507 2510 2511 AND
2 1 2511 50 2512 XOR
2 1 2511 50 2513 AND
2 1 2512 2513 2514 XOR
2 1 630 2126 2515 XOR
1 1 2515 2516 INV
2 1 2117 2516 2517 XOR
2 1 2126 2517 2518 XOR
2 1 2230 2518 2519 AND
2 1 2126 2519 2520 XOR
1 1 50 2521 INV
2 1 2520 2521 2522 AND
1 1 2522 2523 INV
2 1 2514 2523 2524 AND
1 1 2511 2525 INV
2 1 2520 2525 2526 AND
1 1 2526 2527 INV
2 1 2524 2527 2528 AND
2 1 2528 51 2529 XOR
2 1 2528 51 2530 AND
2 1 2529 2530 2531 XOR
2 1 265 2143 2532 XOR
1 1 2532 2533 INV
2 1 2134 2533 2534 XOR
2 1 2143 2534 2535 XOR
2 1 2230 2535 2536 AND
2 1 2143 2536 2537 XOR
1 1 51 2538 INV
2 1 2537 2538 2539 AND
1 1 2539 2540 INV
2 1 2531 2540 2541 AND
1 1 2528 2542 INV
2 1 2537 2542 2543 AND
1 1 2543 2544 INV
2 1 2541 2544 2545 AND
2 1 2545 52 2546 XOR
2 1 2545 52 2547 AND
2 1 2546 2547 2548 XOR
2 1 665 2160 2549 XOR
1 1 2549 2550 INV
2 1 2151 2550 2551 XOR
2 1 2160 2551 2552 XOR
2 1 2230 2552 2553 AND
2 1 2160 2553 2554 XOR
1 1 52 2555 INV
2 1 2554 2555 2556 AND
1 1 2556 2557 INV
2 1 2548 2557 2558 AND
1 1 2545 2559 INV
2 1 2554 2559 2560 AND
1 1 2560 2561 INV
2 1 2558 2561 2562 AND
2 1 2562 53 2563 XOR
2 1 2562 53 2564 AND
2 1 2563 2564 2565 XOR
2 1 683 2177 2566 XOR
1 1 2566 2567 INV
2 1 2168 2567 2568 XOR
2 1 2177 2568 2569 XOR
2 1 2230 2569 2570 AND
2 1 2177 2570 2571 XOR
1 1 53 2572 INV
2 1 2571 2572 2573 AND
1 1 2573 2574 INV
2 1 2565 2574 2575 AND
1 1 2562 2576 INV
2 1 2571 2576 2577 AND
1 1 2577 2578 INV
2 1 2575 2578 2579 AND
2 1 2579 54 2580 XOR
2 1 2579 54 2581 AND
2 1 2580 2581 2582 XOR
2 1 701 2194 2583 XOR
1 1 2583 2584 INV
2 1 2185 2584 2585 XOR
2 1 2194 2585 2586 XOR
2 1 2230 2586 2587 AND
2 1 2194 2587 2588 XOR
1 1 54 2589 INV
2 1 2588 2589 2590 AND
1 1 2590 2591 INV
2 1 2582 2591 2592 AND
1 1 2579 2593 INV
2 1 2588 2593 2594 AND
1 1 2594 2595 INV
2 1 2592 2595 2596 AND
1 1 2596 2597 INV
2 1 2242 2597 2598 AND
1 1 2598 2599 INV
2 1 2219 1865 2600 XOR
1 1 2600 2601 INV
2 1 1865 2601 2602 XOR
2 1 2230 2602 2603 AND
2 1 1865 2603 2604 XOR
1 1 2604 2605 INV
2 1 2599 2605 2606 AND
1 1 2606 2607 INV
2 1 417 2236 2608 XOR
1 1 2608 2609 INV
2 1 2296 2609 2610 XOR
2 1 2236 2610 2611 XOR
2 1 2607 2611 2612 AND
2 1 2236 2612 2613 XOR
2 1 320 2588 2614 XOR
1 1 2614 2615 INV
2 1 2579 2615 2616 XOR
2 1 2588 2616 2617 XOR
2 1 2607 2617 2618 AND
2 1 2588 2618 2619 XOR
2 1 2607 32 2620 AND
1 1 33 2621 INV
2 1 2620 2621 2622 AND
1 1 2622 2623 INV
2 1 330 2623 2624 AND
1 1 32 2625 INV
2 1 2620 2625 2626 AND
1 1 2626 2627 INV
2 1 2624 2627 2628 AND
2 1 2628 34 2629 XOR
2 1 2628 34 2630 AND
2 1 2629 2630 2631 XOR
2 1 2243 736 2632 XOR
2 1 2243 2632 2633 XOR
2 1 2607 2633 2634 AND
2 1 2243 2634 2635 XOR
1 1 34 2636 INV
2 1 2635 2636 2637 AND
1 1 2637 2638 INV
2 1 2631 2638 2639 AND
1 1 2628 2640 INV
2 1 2635 2640 2641 AND
1 1 2641 2642 INV
2 1 2639 2642 2643 AND
2 1 2643 35 2644 XOR
2 1 2643 35 2645 AND
2 1 2644 2645 2646 XOR
2 1 81 2254 2647 XOR
1 1 2647 2648 INV
2 1 2247 2648 2649 XOR
2 1 2254 2649 2650 XOR
2 1 2607 2650 2651 AND
2 1 2254 2651 2652 XOR
1 1 35 2653 INV
2 1 2652 2653 2654 AND
1 1 2654 2655 INV
2 1 2646 2655 2656 AND
1 1 2643 2657 INV
2 1 2652 2657 2658 AND
1 1 2658 2659 INV
2 1 2656 2659 2660 AND
2 1 2660 36 2661 XOR
2 1 2660 36 2662 AND
2 1 2661 2662 2663 XOR
2 1 381 2271 2664 XOR
1 1 2664 2665 INV
2 1 2262 2665 2666 XOR
2 1 2271 2666 2667 XOR
2 1 2607 2667 2668 AND
2 1 2271 2668 2669 XOR
1 1 36 2670 INV
2 1 2669 2670 2671 AND
1 1 2671 2672 INV
2 1 2663 2672 2673 AND
1 1 2660 2674 INV
2 1 2669 2674 2675 AND
1 1 2675 2676 INV
2 1 2673 2676 2677 AND
2 1 2677 37 2678 XOR
2 1 2677 37 2679 AND
2 1 2678 2679 2680 XOR
2 1 399 2288 2681 XOR
1 1 2681 2682 INV
2 1 2279 2682 2683 XOR
2 1 2288 2683 2684 XOR
2 1 2607 2684 2685 AND
2 1 2288 2685 2686 XOR
1 1 37 2687 INV
2 1 2686 2687 2688 AND
1 1 2688 2689 INV
2 1 2680 2689 2690 AND
1 1 2677 2691 INV
2 1 2686 2691 2692 AND
1 1 2692 2693 INV
2 1 2690 2693 2694 AND
2 1 2694 38 2695 XOR
2 1 2694 38 2696 AND
2 1 2695 2696 2697 XOR
1 1 38 2698 INV
2 1 2613 2698 2699 AND
1 1 2699 2700 INV
2 1 2697 2700 2701 AND
1 1 2694 2702 INV
2 1 2613 2702 2703 AND
1 1 2703 2704 INV
2 1 2701 2704 2705 AND
2 1 2705 39 2706 XOR
2 1 2705 39 2707 AND
2 1 2706 2707 2708 XOR
2 1 127 2316 2709 XOR
1 1 2709 2710 INV
2 1 2307 2710 2711 XOR
2 1 2316 2711 2712 XOR
2 1 2607 2712 2713 AND
2 1 2316 2713 2714 XOR
1 1 39 2715 INV
2 1 2714 2715 2716 AND
1 1 2716 2717 INV
2 1 2708 2717 2718 AND
1 1 2705 2719 INV
2 1 2714 2719 2720 AND
1 1 2720 2721 INV
2 1 2718 2721 2722 AND
2 1 2722 40 2723 XOR
2 1 2722 40 2724 AND
2 1 2723 2724 2725 XOR
2 1 452 2333 2726 XOR
1 1 2726 2727 INV
2 1 2324 2727 2728 XOR
2 1 2333 2728 2729 XOR
2 1 2607 2729 2730 AND
2 1 2333 2730 2731 XOR
1 1 40 2732 INV
2 1 2731 2732 2733 AND
1 1 2733 2734 INV
2 1 2725 2734 2735 AND
1 1 2722 2736 INV
2 1 2731 2736 2737 AND
1 1 2737 2738 INV
2 1 2735 2738 2739 AND
2 1 2739 41 2740 XOR
2 1 2739 41 2741 AND
2 1 2740 2741 2742 XOR
2 1 470 2350 2743 XOR
1 1 2743 2744 INV
2 1 2341 2744 2745 XOR
2 1 2350 2745 2746 XOR
2 1 2607 2746 2747 AND
2 1 2350 2747 2748 XOR
1 1 41 2749 INV
2 1 2748 2749 2750 AND
1 1 2750 2751 INV
2 1 2742 2751 2752 AND
1 1 2739 2753 INV
2 1 2748 2753 2754 AND
1 1 2754 2755 INV
2 1 2752 2755 2756 AND
2 1 2756 42 2757 XOR
2 1 2756 42 2758 AND
2 1 2757 2758 2759 XOR
2 1 488 2367 2760 XOR
1 1 2760 2761 INV
2 1 2358 2761 2762 XOR
2 1 2367 2762 2763 XOR
2 1 2607 2763 2764 AND
2 1 2367 2764 2765 XOR
1 1 42 2766 INV
2 1 2765 2766 2767 AND
1 1 2767 2768 INV
2 1 2759 2768 2769 AND
1 1 2756 2770 INV
2 1 2765 2770 2771 AND
1 1 2771 2772 INV
2 1 2769 2772 2773 AND
2 1 2773 43 2774 XOR
2 1 2773 43 2775 AND
2 1 2774 2775 2776 XOR
2 1 173 2384 2777 XOR
1 1 2777 2778 INV
2 1 2375 2778 2779 XOR
2 1 2384 2779 2780 XOR
2 1 2607 2780 2781 AND
2 1 2384 2781 2782 XOR
1 1 43 2783 INV
2 1 2782 2783 2784 AND
1 1 2784 2785 INV
2 1 2776 2785 2786 AND
1 1 2773 2787 INV
2 1 2782 2787 2788 AND
1 1 2788 2789 INV
2 1 2786 2789 2790 AND
2 1 2790 44 2791 XOR
2 1 2790 44 2792 AND
2 1 2791 2792 2793 XOR
2 1 523 2401 2794 XOR
1 1 2794 2795 INV
2 1 2392 2795 2796 XOR
2 1 2401 2796 2797 XOR
2 1 2607 2797 2798 AND
2 1 2401 2798 2799 XOR
1 1 44 2800 INV
2 1 2799 2800 2801 AND
1 1 2801 2802 INV
2 1 2793 2802 2803 AND
1 1 2790 2804 INV
2 1 2799 2804 2805 AND
1 1 2805 2806 INV
2 1 2803 2806 2807 AND
2 1 2807 45 2808 XOR
2 1 2807 45 2809 AND
2 1 2808 2809 2810 XOR
2 1 541 2418 2811 XOR
1 1 2811 2812 INV
2 1 2409 2812 2813 XOR
2 1 2418 2813 2814 XOR
2 1 2607 2814 2815 AND
2 1 2418 2815 2816 XOR
1 1 45 2817 INV
2 1 2816 2817 2818 AND
1 1 2818 2819 INV
2 1 2810 2819 2820 AND
1 1 2807 2821 INV
2 1 2816 2821 2822 AND
1 1 2822 2823 INV
2 1 2820 2823 2824 AND
2 1 2824 46 2825 XOR
2 1 2824 46 2826 AND
2 1 2825 2826 2827 XOR
2 1 559 2435 2828 XOR
1 1 2828 2829 INV
2 1 2426 2829 2830 XOR
2 1 2435 2830 2831 XOR
2 1 2607 2831 2832 AND
2 1 2435 2832 2833 XOR
1 1 46 2834 INV
2 1 2833 2834 2835 AND
1 1 2835 2836 INV
2 1 2827 2836 2837 AND
1 1 2824 2838 INV
2 1 2833 2838 2839 AND
1 1 2839 2840 INV
2 1 2837 2840 2841 AND
2 1 2841 47 2842 XOR
2 1 2841 47 2843 AND
2 1 2842 2843 2844 XOR
2 1 219 2452 2845 XOR
1 1 2845 2846 INV
2 1 2443 2846 2847 XOR
2 1 2452 2847 2848 XOR
2 1 2607 2848 2849 AND
2 1 2452 2849 2850 XOR
1 1 47 2851 INV
2 1 2850 2851 2852 AND
1 1 2852 2853 INV
2 1 2844 2853 2854 AND
1 1 2841 2855 INV
2 1 2850 2855 2856 AND
1 1 2856 2857 INV
2 1 2854 2857 2858 AND
2 1 2858 48 2859 XOR
2 1 2858 48 2860 AND
2 1 2859 2860 2861 XOR
2 1 594 2469 2862 XOR
1 1 2862 2863 INV
2 1 2460 2863 2864 XOR
2 1 2469 2864 2865 XOR
2 1 2607 2865 2866 AND
2 1 2469 2866 2867 XOR
1 1 48 2868 INV
2 1 2867 2868 2869 AND
1 1 2869 2870 INV
2 1 2861 2870 2871 AND
1 1 2858 2872 INV
2 1 2867 2872 2873 AND
1 1 2873 2874 INV
2 1 2871 2874 2875 AND
2 1 2875 49 2876 XOR
2 1 2875 49 2877 AND
2 1 2876 2877 2878 XOR
2 1 612 2486 2879 XOR
1 1 2879 2880 INV
2 1 2477 2880 2881 XOR
2 1 2486 2881 2882 XOR
2 1 2607 2882 2883 AND
2 1 2486 2883 2884 XOR
1 1 49 2885 INV
2 1 2884 2885 2886 AND
1 1 2886 2887 INV
2 1 2878 2887 2888 AND
1 1 2875 2889 INV
2 1 2884 2889 2890 AND
1 1 2890 2891 INV
2 1 2888 2891 2892 AND
2 1 2892 50 2893 XOR
2 1 2892 50 2894 AND
2 1 2893 2894 2895 XOR
2 1 630 2503 2896 XOR
1 1 2896 2897 INV
2 1 2494 2897 2898 XOR
2 1 2503 2898 2899 XOR
2 1 2607 2899 2900 AND
2 1 2503 2900 2901 XOR
1 1 50 2902 INV
2 1 2901 2902 2903 AND
1 1 2903 2904 INV
2 1 2895 2904 2905 AND
1 1 2892 2906 INV
2 1 2901 2906 2907 AND
1 1 2907 2908 INV
2 1 2905 2908 2909 AND
2 1 2909 51 2910 XOR
2 1 2909 51 2911 AND
2 1 2910 2911 2912 XOR
2 1 265 2520 2913 XOR
1 1 2913 2914 INV
2 1 2511 2914 2915 XOR
2 1 2520 2915 2916 XOR
2 1 2607 2916 2917 AND
2 1 2520 2917 2918 XOR
1 1 51 2919 INV
2 1 2918 2919 2920 AND
1 1 2920 2921 INV
2 1 2912 2921 2922 AND
1 1 2909 2923 INV
2 1 2918 2923 2924 AND
1 1 2924 2925 INV
2 1 2922 2925 2926 AND
2 1 2926 52 2927 XOR
2 1 2926 52 2928 AND
2 1 2927 2928 2929 XOR
2 1 665 2537 2930 XOR
1 1 2930 2931 INV
2 1 2528 2931 2932 XOR
2 1 2537 2932 2933 XOR
2 1 2607 2933 2934 AND
2 1 2537 2934 2935 XOR
1 1 52 2936 INV
2 1 2935 2936 2937 AND
1 1 2937 2938 INV
2 1 2929 2938 2939 AND
1 1 2926 2940 INV
2 1 2935 2940 2941 AND
1 1 2941 2942 INV
2 1 2939 2942 2943 AND
2 1 2943 53 2944 XOR
2 1 2943 53 2945 AND
2 1 2944 2945 2946 XOR
2 1 683 2554 2947 XOR
1 1 2947 2948 INV
2 1 2545 2948 2949 XOR
2 1 2554 2949 2950 XOR
2 1 2607 2950 2951 AND
2 1 2554 2951 2952 XOR
1 1 53 2953 INV
2 1 2952 2953 2954 AND
1 1 2954 2955 INV
2 1 2946 2955 2956 AND
1 1 2943 2957 INV
2 1 2952 2957 2958 AND
1 1 2958 2959 INV
2 1 2956 2959 2960 AND
2 1 2960 54 2961 XOR
2 1 2960 54 2962 AND
2 1 2961 2962 2963 XOR
2 1 701 2571 2964 XOR
1 1 2964 2965 INV
2 1 2562 2965 2966 XOR
2 1 2571 2966 2967 XOR
2 1 2607 2967 2968 AND
2 1 2571 2968 2969 XOR
1 1 54 2970 INV
2 1 2969 2970 2971 AND
1 1 2971 2972 INV
2 1 2963 2972 2973 AND
1 1 2960 2974 INV
2 1 2969 2974 2975 AND
1 1 2975 2976 INV
2 1 2973 2976 2977 AND
1 1 2977 2978 INV
2 1 2619 2978 2979 AND
1 1 2979 2980 INV
2 1 2596 2242 2981 XOR
1 1 2981 2982 INV
2 1 2242 2982 2983 XOR
2 1 2607 2983 2984 AND
2 1 2242 2984 2985 XOR
1 1 2985 2986 INV
2 1 2980 2986 2987 AND
1 1 2987 2988 INV
2 1 127 2613 2989 XOR
1 1 2989 2990 INV
2 1 2694 2990 2991 XOR
2 1 2613 2991 2992 XOR
2 1 2988 2992 2993 AND
2 1 2613 2993 2994 XOR
2 1 320 2969 2995 XOR
1 1 2995 2996 INV
2 1 2960 2996 2997 XOR
2 1 2969 2997 2998 XOR
2 1 2988 2998 2999 AND
2 1 2969 2999 3000 XOR
2 1 2988 32 3001 AND
1 1 33 3002 INV
2 1 3001 3002 3003 AND
1 1 3003 3004 INV
2 1 330 3004 3005 AND
1 1 32 3006 INV
2 1 3001 3006 3007 AND
1 1 3007 3008 INV
2 1 3005 3008 3009 AND
2 1 3009 34 3010 XOR
2 1 3009 34 3011 AND
2 1 3010 3011 3012 XOR
2 1 2620 736 3013 XOR
2 1 2620 3013 3014 XOR
2 1 2988 3014 3015 AND
2 1 2620 3015 3016 XOR
1 1 34 3017 INV
2 1 3016 3017 3018 AND
1 1 3018 3019 INV
2 1 3012 3019 3020 AND
1 1 3009 3021 INV
2 1 3016 3021 3022 AND
1 1 3022 3023 INV
2 1 3020 3023 3024 AND
2 1 3024 35 3025 XOR
2 1 3024 35 3026 AND
2 1 3025 3026 3027 XOR
2 1 81 2635 3028 XOR
1 1 3028 3029 INV
2 1 2628 3029 3030 XOR
2 1 2635 3030 3031 XOR
2 1 2988 3031 3032 AND
2 1 2635 3032 3033 XOR
1 1 35 3034 INV
2 1 3033 3034 3035 AND
1 1 3035 3036 INV
2 1 3027 3036 3037 AND
1 1 3024 3038 INV
2 1 3033 3038 3039 AND
1 1 3039 3040 INV
2 1 3037 3040 3041 AND
2 1 3041 36 3042 XOR
2 1 3041 36 3043 AND
2 1 3042 3043 3044 XOR
2 1 381 2652 3045 XOR
1 1 3045 3046 INV
2 1 2643 3046 3047 XOR
2 1 2652 3047 3048 XOR
2 1 2988 3048 3049 AND
2 1 2652 3049 3050 XOR
1 1 36 3051 INV
2 1 3050 3051 3052 AND
1 1 3052 3053 INV
2 1 3044 3053 3054 AND
1 1 3041 3055 INV
2 1 3050 3055 3056 AND
1 1 3056 3057 INV
2 1 3054 3057 3058 AND
2 1 3058 37 3059 XOR
2 1 3058 37 3060 AND
2 1 3059 3060 3061 XOR
2 1 399 2669 3062 XOR
1 1 3062 3063 INV
2 1 2660 3063 3064 XOR
2 1 2669 3064 3065 XOR
2 1 2988 3065 3066 AND
2 1 2669 3066 3067 XOR
1 1 37 3068 INV
2 1 3067 3068 3069 AND
1 1 3069 3070 INV
2 1 3061 3070 3071 AND
1 1 3058 3072 INV
2 1 3067 3072 3073 AND
1 1 3073 3074 INV
2 1 3071 3074 3075 AND
2 1 3075 38 3076 XOR
2 1 3075 38 3077 AND
2 1 3076 3077 3078 XOR
2 1 417 2686 3079 XOR
1 1 3079 3080 INV
2 1 2677 3080 3081 XOR
2 1 2686 3081 3082 XOR
2 1 2988 3082 3083 AND
2 1 2686 3083 3084 XOR
1 1 38 3085 INV
2 1 3084 3085 3086 AND
1 1 3086 3087 INV
2 1 3078 3087 3088 AND
1 1 3075 3089 INV
2 1 3084 3089 3090 AND
1 1 3090 3091 INV
2 1 3088 3091 3092 AND
2 1 3092 39 3093 XOR
2 1 3092 39 3094 AND
2 1 3093 3094 3095 XOR
1 1 39 3096 INV
2 1 2994 3096 3097 AND
1 1 3097 3098 INV
2 1 3095 3098 3099 AND
1 1 3092 3100 INV
2 1 2994 3100 3101 AND
1 1 3101 3102 INV
2 1 3099 3102 3103 AND
2 1 3103 40 3104 XOR
2 1 3103 40 3105 AND
2 1 3104 3105 3106 XOR
2 1 452 2714 3107 XOR
1 1 3107 3108 INV
2 1 2705 3108 3109 XOR
2 1 2714 3109 3110 XOR
2 1 2988 3110 3111 AND
2 1 2714 3111 3112 XOR
1 1 40 3113 INV
2 1 3112 3113 3114 AND
1 1 3114 3115 INV
2 1 3106 3115 3116 AND
1 1 3103 3117 INV
2 1 3112 3117 3118 AND
1 1 3118 3119 INV
2 1 3116 3119 3120 AND
2 1 3120 41 3121 XOR
2 1 3120 41 3122 AND
2 1 3121 3122 3123 XOR
2 1 470 2731 3124 XOR
1 1 3124 3125 INV
2 1 2722 3125 3126 XOR
2 1 2731 3126 3127 XOR
2 1 2988 3127 3128 AND
2 1 2731 3128 3129 XOR
1 1 41 3130 INV
2 1 3129 3130 3131 AND
1 1 3131 3132 INV
2 1 3123 3132 3133 AND
1 1 3120 3134 INV
2 1 3129 3134 3135 AND
1 1 3135 3136 INV
2 1 3133 3136 3137 AND
2 1 3137 42 3138 XOR
2 1 3137 42 3139 AND
2 1 3138 3139 3140 XOR
2 1 488 2748 3141 XOR
1 1 3141 3142 INV
2 1 2739 3142 3143 XOR
2 1 2748 3143 3144 XOR
2 1 2988 3144 3145 AND
2 1 2748 3145 3146 XOR
1 1 42 3147 INV
2 1 3146 3147 3148 AND
1 1 3148 3149 INV
2 1 3140 3149 3150 AND
1 1 3137 3151 INV
2 1 3146 3151 3152 AND
1 1 3152 3153 INV
2 1 3150 3153 3154 AND
2 1 3154 43 3155 XOR
2 1 3154 43 3156 AND
2 1 3155 3156 3157 XOR
2 1 173 2765 3158 XOR
1 1 3158 3159 INV
2 1 2756 3159 3160 XOR
2 1 2765 3160 3161 XOR
2 1 2988 3161 3162 AND
2 1 2765 3162 3163 XOR
1 1 43 3164 INV
2 1 3163 3164 3165 AND
1 1 3165 3166 INV
2 1 3157 3166 3167 AND
1 1 3154 3168 INV
2 1 3163 3168 3169 AND
1 1 3169 3170 INV
2 1 3167 3170 3171 AND
2 1 3171 44 3172 XOR
2 1 3171 44 3173 AND
2 1 3172 3173 3174 XOR
2 1 523 2782 3175 XOR
1 1 3175 3176 INV
2 1 2773 3176 3177 XOR
2 1 2782 3177 3178 XOR
2 1 2988 3178 3179 AND
2 1 2782 3179 3180 XOR
1 1 44 3181 INV
2 1 3180 3181 3182 AND
1 1 3182 3183 INV
2 1 3174 3183 3184 AND
1 1 3171 3185 INV
2 1 3180 3185 3186 AND
1 1 3186 3187 INV
2 1 3184 3187 3188 AND
2 1 3188 45 3189 XOR
2 1 3188 45 3190 AND
2 1 3189 3190 3191 XOR
2 1 541 2799 3192 XOR
1 1 3192 3193 INV
2 1 2790 3193 3194 XOR
2 1 2799 3194 3195 XOR
2 1 2988 3195 3196 AND
2 1 2799 3196 3197 XOR
1 1 45 3198 INV
2 1 3197 3198 3199 AND
1 1 3199 3200 INV
2 1 3191 3200 3201 AND
1 1 3188 3202 INV
2 1 3197 3202 3203 AND
1 1 3203 3204 INV
2 1 3201 3204 3205 AND
2 1 3205 46 3206 XOR
2 1 3205 46 3207 AND
2 1 3206 3207 3208 XOR
2 1 559 2816 3209 XOR
1 1 3209 3210 INV
2 1 2807 3210 3211 XOR
2 1 2816 3211 3212 XOR
2 1 2988 3212 3213 AND
2 1 2816 3213 3214 XOR
1 1 46 3215 INV
2 1 3214 3215 3216 AND
1 1 3216 3217 INV
2 1 3208 3217 3218 AND
1 1 3205 3219 INV
2 1 3214 3219 3220 AND
1 1 3220 3221 INV
2 1 3218 3221 3222 AND
2 1 3222 47 3223 XOR
2 1 3222 47 3224 AND
2 1 3223 3224 3225 XOR
2 1 219 2833 3226 XOR
1 1 3226 3227 INV
2 1 2824 3227 3228 XOR
2 1 2833 3228 3229 XOR
2 1 2988 3229 3230 AND
2 1 2833 3230 3231 XOR
1 1 47 3232 INV
2 1 3231 3232 3233 AND
1 1 3233 3234 INV
2 1 3225 3234 3235 AND
1 1 3222 3236 INV
2 1 3231 3236 3237 AND
1 1 3237 3238 INV
2 1 3235 3238 3239 AND
2 1 3239 48 3240 XOR
2 1 3239 48 3241 AND
2 1 3240 3241 3242 XOR
2 1 594 2850 3243 XOR
1 1 3243 3244 INV
2 1 2841 3244 3245 XOR
2 1 2850 3245 3246 XOR
2 1 2988 3246 3247 AND
2 1 2850 3247 3248 XOR
1 1 48 3249 INV
2 1 3248 3249 3250 AND
1 1 3250 3251 INV
2 1 3242 3251 3252 AND
1 1 3239 3253 INV
2 1 3248 3253 3254 AND
1 1 3254 3255 INV
2 1 3252 3255 3256 AND
2 1 3256 49 3257 XOR
2 1 3256 49 3258 AND
2 1 3257 3258 3259 XOR
2 1 612 2867 3260 XOR
1 1 3260 3261 INV
2 1 2858 3261 3262 XOR
2 1 2867 3262 3263 XOR
2 1 2988 3263 3264 AND
2 1 2867 3264 3265 XOR
1 1 49 3266 INV
2 1 3265 3266 3267 AND
1 1 3267 3268 INV
2 1 3259 3268 3269 AND
1 1 3256 3270 INV
2 1 3265 3270 3271 AND
1 1 3271 3272 INV
2 1 3269 3272 3273 AND
2 1 3273 50 3274 XOR
2 1 3273 50 3275 AND
2 1 3274 3275 3276 XOR
2 1 630 2884 3277 XOR
1 1 3277 3278 INV
2 1 2875 3278 3279 XOR
2 1 2884 3279 3280 XOR
2 1 2988 3280 3281 AND
2 1 2884 3281 3282 XOR
1 1 50 3283 INV
2 1 3282 3283 3284 AND
1 1 3284 3285 INV
2 1 3276 3285 3286 AND
1 1 3273 3287 INV
2 1 3282 3287 3288 AND
1 1 3288 3289 INV
2 1 3286 3289 3290 AND
2 1 3290 51 3291 XOR
2 1 3290 51 3292 AND
2 1 3291 3292 3293 XOR
2 1 265 2901 3294 XOR
1 1 3294 3295 INV
2 1 2892 3295 3296 XOR
2 1 2901 3296 3297 XOR
2 1 2988 3297 3298 AND
2 1 2901 3298 3299 XOR
1 1 51 3300 INV
2 1 3299 3300 3301 AND
1 1 3301 3302 INV
2 1 3293 3302 3303 AND
1 1 3290 3304 INV
2 1 3299 3304 3305 AND
1 1 3305 3306 INV
2 1 3303 3306 3307 AND
2 1 3307 52 3308 XOR
2 1 3307 52 3309 AND
2 1 3308 3309 3310 XOR
2 1 665 2918 3311 XOR
1 1 3311 3312 INV
2 1 2909 3312 3313 XOR
2 1 2918 3313 3314 XOR
2 1 2988 3314 3315 AND
2 1 2918 3315 3316 XOR
1 1 52 3317 INV
2 1 3316 3317 3318 AND
1 1 3318 3319 INV
2 1 3310 3319 3320 AND
1 1 3307 3321 INV
2 1 3316 3321 3322 AND
1 1 3322 3323 INV
2 1 3320 3323 3324 AND
2 1 3324 53 3325 XOR
2 1 3324 53 3326 AND
2 1 3325 3326 3327 XOR
2 1 683 2935 3328 XOR
1 1 3328 3329 INV
2 1 2926 3329 3330 XOR
2 1 2935 3330 3331 XOR
2 1 2988 3331 3332 AND
2 1 2935 3332 3333 XOR
1 1 53 3334 INV
2 1 3333 3334 3335 AND
1 1 3335 3336 INV
2 1 3327 3336 3337 AND
1 1 3324 3338 INV
2 1 3333 3338 3339 AND
1 1 3339 3340 INV
2 1 3337 3340 3341 AND
2 1 3341 54 3342 XOR
2 1 3341 54 3343 AND
2 1 3342 3343 3344 XOR
2 1 701 2952 3345 XOR
1 1 3345 3346 INV
2 1 2943 3346 3347 XOR
2 1 2952 3347 3348 XOR
2 1 2988 3348 3349 AND
2 1 2952 3349 3350 XOR
1 1 54 3351 INV
2 1 3350 3351 3352 AND
1 1 3352 3353 INV
2 1 3344 3353 3354 AND
1 1 3341 3355 INV
2 1 3350 3355 3356 AND
1 1 3356 3357 INV
2 1 3354 3357 3358 AND
1 1 3358 3359 INV
2 1 3000 3359 3360 AND
1 1 3360 3361 INV
2 1 2977 2619 3362 XOR
1 1 3362 3363 INV
2 1 2619 3363 3364 XOR
2 1 2988 3364 3365 AND
2 1 2619 3365 3366 XOR
1 1 3366 3367 INV
2 1 3361 3367 3368 AND
1 1 3368 3369 INV
2 1 452 2994 3370 XOR
1 1 3370 3371 INV
2 1 3092 3371 3372 XOR
2 1 2994 3372 3373 XOR
2 1 3369 3373 3374 AND
2 1 2994 3374 3375 XOR
2 1 320 3350 3376 XOR
1 1 3376 3377 INV
2 1 3341 3377 3378 XOR
2 1 3350 3378 3379 XOR
2 1 3369 3379 3380 AND
2 1 3350 3380 3381 XOR
2 1 3369 32 3382 AND
1 1 33 3383 INV
2 1 3382 3383 3384 AND
1 1 3384 3385 INV
2 1 330 3385 3386 AND
1 1 32 3387 INV
2 1 3382 3387 3388 AND
1 1 3388 3389 INV
2 1 3386 3389 3390 AND
2 1 3390 34 3391 XOR
2 1 3390 34 3392 AND
2 1 3391 3392 3393 XOR
2 1 3001 736 3394 XOR
2 1 3001 3394 3395 XOR
2 1 3369 3395 3396 AND
2 1 3001 3396 3397 XOR
1 1 34 3398 INV
2 1 3397 3398 3399 AND
1 1 3399 3400 INV
2 1 3393 3400 3401 AND
1 1 3390 3402 INV
2 1 3397 3402 3403 AND
1 1 3403 3404 INV
2 1 3401 3404 3405 AND
2 1 3405 35 3406 XOR
2 1 3405 35 3407 AND
2 1 3406 3407 3408 XOR
2 1 81 3016 3409 XOR
1 1 3409 3410 INV
2 1 3009 3410 3411 XOR
2 1 3016 3411 3412 XOR
2 1 3369 3412 3413 AND
2 1 3016 3413 3414 XOR
1 1 35 3415 INV
2 1 3414 3415 3416 AND
1 1 3416 3417 INV
2 1 3408 3417 3418 AND
1 1 3405 3419 INV
2 1 3414 3419 3420 AND
1 1 3420 3421 INV
2 1 3418 3421 3422 AND
2 1 3422 36 3423 XOR
2 1 3422 36 3424 AND
2 1 3423 3424 3425 XOR
2 1 381 3033 3426 XOR
1 1 3426 3427 INV
2 1 3024 3427 3428 XOR
2 1 3033 3428 3429 XOR
2 1 3369 3429 3430 AND
2 1 3033 3430 3431 XOR
1 1 36 3432 INV
2 1 3431 3432 3433 AND
1 1 3433 3434 INV
2 1 3425 3434 3435 AND
1 1 3422 3436 INV
2 1 3431 3436 3437 AND
1 1 3437 3438 INV
2 1 3435 3438 3439 AND
2 1 3439 37 3440 XOR
2 1 3439 37 3441 AND
2 1 3440 3441 3442 XOR
2 1 399 3050 3443 XOR
1 1 3443 3444 INV
2 1 3041 3444 3445 XOR
2 1 3050 3445 3446 XOR
2 1 3369 3446 3447 AND
2 1 3050 3447 3448 XOR
1 1 37 3449 INV
2 1 3448 3449 3450 AND
1 1 3450 3451 INV
2 1 3442 3451 3452 AND
1 1 3439 3453 INV
2 1 3448 3453 3454 AND
1 1 3454 3455 INV
2 1 3452 3455 3456 AND
2 1 3456 38 3457 XOR
2 1 3456 38 3458 AND
2 1 3457 3458 3459 XOR
2 1 417 3067 3460 XOR
1 1 3460 3461 INV
2 1 3058 3461 3462 XOR
2 1 3067 3462 3463 XOR
2 1 3369 3463 3464 AND
2 1 3067 3464 3465 XOR
1 1 38 3466 INV
2 1 3465 3466 3467 AND
1 1 3467 3468 INV
2 1 3459 3468 3469 AND
1 1 3456 3470 INV
2 1 3465 3470 3471 AND
1 1 3471 3472 INV
2 1 3469 3472 3473 AND
2 1 3473 39 3474 XOR
2 1 3473 39 3475 AND
2 1 3474 3475 3476 XOR
2 1 127 3084 3477 XOR
1 1 3477 3478 INV
2 1 3075 3478 3479 XOR
2 1 3084 3479 3480 XOR
2 1 3369 3480 3481 AND
2 1 3084 3481 3482 XOR
1 1 39 3483 INV
2 1 3482 3483 3484 AND
1 1 3484 3485 INV
2 1 3476 3485 3486 AND
1 1 3473 3487 INV
2 1 3482 3487 3488 AND
1 1 3488 3489 INV
2 1 3486 3489 3490 AND
2 1 3490 40 3491 XOR
2 1 3490 40 3492 AND
2 1 3491 3492 3493 XOR
1 1 40 3494 INV
2 1 3375 3494 3495 AND
1 1 3495 3496 INV
2 1 3493 3496 3497 AND
1 1 3490 3498 INV
2 1 3375 3498 3499 AND
1 1 3499 3500 INV
2 1 3497 3500 3501 AND
2 1 3501 41 3502 XOR
2 1 3501 41 3503 AND
2 1 3502 3503 3504 XOR
2 1 470 3112 3505 XOR
1 1 3505 3506 INV
2 1 3103 3506 3507 XOR
2 1 3112 3507 3508 XOR
2 1 3369 3508 3509 AND
2 1 3112 3509 3510 XOR
1 1 41 3511 INV
2 1 3510 3511 3512 AND
1 1 3512 3513 INV
2 1 3504 3513 3514 AND
1 1 3501 3515 INV
2 1 3510 3515 3516 AND
1 1 3516 3517 INV
2 1 3514 3517 3518 AND
2 1 3518 42 3519 XOR
2 1 3518 42 3520 AND
2 1 3519 3520 3521 XOR
2 1 488 3129 3522 XOR
1 1 3522 3523 INV
2 1 3120 3523 3524 XOR
2 1 3129 3524 3525 XOR
2 1 3369 3525 3526 AND
2 1 3129 3526 3527 XOR
1 1 42 3528 INV
2 1 3527 3528 3529 AND
1 1 3529 3530 INV
2 1 3521 3530 3531 AND
1 1 3518 3532 INV
2 1 3527 3532 3533 AND
1 1 3533 3534 INV
2 1 3531 3534 3535 AND
2 1 3535 43 3536 XOR
2 1 3535 43 3537 AND
2 1 3536 3537 3538 XOR
2 1 173 3146 3539 XOR
1 1 3539 3540 INV
2 1 3137 3540 3541 XOR
2 1 3146 3541 3542 XOR
2 1 3369 3542 3543 AND
2 1 3146 3543 3544 XOR
1 1 43 3545 INV
2 1 3544 3545 3546 AND
1 1 3546 3547 INV
2 1 3538 3547 3548 AND
1 1 3535 3549 INV
2 1 3544 3549 3550 AND
1 1 3550 3551 INV
2 1 3548 3551 3552 AND
2 1 3552 44 3553 XOR
2 1 3552 44 3554 AND
2 1 3553 3554 3555 XOR
2 1 523 3163 3556 XOR
1 1 3556 3557 INV
2 1 3154 3557 3558 XOR
2 1 3163 3558 3559 XOR
2 1 3369 3559 3560 AND
2 1 3163 3560 3561 XOR
1 1 44 3562 INV
2 1 3561 3562 3563 AND
1 1 3563 3564 INV
2 1 3555 3564 3565 AND
1 1 3552 3566 INV
2 1 3561 3566 3567 AND
1 1 3567 3568 INV
2 1 3565 3568 3569 AND
2 1 3569 45 3570 XOR
2 1 3569 45 3571 AND
2 1 3570 3571 3572 XOR
2 1 541 3180 3573 XOR
1 1 3573 3574 INV
2 1 3171 3574 3575 XOR
2 1 3180 3575 3576 XOR
2 1 3369 3576 3577 AND
2 1 3180 3577 3578 XOR
1 1 45 3579 INV
2 1 3578 3579 3580 AND
1 1 3580 3581 INV
2 1 3572 3581 3582 AND
1 1 3569 3583 INV
2 1 3578 3583 3584 AND
1 1 3584 3585 INV
2 1 3582 3585 3586 AND
2 1 3586 46 3587 XOR
2 1 3586 46 3588 AND
2 1 3587 3588 3589 XOR
2 1 559 3197 3590 XOR
1 1 3590 3591 INV
2 1 3188 3591 3592 XOR
2 1 3197 3592 3593 XOR
2 1 3369 3593 3594 AND
2 1 3197 3594 3595 XOR
1 1 46 3596 INV
2 1 3595 3596 3597 AND
1 1 3597 3598 INV
2 1 3589 3598 3599 AND
1 1 3586 3600 INV
2 1 3595 3600 3601 AND
1 1 3601 3602 INV
2 1 3599 3602 3603 AND
2 1 3603 47 3604 XOR
2 1 3603 47 3605 AND
2 1 3604 3605 3606 XOR
2 1 219 3214 3607 XOR
1 1 3607 3608 INV
2 1 3205 3608 3609 XOR
2 1 3214 3609 3610 XOR
2 1 3369 3610 3611 AND
2 1 3214 3611 3612 XOR
1 1 47 3613 INV
2 1 3612 3613 3614 AND
1 1 3614 3615 INV
2 1 3606 3615 3616 AND
1 1 3603 3617 INV
2 1 3612 3617 3618 AND
1 1 3618 3619 INV
2 1 3616 3619 3620 AND
2 1 3620 48 3621 XOR
2 1 3620 48 3622 AND
2 1 3621 3622 3623 XOR
2 1 594 3231 3624 XOR
1 1 3624 3625 INV
2 1 3222 3625 3626 XOR
2 1 3231 3626 3627 XOR
2 1 3369 3627 3628 AND
2 1 3231 3628 3629 XOR
1 1 48 3630 INV
2 1 3629 3630 3631 AND
1 1 3631 3632 INV
2 1 3623 3632 3633 AND
1 1 3620 3634 INV
2 1 3629 3634 3635 AND
1 1 3635 3636 INV
2 1 3633 3636 3637 AND
2 1 3637 49 3638 XOR
2 1 3637 49 3639 AND
2 1 3638 3639 3640 XOR
2 1 612 3248 3641 XOR
1 1 3641 3642 INV
2 1 3239 3642 3643 XOR
2 1 3248 3643 3644 XOR
2 1 3369 3644 3645 AND
2 1 3248 3645 3646 XOR
1 1 49 3647 INV
2 1 3646 3647 3648 AND
1 1 3648 3649 INV
2 1 3640 3649 3650 AND
1 1 3637 3651 INV
2 1 3646 3651 3652 AND
1 1 3652 3653 INV
2 1 3650 3653 3654 AND
2 1 3654 50 3655 XOR
2 1 3654 50 3656 AND
2 1 3655 3656 3657 XOR
2 1 630 3265 3658 XOR
1 1 3658 3659 INV
2 1 3256 3659 3660 XOR
2 1 3265 3660 3661 XOR
2 1 3369 3661 3662 AND
2 1 3265 3662 3663 XOR
1 1 50 3664 INV
2 1 3663 3664 3665 AND
1 1 3665 3666 INV
2 1 3657 3666 3667 AND
1 1 3654 3668 INV
2 1 3663 3668 3669 AND
1 1 3669 3670 INV
2 1 3667 3670 3671 AND
2 1 3671 51 3672 XOR
2 1 3671 51 3673 AND
2 1 3672 3673 3674 XOR
2 1 265 3282 3675 XOR
1 1 3675 3676 INV
2 1 3273 3676 3677 XOR
2 1 3282 3677 3678 XOR
2 1 3369 3678 3679 AND
2 1 3282 3679 3680 XOR
1 1 51 3681 INV
2 1 3680 3681 3682 AND
1 1 3682 3683 INV
2 1 3674 3683 3684 AND
1 1 3671 3685 INV
2 1 3680 3685 3686 AND
1 1 3686 3687 INV
2 1 3684 3687 3688 AND
2 1 3688 52 3689 XOR
2 1 3688 52 3690 AND
2 1 3689 3690 3691 XOR
2 1 665 3299 3692 XOR
1 1 3692 3693 INV
2 1 3290 3693 3694 XOR
2 1 3299 3694 3695 XOR
2 1 3369 3695 3696 AND
2 1 3299 3696 3697 XOR
1 1 52 3698 INV
2 1 3697 3698 3699 AND
1 1 3699 3700 INV
2 1 3691 3700 3701 AND
1 1 3688 3702 INV
2 1 3697 3702 3703 AND
1 1 3703 3704 INV
2 1 3701 3704 3705 AND
2 1 3705 53 3706 XOR
2 1 3705 53 3707 AND
2 1 3706 3707 3708 XOR
2 1 683 3316 3709 XOR
1 1 3709 3710 INV
2 1 3307 3710 3711 XOR
2 1 3316 3711 3712 XOR
2 1 3369 3712 3713 AND
2 1 3316 3713 3714 XOR
1 1 53 3715 INV
2 1 3714 3715 3716 AND
1 1 3716 3717 INV
2 1 3708 3717 3718 AND
1 1 3705 3719 INV
2 1 3714 3719 3720 AND
1 1 3720 3721 INV
2 1 3718 3721 3722 AND
2 1 3722 54 3723 XOR
2 1 3722 54 3724 AND
2 1 3723 3724 3725 XOR
2 1 701 3333 3726 XOR
1 1 3726 3727 INV
2 1 3324 3727 3728 XOR
2 1 3333 3728 3729 XOR
2 1 3369 3729 3730 AND
2 1 3333 3730 3731 XOR
1 1 54 3732 INV
2 1 3731 3732 3733 AND
1 1 3733 3734 INV
2 1 3725 3734 3735 AND
1 1 3722 3736 INV
2 1 3731 3736 3737 AND
1 1 3737 3738 INV
2 1 3735 3738 3739 AND
1 1 3739 3740 INV
2 1 3381 3740 3741 AND
1 1 3741 3742 INV
2 1 3358 3000 3743 XOR
1 1 3743 3744 INV
2 1 3000 3744 3745 XOR
2 1 3369 3745 3746 AND
2 1 3000 3746 3747 XOR
1 1 3747 3748 INV
2 1 3742 3748 3749 AND
1 1 3749 3750 INV
2 1 470 3375 3751 XOR
1 1 3751 3752 INV
2 1 3490 3752 3753 XOR
2 1 3375 3753 3754 XOR
2 1 3750 3754 3755 AND
2 1 3375 3755 3756 XOR
2 1 320 3731 3757 XOR
1 1 3757 3758 INV
2 1 3722 3758 3759 XOR
2 1 3731 3759 3760 XOR
2 1 3750 3760 3761 AND
2 1 3731 3761 3762 XOR
2 1 3750 32 3763 AND
1 1 33 3764 INV
2 1 3763 3764 3765 AND
1 1 3765 3766 INV
2 1 330 3766 3767 AND
1 1 32 3768 INV
2 1 3763 3768 3769 AND
1 1 3769 3770 INV
2 1 3767 3770 3771 AND
2 1 3771 34 3772 XOR
2 1 3771 34 3773 AND
2 1 3772 3773 3774 XOR
2 1 3382 736 3775 XOR
2 1 3382 3775 3776 XOR
2 1 3750 3776 3777 AND
2 1 3382 3777 3778 XOR
1 1 34 3779 INV
2 1 3778 3779 3780 AND
1 1 3780 3781 INV
2 1 3774 3781 3782 AND
1 1 3771 3783 INV
2 1 3778 3783 3784 AND
1 1 3784 3785 INV
2 1 3782 3785 3786 AND
2 1 3786 35 3787 XOR
2 1 3786 35 3788 AND
2 1 3787 3788 3789 XOR
2 1 81 3397 3790 XOR
1 1 3790 3791 INV
2 1 3390 3791 3792 XOR
2 1 3397 3792 3793 XOR
2 1 3750 3793 3794 AND
2 1 3397 3794 3795 XOR
1 1 35 3796 INV
2 1 3795 3796 3797 AND
1 1 3797 3798 INV
2 1 3789 3798 3799 AND
1 1 3786 3800 INV
2 1 3795 3800 3801 AND
1 1 3801 3802 INV
2 1 3799 3802 3803 AND
2 1 3803 36 3804 XOR
2 1 3803 36 3805 AND
2 1 3804 3805 3806 XOR
2 1 381 3414 3807 XOR
1 1 3807 3808 INV
2 1 3405 3808 3809 XOR
2 1 3414 3809 3810 XOR
2 1 3750 3810 3811 AND
2 1 3414 3811 3812 XOR
1 1 36 3813 INV
2 1 3812 3813 3814 AND
1 1 3814 3815 INV
2 1 3806 3815 3816 AND
1 1 3803 3817 INV
2 1 3812 3817 3818 AND
1 1 3818 3819 INV
2 1 3816 3819 3820 AND
2 1 3820 37 3821 XOR
2 1 3820 37 3822 AND
2 1 3821 3822 3823 XOR
2 1 399 3431 3824 XOR
1 1 3824 3825 INV
2 1 3422 3825 3826 XOR
2 1 3431 3826 3827 XOR
2 1 3750 3827 3828 AND
2 1 3431 3828 3829 XOR
1 1 37 3830 INV
2 1 3829 3830 3831 AND
1 1 3831 3832 INV
2 1 3823 3832 3833 AND
1 1 3820 3834 INV
2 1 3829 3834 3835 AND
1 1 3835 3836 INV
2 1 3833 3836 3837 AND
2 1 3837 38 3838 XOR
2 1 3837 38 3839 AND
2 1 3838 3839 3840 XOR
2 1 417 3448 3841 XOR
1 1 3841 3842 INV
2 1 3439 3842 3843 XOR
2 1 3448 3843 3844 XOR
2 1 3750 3844 3845 AND
2 1 3448 3845 3846 XOR
1 1 38 3847 INV
2 1 3846 3847 3848 AND
1 1 3848 3849 INV
2 1 3840 3849 3850 AND
1 1 3837 3851 INV
2 1 3846 3851 3852 AND
1 1 3852 3853 INV
2 1 3850 3853 3854 AND
2 1 3854 39 3855 XOR
2 1 3854 39 3856 AND
2 1 3855 3856 3857 XOR
2 1 127 3465 3858 XOR
1 1 3858 3859 INV
2 1 3456 3859 3860 XOR
2 1 3465 3860 3861 XOR
2 1 3750 3861 3862 AND
2 1 3465 3862 3863 XOR
1 1 39 3864 INV
2 1 3863 3864 3865 AND
1 1 3865 3866 INV
2 1 3857 3866 3867 AND
1 1 3854 3868 INV
2 1 3863 3868 3869 AND
1 1 3869 3870 INV
2 1 3867 3870 3871 AND
2 1 3871 40 3872 XOR
2 1 3871 40 3873 AND
2 1 3872 3873 3874 XOR
2 1 452 3482 3875 XOR
1 1 3875 3876 INV
2 1 3473 3876 3877 XOR
2 1 3482 3877 3878 XOR
2 1 3750 3878 3879 AND
2 1 3482 3879 3880 XOR
1 1 40 3881 INV
2 1 3880 3881 3882 AND
1 1 3882 3883 INV
2 1 3874 3883 3884 AND
1 1 3871 3885 INV
2 1 3880 3885 3886 AND
1 1 3886 3887 INV
2 1 3884 3887 3888 AND
2 1 3888 41 3889 XOR
2 1 3888 41 3890 AND
2 1 3889 3890 3891 XOR
1 1 41 3892 INV
2 1 3756 3892 3893 AND
1 1 3893 3894 INV
2 1 3891 3894 3895 AND
1 1 3888 3896 INV
2 1 3756 3896 3897 AND
1 1 3897 3898 INV
2 1 3895 3898 3899 AND
2 1 3899 42 3900 XOR
2 1 3899 42 3901 AND
2 1 3900 3901 3902 XOR
2 1 488 3510 3903 XOR
1 1 3903 3904 INV
2 1 3501 3904 3905 XOR
2 1 3510 3905 3906 XOR
2 1 3750 3906 3907 AND
2 1 3510 3907 3908 XOR
1 1 42 3909 INV
2 1 3908 3909 3910 AND
1 1 3910 3911 INV
2 1 3902 3911 3912 AND
1 1 3899 3913 INV
2 1 3908 3913 3914 AND
1 1 3914 3915 INV
2 1 3912 3915 3916 AND
2 1 3916 43 3917 XOR
2 1 3916 43 3918 AND
2 1 3917 3918 3919 XOR
2 1 173 3527 3920 XOR
1 1 3920 3921 INV
2 1 3518 3921 3922 XOR
2 1 3527 3922 3923 XOR
2 1 3750 3923 3924 AND
2 1 3527 3924 3925 XOR
1 1 43 3926 INV
2 1 3925 3926 3927 AND
1 1 3927 3928 INV
2 1 3919 3928 3929 AND
1 1 3916 3930 INV
2 1 3925 3930 3931 AND
1 1 3931 3932 INV
2 1 3929 3932 3933 AND
2 1 3933 44 3934 XOR
2 1 3933 44 3935 AND
2 1 3934 3935 3936 XOR
2 1 523 3544 3937 XOR
1 1 3937 3938 INV
2 1 3535 3938 3939 XOR
2 1 3544 3939 3940 XOR
2 1 3750 3940 3941 AND
2 1 3544 3941 3942 XOR
1 1 44 3943 INV
2 1 3942 3943 3944 AND
1 1 3944 3945 INV
2 1 3936 3945 3946 AND
1 1 3933 3947 INV
2 1 3942 3947 3948 AND
1 1 3948 3949 INV
2 1 3946 3949 3950 AND
2 1 3950 45 3951 XOR
2 1 3950 45 3952 AND
2 1 3951 3952 3953 XOR
2 1 541 3561 3954 XOR
1 1 3954 3955 INV
2 1 3552 3955 3956 XOR
2 1 3561 3956 3957 XOR
2 1 3750 3957 3958 AND
2 1 3561 3958 3959 XOR
1 1 45 3960 INV
2 1 3959 3960 3961 AND
1 1 3961 3962 INV
2 1 3953 3962 3963 AND
1 1 3950 3964 INV
2 1 3959 3964 3965 AND
1 1 3965 3966 INV
2 1 3963 3966 3967 AND
2 1 3967 46 3968 XOR
2 1 3967 46 3969 AND
2 1 3968 3969 3970 XOR
2 1 559 3578 3971 XOR
1 1 3971 3972 INV
2 1 3569 3972 3973 XOR
2 1 3578 3973 3974 XOR
2 1 3750 3974 3975 AND
2 1 3578 3975 3976 XOR
1 1 46 3977 INV
2 1 3976 3977 3978 AND
1 1 3978 3979 INV
2 1 3970 3979 3980 AND
1 1 3967 3981 INV
2 1 3976 3981 3982 AND
1 1 3982 3983 INV
2 1 3980 3983 3984 AND
2 1 3984 47 3985 XOR
2 1 3984 47 3986 AND
2 1 3985 3986 3987 XOR
2 1 219 3595 3988 XOR
1 1 3988 3989 INV
2 1 3586 3989 3990 XOR
2 1 3595 3990 3991 XOR
2 1 3750 3991 3992 AND
2 1 3595 3992 3993 XOR
1 1 47 3994 INV
2 1 3993 3994 3995 AND
1 1 3995 3996 INV
2 1 3987 3996 3997 AND
1 1 3984 3998 INV
2 1 3993 3998 3999 AND
1 1 3999 4000 INV
2 1 3997 4000 4001 AND
2 1 4001 48 4002 XOR
2 1 4001 48 4003 AND
2 1 4002 4003 4004 XOR
2 1 594 3612 4005 XOR
1 1 4005 4006 INV
2 1 3603 4006 4007 XOR
2 1 3612 4007 4008 XOR
2 1 3750 4008 4009 AND
2 1 3612 4009 4010 XOR
1 1 48 4011 INV
2 1 4010 4011 4012 AND
1 1 4012 4013 INV
2 1 4004 4013 4014 AND
1 1 4001 4015 INV
2 1 4010 4015 4016 AND
1 1 4016 4017 INV
2 1 4014 4017 4018 AND
2 1 4018 49 4019 XOR
2 1 4018 49 4020 AND
2 1 4019 4020 4021 XOR
2 1 612 3629 4022 XOR
1 1 4022 4023 INV
2 1 3620 4023 4024 XOR
2 1 3629 4024 4025 XOR
2 1 3750 4025 4026 AND
2 1 3629 4026 4027 XOR
1 1 49 4028 INV
2 1 4027 4028 4029 AND
1 1 4029 4030 INV
2 1 4021 4030 4031 AND
1 1 4018 4032 INV
2 1 4027 4032 4033 AND
1 1 4033 4034 INV
2 1 4031 4034 4035 AND
2 1 4035 50 4036 XOR
2 1 4035 50 4037 AND
2 1 4036 4037 4038 XOR
2 1 630 3646 4039 XOR
1 1 4039 4040 INV
2 1 3637 4040 4041 XOR
2 1 3646 4041 4042 XOR
2 1 3750 4042 4043 AND
2 1 3646 4043 4044 XOR
1 1 50 4045 INV
2 1 4044 4045 4046 AND
1 1 4046 4047 INV
2 1 4038 4047 4048 AND
1 1 4035 4049 INV
2 1 4044 4049 4050 AND
1 1 4050 4051 INV
2 1 4048 4051 4052 AND
2 1 4052 51 4053 XOR
2 1 4052 51 4054 AND
2 1 4053 4054 4055 XOR
2 1 265 3663 4056 XOR
1 1 4056 4057 INV
2 1 3654 4057 4058 XOR
2 1 3663 4058 4059 XOR
2 1 3750 4059 4060 AND
2 1 3663 4060 4061 XOR
1 1 51 4062 INV
2 1 4061 4062 4063 AND
1 1 4063 4064 INV
2 1 4055 4064 4065 AND
1 1 4052 4066 INV
2 1 4061 4066 4067 AND
1 1 4067 4068 INV
2 1 4065 4068 4069 AND
2 1 4069 52 4070 XOR
2 1 4069 52 4071 AND
2 1 4070 4071 4072 XOR
2 1 665 3680 4073 XOR
1 1 4073 4074 INV
2 1 3671 4074 4075 XOR
2 1 3680 4075 4076 XOR
2 1 3750 4076 4077 AND
2 1 3680 4077 4078 XOR
1 1 52 4079 INV
2 1 4078 4079 4080 AND
1 1 4080 4081 INV
2 1 4072 4081 4082 AND
1 1 4069 4083 INV
2 1 4078 4083 4084 AND
1 1 4084 4085 INV
2 1 4082 4085 4086 AND
2 1 4086 53 4087 XOR
2 1 4086 53 4088 AND
2 1 4087 4088 4089 XOR
2 1 683 3697 4090 XOR
1 1 4090 4091 INV
2 1 3688 4091 4092 XOR
2 1 3697 4092 4093 XOR
2 1 3750 4093 4094 AND
2 1 3697 4094 4095 XOR
1 1 53 4096 INV
2 1 4095 4096 4097 AND
1 1 4097 4098 INV
2 1 4089 4098 4099 AND
1 1 4086 4100 INV
2 1 4095 4100 4101 AND
1 1 4101 4102 INV
2 1 4099 4102 4103 AND
2 1 4103 54 4104 XOR
2 1 4103 54 4105 AND
2 1 4104 4105 4106 XOR
2 1 701 3714 4107 XOR
1 1 4107 4108 INV
2 1 3705 4108 4109 XOR
2 1 3714 4109 4110 XOR
2 1 3750 4110 4111 AND
2 1 3714 4111 4112 XOR
1 1 54 4113 INV
2 1 4112 4113 4114 AND
1 1 4114 4115 INV
2 1 4106 4115 4116 AND
1 1 4103 4117 INV
2 1 4112 4117 4118 AND
1 1 4118 4119 INV
2 1 4116 4119 4120 AND
1 1 4120 4121 INV
2 1 3762 4121 4122 AND
1 1 4122 4123 INV
2 1 3739 3381 4124 XOR
1 1 4124 4125 INV
2 1 3381 4125 4126 XOR
2 1 3750 4126 4127 AND
2 1 3381 4127 4128 XOR
1 1 4128 4129 INV
2 1 4123 4129 4130 AND
1 1 4130 4131 INV
2 1 488 3756 4132 XOR
1 1 4132 4133 INV
2 1 3888 4133 4134 XOR
2 1 3756 4134 4135 XOR
2 1 4131 4135 4136 AND
2 1 3756 4136 4137 XOR
2 1 320 4112 4138 XOR
1 1 4138 4139 INV
2 1 4103 4139 4140 XOR
2 1 4112 4140 4141 XOR
2 1 4131 4141 4142 AND
2 1 4112 4142 4143 XOR
2 1 4131 32 4144 AND
1 1 33 4145 INV
2 1 4144 4145 4146 AND
1 1 4146 4147 INV
2 1 330 4147 4148 AND
1 1 32 4149 INV
2 1 4144 4149 4150 AND
1 1 4150 4151 INV
2 1 4148 4151 4152 AND
2 1 4152 34 4153 XOR
2 1 4152 34 4154 AND
2 1 4153 4154 4155 XOR
2 1 3763 736 4156 XOR
2 1 3763 4156 4157 XOR
2 1 4131 4157 4158 AND
2 1 3763 4158 4159 XOR
1 1 34 4160 INV
2 1 4159 4160 4161 AND
1 1 4161 4162 INV
2 1 4155 4162 4163 AND
1 1 4152 4164 INV
2 1 4159 4164 4165 AND
1 1 4165 4166 INV
2 1 4163 4166 4167 AND
2 1 4167 35 4168 XOR
2 1 4167 35 4169 AND
2 1 4168 4169 4170 XOR
2 1 81 3778 4171 XOR
1 1 4171 4172 INV
2 1 3771 4172 4173 XOR
2 1 3778 4173 4174 XOR
2 1 4131 4174 4175 AND
2 1 3778 4175 4176 XOR
1 1 35 4177 INV
2 1 4176 4177 4178 AND
1 1 4178 4179 INV
2 1 4170 4179 4180 AND
1 1 4167 4181 INV
2 1 4176 4181 4182 AND
1 1 4182 4183 INV
2 1 4180 4183 4184 AND
2 1 4184 36 4185 XOR
2 1 4184 36 4186 AND
2 1 4185 4186 4187 XOR
2 1 381 3795 4188 XOR
1 1 4188 4189 INV
2 1 3786 4189 4190 XOR
2 1 3795 4190 4191 XOR
2 1 4131 4191 4192 AND
2 1 3795 4192 4193 XOR
1 1 36 4194 INV
2 1 4193 4194 4195 AND
1 1 4195 4196 INV
2 1 4187 4196 4197 AND
1 1 4184 4198 INV
2 1 4193 4198 4199 AND
1 1 4199 4200 INV
2 1 4197 4200 4201 AND
2 1 4201 37 4202 XOR
2 1 4201 37 4203 AND
2 1 4202 4203 4204 XOR
2 1 399 3812 4205 XOR
1 1 4205 4206 INV
2 1 3803 4206 4207 XOR
2 1 3812 4207 4208 XOR
2 1 4131 4208 4209 AND
2 1 3812 4209 4210 XOR
1 1 37 4211 INV
2 1 4210 4211 4212 AND
1 1 4212 4213 INV
2 1 4204 4213 4214 AND
1 1 4201 4215 INV
2 1 4210 4215 4216 AND
1 1 4216 4217 INV
2 1 4214 4217 4218 AND
2 1 4218 38 4219 XOR
2 1 4218 38 4220 AND
2 1 4219 4220 4221 XOR
2 1 417 3829 4222 XOR
1 1 4222 4223 INV
2 1 3820 4223 4224 XOR
2 1 3829 4224 4225 XOR
2 1 4131 4225 4226 AND
2 1 3829 4226 4227 XOR
1 1 38 4228 INV
2 1 4227 4228 4229 AND
1 1 4229 4230 INV
2 1 4221 4230 4231 AND
1 1 4218 4232 INV
2 1 4227 4232 4233 AND
1 1 4233 4234 INV
2 1 4231 4234 4235 AND
2 1 4235 39 4236 XOR
2 1 4235 39 4237 AND
2 1 4236 4237 4238 XOR
2 1 127 3846 4239 XOR
1 1 4239 4240 INV
2 1 3837 4240 4241 XOR
2 1 3846 4241 4242 XOR
2 1 4131 4242 4243 AND
2 1 3846 4243 4244 XOR
1 1 39 4245 INV
2 1 4244 4245 4246 AND
1 1 4246 4247 INV
2 1 4238 4247 4248 AND
1 1 4235 4249 INV
2 1 4244 4249 4250 AND
1 1 4250 4251 INV
2 1 4248 4251 4252 AND
2 1 4252 40 4253 XOR
2 1 4252 40 4254 AND
2 1 4253 4254 4255 XOR
2 1 452 3863 4256 XOR
1 1 4256 4257 INV
2 1 3854 4257 4258 XOR
2 1 3863 4258 4259 XOR
2 1 4131 4259 4260 AND
2 1 3863 4260 4261 XOR
1 1 40 4262 INV
2 1 4261 4262 4263 AND
1 1 4263 4264 INV
2 1 4255 4264 4265 AND
1 1 4252 4266 INV
2 1 4261 4266 4267 AND
1 1 4267 4268 INV
2 1 4265 4268 4269 AND
2 1 4269 41 4270 XOR
2 1 4269 41 4271 AND
2 1 4270 4271 4272 XOR
2 1 470 3880 4273 XOR
1 1 4273 4274 INV
2 1 3871 4274 4275 XOR
2 1 3880 4275 4276 XOR
2 1 4131 4276 4277 AND
2 1 3880 4277 4278 XOR
1 1 41 4279 INV
2 1 4278 4279 4280 AND
1 1 4280 4281 INV
2 1 4272 4281 4282 AND
1 1 4269 4283 INV
2 1 4278 4283 4284 AND
1 1 4284 4285 INV
2 1 4282 4285 4286 AND
2 1 4286 42 4287 XOR
2 1 4286 42 4288 AND
2 1 4287 4288 4289 XOR
1 1 42 4290 INV
2 1 4137 4290 4291 AND
1 1 4291 4292 INV
2 1 4289 4292 4293 AND
1 1 4286 4294 INV
2 1 4137 4294 4295 AND
1 1 4295 4296 INV
2 1 4293 4296 4297 AND
2 1 4297 43 4298 XOR
2 1 4297 43 4299 AND
2 1 4298 4299 4300 XOR
2 1 173 3908 4301 XOR
1 1 4301 4302 INV
2 1 3899 4302 4303 XOR
2 1 3908 4303 4304 XOR
2 1 4131 4304 4305 AND
2 1 3908 4305 4306 XOR
1 1 43 4307 INV
2 1 4306 4307 4308 AND
1 1 4308 4309 INV
2 1 4300 4309 4310 AND
1 1 4297 4311 INV
2 1 4306 4311 4312 AND
1 1 4312 4313 INV
2 1 4310 4313 4314 AND
2 1 4314 44 4315 XOR
2 1 4314 44 4316 AND
2 1 4315 4316 4317 XOR
2 1 523 3925 4318 XOR
1 1 4318 4319 INV
2 1 3916 4319 4320 XOR
2 1 3925 4320 4321 XOR
2 1 4131 4321 4322 AND
2 1 3925 4322 4323 XOR
1 1 44 4324 INV
2 1 4323 4324 4325 AND
1 1 4325 4326 INV
2 1 4317 4326 4327 AND
1 1 4314 4328 INV
2 1 4323 4328 4329 AND
1 1 4329 4330 INV
2 1 4327 4330 4331 AND
2 1 4331 45 4332 XOR
2 1 4331 45 4333 AND
2 1 4332 4333 4334 XOR
2 1 541 3942 4335 XOR
1 1 4335 4336 INV
2 1 3933 4336 4337 XOR
2 1 3942 4337 4338 XOR
2 1 4131 4338 4339 AND
2 1 3942 4339 4340 XOR
1 1 45 4341 INV
2 1 4340 4341 4342 AND
1 1 4342 4343 INV
2 1 4334 4343 4344 AND
1 1 4331 4345 INV
2 1 4340 4345 4346 AND
1 1 4346 4347 INV
2 1 4344 4347 4348 AND
2 1 4348 46 4349 XOR
2 1 4348 46 4350 AND
2 1 4349 4350 4351 XOR
2 1 559 3959 4352 XOR
1 1 4352 4353 INV
2 1 3950 4353 4354 XOR
2 1 3959 4354 4355 XOR
2 1 4131 4355 4356 AND
2 1 3959 4356 4357 XOR
1 1 46 4358 INV
2 1 4357 4358 4359 AND
1 1 4359 4360 INV
2 1 4351 4360 4361 AND
1 1 4348 4362 INV
2 1 4357 4362 4363 AND
1 1 4363 4364 INV
2 1 4361 4364 4365 AND
2 1 4365 47 4366 XOR
2 1 4365 47 4367 AND
2 1 4366 4367 4368 XOR
2 1 219 3976 4369 XOR
1 1 4369 4370 INV
2 1 3967 4370 4371 XOR
2 1 3976 4371 4372 XOR
2 1 4131 4372 4373 AND
2 1 3976 4373 4374 XOR
1 1 47 4375 INV
2 1 4374 4375 4376 AND
1 1 4376 4377 INV
2 1 4368 4377 4378 AND
1 1 4365 4379 INV
2 1 4374 4379 4380 AND
1 1 4380 4381 INV
2 1 4378 4381 4382 AND
2 1 4382 48 4383 XOR
2 1 4382 48 4384 AND
2 1 4383 4384 4385 XOR
2 1 594 3993 4386 XOR
1 1 4386 4387 INV
2 1 3984 4387 4388 XOR
2 1 3993 4388 4389 XOR
2 1 4131 4389 4390 AND
2 1 3993 4390 4391 XOR
1 1 48 4392 INV
2 1 4391 4392 4393 AND
1 1 4393 4394 INV
2 1 4385 4394 4395 AND
1 1 4382 4396 INV
2 1 4391 4396 4397 AND
1 1 4397 4398 INV
2 1 4395 4398 4399 AND
2 1 4399 49 4400 XOR
2 1 4399 49 4401 AND
2 1 4400 4401 4402 XOR
2 1 612 4010 4403 XOR
1 1 4403 4404 INV
2 1 4001 4404 4405 XOR
2 1 4010 4405 4406 XOR
2 1 4131 4406 4407 AND
2 1 4010 4407 4408 XOR
1 1 49 4409 INV
2 1 4408 4409 4410 AND
1 1 4410 4411 INV
2 1 4402 4411 4412 AND
1 1 4399 4413 INV
2 1 4408 4413 4414 AND
1 1 4414 4415 INV
2 1 4412 4415 4416 AND
2 1 4416 50 4417 XOR
2 1 4416 50 4418 AND
2 1 4417 4418 4419 XOR
2 1 630 4027 4420 XOR
1 1 4420 4421 INV
2 1 4018 4421 4422 XOR
2 1 4027 4422 4423 XOR
2 1 4131 4423 4424 AND
2 1 4027 4424 4425 XOR
1 1 50 4426 INV
2 1 4425 4426 4427 AND
1 1 4427 4428 INV
2 1 4419 4428 4429 AND
1 1 4416 4430 INV
2 1 4425 4430 4431 AND
1 1 4431 4432 INV
2 1 4429 4432 4433 AND
2 1 4433 51 4434 XOR
2 1 4433 51 4435 AND
2 1 4434 4435 4436 XOR
2 1 265 4044 4437 XOR
1 1 4437 4438 INV
2 1 4035 4438 4439 XOR
2 1 4044 4439 4440 XOR
2 1 4131 4440 4441 AND
2 1 4044 4441 4442 XOR
1 1 51 4443 INV
2 1 4442 4443 4444 AND
1 1 4444 4445 INV
2 1 4436 4445 4446 AND
1 1 4433 4447 INV
2 1 4442 4447 4448 AND
1 1 4448 4449 INV
2 1 4446 4449 4450 AND
2 1 4450 52 4451 XOR
2 1 4450 52 4452 AND
2 1 4451 4452 4453 XOR
2 1 665 4061 4454 XOR
1 1 4454 4455 INV
2 1 4052 4455 4456 XOR
2 1 4061 4456 4457 XOR
2 1 4131 4457 4458 AND
2 1 4061 4458 4459 XOR
1 1 52 4460 INV
2 1 4459 4460 4461 AND
1 1 4461 4462 INV
2 1 4453 4462 4463 AND
1 1 4450 4464 INV
2 1 4459 4464 4465 AND
1 1 4465 4466 INV
2 1 4463 4466 4467 AND
2 1 4467 53 4468 XOR
2 1 4467 53 4469 AND
2 1 4468 4469 4470 XOR
2 1 683 4078 4471 XOR
1 1 4471 4472 INV
2 1 4069 4472 4473 XOR
2 1 4078 4473 4474 XOR
2 1 4131 4474 4475 AND
2 1 4078 4475 4476 XOR
1 1 53 4477 INV
2 1 4476 4477 4478 AND
1 1 4478 4479 INV
2 1 4470 4479 4480 AND
1 1 4467 4481 INV
2 1 4476 4481 4482 AND
1 1 4482 4483 INV
2 1 4480 4483 4484 AND
2 1 4484 54 4485 XOR
2 1 4484 54 4486 AND
2 1 4485 4486 4487 XOR
2 1 701 4095 4488 XOR
1 1 4488 4489 INV
2 1 4086 4489 4490 XOR
2 1 4095 4490 4491 XOR
2 1 4131 4491 4492 AND
2 1 4095 4492 4493 XOR
1 1 54 4494 INV
2 1 4493 4494 4495 AND
1 1 4495 4496 INV
2 1 4487 4496 4497 AND
1 1 4484 4498 INV
2 1 4493 4498 4499 AND
1 1 4499 4500 INV
2 1 4497 4500 4501 AND
1 1 4501 4502 INV
2 1 4143 4502 4503 AND
1 1 4503 4504 INV
2 1 4120 3762 4505 XOR
1 1 4505 4506 INV
2 1 3762 4506 4507 XOR
2 1 4131 4507 4508 AND
2 1 3762 4508 4509 XOR
1 1 4509 4510 INV
2 1 4504 4510 4511 AND
1 1 4511 4512 INV
2 1 173 4137 4513 XOR
1 1 4513 4514 INV
2 1 4286 4514 4515 XOR
2 1 4137 4515 4516 XOR
2 1 4512 4516 4517 AND
2 1 4137 4517 4518 XOR
2 1 320 4493 4519 XOR
1 1 4519 4520 INV
2 1 4484 4520 4521 XOR
2 1 4493 4521 4522 XOR
2 1 4512 4522 4523 AND
2 1 4493 4523 4524 XOR
2 1 4512 32 4525 AND
1 1 33 4526 INV
2 1 4525 4526 4527 AND
1 1 4527 4528 INV
2 1 330 4528 4529 AND
1 1 32 4530 INV
2 1 4525 4530 4531 AND
1 1 4531 4532 INV
2 1 4529 4532 4533 AND
2 1 4533 34 4534 XOR
2 1 4533 34 4535 AND
2 1 4534 4535 4536 XOR
2 1 4144 736 4537 XOR
2 1 4144 4537 4538 XOR
2 1 4512 4538 4539 AND
2 1 4144 4539 4540 XOR
1 1 34 4541 INV
2 1 4540 4541 4542 AND
1 1 4542 4543 INV
2 1 4536 4543 4544 AND
1 1 4533 4545 INV
2 1 4540 4545 4546 AND
1 1 4546 4547 INV
2 1 4544 4547 4548 AND
2 1 4548 35 4549 XOR
2 1 4548 35 4550 AND
2 1 4549 4550 4551 XOR
2 1 81 4159 4552 XOR
1 1 4552 4553 INV
2 1 4152 4553 4554 XOR
2 1 4159 4554 4555 XOR
2 1 4512 4555 4556 AND
2 1 4159 4556 4557 XOR
1 1 35 4558 INV
2 1 4557 4558 4559 AND
1 1 4559 4560 INV
2 1 4551 4560 4561 AND
1 1 4548 4562 INV
2 1 4557 4562 4563 AND
1 1 4563 4564 INV
2 1 4561 4564 4565 AND
2 1 4565 36 4566 XOR
2 1 4565 36 4567 AND
2 1 4566 4567 4568 XOR
2 1 381 4176 4569 XOR
1 1 4569 4570 INV
2 1 4167 4570 4571 XOR
2 1 4176 4571 4572 XOR
2 1 4512 4572 4573 AND
2 1 4176 4573 4574 XOR
1 1 36 4575 INV
2 1 4574 4575 4576 AND
1 1 4576 4577 INV
2 1 4568 4577 4578 AND
1 1 4565 4579 INV
2 1 4574 4579 4580 AND
1 1 4580 4581 INV
2 1 4578 4581 4582 AND
2 1 4582 37 4583 XOR
2 1 4582 37 4584 AND
2 1 4583 4584 4585 XOR
2 1 399 4193 4586 XOR
1 1 4586 4587 INV
2 1 4184 4587 4588 XOR
2 1 4193 4588 4589 XOR
2 1 4512 4589 4590 AND
2 1 4193 4590 4591 XOR
1 1 37 4592 INV
2 1 4591 4592 4593 AND
1 1 4593 4594 INV
2 1 4585 4594 4595 AND
1 1 4582 4596 INV
2 1 4591 4596 4597 AND
1 1 4597 4598 INV
2 1 4595 4598 4599 AND
2 1 4599 38 4600 XOR
2 1 4599 38 4601 AND
2 1 4600 4601 4602 XOR
2 1 417 4210 4603 XOR
1 1 4603 4604 INV
2 1 4201 4604 4605 XOR
2 1 4210 4605 4606 XOR
2 1 4512 4606 4607 AND
2 1 4210 4607 4608 XOR
1 1 38 4609 INV
2 1 4608 4609 4610 AND
1 1 4610 4611 INV
2 1 4602 4611 4612 AND
1 1 4599 4613 INV
2 1 4608 4613 4614 AND
1 1 4614 4615 INV
2 1 4612 4615 4616 AND
2 1 4616 39 4617 XOR
2 1 4616 39 4618 AND
2 1 4617 4618 4619 XOR
2 1 127 4227 4620 XOR
1 1 4620 4621 INV
2 1 4218 4621 4622 XOR
2 1 4227 4622 4623 XOR
2 1 4512 4623 4624 AND
2 1 4227 4624 4625 XOR
1 1 39 4626 INV
2 1 4625 4626 4627 AND
1 1 4627 4628 INV
2 1 4619 4628 4629 AND
1 1 4616 4630 INV
2 1 4625 4630 4631 AND
1 1 4631 4632 INV
2 1 4629 4632 4633 AND
2 1 4633 40 4634 XOR
2 1 4633 40 4635 AND
2 1 4634 4635 4636 XOR
2 1 452 4244 4637 XOR
1 1 4637 4638 INV
2 1 4235 4638 4639 XOR
2 1 4244 4639 4640 XOR
2 1 4512 4640 4641 AND
2 1 4244 4641 4642 XOR
1 1 40 4643 INV
2 1 4642 4643 4644 AND
1 1 4644 4645 INV
2 1 4636 4645 4646 AND
1 1 4633 4647 INV
2 1 4642 4647 4648 AND
1 1 4648 4649 INV
2 1 4646 4649 4650 AND
2 1 4650 41 4651 XOR
2 1 4650 41 4652 AND
2 1 4651 4652 4653 XOR
2 1 470 4261 4654 XOR
1 1 4654 4655 INV
2 1 4252 4655 4656 XOR
2 1 4261 4656 4657 XOR
2 1 4512 4657 4658 AND
2 1 4261 4658 4659 XOR
1 1 41 4660 INV
2 1 4659 4660 4661 AND
1 1 4661 4662 INV
2 1 4653 4662 4663 AND
1 1 4650 4664 INV
2 1 4659 4664 4665 AND
1 1 4665 4666 INV
2 1 4663 4666 4667 AND
2 1 4667 42 4668 XOR
2 1 4667 42 4669 AND
2 1 4668 4669 4670 XOR
2 1 488 4278 4671 XOR
1 1 4671 4672 INV
2 1 4269 4672 4673 XOR
2 1 4278 4673 4674 XOR
2 1 4512 4674 4675 AND
2 1 4278 4675 4676 XOR
1 1 42 4677 INV
2 1 4676 4677 4678 AND
1 1 4678 4679 INV
2 1 4670 4679 4680 AND
1 1 4667 4681 INV
2 1 4676 4681 4682 AND
1 1 4682 4683 INV
2 1 4680 4683 4684 AND
2 1 4684 43 4685 XOR
2 1 4684 43 4686 AND
2 1 4685 4686 4687 XOR
1 1 43 4688 INV
2 1 4518 4688 4689 AND
1 1 4689 4690 INV
2 1 4687 4690 4691 AND
1 1 4684 4692 INV
2 1 4518 4692 4693 AND
1 1 4693 4694 INV
2 1 4691 4694 4695 AND
2 1 4695 44 4696 XOR
2 1 4695 44 4697 AND
2 1 4696 4697 4698 XOR
2 1 523 4306 4699 XOR
1 1 4699 4700 INV
2 1 4297 4700 4701 XOR
2 1 4306 4701 4702 XOR
2 1 4512 4702 4703 AND
2 1 4306 4703 4704 XOR
1 1 44 4705 INV
2 1 4704 4705 4706 AND
1 1 4706 4707 INV
2 1 4698 4707 4708 AND
1 1 4695 4709 INV
2 1 4704 4709 4710 AND
1 1 4710 4711 INV
2 1 4708 4711 4712 AND
2 1 4712 45 4713 XOR
2 1 4712 45 4714 AND
2 1 4713 4714 4715 XOR
2 1 541 4323 4716 XOR
1 1 4716 4717 INV
2 1 4314 4717 4718 XOR
2 1 4323 4718 4719 XOR
2 1 4512 4719 4720 AND
2 1 4323 4720 4721 XOR
1 1 45 4722 INV
2 1 4721 4722 4723 AND
1 1 4723 4724 INV
2 1 4715 4724 4725 AND
1 1 4712 4726 INV
2 1 4721 4726 4727 AND
1 1 4727 4728 INV
2 1 4725 4728 4729 AND
2 1 4729 46 4730 XOR
2 1 4729 46 4731 AND
2 1 4730 4731 4732 XOR
2 1 559 4340 4733 XOR
1 1 4733 4734 INV
2 1 4331 4734 4735 XOR
2 1 4340 4735 4736 XOR
2 1 4512 4736 4737 AND
2 1 4340 4737 4738 XOR
1 1 46 4739 INV
2 1 4738 4739 4740 AND
1 1 4740 4741 INV
2 1 4732 4741 4742 AND
1 1 4729 4743 INV
2 1 4738 4743 4744 AND
1 1 4744 4745 INV
2 1 4742 4745 4746 AND
2 1 4746 47 4747 XOR
2 1 4746 47 4748 AND
2 1 4747 4748 4749 XOR
2 1 219 4357 4750 XOR
1 1 4750 4751 INV
2 1 4348 4751 4752 XOR
2 1 4357 4752 4753 XOR
2 1 4512 4753 4754 AND
2 1 4357 4754 4755 XOR
1 1 47 4756 INV
2 1 4755 4756 4757 AND
1 1 4757 4758 INV
2 1 4749 4758 4759 AND
1 1 4746 4760 INV
2 1 4755 4760 4761 AND
1 1 4761 4762 INV
2 1 4759 4762 4763 AND
2 1 4763 48 4764 XOR
2 1 4763 48 4765 AND
2 1 4764 4765 4766 XOR
2 1 594 4374 4767 XOR
1 1 4767 4768 INV
2 1 4365 4768 4769 XOR
2 1 4374 4769 4770 XOR
2 1 4512 4770 4771 AND
2 1 4374 4771 4772 XOR
1 1 48 4773 INV
2 1 4772 4773 4774 AND
1 1 4774 4775 INV
2 1 4766 4775 4776 AND
1 1 4763 4777 INV
2 1 4772 4777 4778 AND
1 1 4778 4779 INV
2 1 4776 4779 4780 AND
2 1 4780 49 4781 XOR
2 1 4780 49 4782 AND
2 1 4781 4782 4783 XOR
2 1 612 4391 4784 XOR
1 1 4784 4785 INV
2 1 4382 4785 4786 XOR
2 1 4391 4786 4787 XOR
2 1 4512 4787 4788 AND
2 1 4391 4788 4789 XOR
1 1 49 4790 INV
2 1 4789 4790 4791 AND
1 1 4791 4792 INV
2 1 4783 4792 4793 AND
1 1 4780 4794 INV
2 1 4789 4794 4795 AND
1 1 4795 4796 INV
2 1 4793 4796 4797 AND
2 1 4797 50 4798 XOR
2 1 4797 50 4799 AND
2 1 4798 4799 4800 XOR
2 1 630 4408 4801 XOR
1 1 4801 4802 INV
2 1 4399 4802 4803 XOR
2 1 4408 4803 4804 XOR
2 1 4512 4804 4805 AND
2 1 4408 4805 4806 XOR
1 1 50 4807 INV
2 1 4806 4807 4808 AND
1 1 4808 4809 INV
2 1 4800 4809 4810 AND
1 1 4797 4811 INV
2 1 4806 4811 4812 AND
1 1 4812 4813 INV
2 1 4810 4813 4814 AND
2 1 4814 51 4815 XOR
2 1 4814 51 4816 AND
2 1 4815 4816 4817 XOR
2 1 265 4425 4818 XOR
1 1 4818 4819 INV
2 1 4416 4819 4820 XOR
2 1 4425 4820 4821 XOR
2 1 4512 4821 4822 AND
2 1 4425 4822 4823 XOR
1 1 51 4824 INV
2 1 4823 4824 4825 AND
1 1 4825 4826 INV
2 1 4817 4826 4827 AND
1 1 4814 4828 INV
2 1 4823 4828 4829 AND
1 1 4829 4830 INV
2 1 4827 4830 4831 AND
2 1 4831 52 4832 XOR
2 1 4831 52 4833 AND
2 1 4832 4833 4834 XOR
2 1 665 4442 4835 XOR
1 1 4835 4836 INV
2 1 4433 4836 4837 XOR
2 1 4442 4837 4838 XOR
2 1 4512 4838 4839 AND
2 1 4442 4839 4840 XOR
1 1 52 4841 INV
2 1 4840 4841 4842 AND
1 1 4842 4843 INV
2 1 4834 4843 4844 AND
1 1 4831 4845 INV
2 1 4840 4845 4846 AND
1 1 4846 4847 INV
2 1 4844 4847 4848 AND
2 1 4848 53 4849 XOR
2 1 4848 53 4850 AND
2 1 4849 4850 4851 XOR
2 1 683 4459 4852 XOR
1 1 4852 4853 INV
2 1 4450 4853 4854 XOR
2 1 4459 4854 4855 XOR
2 1 4512 4855 4856 AND
2 1 4459 4856 4857 XOR
1 1 53 4858 INV
2 1 4857 4858 4859 AND
1 1 4859 4860 INV
2 1 4851 4860 4861 AND
1 1 4848 4862 INV
2 1 4857 4862 4863 AND
1 1 4863 4864 INV
2 1 4861 4864 4865 AND
2 1 4865 54 4866 XOR
2 1 4865 54 4867 AND
2 1 4866 4867 4868 XOR
2 1 701 4476 4869 XOR
1 1 4869 4870 INV
2 1 4467 4870 4871 XOR
2 1 4476 4871 4872 XOR
2 1 4512 4872 4873 AND
2 1 4476 4873 4874 XOR
1 1 54 4875 INV
2 1 4874 4875 4876 AND
1 1 4876 4877 INV
2 1 4868 4877 4878 AND
1 1 4865 4879 INV
2 1 4874 4879 4880 AND
1 1 4880 4881 INV
2 1 4878 4881 4882 AND
1 1 4882 4883 INV
2 1 4524 4883 4884 AND
1 1 4884 4885 INV
2 1 4501 4143 4886 XOR
1 1 4886 4887 INV
2 1 4143 4887 4888 XOR
2 1 4512 4888 4889 AND
2 1 4143 4889 4890 XOR
1 1 4890 4891 INV
2 1 4885 4891 4892 AND
1 1 4892 4893 INV
2 1 523 4518 4894 XOR
1 1 4894 4895 INV
2 1 4684 4895 4896 XOR
2 1 4518 4896 4897 XOR
2 1 4893 4897 4898 AND
2 1 4518 4898 4899 XOR
2 1 320 4874 4900 XOR
1 1 4900 4901 INV
2 1 4865 4901 4902 XOR
2 1 4874 4902 4903 XOR
2 1 4893 4903 4904 AND
2 1 4874 4904 4905 XOR
2 1 4893 32 4906 AND
1 1 33 4907 INV
2 1 4906 4907 4908 AND
1 1 4908 4909 INV
2 1 330 4909 4910 AND
1 1 32 4911 INV
2 1 4906 4911 4912 AND
1 1 4912 4913 INV
2 1 4910 4913 4914 AND
2 1 4914 34 4915 XOR
2 1 4914 34 4916 AND
2 1 4915 4916 4917 XOR
2 1 4525 736 4918 XOR
2 1 4525 4918 4919 XOR
2 1 4893 4919 4920 AND
2 1 4525 4920 4921 XOR
1 1 34 4922 INV
2 1 4921 4922 4923 AND
1 1 4923 4924 INV
2 1 4917 4924 4925 AND
1 1 4914 4926 INV
2 1 4921 4926 4927 AND
1 1 4927 4928 INV
2 1 4925 4928 4929 AND
2 1 4929 35 4930 XOR
2 1 4929 35 4931 AND
2 1 4930 4931 4932 XOR
2 1 81 4540 4933 XOR
1 1 4933 4934 INV
2 1 4533 4934 4935 XOR
2 1 4540 4935 4936 XOR
2 1 4893 4936 4937 AND
2 1 4540 4937 4938 XOR
1 1 35 4939 INV
2 1 4938 4939 4940 AND
1 1 4940 4941 INV
2 1 4932 4941 4942 AND
1 1 4929 4943 INV
2 1 4938 4943 4944 AND
1 1 4944 4945 INV
2 1 4942 4945 4946 AND
2 1 4946 36 4947 XOR
2 1 4946 36 4948 AND
2 1 4947 4948 4949 XOR
2 1 381 4557 4950 XOR
1 1 4950 4951 INV
2 1 4548 4951 4952 XOR
2 1 4557 4952 4953 XOR
2 1 4893 4953 4954 AND
2 1 4557 4954 4955 XOR
1 1 36 4956 INV
2 1 4955 4956 4957 AND
1 1 4957 4958 INV
2 1 4949 4958 4959 AND
1 1 4946 4960 INV
2 1 4955 4960 4961 AND
1 1 4961 4962 INV
2 1 4959 4962 4963 AND
2 1 4963 37 4964 XOR
2 1 4963 37 4965 AND
2 1 4964 4965 4966 XOR
2 1 399 4574 4967 XOR
1 1 4967 4968 INV
2 1 4565 4968 4969 XOR
2 1 4574 4969 4970 XOR
2 1 4893 4970 4971 AND
2 1 4574 4971 4972 XOR
1 1 37 4973 INV
2 1 4972 4973 4974 AND
1 1 4974 4975 INV
2 1 4966 4975 4976 AND
1 1 4963 4977 INV
2 1 4972 4977 4978 AND
1 1 4978 4979 INV
2 1 4976 4979 4980 AND
2 1 4980 38 4981 XOR
2 1 4980 38 4982 AND
2 1 4981 4982 4983 XOR
2 1 417 4591 4984 XOR
1 1 4984 4985 INV
2 1 4582 4985 4986 XOR
2 1 4591 4986 4987 XOR
2 1 4893 4987 4988 AND
2 1 4591 4988 4989 XOR
1 1 38 4990 INV
2 1 4989 4990 4991 AND
1 1 4991 4992 INV
2 1 4983 4992 4993 AND
1 1 4980 4994 INV
2 1 4989 4994 4995 AND
1 1 4995 4996 INV
2 1 4993 4996 4997 AND
2 1 4997 39 4998 XOR
2 1 4997 39 4999 AND
2 1 4998 4999 5000 XOR
2 1 127 4608 5001 XOR
1 1 5001 5002 INV
2 1 4599 5002 5003 XOR
2 1 4608 5003 5004 XOR
2 1 4893 5004 5005 AND
2 1 4608 5005 5006 XOR
1 1 39 5007 INV
2 1 5006 5007 5008 AND
1 1 5008 5009 INV
2 1 5000 5009 5010 AND
1 1 4997 5011 INV
2 1 5006 5011 5012 AND
1 1 5012 5013 INV
2 1 5010 5013 5014 AND
2 1 5014 40 5015 XOR
2 1 5014 40 5016 AND
2 1 5015 5016 5017 XOR
2 1 452 4625 5018 XOR
1 1 5018 5019 INV
2 1 4616 5019 5020 XOR
2 1 4625 5020 5021 XOR
2 1 4893 5021 5022 AND
2 1 4625 5022 5023 XOR
1 1 40 5024 INV
2 1 5023 5024 5025 AND
1 1 5025 5026 INV
2 1 5017 5026 5027 AND
1 1 5014 5028 INV
2 1 5023 5028 5029 AND
1 1 5029 5030 INV
2 1 5027 5030 5031 AND
2 1 5031 41 5032 XOR
2 1 5031 41 5033 AND
2 1 5032 5033 5034 XOR
2 1 470 4642 5035 XOR
1 1 5035 5036 INV
2 1 4633 5036 5037 XOR
2 1 4642 5037 5038 XOR
2 1 4893 5038 5039 AND
2 1 4642 5039 5040 XOR
1 1 41 5041 INV
2 1 5040 5041 5042 AND
1 1 5042 5043 INV
2 1 5034 5043 5044 AND
1 1 5031 5045 INV
2 1 5040 5045 5046 AND
1 1 5046 5047 INV
2 1 5044 5047 5048 AND
2 1 5048 42 5049 XOR
2 1 5048 42 5050 AND
2 1 5049 5050 5051 XOR
2 1 488 4659 5052 XOR
1 1 5052 5053 INV
2 1 4650 5053 5054 XOR
2 1 4659 5054 5055 XOR
2 1 4893 5055 5056 AND
2 1 4659 5056 5057 XOR
1 1 42 5058 INV
2 1 5057 5058 5059 AND
1 1 5059 5060 INV
2 1 5051 5060 5061 AND
1 1 5048 5062 INV
2 1 5057 5062 5063 AND
1 1 5063 5064 INV
2 1 5061 5064 5065 AND
2 1 5065 43 5066 XOR
2 1 5065 43 5067 AND
2 1 5066 5067 5068 XOR
2 1 173 4676 5069 XOR
1 1 5069 5070 INV
2 1 4667 5070 5071 XOR
2 1 4676 5071 5072 XOR
2 1 4893 5072 5073 AND
2 1 4676 5073 5074 XOR
1 1 43 5075 INV
2 1 5074 5075 5076 AND
1 1 5076 5077 INV
2 1 5068 5077 5078 AND
1 1 5065 5079 INV
2 1 5074 5079 5080 AND
1 1 5080 5081 INV
2 1 5078 5081 5082 AND
2 1 5082 44 5083 XOR
2 1 5082 44 5084 AND
2 1 5083 5084 5085 XOR
1 1 44 5086 INV
2 1 4899 5086 5087 AND
1 1 5087 5088 INV
2 1 5085 5088 5089 AND
1 1 5082 5090 INV
2 1 4899 5090 5091 AND
1 1 5091 5092 INV
2 1 5089 5092 5093 AND
2 1 5093 45 5094 XOR
2 1 5093 45 5095 AND
2 1 5094 5095 5096 XOR
2 1 541 4704 5097 XOR
1 1 5097 5098 INV
2 1 4695 5098 5099 XOR
2 1 4704 5099 5100 XOR
2 1 4893 5100 5101 AND
2 1 4704 5101 5102 XOR
1 1 45 5103 INV
2 1 5102 5103 5104 AND
1 1 5104 5105 INV
2 1 5096 5105 5106 AND
1 1 5093 5107 INV
2 1 5102 5107 5108 AND
1 1 5108 5109 INV
2 1 5106 5109 5110 AND
2 1 5110 46 5111 XOR
2 1 5110 46 5112 AND
2 1 5111 5112 5113 XOR
2 1 559 4721 5114 XOR
1 1 5114 5115 INV
2 1 4712 5115 5116 XOR
2 1 4721 5116 5117 XOR
2 1 4893 5117 5118 AND
2 1 4721 5118 5119 XOR
1 1 46 5120 INV
2 1 5119 5120 5121 AND
1 1 5121 5122 INV
2 1 5113 5122 5123 AND
1 1 5110 5124 INV
2 1 5119 5124 5125 AND
1 1 5125 5126 INV
2 1 5123 5126 5127 AND
2 1 5127 47 5128 XOR
2 1 5127 47 5129 AND
2 1 5128 5129 5130 XOR
2 1 219 4738 5131 XOR
1 1 5131 5132 INV
2 1 4729 5132 5133 XOR
2 1 4738 5133 5134 XOR
2 1 4893 5134 5135 AND
2 1 4738 5135 5136 XOR
1 1 47 5137 INV
2 1 5136 5137 5138 AND
1 1 5138 5139 INV
2 1 5130 5139 5140 AND
1 1 5127 5141 INV
2 1 5136 5141 5142 AND
1 1 5142 5143 INV
2 1 5140 5143 5144 AND
2 1 5144 48 5145 XOR
2 1 5144 48 5146 AND
2 1 5145 5146 5147 XOR
2 1 594 4755 5148 XOR
1 1 5148 5149 INV
2 1 4746 5149 5150 XOR
2 1 4755 5150 5151 XOR
2 1 4893 5151 5152 AND
2 1 4755 5152 5153 XOR
1 1 48 5154 INV
2 1 5153 5154 5155 AND
1 1 5155 5156 INV
2 1 5147 5156 5157 AND
1 1 5144 5158 INV
2 1 5153 5158 5159 AND
1 1 5159 5160 INV
2 1 5157 5160 5161 AND
2 1 5161 49 5162 XOR
2 1 5161 49 5163 AND
2 1 5162 5163 5164 XOR
2 1 612 4772 5165 XOR
1 1 5165 5166 INV
2 1 4763 5166 5167 XOR
2 1 4772 5167 5168 XOR
2 1 4893 5168 5169 AND
2 1 4772 5169 5170 XOR
1 1 49 5171 INV
2 1 5170 5171 5172 AND
1 1 5172 5173 INV
2 1 5164 5173 5174 AND
1 1 5161 5175 INV
2 1 5170 5175 5176 AND
1 1 5176 5177 INV
2 1 5174 5177 5178 AND
2 1 5178 50 5179 XOR
2 1 5178 50 5180 AND
2 1 5179 5180 5181 XOR
2 1 630 4789 5182 XOR
1 1 5182 5183 INV
2 1 4780 5183 5184 XOR
2 1 4789 5184 5185 XOR
2 1 4893 5185 5186 AND
2 1 4789 5186 5187 XOR
1 1 50 5188 INV
2 1 5187 5188 5189 AND
1 1 5189 5190 INV
2 1 5181 5190 5191 AND
1 1 5178 5192 INV
2 1 5187 5192 5193 AND
1 1 5193 5194 INV
2 1 5191 5194 5195 AND
2 1 5195 51 5196 XOR
2 1 5195 51 5197 AND
2 1 5196 5197 5198 XOR
2 1 265 4806 5199 XOR
1 1 5199 5200 INV
2 1 4797 5200 5201 XOR
2 1 4806 5201 5202 XOR
2 1 4893 5202 5203 AND
2 1 4806 5203 5204 XOR
1 1 51 5205 INV
2 1 5204 5205 5206 AND
1 1 5206 5207 INV
2 1 5198 5207 5208 AND
1 1 5195 5209 INV
2 1 5204 5209 5210 AND
1 1 5210 5211 INV
2 1 5208 5211 5212 AND
2 1 5212 52 5213 XOR
2 1 5212 52 5214 AND
2 1 5213 5214 5215 XOR
2 1 665 4823 5216 XOR
1 1 5216 5217 INV
2 1 4814 5217 5218 XOR
2 1 4823 5218 5219 XOR
2 1 4893 5219 5220 AND
2 1 4823 5220 5221 XOR
1 1 52 5222 INV
2 1 5221 5222 5223 AND
1 1 5223 5224 INV
2 1 5215 5224 5225 AND
1 1 5212 5226 INV
2 1 5221 5226 5227 AND
1 1 5227 5228 INV
2 1 5225 5228 5229 AND
2 1 5229 53 5230 XOR
2 1 5229 53 5231 AND
2 1 5230 5231 5232 XOR
2 1 683 4840 5233 XOR
1 1 5233 5234 INV
2 1 4831 5234 5235 XOR
2 1 4840 5235 5236 XOR
2 1 4893 5236 5237 AND
2 1 4840 5237 5238 XOR
1 1 53 5239 INV
2 1 5238 5239 5240 AND
1 1 5240 5241 INV
2 1 5232 5241 5242 AND
1 1 5229 5243 INV
2 1 5238 5243 5244 AND
1 1 5244 5245 INV
2 1 5242 5245 5246 AND
2 1 5246 54 5247 XOR
2 1 5246 54 5248 AND
2 1 5247 5248 5249 XOR
2 1 701 4857 5250 XOR
1 1 5250 5251 INV
2 1 4848 5251 5252 XOR
2 1 4857 5252 5253 XOR
2 1 4893 5253 5254 AND
2 1 4857 5254 5255 XOR
1 1 54 5256 INV
2 1 5255 5256 5257 AND
1 1 5257 5258 INV
2 1 5249 5258 5259 AND
1 1 5246 5260 INV
2 1 5255 5260 5261 AND
1 1 5261 5262 INV
2 1 5259 5262 5263 AND
1 1 5263 5264 INV
2 1 4905 5264 5265 AND
1 1 5265 5266 INV
2 1 4882 4524 5267 XOR
1 1 5267 5268 INV
2 1 4524 5268 5269 XOR
2 1 4893 5269 5270 AND
2 1 4524 5270 5271 XOR
1 1 5271 5272 INV
2 1 5266 5272 5273 AND
1 1 5273 5274 INV
2 1 541 4899 5275 XOR
1 1 5275 5276 INV
2 1 5082 5276 5277 XOR
2 1 4899 5277 5278 XOR
2 1 5274 5278 5279 AND
2 1 4899 5279 5280 XOR
2 1 320 5255 5281 XOR
1 1 5281 5282 INV
2 1 5246 5282 5283 XOR
2 1 5255 5283 5284 XOR
2 1 5274 5284 5285 AND
2 1 5255 5285 5286 XOR
2 1 5274 32 5287 AND
1 1 33 5288 INV
2 1 5287 5288 5289 AND
1 1 5289 5290 INV
2 1 330 5290 5291 AND
1 1 32 5292 INV
2 1 5287 5292 5293 AND
1 1 5293 5294 INV
2 1 5291 5294 5295 AND
2 1 5295 34 5296 XOR
2 1 5295 34 5297 AND
2 1 5296 5297 5298 XOR
2 1 4906 736 5299 XOR
2 1 4906 5299 5300 XOR
2 1 5274 5300 5301 AND
2 1 4906 5301 5302 XOR
1 1 34 5303 INV
2 1 5302 5303 5304 AND
1 1 5304 5305 INV
2 1 5298 5305 5306 AND
1 1 5295 5307 INV
2 1 5302 5307 5308 AND
1 1 5308 5309 INV
2 1 5306 5309 5310 AND
2 1 5310 35 5311 XOR
2 1 5310 35 5312 AND
2 1 5311 5312 5313 XOR
2 1 81 4921 5314 XOR
1 1 5314 5315 INV
2 1 4914 5315 5316 XOR
2 1 4921 5316 5317 XOR
2 1 5274 5317 5318 AND
2 1 4921 5318 5319 XOR
1 1 35 5320 INV
2 1 5319 5320 5321 AND
1 1 5321 5322 INV
2 1 5313 5322 5323 AND
1 1 5310 5324 INV
2 1 5319 5324 5325 AND
1 1 5325 5326 INV
2 1 5323 5326 5327 AND
2 1 5327 36 5328 XOR
2 1 5327 36 5329 AND
2 1 5328 5329 5330 XOR
2 1 381 4938 5331 XOR
1 1 5331 5332 INV
2 1 4929 5332 5333 XOR
2 1 4938 5333 5334 XOR
2 1 5274 5334 5335 AND
2 1 4938 5335 5336 XOR
1 1 36 5337 INV
2 1 5336 5337 5338 AND
1 1 5338 5339 INV
2 1 5330 5339 5340 AND
1 1 5327 5341 INV
2 1 5336 5341 5342 AND
1 1 5342 5343 INV
2 1 5340 5343 5344 AND
2 1 5344 37 5345 XOR
2 1 5344 37 5346 AND
2 1 5345 5346 5347 XOR
2 1 399 4955 5348 XOR
1 1 5348 5349 INV
2 1 4946 5349 5350 XOR
2 1 4955 5350 5351 XOR
2 1 5274 5351 5352 AND
2 1 4955 5352 5353 XOR
1 1 37 5354 INV
2 1 5353 5354 5355 AND
1 1 5355 5356 INV
2 1 5347 5356 5357 AND
1 1 5344 5358 INV
2 1 5353 5358 5359 AND
1 1 5359 5360 INV
2 1 5357 5360 5361 AND
2 1 5361 38 5362 XOR
2 1 5361 38 5363 AND
2 1 5362 5363 5364 XOR
2 1 417 4972 5365 XOR
1 1 5365 5366 INV
2 1 4963 5366 5367 XOR
2 1 4972 5367 5368 XOR
2 1 5274 5368 5369 AND
2 1 4972 5369 5370 XOR
1 1 38 5371 INV
2 1 5370 5371 5372 AND
1 1 5372 5373 INV
2 1 5364 5373 5374 AND
1 1 5361 5375 INV
2 1 5370 5375 5376 AND
1 1 5376 5377 INV
2 1 5374 5377 5378 AND
2 1 5378 39 5379 XOR
2 1 5378 39 5380 AND
2 1 5379 5380 5381 XOR
2 1 127 4989 5382 XOR
1 1 5382 5383 INV
2 1 4980 5383 5384 XOR
2 1 4989 5384 5385 XOR
2 1 5274 5385 5386 AND
2 1 4989 5386 5387 XOR
1 1 39 5388 INV
2 1 5387 5388 5389 AND
1 1 5389 5390 INV
2 1 5381 5390 5391 AND
1 1 5378 5392 INV
2 1 5387 5392 5393 AND
1 1 5393 5394 INV
2 1 5391 5394 5395 AND
2 1 5395 40 5396 XOR
2 1 5395 40 5397 AND
2 1 5396 5397 5398 XOR
2 1 452 5006 5399 XOR
1 1 5399 5400 INV
2 1 4997 5400 5401 XOR
2 1 5006 5401 5402 XOR
2 1 5274 5402 5403 AND
2 1 5006 5403 5404 XOR
1 1 40 5405 INV
2 1 5404 5405 5406 AND
1 1 5406 5407 INV
2 1 5398 5407 5408 AND
1 1 5395 5409 INV
2 1 5404 5409 5410 AND
1 1 5410 5411 INV
2 1 5408 5411 5412 AND
2 1 5412 41 5413 XOR
2 1 5412 41 5414 AND
2 1 5413 5414 5415 XOR
2 1 470 5023 5416 XOR
1 1 5416 5417 INV
2 1 5014 5417 5418 XOR
2 1 5023 5418 5419 XOR
2 1 5274 5419 5420 AND
2 1 5023 5420 5421 XOR
1 1 41 5422 INV
2 1 5421 5422 5423 AND
1 1 5423 5424 INV
2 1 5415 5424 5425 AND
1 1 5412 5426 INV
2 1 5421 5426 5427 AND
1 1 5427 5428 INV
2 1 5425 5428 5429 AND
2 1 5429 42 5430 XOR
2 1 5429 42 5431 AND
2 1 5430 5431 5432 XOR
2 1 488 5040 5433 XOR
1 1 5433 5434 INV
2 1 5031 5434 5435 XOR
2 1 5040 5435 5436 XOR
2 1 5274 5436 5437 AND
2 1 5040 5437 5438 XOR
1 1 42 5439 INV
2 1 5438 5439 5440 AND
1 1 5440 5441 INV
2 1 5432 5441 5442 AND
1 1 5429 5443 INV
2 1 5438 5443 5444 AND
1 1 5444 5445 INV
2 1 5442 5445 5446 AND
2 1 5446 43 5447 XOR
2 1 5446 43 5448 AND
2 1 5447 5448 5449 XOR
2 1 173 5057 5450 XOR
1 1 5450 5451 INV
2 1 5048 5451 5452 XOR
2 1 5057 5452 5453 XOR
2 1 5274 5453 5454 AND
2 1 5057 5454 5455 XOR
1 1 43 5456 INV
2 1 5455 5456 5457 AND
1 1 5457 5458 INV
2 1 5449 5458 5459 AND
1 1 5446 5460 INV
2 1 5455 5460 5461 AND
1 1 5461 5462 INV
2 1 5459 5462 5463 AND
2 1 5463 44 5464 XOR
2 1 5463 44 5465 AND
2 1 5464 5465 5466 XOR
2 1 523 5074 5467 XOR
1 1 5467 5468 INV
2 1 5065 5468 5469 XOR
2 1 5074 5469 5470 XOR
2 1 5274 5470 5471 AND
2 1 5074 5471 5472 XOR
1 1 44 5473 INV
2 1 5472 5473 5474 AND
1 1 5474 5475 INV
2 1 5466 5475 5476 AND
1 1 5463 5477 INV
2 1 5472 5477 5478 AND
1 1 5478 5479 INV
2 1 5476 5479 5480 AND
2 1 5480 45 5481 XOR
2 1 5480 45 5482 AND
2 1 5481 5482 5483 XOR
1 1 45 5484 INV
2 1 5280 5484 5485 AND
1 1 5485 5486 INV
2 1 5483 5486 5487 AND
1 1 5480 5488 INV
2 1 5280 5488 5489 AND
1 1 5489 5490 INV
2 1 5487 5490 5491 AND
2 1 5491 46 5492 XOR
2 1 5491 46 5493 AND
2 1 5492 5493 5494 XOR
2 1 559 5102 5495 XOR
1 1 5495 5496 INV
2 1 5093 5496 5497 XOR
2 1 5102 5497 5498 XOR
2 1 5274 5498 5499 AND
2 1 5102 5499 5500 XOR
1 1 46 5501 INV
2 1 5500 5501 5502 AND
1 1 5502 5503 INV
2 1 5494 5503 5504 AND
1 1 5491 5505 INV
2 1 5500 5505 5506 AND
1 1 5506 5507 INV
2 1 5504 5507 5508 AND
2 1 5508 47 5509 XOR
2 1 5508 47 5510 AND
2 1 5509 5510 5511 XOR
2 1 219 5119 5512 XOR
1 1 5512 5513 INV
2 1 5110 5513 5514 XOR
2 1 5119 5514 5515 XOR
2 1 5274 5515 5516 AND
2 1 5119 5516 5517 XOR
1 1 47 5518 INV
2 1 5517 5518 5519 AND
1 1 5519 5520 INV
2 1 5511 5520 5521 AND
1 1 5508 5522 INV
2 1 5517 5522 5523 AND
1 1 5523 5524 INV
2 1 5521 5524 5525 AND
2 1 5525 48 5526 XOR
2 1 5525 48 5527 AND
2 1 5526 5527 5528 XOR
2 1 594 5136 5529 XOR
1 1 5529 5530 INV
2 1 5127 5530 5531 XOR
2 1 5136 5531 5532 XOR
2 1 5274 5532 5533 AND
2 1 5136 5533 5534 XOR
1 1 48 5535 INV
2 1 5534 5535 5536 AND
1 1 5536 5537 INV
2 1 5528 5537 5538 AND
1 1 5525 5539 INV
2 1 5534 5539 5540 AND
1 1 5540 5541 INV
2 1 5538 5541 5542 AND
2 1 5542 49 5543 XOR
2 1 5542 49 5544 AND
2 1 5543 5544 5545 XOR
2 1 612 5153 5546 XOR
1 1 5546 5547 INV
2 1 5144 5547 5548 XOR
2 1 5153 5548 5549 XOR
2 1 5274 5549 5550 AND
2 1 5153 5550 5551 XOR
1 1 49 5552 INV
2 1 5551 5552 5553 AND
1 1 5553 5554 INV
2 1 5545 5554 5555 AND
1 1 5542 5556 INV
2 1 5551 5556 5557 AND
1 1 5557 5558 INV
2 1 5555 5558 5559 AND
2 1 5559 50 5560 XOR
2 1 5559 50 5561 AND
2 1 5560 5561 5562 XOR
2 1 630 5170 5563 XOR
1 1 5563 5564 INV
2 1 5161 5564 5565 XOR
2 1 5170 5565 5566 XOR
2 1 5274 5566 5567 AND
2 1 5170 5567 5568 XOR
1 1 50 5569 INV
2 1 5568 5569 5570 AND
1 1 5570 5571 INV
2 1 5562 5571 5572 AND
1 1 5559 5573 INV
2 1 5568 5573 5574 AND
1 1 5574 5575 INV
2 1 5572 5575 5576 AND
2 1 5576 51 5577 XOR
2 1 5576 51 5578 AND
2 1 5577 5578 5579 XOR
2 1 265 5187 5580 XOR
1 1 5580 5581 INV
2 1 5178 5581 5582 XOR
2 1 5187 5582 5583 XOR
2 1 5274 5583 5584 AND
2 1 5187 5584 5585 XOR
1 1 51 5586 INV
2 1 5585 5586 5587 AND
1 1 5587 5588 INV
2 1 5579 5588 5589 AND
1 1 5576 5590 INV
2 1 5585 5590 5591 AND
1 1 5591 5592 INV
2 1 5589 5592 5593 AND
2 1 5593 52 5594 XOR
2 1 5593 52 5595 AND
2 1 5594 5595 5596 XOR
2 1 665 5204 5597 XOR
1 1 5597 5598 INV
2 1 5195 5598 5599 XOR
2 1 5204 5599 5600 XOR
2 1 5274 5600 5601 AND
2 1 5204 5601 5602 XOR
1 1 52 5603 INV
2 1 5602 5603 5604 AND
1 1 5604 5605 INV
2 1 5596 5605 5606 AND
1 1 5593 5607 INV
2 1 5602 5607 5608 AND
1 1 5608 5609 INV
2 1 5606 5609 5610 AND
2 1 5610 53 5611 XOR
2 1 5610 53 5612 AND
2 1 5611 5612 5613 XOR
2 1 683 5221 5614 XOR
1 1 5614 5615 INV
2 1 5212 5615 5616 XOR
2 1 5221 5616 5617 XOR
2 1 5274 5617 5618 AND
2 1 5221 5618 5619 XOR
1 1 53 5620 INV
2 1 5619 5620 5621 AND
1 1 5621 5622 INV
2 1 5613 5622 5623 AND
1 1 5610 5624 INV
2 1 5619 5624 5625 AND
1 1 5625 5626 INV
2 1 5623 5626 5627 AND
2 1 5627 54 5628 XOR
2 1 5627 54 5629 AND
2 1 5628 5629 5630 XOR
2 1 701 5238 5631 XOR
1 1 5631 5632 INV
2 1 5229 5632 5633 XOR
2 1 5238 5633 5634 XOR
2 1 5274 5634 5635 AND
2 1 5238 5635 5636 XOR
1 1 54 5637 INV
2 1 5636 5637 5638 AND
1 1 5638 5639 INV
2 1 5630 5639 5640 AND
1 1 5627 5641 INV
2 1 5636 5641 5642 AND
1 1 5642 5643 INV
2 1 5640 5643 5644 AND
1 1 5644 5645 INV
2 1 5286 5645 5646 AND
1 1 5646 5647 INV
2 1 5263 4905 5648 XOR
1 1 5648 5649 INV
2 1 4905 5649 5650 XOR
2 1 5274 5650 5651 AND
2 1 4905 5651 5652 XOR
1 1 5652 5653 INV
2 1 5647 5653 5654 AND
1 1 5654 5655 INV
2 1 559 5280 5656 XOR
1 1 5656 5657 INV
2 1 5480 5657 5658 XOR
2 1 5280 5658 5659 XOR
2 1 5655 5659 5660 AND
2 1 5280 5660 5661 XOR
2 1 320 5636 5662 XOR
1 1 5662 5663 INV
2 1 5627 5663 5664 XOR
2 1 5636 5664 5665 XOR
2 1 5655 5665 5666 AND
2 1 5636 5666 5667 XOR
2 1 5655 32 5668 AND
1 1 33 5669 INV
2 1 5668 5669 5670 AND
1 1 5670 5671 INV
2 1 330 5671 5672 AND
1 1 32 5673 INV
2 1 5668 5673 5674 AND
1 1 5674 5675 INV
2 1 5672 5675 5676 AND
2 1 5676 34 5677 XOR
2 1 5676 34 5678 AND
2 1 5677 5678 5679 XOR
2 1 5287 736 5680 XOR
2 1 5287 5680 5681 XOR
2 1 5655 5681 5682 AND
2 1 5287 5682 5683 XOR
1 1 34 5684 INV
2 1 5683 5684 5685 AND
1 1 5685 5686 INV
2 1 5679 5686 5687 AND
1 1 5676 5688 INV
2 1 5683 5688 5689 AND
1 1 5689 5690 INV
2 1 5687 5690 5691 AND
2 1 5691 35 5692 XOR
2 1 5691 35 5693 AND
2 1 5692 5693 5694 XOR
2 1 81 5302 5695 XOR
1 1 5695 5696 INV
2 1 5295 5696 5697 XOR
2 1 5302 5697 5698 XOR
2 1 5655 5698 5699 AND
2 1 5302 5699 5700 XOR
1 1 35 5701 INV
2 1 5700 5701 5702 AND
1 1 5702 5703 INV
2 1 5694 5703 5704 AND
1 1 5691 5705 INV
2 1 5700 5705 5706 AND
1 1 5706 5707 INV
2 1 5704 5707 5708 AND
2 1 5708 36 5709 XOR
2 1 5708 36 5710 AND
2 1 5709 5710 5711 XOR
2 1 381 5319 5712 XOR
1 1 5712 5713 INV
2 1 5310 5713 5714 XOR
2 1 5319 5714 5715 XOR
2 1 5655 5715 5716 AND
2 1 5319 5716 5717 XOR
1 1 36 5718 INV
2 1 5717 5718 5719 AND
1 1 5719 5720 INV
2 1 5711 5720 5721 AND
1 1 5708 5722 INV
2 1 5717 5722 5723 AND
1 1 5723 5724 INV
2 1 5721 5724 5725 AND
2 1 5725 37 5726 XOR
2 1 5725 37 5727 AND
2 1 5726 5727 5728 XOR
2 1 399 5336 5729 XOR
1 1 5729 5730 INV
2 1 5327 5730 5731 XOR
2 1 5336 5731 5732 XOR
2 1 5655 5732 5733 AND
2 1 5336 5733 5734 XOR
1 1 37 5735 INV
2 1 5734 5735 5736 AND
1 1 5736 5737 INV
2 1 5728 5737 5738 AND
1 1 5725 5739 INV
2 1 5734 5739 5740 AND
1 1 5740 5741 INV
2 1 5738 5741 5742 AND
2 1 5742 38 5743 XOR
2 1 5742 38 5744 AND
2 1 5743 5744 5745 XOR
2 1 417 5353 5746 XOR
1 1 5746 5747 INV
2 1 5344 5747 5748 XOR
2 1 5353 5748 5749 XOR
2 1 5655 5749 5750 AND
2 1 5353 5750 5751 XOR
1 1 38 5752 INV
2 1 5751 5752 5753 AND
1 1 5753 5754 INV
2 1 5745 5754 5755 AND
1 1 5742 5756 INV
2 1 5751 5756 5757 AND
1 1 5757 5758 INV
2 1 5755 5758 5759 AND
2 1 5759 39 5760 XOR
2 1 5759 39 5761 AND
2 1 5760 5761 5762 XOR
2 1 127 5370 5763 XOR
1 1 5763 5764 INV
2 1 5361 5764 5765 XOR
2 1 5370 5765 5766 XOR
2 1 5655 5766 5767 AND
2 1 5370 5767 5768 XOR
1 1 39 5769 INV
2 1 5768 5769 5770 AND
1 1 5770 5771 INV
2 1 5762 5771 5772 AND
1 1 5759 5773 INV
2 1 5768 5773 5774 AND
1 1 5774 5775 INV
2 1 5772 5775 5776 AND
2 1 5776 40 5777 XOR
2 1 5776 40 5778 AND
2 1 5777 5778 5779 XOR
2 1 452 5387 5780 XOR
1 1 5780 5781 INV
2 1 5378 5781 5782 XOR
2 1 5387 5782 5783 XOR
2 1 5655 5783 5784 AND
2 1 5387 5784 5785 XOR
1 1 40 5786 INV
2 1 5785 5786 5787 AND
1 1 5787 5788 INV
2 1 5779 5788 5789 AND
1 1 5776 5790 INV
2 1 5785 5790 5791 AND
1 1 5791 5792 INV
2 1 5789 5792 5793 AND
2 1 5793 41 5794 XOR
2 1 5793 41 5795 AND
2 1 5794 5795 5796 XOR
2 1 470 5404 5797 XOR
1 1 5797 5798 INV
2 1 5395 5798 5799 XOR
2 1 5404 5799 5800 XOR
2 1 5655 5800 5801 AND
2 1 5404 5801 5802 XOR
1 1 41 5803 INV
2 1 5802 5803 5804 AND
1 1 5804 5805 INV
2 1 5796 5805 5806 AND
1 1 5793 5807 INV
2 1 5802 5807 5808 AND
1 1 5808 5809 INV
2 1 5806 5809 5810 AND
2 1 5810 42 5811 XOR
2 1 5810 42 5812 AND
2 1 5811 5812 5813 XOR
2 1 488 5421 5814 XOR
1 1 5814 5815 INV
2 1 5412 5815 5816 XOR
2 1 5421 5816 5817 XOR
2 1 5655 5817 5818 AND
2 1 5421 5818 5819 XOR
1 1 42 5820 INV
2 1 5819 5820 5821 AND
1 1 5821 5822 INV
2 1 5813 5822 5823 AND
1 1 5810 5824 INV
2 1 5819 5824 5825 AND
1 1 5825 5826 INV
2 1 5823 5826 5827 AND
2 1 5827 43 5828 XOR
2 1 5827 43 5829 AND
2 1 5828 5829 5830 XOR
2 1 173 5438 5831 XOR
1 1 5831 5832 INV
2 1 5429 5832 5833 XOR
2 1 5438 5833 5834 XOR
2 1 5655 5834 5835 AND
2 1 5438 5835 5836 XOR
1 1 43 5837 INV
2 1 5836 5837 5838 AND
1 1 5838 5839 INV
2 1 5830 5839 5840 AND
1 1 5827 5841 INV
2 1 5836 5841 5842 AND
1 1 5842 5843 INV
2 1 5840 5843 5844 AND
2 1 5844 44 5845 XOR
2 1 5844 44 5846 AND
2 1 5845 5846 5847 XOR
2 1 523 5455 5848 XOR
1 1 5848 5849 INV
2 1 5446 5849 5850 XOR
2 1 5455 5850 5851 XOR
2 1 5655 5851 5852 AND
2 1 5455 5852 5853 XOR
1 1 44 5854 INV
2 1 5853 5854 5855 AND
1 1 5855 5856 INV
2 1 5847 5856 5857 AND
1 1 5844 5858 INV
2 1 5853 5858 5859 AND
1 1 5859 5860 INV
2 1 5857 5860 5861 AND
2 1 5861 45 5862 XOR
2 1 5861 45 5863 AND
2 1 5862 5863 5864 XOR
2 1 541 5472 5865 XOR
1 1 5865 5866 INV
2 1 5463 5866 5867 XOR
2 1 5472 5867 5868 XOR
2 1 5655 5868 5869 AND
2 1 5472 5869 5870 XOR
1 1 45 5871 INV
2 1 5870 5871 5872 AND
1 1 5872 5873 INV
2 1 5864 5873 5874 AND
1 1 5861 5875 INV
2 1 5870 5875 5876 AND
1 1 5876 5877 INV
2 1 5874 5877 5878 AND
2 1 5878 46 5879 XOR
2 1 5878 46 5880 AND
2 1 5879 5880 5881 XOR
1 1 46 5882 INV
2 1 5661 5882 5883 AND
1 1 5883 5884 INV
2 1 5881 5884 5885 AND
1 1 5878 5886 INV
2 1 5661 5886 5887 AND
1 1 5887 5888 INV
2 1 5885 5888 5889 AND
2 1 5889 47 5890 XOR
2 1 5889 47 5891 AND
2 1 5890 5891 5892 XOR
2 1 219 5500 5893 XOR
1 1 5893 5894 INV
2 1 5491 5894 5895 XOR
2 1 5500 5895 5896 XOR
2 1 5655 5896 5897 AND
2 1 5500 5897 5898 XOR
1 1 47 5899 INV
2 1 5898 5899 5900 AND
1 1 5900 5901 INV
2 1 5892 5901 5902 AND
1 1 5889 5903 INV
2 1 5898 5903 5904 AND
1 1 5904 5905 INV
2 1 5902 5905 5906 AND
2 1 5906 48 5907 XOR
2 1 5906 48 5908 AND
2 1 5907 5908 5909 XOR
2 1 594 5517 5910 XOR
1 1 5910 5911 INV
2 1 5508 5911 5912 XOR
2 1 5517 5912 5913 XOR
2 1 5655 5913 5914 AND
2 1 5517 5914 5915 XOR
1 1 48 5916 INV
2 1 5915 5916 5917 AND
1 1 5917 5918 INV
2 1 5909 5918 5919 AND
1 1 5906 5920 INV
2 1 5915 5920 5921 AND
1 1 5921 5922 INV
2 1 5919 5922 5923 AND
2 1 5923 49 5924 XOR
2 1 5923 49 5925 AND
2 1 5924 5925 5926 XOR
2 1 612 5534 5927 XOR
1 1 5927 5928 INV
2 1 5525 5928 5929 XOR
2 1 5534 5929 5930 XOR
2 1 5655 5930 5931 AND
2 1 5534 5931 5932 XOR
1 1 49 5933 INV
2 1 5932 5933 5934 AND
1 1 5934 5935 INV
2 1 5926 5935 5936 AND
1 1 5923 5937 INV
2 1 5932 5937 5938 AND
1 1 5938 5939 INV
2 1 5936 5939 5940 AND
2 1 5940 50 5941 XOR
2 1 5940 50 5942 AND
2 1 5941 5942 5943 XOR
2 1 630 5551 5944 XOR
1 1 5944 5945 INV
2 1 5542 5945 5946 XOR
2 1 5551 5946 5947 XOR
2 1 5655 5947 5948 AND
2 1 5551 5948 5949 XOR
1 1 50 5950 INV
2 1 5949 5950 5951 AND
1 1 5951 5952 INV
2 1 5943 5952 5953 AND
1 1 5940 5954 INV
2 1 5949 5954 5955 AND
1 1 5955 5956 INV
2 1 5953 5956 5957 AND
2 1 5957 51 5958 XOR
2 1 5957 51 5959 AND
2 1 5958 5959 5960 XOR
2 1 265 5568 5961 XOR
1 1 5961 5962 INV
2 1 5559 5962 5963 XOR
2 1 5568 5963 5964 XOR
2 1 5655 5964 5965 AND
2 1 5568 5965 5966 XOR
1 1 51 5967 INV
2 1 5966 5967 5968 AND
1 1 5968 5969 INV
2 1 5960 5969 5970 AND
1 1 5957 5971 INV
2 1 5966 5971 5972 AND
1 1 5972 5973 INV
2 1 5970 5973 5974 AND
2 1 5974 52 5975 XOR
2 1 5974 52 5976 AND
2 1 5975 5976 5977 XOR
2 1 665 5585 5978 XOR
1 1 5978 5979 INV
2 1 5576 5979 5980 XOR
2 1 5585 5980 5981 XOR
2 1 5655 5981 5982 AND
2 1 5585 5982 5983 XOR
1 1 52 5984 INV
2 1 5983 5984 5985 AND
1 1 5985 5986 INV
2 1 5977 5986 5987 AND
1 1 5974 5988 INV
2 1 5983 5988 5989 AND
1 1 5989 5990 INV
2 1 5987 5990 5991 AND
2 1 5991 53 5992 XOR
2 1 5991 53 5993 AND
2 1 5992 5993 5994 XOR
2 1 683 5602 5995 XOR
1 1 5995 5996 INV
2 1 5593 5996 5997 XOR
2 1 5602 5997 5998 XOR
2 1 5655 5998 5999 AND
2 1 5602 5999 6000 XOR
1 1 53 6001 INV
2 1 6000 6001 6002 AND
1 1 6002 6003 INV
2 1 5994 6003 6004 AND
1 1 5991 6005 INV
2 1 6000 6005 6006 AND
1 1 6006 6007 INV
2 1 6004 6007 6008 AND
2 1 6008 54 6009 XOR
2 1 6008 54 6010 AND
2 1 6009 6010 6011 XOR
2 1 701 5619 6012 XOR
1 1 6012 6013 INV
2 1 5610 6013 6014 XOR
2 1 5619 6014 6015 XOR
2 1 5655 6015 6016 AND
2 1 5619 6016 6017 XOR
1 1 54 6018 INV
2 1 6017 6018 6019 AND
1 1 6019 6020 INV
2 1 6011 6020 6021 AND
1 1 6008 6022 INV
2 1 6017 6022 6023 AND
1 1 6023 6024 INV
2 1 6021 6024 6025 AND
1 1 6025 6026 INV
2 1 5667 6026 6027 AND
1 1 6027 6028 INV
2 1 5644 5286 6029 XOR
1 1 6029 6030 INV
2 1 5286 6030 6031 XOR
2 1 5655 6031 6032 AND
2 1 5286 6032 6033 XOR
1 1 6033 6034 INV
2 1 6028 6034 6035 AND
1 1 6035 6036 INV
2 1 219 5661 6037 XOR
1 1 6037 6038 INV
2 1 5878 6038 6039 XOR
2 1 5661 6039 6040 XOR
2 1 6036 6040 6041 AND
2 1 5661 6041 6042 XOR
2 1 320 6017 6043 XOR
1 1 6043 6044 INV
2 1 6008 6044 6045 XOR
2 1 6017 6045 6046 XOR
2 1 6036 6046 6047 AND
2 1 6017 6047 6048 XOR
2 1 6036 32 6049 AND
1 1 33 6050 INV
2 1 6049 6050 6051 AND
1 1 6051 6052 INV
2 1 330 6052 6053 AND
1 1 32 6054 INV
2 1 6049 6054 6055 AND
1 1 6055 6056 INV
2 1 6053 6056 6057 AND
2 1 6057 34 6058 XOR
2 1 6057 34 6059 AND
2 1 6058 6059 6060 XOR
2 1 5668 736 6061 XOR
2 1 5668 6061 6062 XOR
2 1 6036 6062 6063 AND
2 1 5668 6063 6064 XOR
1 1 34 6065 INV
2 1 6064 6065 6066 AND
1 1 6066 6067 INV
2 1 6060 6067 6068 AND
1 1 6057 6069 INV
2 1 6064 6069 6070 AND
1 1 6070 6071 INV
2 1 6068 6071 6072 AND
2 1 6072 35 6073 XOR
2 1 6072 35 6074 AND
2 1 6073 6074 6075 XOR
2 1 81 5683 6076 XOR
1 1 6076 6077 INV
2 1 5676 6077 6078 XOR
2 1 5683 6078 6079 XOR
2 1 6036 6079 6080 AND
2 1 5683 6080 6081 XOR
1 1 35 6082 INV
2 1 6081 6082 6083 AND
1 1 6083 6084 INV
2 1 6075 6084 6085 AND
1 1 6072 6086 INV
2 1 6081 6086 6087 AND
1 1 6087 6088 INV
2 1 6085 6088 6089 AND
2 1 6089 36 6090 XOR
2 1 6089 36 6091 AND
2 1 6090 6091 6092 XOR
2 1 381 5700 6093 XOR
1 1 6093 6094 INV
2 1 5691 6094 6095 XOR
2 1 5700 6095 6096 XOR
2 1 6036 6096 6097 AND
2 1 5700 6097 6098 XOR
1 1 36 6099 INV
2 1 6098 6099 6100 AND
1 1 6100 6101 INV
2 1 6092 6101 6102 AND
1 1 6089 6103 INV
2 1 6098 6103 6104 AND
1 1 6104 6105 INV
2 1 6102 6105 6106 AND
2 1 6106 37 6107 XOR
2 1 6106 37 6108 AND
2 1 6107 6108 6109 XOR
2 1 399 5717 6110 XOR
1 1 6110 6111 INV
2 1 5708 6111 6112 XOR
2 1 5717 6112 6113 XOR
2 1 6036 6113 6114 AND
2 1 5717 6114 6115 XOR
1 1 37 6116 INV
2 1 6115 6116 6117 AND
1 1 6117 6118 INV
2 1 6109 6118 6119 AND
1 1 6106 6120 INV
2 1 6115 6120 6121 AND
1 1 6121 6122 INV
2 1 6119 6122 6123 AND
2 1 6123 38 6124 XOR
2 1 6123 38 6125 AND
2 1 6124 6125 6126 XOR
2 1 417 5734 6127 XOR
1 1 6127 6128 INV
2 1 5725 6128 6129 XOR
2 1 5734 6129 6130 XOR
2 1 6036 6130 6131 AND
2 1 5734 6131 6132 XOR
1 1 38 6133 INV
2 1 6132 6133 6134 AND
1 1 6134 6135 INV
2 1 6126 6135 6136 AND
1 1 6123 6137 INV
2 1 6132 6137 6138 AND
1 1 6138 6139 INV
2 1 6136 6139 6140 AND
2 1 6140 39 6141 XOR
2 1 6140 39 6142 AND
2 1 6141 6142 6143 XOR
2 1 127 5751 6144 XOR
1 1 6144 6145 INV
2 1 5742 6145 6146 XOR
2 1 5751 6146 6147 XOR
2 1 6036 6147 6148 AND
2 1 5751 6148 6149 XOR
1 1 39 6150 INV
2 1 6149 6150 6151 AND
1 1 6151 6152 INV
2 1 6143 6152 6153 AND
1 1 6140 6154 INV
2 1 6149 6154 6155 AND
1 1 6155 6156 INV
2 1 6153 6156 6157 AND
2 1 6157 40 6158 XOR
2 1 6157 40 6159 AND
2 1 6158 6159 6160 XOR
2 1 452 5768 6161 XOR
1 1 6161 6162 INV
2 1 5759 6162 6163 XOR
2 1 5768 6163 6164 XOR
2 1 6036 6164 6165 AND
2 1 5768 6165 6166 XOR
1 1 40 6167 INV
2 1 6166 6167 6168 AND
1 1 6168 6169 INV
2 1 6160 6169 6170 AND
1 1 6157 6171 INV
2 1 6166 6171 6172 AND
1 1 6172 6173 INV
2 1 6170 6173 6174 AND
2 1 6174 41 6175 XOR
2 1 6174 41 6176 AND
2 1 6175 6176 6177 XOR
2 1 470 5785 6178 XOR
1 1 6178 6179 INV
2 1 5776 6179 6180 XOR
2 1 5785 6180 6181 XOR
2 1 6036 6181 6182 AND
2 1 5785 6182 6183 XOR
1 1 41 6184 INV
2 1 6183 6184 6185 AND
1 1 6185 6186 INV
2 1 6177 6186 6187 AND
1 1 6174 6188 INV
2 1 6183 6188 6189 AND
1 1 6189 6190 INV
2 1 6187 6190 6191 AND
2 1 6191 42 6192 XOR
2 1 6191 42 6193 AND
2 1 6192 6193 6194 XOR
2 1 488 5802 6195 XOR
1 1 6195 6196 INV
2 1 5793 6196 6197 XOR
2 1 5802 6197 6198 XOR
2 1 6036 6198 6199 AND
2 1 5802 6199 6200 XOR
1 1 42 6201 INV
2 1 6200 6201 6202 AND
1 1 6202 6203 INV
2 1 6194 6203 6204 AND
1 1 6191 6205 INV
2 1 6200 6205 6206 AND
1 1 6206 6207 INV
2 1 6204 6207 6208 AND
2 1 6208 43 6209 XOR
2 1 6208 43 6210 AND
2 1 6209 6210 6211 XOR
2 1 173 5819 6212 XOR
1 1 6212 6213 INV
2 1 5810 6213 6214 XOR
2 1 5819 6214 6215 XOR
2 1 6036 6215 6216 AND
2 1 5819 6216 6217 XOR
1 1 43 6218 INV
2 1 6217 6218 6219 AND
1 1 6219 6220 INV
2 1 6211 6220 6221 AND
1 1 6208 6222 INV
2 1 6217 6222 6223 AND
1 1 6223 6224 INV
2 1 6221 6224 6225 AND
2 1 6225 44 6226 XOR
2 1 6225 44 6227 AND
2 1 6226 6227 6228 XOR
2 1 523 5836 6229 XOR
1 1 6229 6230 INV
2 1 5827 6230 6231 XOR
2 1 5836 6231 6232 XOR
2 1 6036 6232 6233 AND
2 1 5836 6233 6234 XOR
1 1 44 6235 INV
2 1 6234 6235 6236 AND
1 1 6236 6237 INV
2 1 6228 6237 6238 AND
1 1 6225 6239 INV
2 1 6234 6239 6240 AND
1 1 6240 6241 INV
2 1 6238 6241 6242 AND
2 1 6242 45 6243 XOR
2 1 6242 45 6244 AND
2 1 6243 6244 6245 XOR
2 1 541 5853 6246 XOR
1 1 6246 6247 INV
2 1 5844 6247 6248 XOR
2 1 5853 6248 6249 XOR
2 1 6036 6249 6250 AND
2 1 5853 6250 6251 XOR
1 1 45 6252 INV
2 1 6251 6252 6253 AND
1 1 6253 6254 INV
2 1 6245 6254 6255 AND
1 1 6242 6256 INV
2 1 6251 6256 6257 AND
1 1 6257 6258 INV
2 1 6255 6258 6259 AND
2 1 6259 46 6260 XOR
2 1 6259 46 6261 AND
2 1 6260 6261 6262 XOR
2 1 559 5870 6263 XOR
1 1 6263 6264 INV
2 1 5861 6264 6265 XOR
2 1 5870 6265 6266 XOR
2 1 6036 6266 6267 AND
2 1 5870 6267 6268 XOR
1 1 46 6269 INV
2 1 6268 6269 6270 AND
1 1 6270 6271 INV
2 1 6262 6271 6272 AND
1 1 6259 6273 INV
2 1 6268 6273 6274 AND
1 1 6274 6275 INV
2 1 6272 6275 6276 AND
2 1 6276 47 6277 XOR
2 1 6276 47 6278 AND
2 1 6277 6278 6279 XOR
1 1 47 6280 INV
2 1 6042 6280 6281 AND
1 1 6281 6282 INV
2 1 6279 6282 6283 AND
1 1 6276 6284 INV
2 1 6042 6284 6285 AND
1 1 6285 6286 INV
2 1 6283 6286 6287 AND
2 1 6287 48 6288 XOR
2 1 6287 48 6289 AND
2 1 6288 6289 6290 XOR
2 1 594 5898 6291 XOR
1 1 6291 6292 INV
2 1 5889 6292 6293 XOR
2 1 5898 6293 6294 XOR
2 1 6036 6294 6295 AND
2 1 5898 6295 6296 XOR
1 1 48 6297 INV
2 1 6296 6297 6298 AND
1 1 6298 6299 INV
2 1 6290 6299 6300 AND
1 1 6287 6301 INV
2 1 6296 6301 6302 AND
1 1 6302 6303 INV
2 1 6300 6303 6304 AND
2 1 6304 49 6305 XOR
2 1 6304 49 6306 AND
2 1 6305 6306 6307 XOR
2 1 612 5915 6308 XOR
1 1 6308 6309 INV
2 1 5906 6309 6310 XOR
2 1 5915 6310 6311 XOR
2 1 6036 6311 6312 AND
2 1 5915 6312 6313 XOR
1 1 49 6314 INV
2 1 6313 6314 6315 AND
1 1 6315 6316 INV
2 1 6307 6316 6317 AND
1 1 6304 6318 INV
2 1 6313 6318 6319 AND
1 1 6319 6320 INV
2 1 6317 6320 6321 AND
2 1 6321 50 6322 XOR
2 1 6321 50 6323 AND
2 1 6322 6323 6324 XOR
2 1 630 5932 6325 XOR
1 1 6325 6326 INV
2 1 5923 6326 6327 XOR
2 1 5932 6327 6328 XOR
2 1 6036 6328 6329 AND
2 1 5932 6329 6330 XOR
1 1 50 6331 INV
2 1 6330 6331 6332 AND
1 1 6332 6333 INV
2 1 6324 6333 6334 AND
1 1 6321 6335 INV
2 1 6330 6335 6336 AND
1 1 6336 6337 INV
2 1 6334 6337 6338 AND
2 1 6338 51 6339 XOR
2 1 6338 51 6340 AND
2 1 6339 6340 6341 XOR
2 1 265 5949 6342 XOR
1 1 6342 6343 INV
2 1 5940 6343 6344 XOR
2 1 5949 6344 6345 XOR
2 1 6036 6345 6346 AND
2 1 5949 6346 6347 XOR
1 1 51 6348 INV
2 1 6347 6348 6349 AND
1 1 6349 6350 INV
2 1 6341 6350 6351 AND
1 1 6338 6352 INV
2 1 6347 6352 6353 AND
1 1 6353 6354 INV
2 1 6351 6354 6355 AND
2 1 6355 52 6356 XOR
2 1 6355 52 6357 AND
2 1 6356 6357 6358 XOR
2 1 665 5966 6359 XOR
1 1 6359 6360 INV
2 1 5957 6360 6361 XOR
2 1 5966 6361 6362 XOR
2 1 6036 6362 6363 AND
2 1 5966 6363 6364 XOR
1 1 52 6365 INV
2 1 6364 6365 6366 AND
1 1 6366 6367 INV
2 1 6358 6367 6368 AND
1 1 6355 6369 INV
2 1 6364 6369 6370 AND
1 1 6370 6371 INV
2 1 6368 6371 6372 AND
2 1 6372 53 6373 XOR
2 1 6372 53 6374 AND
2 1 6373 6374 6375 XOR
2 1 683 5983 6376 XOR
1 1 6376 6377 INV
2 1 5974 6377 6378 XOR
2 1 5983 6378 6379 XOR
2 1 6036 6379 6380 AND
2 1 5983 6380 6381 XOR
1 1 53 6382 INV
2 1 6381 6382 6383 AND
1 1 6383 6384 INV
2 1 6375 6384 6385 AND
1 1 6372 6386 INV
2 1 6381 6386 6387 AND
1 1 6387 6388 INV
2 1 6385 6388 6389 AND
2 1 6389 54 6390 XOR
2 1 6389 54 6391 AND
2 1 6390 6391 6392 XOR
2 1 701 6000 6393 XOR
1 1 6393 6394 INV
2 1 5991 6394 6395 XOR
2 1 6000 6395 6396 XOR
2 1 6036 6396 6397 AND
2 1 6000 6397 6398 XOR
1 1 54 6399 INV
2 1 6398 6399 6400 AND
1 1 6400 6401 INV
2 1 6392 6401 6402 AND
1 1 6389 6403 INV
2 1 6398 6403 6404 AND
1 1 6404 6405 INV
2 1 6402 6405 6406 AND
1 1 6406 6407 INV
2 1 6048 6407 6408 AND
1 1 6408 6409 INV
2 1 6025 5667 6410 XOR
1 1 6410 6411 INV
2 1 5667 6411 6412 XOR
2 1 6036 6412 6413 AND
2 1 5667 6413 6414 XOR
1 1 6414 6415 INV
2 1 6409 6415 6416 AND
1 1 6416 6417 INV
2 1 594 6042 6418 XOR
1 1 6418 6419 INV
2 1 6276 6419 6420 XOR
2 1 6042 6420 6421 XOR
2 1 6417 6421 6422 AND
2 1 6042 6422 6423 XOR
2 1 320 6398 6424 XOR
1 1 6424 6425 INV
2 1 6389 6425 6426 XOR
2 1 6398 6426 6427 XOR
2 1 6417 6427 6428 AND
2 1 6398 6428 6429 XOR
2 1 6417 32 6430 AND
1 1 33 6431 INV
2 1 6430 6431 6432 AND
1 1 6432 6433 INV
2 1 330 6433 6434 AND
1 1 32 6435 INV
2 1 6430 6435 6436 AND
1 1 6436 6437 INV
2 1 6434 6437 6438 AND
2 1 6438 34 6439 XOR
2 1 6438 34 6440 AND
2 1 6439 6440 6441 XOR
2 1 6049 736 6442 XOR
2 1 6049 6442 6443 XOR
2 1 6417 6443 6444 AND
2 1 6049 6444 6445 XOR
1 1 34 6446 INV
2 1 6445 6446 6447 AND
1 1 6447 6448 INV
2 1 6441 6448 6449 AND
1 1 6438 6450 INV
2 1 6445 6450 6451 AND
1 1 6451 6452 INV
2 1 6449 6452 6453 AND
2 1 6453 35 6454 XOR
2 1 6453 35 6455 AND
2 1 6454 6455 6456 XOR
2 1 81 6064 6457 XOR
1 1 6457 6458 INV
2 1 6057 6458 6459 XOR
2 1 6064 6459 6460 XOR
2 1 6417 6460 6461 AND
2 1 6064 6461 6462 XOR
1 1 35 6463 INV
2 1 6462 6463 6464 AND
1 1 6464 6465 INV
2 1 6456 6465 6466 AND
1 1 6453 6467 INV
2 1 6462 6467 6468 AND
1 1 6468 6469 INV
2 1 6466 6469 6470 AND
2 1 6470 36 6471 XOR
2 1 6470 36 6472 AND
2 1 6471 6472 6473 XOR
2 1 381 6081 6474 XOR
1 1 6474 6475 INV
2 1 6072 6475 6476 XOR
2 1 6081 6476 6477 XOR
2 1 6417 6477 6478 AND
2 1 6081 6478 6479 XOR
1 1 36 6480 INV
2 1 6479 6480 6481 AND
1 1 6481 6482 INV
2 1 6473 6482 6483 AND
1 1 6470 6484 INV
2 1 6479 6484 6485 AND
1 1 6485 6486 INV
2 1 6483 6486 6487 AND
2 1 6487 37 6488 XOR
2 1 6487 37 6489 AND
2 1 6488 6489 6490 XOR
2 1 399 6098 6491 XOR
1 1 6491 6492 INV
2 1 6089 6492 6493 XOR
2 1 6098 6493 6494 XOR
2 1 6417 6494 6495 AND
2 1 6098 6495 6496 XOR
1 1 37 6497 INV
2 1 6496 6497 6498 AND
1 1 6498 6499 INV
2 1 6490 6499 6500 AND
1 1 6487 6501 INV
2 1 6496 6501 6502 AND
1 1 6502 6503 INV
2 1 6500 6503 6504 AND
2 1 6504 38 6505 XOR
2 1 6504 38 6506 AND
2 1 6505 6506 6507 XOR
2 1 417 6115 6508 XOR
1 1 6508 6509 INV
2 1 6106 6509 6510 XOR
2 1 6115 6510 6511 XOR
2 1 6417 6511 6512 AND
2 1 6115 6512 6513 XOR
1 1 38 6514 INV
2 1 6513 6514 6515 AND
1 1 6515 6516 INV
2 1 6507 6516 6517 AND
1 1 6504 6518 INV
2 1 6513 6518 6519 AND
1 1 6519 6520 INV
2 1 6517 6520 6521 AND
2 1 6521 39 6522 XOR
2 1 6521 39 6523 AND
2 1 6522 6523 6524 XOR
2 1 127 6132 6525 XOR
1 1 6525 6526 INV
2 1 6123 6526 6527 XOR
2 1 6132 6527 6528 XOR
2 1 6417 6528 6529 AND
2 1 6132 6529 6530 XOR
1 1 39 6531 INV
2 1 6530 6531 6532 AND
1 1 6532 6533 INV
2 1 6524 6533 6534 AND
1 1 6521 6535 INV
2 1 6530 6535 6536 AND
1 1 6536 6537 INV
2 1 6534 6537 6538 AND
2 1 6538 40 6539 XOR
2 1 6538 40 6540 AND
2 1 6539 6540 6541 XOR
2 1 452 6149 6542 XOR
1 1 6542 6543 INV
2 1 6140 6543 6544 XOR
2 1 6149 6544 6545 XOR
2 1 6417 6545 6546 AND
2 1 6149 6546 6547 XOR
1 1 40 6548 INV
2 1 6547 6548 6549 AND
1 1 6549 6550 INV
2 1 6541 6550 6551 AND
1 1 6538 6552 INV
2 1 6547 6552 6553 AND
1 1 6553 6554 INV
2 1 6551 6554 6555 AND
2 1 6555 41 6556 XOR
2 1 6555 41 6557 AND
2 1 6556 6557 6558 XOR
2 1 470 6166 6559 XOR
1 1 6559 6560 INV
2 1 6157 6560 6561 XOR
2 1 6166 6561 6562 XOR
2 1 6417 6562 6563 AND
2 1 6166 6563 6564 XOR
1 1 41 6565 INV
2 1 6564 6565 6566 AND
1 1 6566 6567 INV
2 1 6558 6567 6568 AND
1 1 6555 6569 INV
2 1 6564 6569 6570 AND
1 1 6570 6571 INV
2 1 6568 6571 6572 AND
2 1 6572 42 6573 XOR
2 1 6572 42 6574 AND
2 1 6573 6574 6575 XOR
2 1 488 6183 6576 XOR
1 1 6576 6577 INV
2 1 6174 6577 6578 XOR
2 1 6183 6578 6579 XOR
2 1 6417 6579 6580 AND
2 1 6183 6580 6581 XOR
1 1 42 6582 INV
2 1 6581 6582 6583 AND
1 1 6583 6584 INV
2 1 6575 6584 6585 AND
1 1 6572 6586 INV
2 1 6581 6586 6587 AND
1 1 6587 6588 INV
2 1 6585 6588 6589 AND
2 1 6589 43 6590 XOR
2 1 6589 43 6591 AND
2 1 6590 6591 6592 XOR
2 1 173 6200 6593 XOR
1 1 6593 6594 INV
2 1 6191 6594 6595 XOR
2 1 6200 6595 6596 XOR
2 1 6417 6596 6597 AND
2 1 6200 6597 6598 XOR
1 1 43 6599 INV
2 1 6598 6599 6600 AND
1 1 6600 6601 INV
2 1 6592 6601 6602 AND
1 1 6589 6603 INV
2 1 6598 6603 6604 AND
1 1 6604 6605 INV
2 1 6602 6605 6606 AND
2 1 6606 44 6607 XOR
2 1 6606 44 6608 AND
2 1 6607 6608 6609 XOR
2 1 523 6217 6610 XOR
1 1 6610 6611 INV
2 1 6208 6611 6612 XOR
2 1 6217 6612 6613 XOR
2 1 6417 6613 6614 AND
2 1 6217 6614 6615 XOR
1 1 44 6616 INV
2 1 6615 6616 6617 AND
1 1 6617 6618 INV
2 1 6609 6618 6619 AND
1 1 6606 6620 INV
2 1 6615 6620 6621 AND
1 1 6621 6622 INV
2 1 6619 6622 6623 AND
2 1 6623 45 6624 XOR
2 1 6623 45 6625 AND
2 1 6624 6625 6626 XOR
2 1 541 6234 6627 XOR
1 1 6627 6628 INV
2 1 6225 6628 6629 XOR
2 1 6234 6629 6630 XOR
2 1 6417 6630 6631 AND
2 1 6234 6631 6632 XOR
1 1 45 6633 INV
2 1 6632 6633 6634 AND
1 1 6634 6635 INV
2 1 6626 6635 6636 AND
1 1 6623 6637 INV
2 1 6632 6637 6638 AND
1 1 6638 6639 INV
2 1 6636 6639 6640 AND
2 1 6640 46 6641 XOR
2 1 6640 46 6642 AND
2 1 6641 6642 6643 XOR
2 1 559 6251 6644 XOR
1 1 6644 6645 INV
2 1 6242 6645 6646 XOR
2 1 6251 6646 6647 XOR
2 1 6417 6647 6648 AND
2 1 6251 6648 6649 XOR
1 1 46 6650 INV
2 1 6649 6650 6651 AND
1 1 6651 6652 INV
2 1 6643 6652 6653 AND
1 1 6640 6654 INV
2 1 6649 6654 6655 AND
1 1 6655 6656 INV
2 1 6653 6656 6657 AND
2 1 6657 47 6658 XOR
2 1 6657 47 6659 AND
2 1 6658 6659 6660 XOR
2 1 219 6268 6661 XOR
1 1 6661 6662 INV
2 1 6259 6662 6663 XOR
2 1 6268 6663 6664 XOR
2 1 6417 6664 6665 AND
2 1 6268 6665 6666 XOR
1 1 47 6667 INV
2 1 6666 6667 6668 AND
1 1 6668 6669 INV
2 1 6660 6669 6670 AND
1 1 6657 6671 INV
2 1 6666 6671 6672 AND
1 1 6672 6673 INV
2 1 6670 6673 6674 AND
2 1 6674 48 6675 XOR
2 1 6674 48 6676 AND
2 1 6675 6676 6677 XOR
1 1 48 6678 INV
2 1 6423 6678 6679 AND
1 1 6679 6680 INV
2 1 6677 6680 6681 AND
1 1 6674 6682 INV
2 1 6423 6682 6683 AND
1 1 6683 6684 INV
2 1 6681 6684 6685 AND
2 1 6685 49 6686 XOR
2 1 6685 49 6687 AND
2 1 6686 6687 6688 XOR
2 1 612 6296 6689 XOR
1 1 6689 6690 INV
2 1 6287 6690 6691 XOR
2 1 6296 6691 6692 XOR
2 1 6417 6692 6693 AND
2 1 6296 6693 6694 XOR
1 1 49 6695 INV
2 1 6694 6695 6696 AND
1 1 6696 6697 INV
2 1 6688 6697 6698 AND
1 1 6685 6699 INV
2 1 6694 6699 6700 AND
1 1 6700 6701 INV
2 1 6698 6701 6702 AND
2 1 6702 50 6703 XOR
2 1 6702 50 6704 AND
2 1 6703 6704 6705 XOR
2 1 630 6313 6706 XOR
1 1 6706 6707 INV
2 1 6304 6707 6708 XOR
2 1 6313 6708 6709 XOR
2 1 6417 6709 6710 AND
2 1 6313 6710 6711 XOR
1 1 50 6712 INV
2 1 6711 6712 6713 AND
1 1 6713 6714 INV
2 1 6705 6714 6715 AND
1 1 6702 6716 INV
2 1 6711 6716 6717 AND
1 1 6717 6718 INV
2 1 6715 6718 6719 AND
2 1 6719 51 6720 XOR
2 1 6719 51 6721 AND
2 1 6720 6721 6722 XOR
2 1 265 6330 6723 XOR
1 1 6723 6724 INV
2 1 6321 6724 6725 XOR
2 1 6330 6725 6726 XOR
2 1 6417 6726 6727 AND
2 1 6330 6727 6728 XOR
1 1 51 6729 INV
2 1 6728 6729 6730 AND
1 1 6730 6731 INV
2 1 6722 6731 6732 AND
1 1 6719 6733 INV
2 1 6728 6733 6734 AND
1 1 6734 6735 INV
2 1 6732 6735 6736 AND
2 1 6736 52 6737 XOR
2 1 6736 52 6738 AND
2 1 6737 6738 6739 XOR
2 1 665 6347 6740 XOR
1 1 6740 6741 INV
2 1 6338 6741 6742 XOR
2 1 6347 6742 6743 XOR
2 1 6417 6743 6744 AND
2 1 6347 6744 6745 XOR
1 1 52 6746 INV
2 1 6745 6746 6747 AND
1 1 6747 6748 INV
2 1 6739 6748 6749 AND
1 1 6736 6750 INV
2 1 6745 6750 6751 AND
1 1 6751 6752 INV
2 1 6749 6752 6753 AND
2 1 6753 53 6754 XOR
2 1 6753 53 6755 AND
2 1 6754 6755 6756 XOR
2 1 683 6364 6757 XOR
1 1 6757 6758 INV
2 1 6355 6758 6759 XOR
2 1 6364 6759 6760 XOR
2 1 6417 6760 6761 AND
2 1 6364 6761 6762 XOR
1 1 53 6763 INV
2 1 6762 6763 6764 AND
1 1 6764 6765 INV
2 1 6756 6765 6766 AND
1 1 6753 6767 INV
2 1 6762 6767 6768 AND
1 1 6768 6769 INV
2 1 6766 6769 6770 AND
2 1 6770 54 6771 XOR
2 1 6770 54 6772 AND
2 1 6771 6772 6773 XOR
2 1 701 6381 6774 XOR
1 1 6774 6775 INV
2 1 6372 6775 6776 XOR
2 1 6381 6776 6777 XOR
2 1 6417 6777 6778 AND
2 1 6381 6778 6779 XOR
1 1 54 6780 INV
2 1 6779 6780 6781 AND
1 1 6781 6782 INV
2 1 6773 6782 6783 AND
1 1 6770 6784 INV
2 1 6779 6784 6785 AND
1 1 6785 6786 INV
2 1 6783 6786 6787 AND
1 1 6787 6788 INV
2 1 6429 6788 6789 AND
1 1 6789 6790 INV
2 1 6406 6048 6791 XOR
1 1 6791 6792 INV
2 1 6048 6792 6793 XOR
2 1 6417 6793 6794 AND
2 1 6048 6794 6795 XOR
1 1 6795 6796 INV
2 1 6790 6796 6797 AND
1 1 6797 6798 INV
2 1 612 6423 6799 XOR
1 1 6799 6800 INV
2 1 6674 6800 6801 XOR
2 1 6423 6801 6802 XOR
2 1 6798 6802 6803 AND
2 1 6423 6803 6804 XOR
2 1 320 6779 6805 XOR
1 1 6805 6806 INV
2 1 6770 6806 6807 XOR
2 1 6779 6807 6808 XOR
2 1 6798 6808 6809 AND
2 1 6779 6809 6810 XOR
2 1 6798 32 6811 AND
1 1 33 6812 INV
2 1 6811 6812 6813 AND
1 1 6813 6814 INV
2 1 330 6814 6815 AND
1 1 32 6816 INV
2 1 6811 6816 6817 AND
1 1 6817 6818 INV
2 1 6815 6818 6819 AND
2 1 6819 34 6820 XOR
2 1 6819 34 6821 AND
2 1 6820 6821 6822 XOR
2 1 6430 736 6823 XOR
2 1 6430 6823 6824 XOR
2 1 6798 6824 6825 AND
2 1 6430 6825 6826 XOR
1 1 34 6827 INV
2 1 6826 6827 6828 AND
1 1 6828 6829 INV
2 1 6822 6829 6830 AND
1 1 6819 6831 INV
2 1 6826 6831 6832 AND
1 1 6832 6833 INV
2 1 6830 6833 6834 AND
2 1 6834 35 6835 XOR
2 1 6834 35 6836 AND
2 1 6835 6836 6837 XOR
2 1 81 6445 6838 XOR
1 1 6838 6839 INV
2 1 6438 6839 6840 XOR
2 1 6445 6840 6841 XOR
2 1 6798 6841 6842 AND
2 1 6445 6842 6843 XOR
1 1 35 6844 INV
2 1 6843 6844 6845 AND
1 1 6845 6846 INV
2 1 6837 6846 6847 AND
1 1 6834 6848 INV
2 1 6843 6848 6849 AND
1 1 6849 6850 INV
2 1 6847 6850 6851 AND
2 1 6851 36 6852 XOR
2 1 6851 36 6853 AND
2 1 6852 6853 6854 XOR
2 1 381 6462 6855 XOR
1 1 6855 6856 INV
2 1 6453 6856 6857 XOR
2 1 6462 6857 6858 XOR
2 1 6798 6858 6859 AND
2 1 6462 6859 6860 XOR
1 1 36 6861 INV
2 1 6860 6861 6862 AND
1 1 6862 6863 INV
2 1 6854 6863 6864 AND
1 1 6851 6865 INV
2 1 6860 6865 6866 AND
1 1 6866 6867 INV
2 1 6864 6867 6868 AND
2 1 6868 37 6869 XOR
2 1 6868 37 6870 AND
2 1 6869 6870 6871 XOR
2 1 399 6479 6872 XOR
1 1 6872 6873 INV
2 1 6470 6873 6874 XOR
2 1 6479 6874 6875 XOR
2 1 6798 6875 6876 AND
2 1 6479 6876 6877 XOR
1 1 37 6878 INV
2 1 6877 6878 6879 AND
1 1 6879 6880 INV
2 1 6871 6880 6881 AND
1 1 6868 6882 INV
2 1 6877 6882 6883 AND
1 1 6883 6884 INV
2 1 6881 6884 6885 AND
2 1 6885 38 6886 XOR
2 1 6885 38 6887 AND
2 1 6886 6887 6888 XOR
2 1 417 6496 6889 XOR
1 1 6889 6890 INV
2 1 6487 6890 6891 XOR
2 1 6496 6891 6892 XOR
2 1 6798 6892 6893 AND
2 1 6496 6893 6894 XOR
1 1 38 6895 INV
2 1 6894 6895 6896 AND
1 1 6896 6897 INV
2 1 6888 6897 6898 AND
1 1 6885 6899 INV
2 1 6894 6899 6900 AND
1 1 6900 6901 INV
2 1 6898 6901 6902 AND
2 1 6902 39 6903 XOR
2 1 6902 39 6904 AND
2 1 6903 6904 6905 XOR
2 1 127 6513 6906 XOR
1 1 6906 6907 INV
2 1 6504 6907 6908 XOR
2 1 6513 6908 6909 XOR
2 1 6798 6909 6910 AND
2 1 6513 6910 6911 XOR
1 1 39 6912 INV
2 1 6911 6912 6913 AND
1 1 6913 6914 INV
2 1 6905 6914 6915 AND
1 1 6902 6916 INV
2 1 6911 6916 6917 AND
1 1 6917 6918 INV
2 1 6915 6918 6919 AND
2 1 6919 40 6920 XOR
2 1 6919 40 6921 AND
2 1 6920 6921 6922 XOR
2 1 452 6530 6923 XOR
1 1 6923 6924 INV
2 1 6521 6924 6925 XOR
2 1 6530 6925 6926 XOR
2 1 6798 6926 6927 AND
2 1 6530 6927 6928 XOR
1 1 40 6929 INV
2 1 6928 6929 6930 AND
1 1 6930 6931 INV
2 1 6922 6931 6932 AND
1 1 6919 6933 INV
2 1 6928 6933 6934 AND
1 1 6934 6935 INV
2 1 6932 6935 6936 AND
2 1 6936 41 6937 XOR
2 1 6936 41 6938 AND
2 1 6937 6938 6939 XOR
2 1 470 6547 6940 XOR
1 1 6940 6941 INV
2 1 6538 6941 6942 XOR
2 1 6547 6942 6943 XOR
2 1 6798 6943 6944 AND
2 1 6547 6944 6945 XOR
1 1 41 6946 INV
2 1 6945 6946 6947 AND
1 1 6947 6948 INV
2 1 6939 6948 6949 AND
1 1 6936 6950 INV
2 1 6945 6950 6951 AND
1 1 6951 6952 INV
2 1 6949 6952 6953 AND
2 1 6953 42 6954 XOR
2 1 6953 42 6955 AND
2 1 6954 6955 6956 XOR
2 1 488 6564 6957 XOR
1 1 6957 6958 INV
2 1 6555 6958 6959 XOR
2 1 6564 6959 6960 XOR
2 1 6798 6960 6961 AND
2 1 6564 6961 6962 XOR
1 1 42 6963 INV
2 1 6962 6963 6964 AND
1 1 6964 6965 INV
2 1 6956 6965 6966 AND
1 1 6953 6967 INV
2 1 6962 6967 6968 AND
1 1 6968 6969 INV
2 1 6966 6969 6970 AND
2 1 6970 43 6971 XOR
2 1 6970 43 6972 AND
2 1 6971 6972 6973 XOR
2 1 173 6581 6974 XOR
1 1 6974 6975 INV
2 1 6572 6975 6976 XOR
2 1 6581 6976 6977 XOR
2 1 6798 6977 6978 AND
2 1 6581 6978 6979 XOR
1 1 43 6980 INV
2 1 6979 6980 6981 AND
1 1 6981 6982 INV
2 1 6973 6982 6983 AND
1 1 6970 6984 INV
2 1 6979 6984 6985 AND
1 1 6985 6986 INV
2 1 6983 6986 6987 AND
2 1 6987 44 6988 XOR
2 1 6987 44 6989 AND
2 1 6988 6989 6990 XOR
2 1 523 6598 6991 XOR
1 1 6991 6992 INV
2 1 6589 6992 6993 XOR
2 1 6598 6993 6994 XOR
2 1 6798 6994 6995 AND
2 1 6598 6995 6996 XOR
1 1 44 6997 INV
2 1 6996 6997 6998 AND
1 1 6998 6999 INV
2 1 6990 6999 7000 AND
1 1 6987 7001 INV
2 1 6996 7001 7002 AND
1 1 7002 7003 INV
2 1 7000 7003 7004 AND
2 1 7004 45 7005 XOR
2 1 7004 45 7006 AND
2 1 7005 7006 7007 XOR
2 1 541 6615 7008 XOR
1 1 7008 7009 INV
2 1 6606 7009 7010 XOR
2 1 6615 7010 7011 XOR
2 1 6798 7011 7012 AND
2 1 6615 7012 7013 XOR
1 1 45 7014 INV
2 1 7013 7014 7015 AND
1 1 7015 7016 INV
2 1 7007 7016 7017 AND
1 1 7004 7018 INV
2 1 7013 7018 7019 AND
1 1 7019 7020 INV
2 1 7017 7020 7021 AND
2 1 7021 46 7022 XOR
2 1 7021 46 7023 AND
2 1 7022 7023 7024 XOR
2 1 559 6632 7025 XOR
1 1 7025 7026 INV
2 1 6623 7026 7027 XOR
2 1 6632 7027 7028 XOR
2 1 6798 7028 7029 AND
2 1 6632 7029 7030 XOR
1 1 46 7031 INV
2 1 7030 7031 7032 AND
1 1 7032 7033 INV
2 1 7024 7033 7034 AND
1 1 7021 7035 INV
2 1 7030 7035 7036 AND
1 1 7036 7037 INV
2 1 7034 7037 7038 AND
2 1 7038 47 7039 XOR
2 1 7038 47 7040 AND
2 1 7039 7040 7041 XOR
2 1 219 6649 7042 XOR
1 1 7042 7043 INV
2 1 6640 7043 7044 XOR
2 1 6649 7044 7045 XOR
2 1 6798 7045 7046 AND
2 1 6649 7046 7047 XOR
1 1 47 7048 INV
2 1 7047 7048 7049 AND
1 1 7049 7050 INV
2 1 7041 7050 7051 AND
1 1 7038 7052 INV
2 1 7047 7052 7053 AND
1 1 7053 7054 INV
2 1 7051 7054 7055 AND
2 1 7055 48 7056 XOR
2 1 7055 48 7057 AND
2 1 7056 7057 7058 XOR
2 1 594 6666 7059 XOR
1 1 7059 7060 INV
2 1 6657 7060 7061 XOR
2 1 6666 7061 7062 XOR
2 1 6798 7062 7063 AND
2 1 6666 7063 7064 XOR
1 1 48 7065 INV
2 1 7064 7065 7066 AND
1 1 7066 7067 INV
2 1 7058 7067 7068 AND
1 1 7055 7069 INV
2 1 7064 7069 7070 AND
1 1 7070 7071 INV
2 1 7068 7071 7072 AND
2 1 7072 49 7073 XOR
2 1 7072 49 7074 AND
2 1 7073 7074 7075 XOR
1 1 49 7076 INV
2 1 6804 7076 7077 AND
1 1 7077 7078 INV
2 1 7075 7078 7079 AND
1 1 7072 7080 INV
2 1 6804 7080 7081 AND
1 1 7081 7082 INV
2 1 7079 7082 7083 AND
2 1 7083 50 7084 XOR
2 1 7083 50 7085 AND
2 1 7084 7085 7086 XOR
2 1 630 6694 7087 XOR
1 1 7087 7088 INV
2 1 6685 7088 7089 XOR
2 1 6694 7089 7090 XOR
2 1 6798 7090 7091 AND
2 1 6694 7091 7092 XOR
1 1 50 7093 INV
2 1 7092 7093 7094 AND
1 1 7094 7095 INV
2 1 7086 7095 7096 AND
1 1 7083 7097 INV
2 1 7092 7097 7098 AND
1 1 7098 7099 INV
2 1 7096 7099 7100 AND
2 1 7100 51 7101 XOR
2 1 7100 51 7102 AND
2 1 7101 7102 7103 XOR
2 1 265 6711 7104 XOR
1 1 7104 7105 INV
2 1 6702 7105 7106 XOR
2 1 6711 7106 7107 XOR
2 1 6798 7107 7108 AND
2 1 6711 7108 7109 XOR
1 1 51 7110 INV
2 1 7109 7110 7111 AND
1 1 7111 7112 INV
2 1 7103 7112 7113 AND
1 1 7100 7114 INV
2 1 7109 7114 7115 AND
1 1 7115 7116 INV
2 1 7113 7116 7117 AND
2 1 7117 52 7118 XOR
2 1 7117 52 7119 AND
2 1 7118 7119 7120 XOR
2 1 665 6728 7121 XOR
1 1 7121 7122 INV
2 1 6719 7122 7123 XOR
2 1 6728 7123 7124 XOR
2 1 6798 7124 7125 AND
2 1 6728 7125 7126 XOR
1 1 52 7127 INV
2 1 7126 7127 7128 AND
1 1 7128 7129 INV
2 1 7120 7129 7130 AND
1 1 7117 7131 INV
2 1 7126 7131 7132 AND
1 1 7132 7133 INV
2 1 7130 7133 7134 AND
2 1 7134 53 7135 XOR
2 1 7134 53 7136 AND
2 1 7135 7136 7137 XOR
2 1 683 6745 7138 XOR
1 1 7138 7139 INV
2 1 6736 7139 7140 XOR
2 1 6745 7140 7141 XOR
2 1 6798 7141 7142 AND
2 1 6745 7142 7143 XOR
1 1 53 7144 INV
2 1 7143 7144 7145 AND
1 1 7145 7146 INV
2 1 7137 7146 7147 AND
1 1 7134 7148 INV
2 1 7143 7148 7149 AND
1 1 7149 7150 INV
2 1 7147 7150 7151 AND
2 1 7151 54 7152 XOR
2 1 7151 54 7153 AND
2 1 7152 7153 7154 XOR
2 1 701 6762 7155 XOR
1 1 7155 7156 INV
2 1 6753 7156 7157 XOR
2 1 6762 7157 7158 XOR
2 1 6798 7158 7159 AND
2 1 6762 7159 7160 XOR
1 1 54 7161 INV
2 1 7160 7161 7162 AND
1 1 7162 7163 INV
2 1 7154 7163 7164 AND
1 1 7151 7165 INV
2 1 7160 7165 7166 AND
1 1 7166 7167 INV
2 1 7164 7167 7168 AND
1 1 7168 7169 INV
2 1 6810 7169 7170 AND
1 1 7170 7171 INV
2 1 6787 6429 7172 XOR
1 1 7172 7173 INV
2 1 6429 7173 7174 XOR
2 1 6798 7174 7175 AND
2 1 6429 7175 7176 XOR
1 1 7176 7177 INV
2 1 7171 7177 7178 AND
1 1 7178 7179 INV
2 1 630 6804 7180 XOR
1 1 7180 7181 INV
2 1 7072 7181 7182 XOR
2 1 6804 7182 7183 XOR
2 1 7179 7183 7184 AND
2 1 6804 7184 7185 XOR
2 1 320 7160 7186 XOR
1 1 7186 7187 INV
2 1 7151 7187 7188 XOR
2 1 7160 7188 7189 XOR
2 1 7179 7189 7190 AND
2 1 7160 7190 7191 XOR
2 1 7179 32 7192 AND
1 1 33 7193 INV
2 1 7192 7193 7194 AND
1 1 7194 7195 INV
2 1 330 7195 7196 AND
1 1 32 7197 INV
2 1 7192 7197 7198 AND
1 1 7198 7199 INV
2 1 7196 7199 7200 AND
2 1 7200 34 7201 XOR
2 1 7200 34 7202 AND
2 1 7201 7202 7203 XOR
2 1 6811 736 7204 XOR
2 1 6811 7204 7205 XOR
2 1 7179 7205 7206 AND
2 1 6811 7206 7207 XOR
1 1 34 7208 INV
2 1 7207 7208 7209 AND
1 1 7209 7210 INV
2 1 7203 7210 7211 AND
1 1 7200 7212 INV
2 1 7207 7212 7213 AND
1 1 7213 7214 INV
2 1 7211 7214 7215 AND
2 1 7215 35 7216 XOR
2 1 7215 35 7217 AND
2 1 7216 7217 7218 XOR
2 1 81 6826 7219 XOR
1 1 7219 7220 INV
2 1 6819 7220 7221 XOR
2 1 6826 7221 7222 XOR
2 1 7179 7222 7223 AND
2 1 6826 7223 7224 XOR
1 1 35 7225 INV
2 1 7224 7225 7226 AND
1 1 7226 7227 INV
2 1 7218 7227 7228 AND
1 1 7215 7229 INV
2 1 7224 7229 7230 AND
1 1 7230 7231 INV
2 1 7228 7231 7232 AND
2 1 7232 36 7233 XOR
2 1 7232 36 7234 AND
2 1 7233 7234 7235 XOR
2 1 381 6843 7236 XOR
1 1 7236 7237 INV
2 1 6834 7237 7238 XOR
2 1 6843 7238 7239 XOR
2 1 7179 7239 7240 AND
2 1 6843 7240 7241 XOR
1 1 36 7242 INV
2 1 7241 7242 7243 AND
1 1 7243 7244 INV
2 1 7235 7244 7245 AND
1 1 7232 7246 INV
2 1 7241 7246 7247 AND
1 1 7247 7248 INV
2 1 7245 7248 7249 AND
2 1 7249 37 7250 XOR
2 1 7249 37 7251 AND
2 1 7250 7251 7252 XOR
2 1 399 6860 7253 XOR
1 1 7253 7254 INV
2 1 6851 7254 7255 XOR
2 1 6860 7255 7256 XOR
2 1 7179 7256 7257 AND
2 1 6860 7257 7258 XOR
1 1 37 7259 INV
2 1 7258 7259 7260 AND
1 1 7260 7261 INV
2 1 7252 7261 7262 AND
1 1 7249 7263 INV
2 1 7258 7263 7264 AND
1 1 7264 7265 INV
2 1 7262 7265 7266 AND
2 1 7266 38 7267 XOR
2 1 7266 38 7268 AND
2 1 7267 7268 7269 XOR
2 1 417 6877 7270 XOR
1 1 7270 7271 INV
2 1 6868 7271 7272 XOR
2 1 6877 7272 7273 XOR
2 1 7179 7273 7274 AND
2 1 6877 7274 7275 XOR
1 1 38 7276 INV
2 1 7275 7276 7277 AND
1 1 7277 7278 INV
2 1 7269 7278 7279 AND
1 1 7266 7280 INV
2 1 7275 7280 7281 AND
1 1 7281 7282 INV
2 1 7279 7282 7283 AND
2 1 7283 39 7284 XOR
2 1 7283 39 7285 AND
2 1 7284 7285 7286 XOR
2 1 127 6894 7287 XOR
1 1 7287 7288 INV
2 1 6885 7288 7289 XOR
2 1 6894 7289 7290 XOR
2 1 7179 7290 7291 AND
2 1 6894 7291 7292 XOR
1 1 39 7293 INV
2 1 7292 7293 7294 AND
1 1 7294 7295 INV
2 1 7286 7295 7296 AND
1 1 7283 7297 INV
2 1 7292 7297 7298 AND
1 1 7298 7299 INV
2 1 7296 7299 7300 AND
2 1 7300 40 7301 XOR
2 1 7300 40 7302 AND
2 1 7301 7302 7303 XOR
2 1 452 6911 7304 XOR
1 1 7304 7305 INV
2 1 6902 7305 7306 XOR
2 1 6911 7306 7307 XOR
2 1 7179 7307 7308 AND
2 1 6911 7308 7309 XOR
1 1 40 7310 INV
2 1 7309 7310 7311 AND
1 1 7311 7312 INV
2 1 7303 7312 7313 AND
1 1 7300 7314 INV
2 1 7309 7314 7315 AND
1 1 7315 7316 INV
2 1 7313 7316 7317 AND
2 1 7317 41 7318 XOR
2 1 7317 41 7319 AND
2 1 7318 7319 7320 XOR
2 1 470 6928 7321 XOR
1 1 7321 7322 INV
2 1 6919 7322 7323 XOR
2 1 6928 7323 7324 XOR
2 1 7179 7324 7325 AND
2 1 6928 7325 7326 XOR
1 1 41 7327 INV
2 1 7326 7327 7328 AND
1 1 7328 7329 INV
2 1 7320 7329 7330 AND
1 1 7317 7331 INV
2 1 7326 7331 7332 AND
1 1 7332 7333 INV
2 1 7330 7333 7334 AND
2 1 7334 42 7335 XOR
2 1 7334 42 7336 AND
2 1 7335 7336 7337 XOR
2 1 488 6945 7338 XOR
1 1 7338 7339 INV
2 1 6936 7339 7340 XOR
2 1 6945 7340 7341 XOR
2 1 7179 7341 7342 AND
2 1 6945 7342 7343 XOR
1 1 42 7344 INV
2 1 7343 7344 7345 AND
1 1 7345 7346 INV
2 1 7337 7346 7347 AND
1 1 7334 7348 INV
2 1 7343 7348 7349 AND
1 1 7349 7350 INV
2 1 7347 7350 7351 AND
2 1 7351 43 7352 XOR
2 1 7351 43 7353 AND
2 1 7352 7353 7354 XOR
2 1 173 6962 7355 XOR
1 1 7355 7356 INV
2 1 6953 7356 7357 XOR
2 1 6962 7357 7358 XOR
2 1 7179 7358 7359 AND
2 1 6962 7359 7360 XOR
1 1 43 7361 INV
2 1 7360 7361 7362 AND
1 1 7362 7363 INV
2 1 7354 7363 7364 AND
1 1 7351 7365 INV
2 1 7360 7365 7366 AND
1 1 7366 7367 INV
2 1 7364 7367 7368 AND
2 1 7368 44 7369 XOR
2 1 7368 44 7370 AND
2 1 7369 7370 7371 XOR
2 1 523 6979 7372 XOR
1 1 7372 7373 INV
2 1 6970 7373 7374 XOR
2 1 6979 7374 7375 XOR
2 1 7179 7375 7376 AND
2 1 6979 7376 7377 XOR
1 1 44 7378 INV
2 1 7377 7378 7379 AND
1 1 7379 7380 INV
2 1 7371 7380 7381 AND
1 1 7368 7382 INV
2 1 7377 7382 7383 AND
1 1 7383 7384 INV
2 1 7381 7384 7385 AND
2 1 7385 45 7386 XOR
2 1 7385 45 7387 AND
2 1 7386 7387 7388 XOR
2 1 541 6996 7389 XOR
1 1 7389 7390 INV
2 1 6987 7390 7391 XOR
2 1 6996 7391 7392 XOR
2 1 7179 7392 7393 AND
2 1 6996 7393 7394 XOR
1 1 45 7395 INV
2 1 7394 7395 7396 AND
1 1 7396 7397 INV
2 1 7388 7397 7398 AND
1 1 7385 7399 INV
2 1 7394 7399 7400 AND
1 1 7400 7401 INV
2 1 7398 7401 7402 AND
2 1 7402 46 7403 XOR
2 1 7402 46 7404 AND
2 1 7403 7404 7405 XOR
2 1 559 7013 7406 XOR
1 1 7406 7407 INV
2 1 7004 7407 7408 XOR
2 1 7013 7408 7409 XOR
2 1 7179 7409 7410 AND
2 1 7013 7410 7411 XOR
1 1 46 7412 INV
2 1 7411 7412 7413 AND
1 1 7413 7414 INV
2 1 7405 7414 7415 AND
1 1 7402 7416 INV
2 1 7411 7416 7417 AND
1 1 7417 7418 INV
2 1 7415 7418 7419 AND
2 1 7419 47 7420 XOR
2 1 7419 47 7421 AND
2 1 7420 7421 7422 XOR
2 1 219 7030 7423 XOR
1 1 7423 7424 INV
2 1 7021 7424 7425 XOR
2 1 7030 7425 7426 XOR
2 1 7179 7426 7427 AND
2 1 7030 7427 7428 XOR
1 1 47 7429 INV
2 1 7428 7429 7430 AND
1 1 7430 7431 INV
2 1 7422 7431 7432 AND
1 1 7419 7433 INV
2 1 7428 7433 7434 AND
1 1 7434 7435 INV
2 1 7432 7435 7436 AND
2 1 7436 48 7437 XOR
2 1 7436 48 7438 AND
2 1 7437 7438 7439 XOR
2 1 594 7047 7440 XOR
1 1 7440 7441 INV
2 1 7038 7441 7442 XOR
2 1 7047 7442 7443 XOR
2 1 7179 7443 7444 AND
2 1 7047 7444 7445 XOR
1 1 48 7446 INV
2 1 7445 7446 7447 AND
1 1 7447 7448 INV
2 1 7439 7448 7449 AND
1 1 7436 7450 INV
2 1 7445 7450 7451 AND
1 1 7451 7452 INV
2 1 7449 7452 7453 AND
2 1 7453 49 7454 XOR
2 1 7453 49 7455 AND
2 1 7454 7455 7456 XOR
2 1 612 7064 7457 XOR
1 1 7457 7458 INV
2 1 7055 7458 7459 XOR
2 1 7064 7459 7460 XOR
2 1 7179 7460 7461 AND
2 1 7064 7461 7462 XOR
1 1 49 7463 INV
2 1 7462 7463 7464 AND
1 1 7464 7465 INV
2 1 7456 7465 7466 AND
1 1 7453 7467 INV
2 1 7462 7467 7468 AND
1 1 7468 7469 INV
2 1 7466 7469 7470 AND
2 1 7470 50 7471 XOR
2 1 7470 50 7472 AND
2 1 7471 7472 7473 XOR
1 1 50 7474 INV
2 1 7185 7474 7475 AND
1 1 7475 7476 INV
2 1 7473 7476 7477 AND
1 1 7470 7478 INV
2 1 7185 7478 7479 AND
1 1 7479 7480 INV
2 1 7477 7480 7481 AND
2 1 7481 51 7482 XOR
2 1 7481 51 7483 AND
2 1 7482 7483 7484 XOR
2 1 265 7092 7485 XOR
1 1 7485 7486 INV
2 1 7083 7486 7487 XOR
2 1 7092 7487 7488 XOR
2 1 7179 7488 7489 AND
2 1 7092 7489 7490 XOR
1 1 51 7491 INV
2 1 7490 7491 7492 AND
1 1 7492 7493 INV
2 1 7484 7493 7494 AND
1 1 7481 7495 INV
2 1 7490 7495 7496 AND
1 1 7496 7497 INV
2 1 7494 7497 7498 AND
2 1 7498 52 7499 XOR
2 1 7498 52 7500 AND
2 1 7499 7500 7501 XOR
2 1 665 7109 7502 XOR
1 1 7502 7503 INV
2 1 7100 7503 7504 XOR
2 1 7109 7504 7505 XOR
2 1 7179 7505 7506 AND
2 1 7109 7506 7507 XOR
1 1 52 7508 INV
2 1 7507 7508 7509 AND
1 1 7509 7510 INV
2 1 7501 7510 7511 AND
1 1 7498 7512 INV
2 1 7507 7512 7513 AND
1 1 7513 7514 INV
2 1 7511 7514 7515 AND
2 1 7515 53 7516 XOR
2 1 7515 53 7517 AND
2 1 7516 7517 7518 XOR
2 1 683 7126 7519 XOR
1 1 7519 7520 INV
2 1 7117 7520 7521 XOR
2 1 7126 7521 7522 XOR
2 1 7179 7522 7523 AND
2 1 7126 7523 7524 XOR
1 1 53 7525 INV
2 1 7524 7525 7526 AND
1 1 7526 7527 INV
2 1 7518 7527 7528 AND
1 1 7515 7529 INV
2 1 7524 7529 7530 AND
1 1 7530 7531 INV
2 1 7528 7531 7532 AND
2 1 7532 54 7533 XOR
2 1 7532 54 7534 AND
2 1 7533 7534 7535 XOR
2 1 701 7143 7536 XOR
1 1 7536 7537 INV
2 1 7134 7537 7538 XOR
2 1 7143 7538 7539 XOR
2 1 7179 7539 7540 AND
2 1 7143 7540 7541 XOR
1 1 54 7542 INV
2 1 7541 7542 7543 AND
1 1 7543 7544 INV
2 1 7535 7544 7545 AND
1 1 7532 7546 INV
2 1 7541 7546 7547 AND
1 1 7547 7548 INV
2 1 7545 7548 7549 AND
1 1 7549 7550 INV
2 1 7191 7550 7551 AND
1 1 7551 7552 INV
2 1 7168 6810 7553 XOR
1 1 7553 7554 INV
2 1 6810 7554 7555 XOR
2 1 7179 7555 7556 AND
2 1 6810 7556 7557 XOR
1 1 7557 7558 INV
2 1 7552 7558 7559 AND
1 1 7559 7560 INV
2 1 265 7185 7561 XOR
1 1 7561 7562 INV
2 1 7470 7562 7563 XOR
2 1 7185 7563 7564 XOR
2 1 7560 7564 7565 AND
2 1 7185 7565 7566 XOR
2 1 320 7541 7567 XOR
1 1 7567 7568 INV
2 1 7532 7568 7569 XOR
2 1 7541 7569 7570 XOR
2 1 7560 7570 7571 AND
2 1 7541 7571 7572 XOR
2 1 7560 32 7573 AND
1 1 33 7574 INV
2 1 7573 7574 7575 AND
1 1 7575 7576 INV
2 1 330 7576 7577 AND
1 1 32 7578 INV
2 1 7573 7578 7579 AND
1 1 7579 7580 INV
2 1 7577 7580 7581 AND
2 1 7581 34 7582 XOR
2 1 7581 34 7583 AND
2 1 7582 7583 7584 XOR
2 1 7192 736 7585 XOR
2 1 7192 7585 7586 XOR
2 1 7560 7586 7587 AND
2 1 7192 7587 7588 XOR
1 1 34 7589 INV
2 1 7588 7589 7590 AND
1 1 7590 7591 INV
2 1 7584 7591 7592 AND
1 1 7581 7593 INV
2 1 7588 7593 7594 AND
1 1 7594 7595 INV
2 1 7592 7595 7596 AND
2 1 7596 35 7597 XOR
2 1 7596 35 7598 AND
2 1 7597 7598 7599 XOR
2 1 81 7207 7600 XOR
1 1 7600 7601 INV
2 1 7200 7601 7602 XOR
2 1 7207 7602 7603 XOR
2 1 7560 7603 7604 AND
2 1 7207 7604 7605 XOR
1 1 35 7606 INV
2 1 7605 7606 7607 AND
1 1 7607 7608 INV
2 1 7599 7608 7609 AND
1 1 7596 7610 INV
2 1 7605 7610 7611 AND
1 1 7611 7612 INV
2 1 7609 7612 7613 AND
2 1 7613 36 7614 XOR
2 1 7613 36 7615 AND
2 1 7614 7615 7616 XOR
2 1 381 7224 7617 XOR
1 1 7617 7618 INV
2 1 7215 7618 7619 XOR
2 1 7224 7619 7620 XOR
2 1 7560 7620 7621 AND
2 1 7224 7621 7622 XOR
1 1 36 7623 INV
2 1 7622 7623 7624 AND
1 1 7624 7625 INV
2 1 7616 7625 7626 AND
1 1 7613 7627 INV
2 1 7622 7627 7628 AND
1 1 7628 7629 INV
2 1 7626 7629 7630 AND
2 1 7630 37 7631 XOR
2 1 7630 37 7632 AND
2 1 7631 7632 7633 XOR
2 1 399 7241 7634 XOR
1 1 7634 7635 INV
2 1 7232 7635 7636 XOR
2 1 7241 7636 7637 XOR
2 1 7560 7637 7638 AND
2 1 7241 7638 7639 XOR
1 1 37 7640 INV
2 1 7639 7640 7641 AND
1 1 7641 7642 INV
2 1 7633 7642 7643 AND
1 1 7630 7644 INV
2 1 7639 7644 7645 AND
1 1 7645 7646 INV
2 1 7643 7646 7647 AND
2 1 7647 38 7648 XOR
2 1 7647 38 7649 AND
2 1 7648 7649 7650 XOR
2 1 417 7258 7651 XOR
1 1 7651 7652 INV
2 1 7249 7652 7653 XOR
2 1 7258 7653 7654 XOR
2 1 7560 7654 7655 AND
2 1 7258 7655 7656 XOR
1 1 38 7657 INV
2 1 7656 7657 7658 AND
1 1 7658 7659 INV
2 1 7650 7659 7660 AND
1 1 7647 7661 INV
2 1 7656 7661 7662 AND
1 1 7662 7663 INV
2 1 7660 7663 7664 AND
2 1 7664 39 7665 XOR
2 1 7664 39 7666 AND
2 1 7665 7666 7667 XOR
2 1 127 7275 7668 XOR
1 1 7668 7669 INV
2 1 7266 7669 7670 XOR
2 1 7275 7670 7671 XOR
2 1 7560 7671 7672 AND
2 1 7275 7672 7673 XOR
1 1 39 7674 INV
2 1 7673 7674 7675 AND
1 1 7675 7676 INV
2 1 7667 7676 7677 AND
1 1 7664 7678 INV
2 1 7673 7678 7679 AND
1 1 7679 7680 INV
2 1 7677 7680 7681 AND
2 1 7681 40 7682 XOR
2 1 7681 40 7683 AND
2 1 7682 7683 7684 XOR
2 1 452 7292 7685 XOR
1 1 7685 7686 INV
2 1 7283 7686 7687 XOR
2 1 7292 7687 7688 XOR
2 1 7560 7688 7689 AND
2 1 7292 7689 7690 XOR
1 1 40 7691 INV
2 1 7690 7691 7692 AND
1 1 7692 7693 INV
2 1 7684 7693 7694 AND
1 1 7681 7695 INV
2 1 7690 7695 7696 AND
1 1 7696 7697 INV
2 1 7694 7697 7698 AND
2 1 7698 41 7699 XOR
2 1 7698 41 7700 AND
2 1 7699 7700 7701 XOR
2 1 470 7309 7702 XOR
1 1 7702 7703 INV
2 1 7300 7703 7704 XOR
2 1 7309 7704 7705 XOR
2 1 7560 7705 7706 AND
2 1 7309 7706 7707 XOR
1 1 41 7708 INV
2 1 7707 7708 7709 AND
1 1 7709 7710 INV
2 1 7701 7710 7711 AND
1 1 7698 7712 INV
2 1 7707 7712 7713 AND
1 1 7713 7714 INV
2 1 7711 7714 7715 AND
2 1 7715 42 7716 XOR
2 1 7715 42 7717 AND
2 1 7716 7717 7718 XOR
2 1 488 7326 7719 XOR
1 1 7719 7720 INV
2 1 7317 7720 7721 XOR
2 1 7326 7721 7722 XOR
2 1 7560 7722 7723 AND
2 1 7326 7723 7724 XOR
1 1 42 7725 INV
2 1 7724 7725 7726 AND
1 1 7726 7727 INV
2 1 7718 7727 7728 AND
1 1 7715 7729 INV
2 1 7724 7729 7730 AND
1 1 7730 7731 INV
2 1 7728 7731 7732 AND
2 1 7732 43 7733 XOR
2 1 7732 43 7734 AND
2 1 7733 7734 7735 XOR
2 1 173 7343 7736 XOR
1 1 7736 7737 INV
2 1 7334 7737 7738 XOR
2 1 7343 7738 7739 XOR
2 1 7560 7739 7740 AND
2 1 7343 7740 7741 XOR
1 1 43 7742 INV
2 1 7741 7742 7743 AND
1 1 7743 7744 INV
2 1 7735 7744 7745 AND
1 1 7732 7746 INV
2 1 7741 7746 7747 AND
1 1 7747 7748 INV
2 1 7745 7748 7749 AND
2 1 7749 44 7750 XOR
2 1 7749 44 7751 AND
2 1 7750 7751 7752 XOR
2 1 523 7360 7753 XOR
1 1 7753 7754 INV
2 1 7351 7754 7755 XOR
2 1 7360 7755 7756 XOR
2 1 7560 7756 7757 AND
2 1 7360 7757 7758 XOR
1 1 44 7759 INV
2 1 7758 7759 7760 AND
1 1 7760 7761 INV
2 1 7752 7761 7762 AND
1 1 7749 7763 INV
2 1 7758 7763 7764 AND
1 1 7764 7765 INV
2 1 7762 7765 7766 AND
2 1 7766 45 7767 XOR
2 1 7766 45 7768 AND
2 1 7767 7768 7769 XOR
2 1 541 7377 7770 XOR
1 1 7770 7771 INV
2 1 7368 7771 7772 XOR
2 1 7377 7772 7773 XOR
2 1 7560 7773 7774 AND
2 1 7377 7774 7775 XOR
1 1 45 7776 INV
2 1 7775 7776 7777 AND
1 1 7777 7778 INV
2 1 7769 7778 7779 AND
1 1 7766 7780 INV
2 1 7775 7780 7781 AND
1 1 7781 7782 INV
2 1 7779 7782 7783 AND
2 1 7783 46 7784 XOR
2 1 7783 46 7785 AND
2 1 7784 7785 7786 XOR
2 1 559 7394 7787 XOR
1 1 7787 7788 INV
2 1 7385 7788 7789 XOR
2 1 7394 7789 7790 XOR
2 1 7560 7790 7791 AND
2 1 7394 7791 7792 XOR
1 1 46 7793 INV
2 1 7792 7793 7794 AND
1 1 7794 7795 INV
2 1 7786 7795 7796 AND
1 1 7783 7797 INV
2 1 7792 7797 7798 AND
1 1 7798 7799 INV
2 1 7796 7799 7800 AND
2 1 7800 47 7801 XOR
2 1 7800 47 7802 AND
2 1 7801 7802 7803 XOR
2 1 219 7411 7804 XOR
1 1 7804 7805 INV
2 1 7402 7805 7806 XOR
2 1 7411 7806 7807 XOR
2 1 7560 7807 7808 AND
2 1 7411 7808 7809 XOR
1 1 47 7810 INV
2 1 7809 7810 7811 AND
1 1 7811 7812 INV
2 1 7803 7812 7813 AND
1 1 7800 7814 INV
2 1 7809 7814 7815 AND
1 1 7815 7816 INV
2 1 7813 7816 7817 AND
2 1 7817 48 7818 XOR
2 1 7817 48 7819 AND
2 1 7818 7819 7820 XOR
2 1 594 7428 7821 XOR
1 1 7821 7822 INV
2 1 7419 7822 7823 XOR
2 1 7428 7823 7824 XOR
2 1 7560 7824 7825 AND
2 1 7428 7825 7826 XOR
1 1 48 7827 INV
2 1 7826 7827 7828 AND
1 1 7828 7829 INV
2 1 7820 7829 7830 AND
1 1 7817 7831 INV
2 1 7826 7831 7832 AND
1 1 7832 7833 INV
2 1 7830 7833 7834 AND
2 1 7834 49 7835 XOR
2 1 7834 49 7836 AND
2 1 7835 7836 7837 XOR
2 1 612 7445 7838 XOR
1 1 7838 7839 INV
2 1 7436 7839 7840 XOR
2 1 7445 7840 7841 XOR
2 1 7560 7841 7842 AND
2 1 7445 7842 7843 XOR
1 1 49 7844 INV
2 1 7843 7844 7845 AND
1 1 7845 7846 INV
2 1 7837 7846 7847 AND
1 1 7834 7848 INV
2 1 7843 7848 7849 AND
1 1 7849 7850 INV
2 1 7847 7850 7851 AND
2 1 7851 50 7852 XOR
2 1 7851 50 7853 AND
2 1 7852 7853 7854 XOR
2 1 630 7462 7855 XOR
1 1 7855 7856 INV
2 1 7453 7856 7857 XOR
2 1 7462 7857 7858 XOR
2 1 7560 7858 7859 AND
2 1 7462 7859 7860 XOR
1 1 50 7861 INV
2 1 7860 7861 7862 AND
1 1 7862 7863 INV
2 1 7854 7863 7864 AND
1 1 7851 7865 INV
2 1 7860 7865 7866 AND
1 1 7866 7867 INV
2 1 7864 7867 7868 AND
2 1 7868 51 7869 XOR
2 1 7868 51 7870 AND
2 1 7869 7870 7871 XOR
1 1 51 7872 INV
2 1 7566 7872 7873 AND
1 1 7873 7874 INV
2 1 7871 7874 7875 AND
1 1 7868 7876 INV
2 1 7566 7876 7877 AND
1 1 7877 7878 INV
2 1 7875 7878 7879 AND
2 1 7879 52 7880 XOR
2 1 7879 52 7881 AND
2 1 7880 7881 7882 XOR
2 1 665 7490 7883 XOR
1 1 7883 7884 INV
2 1 7481 7884 7885 XOR
2 1 7490 7885 7886 XOR
2 1 7560 7886 7887 AND
2 1 7490 7887 7888 XOR
1 1 52 7889 INV
2 1 7888 7889 7890 AND
1 1 7890 7891 INV
2 1 7882 7891 7892 AND
1 1 7879 7893 INV
2 1 7888 7893 7894 AND
1 1 7894 7895 INV
2 1 7892 7895 7896 AND
2 1 7896 53 7897 XOR
2 1 7896 53 7898 AND
2 1 7897 7898 7899 XOR
2 1 683 7507 7900 XOR
1 1 7900 7901 INV
2 1 7498 7901 7902 XOR
2 1 7507 7902 7903 XOR
2 1 7560 7903 7904 AND
2 1 7507 7904 7905 XOR
1 1 53 7906 INV
2 1 7905 7906 7907 AND
1 1 7907 7908 INV
2 1 7899 7908 7909 AND
1 1 7896 7910 INV
2 1 7905 7910 7911 AND
1 1 7911 7912 INV
2 1 7909 7912 7913 AND
2 1 7913 54 7914 XOR
2 1 7913 54 7915 AND
2 1 7914 7915 7916 XOR
2 1 701 7524 7917 XOR
1 1 7917 7918 INV
2 1 7515 7918 7919 XOR
2 1 7524 7919 7920 XOR
2 1 7560 7920 7921 AND
2 1 7524 7921 7922 XOR
1 1 54 7923 INV
2 1 7922 7923 7924 AND
1 1 7924 7925 INV
2 1 7916 7925 7926 AND
1 1 7913 7927 INV
2 1 7922 7927 7928 AND
1 1 7928 7929 INV
2 1 7926 7929 7930 AND
1 1 7930 7931 INV
2 1 7572 7931 7932 AND
1 1 7932 7933 INV
2 1 7549 7191 7934 XOR
1 1 7934 7935 INV
2 1 7191 7935 7936 XOR
2 1 7560 7936 7937 AND
2 1 7191 7937 7938 XOR
1 1 7938 7939 INV
2 1 7933 7939 7940 AND
1 1 7940 7941 INV
2 1 665 7566 7942 XOR
1 1 7942 7943 INV
2 1 7868 7943 7944 XOR
2 1 7566 7944 7945 XOR
2 1 7941 7945 7946 AND
2 1 7566 7946 7947 XOR
2 1 320 7922 7948 XOR
1 1 7948 7949 INV
2 1 7913 7949 7950 XOR
2 1 7922 7950 7951 XOR
2 1 7941 7951 7952 AND
2 1 7922 7952 7953 XOR
2 1 7941 32 7954 AND
1 1 33 7955 INV
2 1 7954 7955 7956 AND
1 1 7956 7957 INV
2 1 330 7957 7958 AND
1 1 32 7959 INV
2 1 7954 7959 7960 AND
1 1 7960 7961 INV
2 1 7958 7961 7962 AND
2 1 7962 34 7963 XOR
2 1 7962 34 7964 AND
2 1 7963 7964 7965 XOR
2 1 7573 736 7966 XOR
2 1 7573 7966 7967 XOR
2 1 7941 7967 7968 AND
2 1 7573 7968 7969 XOR
1 1 34 7970 INV
2 1 7969 7970 7971 AND
1 1 7971 7972 INV
2 1 7965 7972 7973 AND
1 1 7962 7974 INV
2 1 7969 7974 7975 AND
1 1 7975 7976 INV
2 1 7973 7976 7977 AND
2 1 7977 35 7978 XOR
2 1 7977 35 7979 AND
2 1 7978 7979 7980 XOR
2 1 81 7588 7981 XOR
1 1 7981 7982 INV
2 1 7581 7982 7983 XOR
2 1 7588 7983 7984 XOR
2 1 7941 7984 7985 AND
2 1 7588 7985 7986 XOR
1 1 35 7987 INV
2 1 7986 7987 7988 AND
1 1 7988 7989 INV
2 1 7980 7989 7990 AND
1 1 7977 7991 INV
2 1 7986 7991 7992 AND
1 1 7992 7993 INV
2 1 7990 7993 7994 AND
2 1 7994 36 7995 XOR
2 1 7994 36 7996 AND
2 1 7995 7996 7997 XOR
2 1 381 7605 7998 XOR
1 1 7998 7999 INV
2 1 7596 7999 8000 XOR
2 1 7605 8000 8001 XOR
2 1 7941 8001 8002 AND
2 1 7605 8002 8003 XOR
1 1 36 8004 INV
2 1 8003 8004 8005 AND
1 1 8005 8006 INV
2 1 7997 8006 8007 AND
1 1 7994 8008 INV
2 1 8003 8008 8009 AND
1 1 8009 8010 INV
2 1 8007 8010 8011 AND
2 1 8011 37 8012 XOR
2 1 8011 37 8013 AND
2 1 8012 8013 8014 XOR
2 1 399 7622 8015 XOR
1 1 8015 8016 INV
2 1 7613 8016 8017 XOR
2 1 7622 8017 8018 XOR
2 1 7941 8018 8019 AND
2 1 7622 8019 8020 XOR
1 1 37 8021 INV
2 1 8020 8021 8022 AND
1 1 8022 8023 INV
2 1 8014 8023 8024 AND
1 1 8011 8025 INV
2 1 8020 8025 8026 AND
1 1 8026 8027 INV
2 1 8024 8027 8028 AND
2 1 8028 38 8029 XOR
2 1 8028 38 8030 AND
2 1 8029 8030 8031 XOR
2 1 417 7639 8032 XOR
1 1 8032 8033 INV
2 1 7630 8033 8034 XOR
2 1 7639 8034 8035 XOR
2 1 7941 8035 8036 AND
2 1 7639 8036 8037 XOR
1 1 38 8038 INV
2 1 8037 8038 8039 AND
1 1 8039 8040 INV
2 1 8031 8040 8041 AND
1 1 8028 8042 INV
2 1 8037 8042 8043 AND
1 1 8043 8044 INV
2 1 8041 8044 8045 AND
2 1 8045 39 8046 XOR
2 1 8045 39 8047 AND
2 1 8046 8047 8048 XOR
2 1 127 7656 8049 XOR
1 1 8049 8050 INV
2 1 7647 8050 8051 XOR
2 1 7656 8051 8052 XOR
2 1 7941 8052 8053 AND
2 1 7656 8053 8054 XOR
1 1 39 8055 INV
2 1 8054 8055 8056 AND
1 1 8056 8057 INV
2 1 8048 8057 8058 AND
1 1 8045 8059 INV
2 1 8054 8059 8060 AND
1 1 8060 8061 INV
2 1 8058 8061 8062 AND
2 1 8062 40 8063 XOR
2 1 8062 40 8064 AND
2 1 8063 8064 8065 XOR
2 1 452 7673 8066 XOR
1 1 8066 8067 INV
2 1 7664 8067 8068 XOR
2 1 7673 8068 8069 XOR
2 1 7941 8069 8070 AND
2 1 7673 8070 8071 XOR
1 1 40 8072 INV
2 1 8071 8072 8073 AND
1 1 8073 8074 INV
2 1 8065 8074 8075 AND
1 1 8062 8076 INV
2 1 8071 8076 8077 AND
1 1 8077 8078 INV
2 1 8075 8078 8079 AND
2 1 8079 41 8080 XOR
2 1 8079 41 8081 AND
2 1 8080 8081 8082 XOR
2 1 470 7690 8083 XOR
1 1 8083 8084 INV
2 1 7681 8084 8085 XOR
2 1 7690 8085 8086 XOR
2 1 7941 8086 8087 AND
2 1 7690 8087 8088 XOR
1 1 41 8089 INV
2 1 8088 8089 8090 AND
1 1 8090 8091 INV
2 1 8082 8091 8092 AND
1 1 8079 8093 INV
2 1 8088 8093 8094 AND
1 1 8094 8095 INV
2 1 8092 8095 8096 AND
2 1 8096 42 8097 XOR
2 1 8096 42 8098 AND
2 1 8097 8098 8099 XOR
2 1 488 7707 8100 XOR
1 1 8100 8101 INV
2 1 7698 8101 8102 XOR
2 1 7707 8102 8103 XOR
2 1 7941 8103 8104 AND
2 1 7707 8104 8105 XOR
1 1 42 8106 INV
2 1 8105 8106 8107 AND
1 1 8107 8108 INV
2 1 8099 8108 8109 AND
1 1 8096 8110 INV
2 1 8105 8110 8111 AND
1 1 8111 8112 INV
2 1 8109 8112 8113 AND
2 1 8113 43 8114 XOR
2 1 8113 43 8115 AND
2 1 8114 8115 8116 XOR
2 1 173 7724 8117 XOR
1 1 8117 8118 INV
2 1 7715 8118 8119 XOR
2 1 7724 8119 8120 XOR
2 1 7941 8120 8121 AND
2 1 7724 8121 8122 XOR
1 1 43 8123 INV
2 1 8122 8123 8124 AND
1 1 8124 8125 INV
2 1 8116 8125 8126 AND
1 1 8113 8127 INV
2 1 8122 8127 8128 AND
1 1 8128 8129 INV
2 1 8126 8129 8130 AND
2 1 8130 44 8131 XOR
2 1 8130 44 8132 AND
2 1 8131 8132 8133 XOR
2 1 523 7741 8134 XOR
1 1 8134 8135 INV
2 1 7732 8135 8136 XOR
2 1 7741 8136 8137 XOR
2 1 7941 8137 8138 AND
2 1 7741 8138 8139 XOR
1 1 44 8140 INV
2 1 8139 8140 8141 AND
1 1 8141 8142 INV
2 1 8133 8142 8143 AND
1 1 8130 8144 INV
2 1 8139 8144 8145 AND
1 1 8145 8146 INV
2 1 8143 8146 8147 AND
2 1 8147 45 8148 XOR
2 1 8147 45 8149 AND
2 1 8148 8149 8150 XOR
2 1 541 7758 8151 XOR
1 1 8151 8152 INV
2 1 7749 8152 8153 XOR
2 1 7758 8153 8154 XOR
2 1 7941 8154 8155 AND
2 1 7758 8155 8156 XOR
1 1 45 8157 INV
2 1 8156 8157 8158 AND
1 1 8158 8159 INV
2 1 8150 8159 8160 AND
1 1 8147 8161 INV
2 1 8156 8161 8162 AND
1 1 8162 8163 INV
2 1 8160 8163 8164 AND
2 1 8164 46 8165 XOR
2 1 8164 46 8166 AND
2 1 8165 8166 8167 XOR
2 1 559 7775 8168 XOR
1 1 8168 8169 INV
2 1 7766 8169 8170 XOR
2 1 7775 8170 8171 XOR
2 1 7941 8171 8172 AND
2 1 7775 8172 8173 XOR
1 1 46 8174 INV
2 1 8173 8174 8175 AND
1 1 8175 8176 INV
2 1 8167 8176 8177 AND
1 1 8164 8178 INV
2 1 8173 8178 8179 AND
1 1 8179 8180 INV
2 1 8177 8180 8181 AND
2 1 8181 47 8182 XOR
2 1 8181 47 8183 AND
2 1 8182 8183 8184 XOR
2 1 219 7792 8185 XOR
1 1 8185 8186 INV
2 1 7783 8186 8187 XOR
2 1 7792 8187 8188 XOR
2 1 7941 8188 8189 AND
2 1 7792 8189 8190 XOR
1 1 47 8191 INV
2 1 8190 8191 8192 AND
1 1 8192 8193 INV
2 1 8184 8193 8194 AND
1 1 8181 8195 INV
2 1 8190 8195 8196 AND
1 1 8196 8197 INV
2 1 8194 8197 8198 AND
2 1 8198 48 8199 XOR
2 1 8198 48 8200 AND
2 1 8199 8200 8201 XOR
2 1 594 7809 8202 XOR
1 1 8202 8203 INV
2 1 7800 8203 8204 XOR
2 1 7809 8204 8205 XOR
2 1 7941 8205 8206 AND
2 1 7809 8206 8207 XOR
1 1 48 8208 INV
2 1 8207 8208 8209 AND
1 1 8209 8210 INV
2 1 8201 8210 8211 AND
1 1 8198 8212 INV
2 1 8207 8212 8213 AND
1 1 8213 8214 INV
2 1 8211 8214 8215 AND
2 1 8215 49 8216 XOR
2 1 8215 49 8217 AND
2 1 8216 8217 8218 XOR
2 1 612 7826 8219 XOR
1 1 8219 8220 INV
2 1 7817 8220 8221 XOR
2 1 7826 8221 8222 XOR
2 1 7941 8222 8223 AND
2 1 7826 8223 8224 XOR
1 1 49 8225 INV
2 1 8224 8225 8226 AND
1 1 8226 8227 INV
2 1 8218 8227 8228 AND
1 1 8215 8229 INV
2 1 8224 8229 8230 AND
1 1 8230 8231 INV
2 1 8228 8231 8232 AND
2 1 8232 50 8233 XOR
2 1 8232 50 8234 AND
2 1 8233 8234 8235 XOR
2 1 630 7843 8236 XOR
1 1 8236 8237 INV
2 1 7834 8237 8238 XOR
2 1 7843 8238 8239 XOR
2 1 7941 8239 8240 AND
2 1 7843 8240 8241 XOR
1 1 50 8242 INV
2 1 8241 8242 8243 AND
1 1 8243 8244 INV
2 1 8235 8244 8245 AND
1 1 8232 8246 INV
2 1 8241 8246 8247 AND
1 1 8247 8248 INV
2 1 8245 8248 8249 AND
2 1 8249 51 8250 XOR
2 1 8249 51 8251 AND
2 1 8250 8251 8252 XOR
2 1 265 7860 8253 XOR
1 1 8253 8254 INV
2 1 7851 8254 8255 XOR
2 1 7860 8255 8256 XOR
2 1 7941 8256 8257 AND
2 1 7860 8257 8258 XOR
1 1 51 8259 INV
2 1 8258 8259 8260 AND
1 1 8260 8261 INV
2 1 8252 8261 8262 AND
1 1 8249 8263 INV
2 1 8258 8263 8264 AND
1 1 8264 8265 INV
2 1 8262 8265 8266 AND
2 1 8266 52 8267 XOR
2 1 8266 52 8268 AND
2 1 8267 8268 8269 XOR
1 1 52 8270 INV
2 1 7947 8270 8271 AND
1 1 8271 8272 INV
2 1 8269 8272 8273 AND
1 1 8266 8274 INV
2 1 7947 8274 8275 AND
1 1 8275 8276 INV
2 1 8273 8276 8277 AND
2 1 8277 53 8278 XOR
2 1 8277 53 8279 AND
2 1 8278 8279 8280 XOR
2 1 683 7888 8281 XOR
1 1 8281 8282 INV
2 1 7879 8282 8283 XOR
2 1 7888 8283 8284 XOR
2 1 7941 8284 8285 AND
2 1 7888 8285 8286 XOR
1 1 53 8287 INV
2 1 8286 8287 8288 AND
1 1 8288 8289 INV
2 1 8280 8289 8290 AND
1 1 8277 8291 INV
2 1 8286 8291 8292 AND
1 1 8292 8293 INV
2 1 8290 8293 8294 AND
2 1 8294 54 8295 XOR
2 1 8294 54 8296 AND
2 1 8295 8296 8297 XOR
2 1 701 7905 8298 XOR
1 1 8298 8299 INV
2 1 7896 8299 8300 XOR
2 1 7905 8300 8301 XOR
2 1 7941 8301 8302 AND
2 1 7905 8302 8303 XOR
1 1 54 8304 INV
2 1 8303 8304 8305 AND
1 1 8305 8306 INV
2 1 8297 8306 8307 AND
1 1 8294 8308 INV
2 1 8303 8308 8309 AND
1 1 8309 8310 INV
2 1 8307 8310 8311 AND
1 1 8311 8312 INV
2 1 7953 8312 8313 AND
1 1 8313 8314 INV
2 1 7930 7572 8315 XOR
1 1 8315 8316 INV
2 1 7572 8316 8317 XOR
2 1 7941 8317 8318 AND
2 1 7572 8318 8319 XOR
1 1 8319 8320 INV
2 1 8314 8320 8321 AND
1 1 8321 8322 INV
2 1 683 7947 8323 XOR
1 1 8323 8324 INV
2 1 8266 8324 8325 XOR
2 1 7947 8325 8326 XOR
2 1 8322 8326 8327 AND
2 1 7947 8327 8328 XOR
2 1 320 8303 8329 XOR
1 1 8329 8330 INV
2 1 8294 8330 8331 XOR
2 1 8303 8331 8332 XOR
2 1 8322 8332 8333 AND
2 1 8303 8333 8334 XOR
2 1 8322 32 8335 AND
1 1 33 8336 INV
2 1 8335 8336 8337 AND
1 1 8337 8338 INV
2 1 330 8338 8339 AND
1 1 32 8340 INV
2 1 8335 8340 8341 AND
1 1 8341 8342 INV
2 1 8339 8342 8343 AND
2 1 8343 34 8344 XOR
2 1 8343 34 8345 AND
2 1 8344 8345 8346 XOR
2 1 7954 736 8347 XOR
2 1 7954 8347 8348 XOR
2 1 8322 8348 8349 AND
2 1 7954 8349 8350 XOR
1 1 34 8351 INV
2 1 8350 8351 8352 AND
1 1 8352 8353 INV
2 1 8346 8353 8354 AND
1 1 8343 8355 INV
2 1 8350 8355 8356 AND
1 1 8356 8357 INV
2 1 8354 8357 8358 AND
2 1 8358 35 8359 XOR
2 1 8358 35 8360 AND
2 1 8359 8360 8361 XOR
2 1 81 7969 8362 XOR
1 1 8362 8363 INV
2 1 7962 8363 8364 XOR
2 1 7969 8364 8365 XOR
2 1 8322 8365 8366 AND
2 1 7969 8366 8367 XOR
1 1 35 8368 INV
2 1 8367 8368 8369 AND
1 1 8369 8370 INV
2 1 8361 8370 8371 AND
1 1 8358 8372 INV
2 1 8367 8372 8373 AND
1 1 8373 8374 INV
2 1 8371 8374 8375 AND
2 1 8375 36 8376 XOR
2 1 8375 36 8377 AND
2 1 8376 8377 8378 XOR
2 1 381 7986 8379 XOR
1 1 8379 8380 INV
2 1 7977 8380 8381 XOR
2 1 7986 8381 8382 XOR
2 1 8322 8382 8383 AND
2 1 7986 8383 8384 XOR
1 1 36 8385 INV
2 1 8384 8385 8386 AND
1 1 8386 8387 INV
2 1 8378 8387 8388 AND
1 1 8375 8389 INV
2 1 8384 8389 8390 AND
1 1 8390 8391 INV
2 1 8388 8391 8392 AND
2 1 8392 37 8393 XOR
2 1 8392 37 8394 AND
2 1 8393 8394 8395 XOR
2 1 399 8003 8396 XOR
1 1 8396 8397 INV
2 1 7994 8397 8398 XOR
2 1 8003 8398 8399 XOR
2 1 8322 8399 8400 AND
2 1 8003 8400 8401 XOR
1 1 37 8402 INV
2 1 8401 8402 8403 AND
1 1 8403 8404 INV
2 1 8395 8404 8405 AND
1 1 8392 8406 INV
2 1 8401 8406 8407 AND
1 1 8407 8408 INV
2 1 8405 8408 8409 AND
2 1 8409 38 8410 XOR
2 1 8409 38 8411 AND
2 1 8410 8411 8412 XOR
2 1 417 8020 8413 XOR
1 1 8413 8414 INV
2 1 8011 8414 8415 XOR
2 1 8020 8415 8416 XOR
2 1 8322 8416 8417 AND
2 1 8020 8417 8418 XOR
1 1 38 8419 INV
2 1 8418 8419 8420 AND
1 1 8420 8421 INV
2 1 8412 8421 8422 AND
1 1 8409 8423 INV
2 1 8418 8423 8424 AND
1 1 8424 8425 INV
2 1 8422 8425 8426 AND
2 1 8426 39 8427 XOR
2 1 8426 39 8428 AND
2 1 8427 8428 8429 XOR
2 1 127 8037 8430 XOR
1 1 8430 8431 INV
2 1 8028 8431 8432 XOR
2 1 8037 8432 8433 XOR
2 1 8322 8433 8434 AND
2 1 8037 8434 8435 XOR
1 1 39 8436 INV
2 1 8435 8436 8437 AND
1 1 8437 8438 INV
2 1 8429 8438 8439 AND
1 1 8426 8440 INV
2 1 8435 8440 8441 AND
1 1 8441 8442 INV
2 1 8439 8442 8443 AND
2 1 8443 40 8444 XOR
2 1 8443 40 8445 AND
2 1 8444 8445 8446 XOR
2 1 452 8054 8447 XOR
1 1 8447 8448 INV
2 1 8045 8448 8449 XOR
2 1 8054 8449 8450 XOR
2 1 8322 8450 8451 AND
2 1 8054 8451 8452 XOR
1 1 40 8453 INV
2 1 8452 8453 8454 AND
1 1 8454 8455 INV
2 1 8446 8455 8456 AND
1 1 8443 8457 INV
2 1 8452 8457 8458 AND
1 1 8458 8459 INV
2 1 8456 8459 8460 AND
2 1 8460 41 8461 XOR
2 1 8460 41 8462 AND
2 1 8461 8462 8463 XOR
2 1 470 8071 8464 XOR
1 1 8464 8465 INV
2 1 8062 8465 8466 XOR
2 1 8071 8466 8467 XOR
2 1 8322 8467 8468 AND
2 1 8071 8468 8469 XOR
1 1 41 8470 INV
2 1 8469 8470 8471 AND
1 1 8471 8472 INV
2 1 8463 8472 8473 AND
1 1 8460 8474 INV
2 1 8469 8474 8475 AND
1 1 8475 8476 INV
2 1 8473 8476 8477 AND
2 1 8477 42 8478 XOR
2 1 8477 42 8479 AND
2 1 8478 8479 8480 XOR
2 1 488 8088 8481 XOR
1 1 8481 8482 INV
2 1 8079 8482 8483 XOR
2 1 8088 8483 8484 XOR
2 1 8322 8484 8485 AND
2 1 8088 8485 8486 XOR
1 1 42 8487 INV
2 1 8486 8487 8488 AND
1 1 8488 8489 INV
2 1 8480 8489 8490 AND
1 1 8477 8491 INV
2 1 8486 8491 8492 AND
1 1 8492 8493 INV
2 1 8490 8493 8494 AND
2 1 8494 43 8495 XOR
2 1 8494 43 8496 AND
2 1 8495 8496 8497 XOR
2 1 173 8105 8498 XOR
1 1 8498 8499 INV
2 1 8096 8499 8500 XOR
2 1 8105 8500 8501 XOR
2 1 8322 8501 8502 AND
2 1 8105 8502 8503 XOR
1 1 43 8504 INV
2 1 8503 8504 8505 AND
1 1 8505 8506 INV
2 1 8497 8506 8507 AND
1 1 8494 8508 INV
2 1 8503 8508 8509 AND
1 1 8509 8510 INV
2 1 8507 8510 8511 AND
2 1 8511 44 8512 XOR
2 1 8511 44 8513 AND
2 1 8512 8513 8514 XOR
2 1 523 8122 8515 XOR
1 1 8515 8516 INV
2 1 8113 8516 8517 XOR
2 1 8122 8517 8518 XOR
2 1 8322 8518 8519 AND
2 1 8122 8519 8520 XOR
1 1 44 8521 INV
2 1 8520 8521 8522 AND
1 1 8522 8523 INV
2 1 8514 8523 8524 AND
1 1 8511 8525 INV
2 1 8520 8525 8526 AND
1 1 8526 8527 INV
2 1 8524 8527 8528 AND
2 1 8528 45 8529 XOR
2 1 8528 45 8530 AND
2 1 8529 8530 8531 XOR
2 1 541 8139 8532 XOR
1 1 8532 8533 INV
2 1 8130 8533 8534 XOR
2 1 8139 8534 8535 XOR
2 1 8322 8535 8536 AND
2 1 8139 8536 8537 XOR
1 1 45 8538 INV
2 1 8537 8538 8539 AND
1 1 8539 8540 INV
2 1 8531 8540 8541 AND
1 1 8528 8542 INV
2 1 8537 8542 8543 AND
1 1 8543 8544 INV
2 1 8541 8544 8545 AND
2 1 8545 46 8546 XOR
2 1 8545 46 8547 AND
2 1 8546 8547 8548 XOR
2 1 559 8156 8549 XOR
1 1 8549 8550 INV
2 1 8147 8550 8551 XOR
2 1 8156 8551 8552 XOR
2 1 8322 8552 8553 AND
2 1 8156 8553 8554 XOR
1 1 46 8555 INV
2 1 8554 8555 8556 AND
1 1 8556 8557 INV
2 1 8548 8557 8558 AND
1 1 8545 8559 INV
2 1 8554 8559 8560 AND
1 1 8560 8561 INV
2 1 8558 8561 8562 AND
2 1 8562 47 8563 XOR
2 1 8562 47 8564 AND
2 1 8563 8564 8565 XOR
2 1 219 8173 8566 XOR
1 1 8566 8567 INV
2 1 8164 8567 8568 XOR
2 1 8173 8568 8569 XOR
2 1 8322 8569 8570 AND
2 1 8173 8570 8571 XOR
1 1 47 8572 INV
2 1 8571 8572 8573 AND
1 1 8573 8574 INV
2 1 8565 8574 8575 AND
1 1 8562 8576 INV
2 1 8571 8576 8577 AND
1 1 8577 8578 INV
2 1 8575 8578 8579 AND
2 1 8579 48 8580 XOR
2 1 8579 48 8581 AND
2 1 8580 8581 8582 XOR
2 1 594 8190 8583 XOR
1 1 8583 8584 INV
2 1 8181 8584 8585 XOR
2 1 8190 8585 8586 XOR
2 1 8322 8586 8587 AND
2 1 8190 8587 8588 XOR
1 1 48 8589 INV
2 1 8588 8589 8590 AND
1 1 8590 8591 INV
2 1 8582 8591 8592 AND
1 1 8579 8593 INV
2 1 8588 8593 8594 AND
1 1 8594 8595 INV
2 1 8592 8595 8596 AND
2 1 8596 49 8597 XOR
2 1 8596 49 8598 AND
2 1 8597 8598 8599 XOR
2 1 612 8207 8600 XOR
1 1 8600 8601 INV
2 1 8198 8601 8602 XOR
2 1 8207 8602 8603 XOR
2 1 8322 8603 8604 AND
2 1 8207 8604 8605 XOR
1 1 49 8606 INV
2 1 8605 8606 8607 AND
1 1 8607 8608 INV
2 1 8599 8608 8609 AND
1 1 8596 8610 INV
2 1 8605 8610 8611 AND
1 1 8611 8612 INV
2 1 8609 8612 8613 AND
2 1 8613 50 8614 XOR
2 1 8613 50 8615 AND
2 1 8614 8615 8616 XOR
2 1 630 8224 8617 XOR
1 1 8617 8618 INV
2 1 8215 8618 8619 XOR
2 1 8224 8619 8620 XOR
2 1 8322 8620 8621 AND
2 1 8224 8621 8622 XOR
1 1 50 8623 INV
2 1 8622 8623 8624 AND
1 1 8624 8625 INV
2 1 8616 8625 8626 AND
1 1 8613 8627 INV
2 1 8622 8627 8628 AND
1 1 8628 8629 INV
2 1 8626 8629 8630 AND
2 1 8630 51 8631 XOR
2 1 8630 51 8632 AND
2 1 8631 8632 8633 XOR
2 1 265 8241 8634 XOR
1 1 8634 8635 INV
2 1 8232 8635 8636 XOR
2 1 8241 8636 8637 XOR
2 1 8322 8637 8638 AND
2 1 8241 8638 8639 XOR
1 1 51 8640 INV
2 1 8639 8640 8641 AND
1 1 8641 8642 INV
2 1 8633 8642 8643 AND
1 1 8630 8644 INV
2 1 8639 8644 8645 AND
1 1 8645 8646 INV
2 1 8643 8646 8647 AND
2 1 8647 52 8648 XOR
2 1 8647 52 8649 AND
2 1 8648 8649 8650 XOR
2 1 665 8258 8651 XOR
1 1 8651 8652 INV
2 1 8249 8652 8653 XOR
2 1 8258 8653 8654 XOR
2 1 8322 8654 8655 AND
2 1 8258 8655 8656 XOR
1 1 52 8657 INV
2 1 8656 8657 8658 AND
1 1 8658 8659 INV
2 1 8650 8659 8660 AND
1 1 8647 8661 INV
2 1 8656 8661 8662 AND
1 1 8662 8663 INV
2 1 8660 8663 8664 AND
2 1 8664 53 8665 XOR
2 1 8664 53 8666 AND
2 1 8665 8666 8667 XOR
1 1 53 8668 INV
2 1 8328 8668 8669 AND
1 1 8669 8670 INV
2 1 8667 8670 8671 AND
1 1 8664 8672 INV
2 1 8328 8672 8673 AND
1 1 8673 8674 INV
2 1 8671 8674 8675 AND
2 1 8675 54 8676 XOR
2 1 8675 54 8677 AND
2 1 8676 8677 8678 XOR
2 1 701 8286 8679 XOR
1 1 8679 8680 INV
2 1 8277 8680 8681 XOR
2 1 8286 8681 8682 XOR
2 1 8322 8682 8683 AND
2 1 8286 8683 8684 XOR
1 1 54 8685 INV
2 1 8684 8685 8686 AND
1 1 8686 8687 INV
2 1 8678 8687 8688 AND
1 1 8675 8689 INV
2 1 8684 8689 8690 AND
1 1 8690 8691 INV
2 1 8688 8691 8692 AND
1 1 8692 8693 INV
2 1 8334 8693 8694 AND
1 1 8694 8695 INV
2 1 8311 7953 8696 XOR
1 1 8696 8697 INV
2 1 7953 8697 8698 XOR
2 1 8322 8698 8699 AND
2 1 7953 8699 8700 XOR
1 1 8700 8701 INV
2 1 8695 8701 8702 AND
1 1 8702 8703 INV
2 1 701 8328 8704 XOR
1 1 8704 8705 INV
2 1 8664 8705 8706 XOR
2 1 8328 8706 8707 XOR
2 1 8703 8707 8708 AND
2 1 8328 8708 8709 XOR
2 1 320 8684 8710 XOR
1 1 8710 8711 INV
2 1 8675 8711 8712 XOR
2 1 8684 8712 8713 XOR
2 1 8703 8713 8714 AND
2 1 8684 8714 8715 XOR
2 1 8703 32 8716 AND
1 1 33 8717 INV
2 1 8716 8717 8718 AND
1 1 8718 8719 INV
2 1 330 8719 8720 AND
1 1 32 8721 INV
2 1 8716 8721 8722 AND
1 1 8722 8723 INV
2 1 8720 8723 8724 AND
2 1 8724 34 8725 XOR
2 1 8724 34 8726 AND
2 1 8725 8726 8727 XOR
2 1 8335 736 8728 XOR
2 1 8335 8728 8729 XOR
2 1 8703 8729 8730 AND
2 1 8335 8730 8731 XOR
1 1 34 8732 INV
2 1 8731 8732 8733 AND
1 1 8733 8734 INV
2 1 8727 8734 8735 AND
1 1 8724 8736 INV
2 1 8731 8736 8737 AND
1 1 8737 8738 INV
2 1 8735 8738 8739 AND
2 1 8739 35 8740 XOR
2 1 8739 35 8741 AND
2 1 8740 8741 8742 XOR
2 1 81 8350 8743 XOR
1 1 8743 8744 INV
2 1 8343 8744 8745 XOR
2 1 8350 8745 8746 XOR
2 1 8703 8746 8747 AND
2 1 8350 8747 8748 XOR
1 1 35 8749 INV
2 1 8748 8749 8750 AND
1 1 8750 8751 INV
2 1 8742 8751 8752 AND
1 1 8739 8753 INV
2 1 8748 8753 8754 AND
1 1 8754 8755 INV
2 1 8752 8755 8756 AND
2 1 8756 36 8757 XOR
2 1 8756 36 8758 AND
2 1 8757 8758 8759 XOR
2 1 381 8367 8760 XOR
1 1 8760 8761 INV
2 1 8358 8761 8762 XOR
2 1 8367 8762 8763 XOR
2 1 8703 8763 8764 AND
2 1 8367 8764 8765 XOR
1 1 36 8766 INV
2 1 8765 8766 8767 AND
1 1 8767 8768 INV
2 1 8759 8768 8769 AND
1 1 8756 8770 INV
2 1 8765 8770 8771 AND
1 1 8771 8772 INV
2 1 8769 8772 8773 AND
2 1 8773 37 8774 XOR
2 1 8773 37 8775 AND
2 1 8774 8775 8776 XOR
2 1 399 8384 8777 XOR
1 1 8777 8778 INV
2 1 8375 8778 8779 XOR
2 1 8384 8779 8780 XOR
2 1 8703 8780 8781 AND
2 1 8384 8781 8782 XOR
1 1 37 8783 INV
2 1 8782 8783 8784 AND
1 1 8784 8785 INV
2 1 8776 8785 8786 AND
1 1 8773 8787 INV
2 1 8782 8787 8788 AND
1 1 8788 8789 INV
2 1 8786 8789 8790 AND
2 1 8790 38 8791 XOR
2 1 8790 38 8792 AND
2 1 8791 8792 8793 XOR
2 1 417 8401 8794 XOR
1 1 8794 8795 INV
2 1 8392 8795 8796 XOR
2 1 8401 8796 8797 XOR
2 1 8703 8797 8798 AND
2 1 8401 8798 8799 XOR
1 1 38 8800 INV
2 1 8799 8800 8801 AND
1 1 8801 8802 INV
2 1 8793 8802 8803 AND
1 1 8790 8804 INV
2 1 8799 8804 8805 AND
1 1 8805 8806 INV
2 1 8803 8806 8807 AND
2 1 8807 39 8808 XOR
2 1 8807 39 8809 AND
2 1 8808 8809 8810 XOR
2 1 127 8418 8811 XOR
1 1 8811 8812 INV
2 1 8409 8812 8813 XOR
2 1 8418 8813 8814 XOR
2 1 8703 8814 8815 AND
2 1 8418 8815 8816 XOR
1 1 39 8817 INV
2 1 8816 8817 8818 AND
1 1 8818 8819 INV
2 1 8810 8819 8820 AND
1 1 8807 8821 INV
2 1 8816 8821 8822 AND
1 1 8822 8823 INV
2 1 8820 8823 8824 AND
2 1 8824 40 8825 XOR
2 1 8824 40 8826 AND
2 1 8825 8826 8827 XOR
2 1 452 8435 8828 XOR
1 1 8828 8829 INV
2 1 8426 8829 8830 XOR
2 1 8435 8830 8831 XOR
2 1 8703 8831 8832 AND
2 1 8435 8832 8833 XOR
1 1 40 8834 INV
2 1 8833 8834 8835 AND
1 1 8835 8836 INV
2 1 8827 8836 8837 AND
1 1 8824 8838 INV
2 1 8833 8838 8839 AND
1 1 8839 8840 INV
2 1 8837 8840 8841 AND
2 1 8841 41 8842 XOR
2 1 8841 41 8843 AND
2 1 8842 8843 8844 XOR
2 1 470 8452 8845 XOR
1 1 8845 8846 INV
2 1 8443 8846 8847 XOR
2 1 8452 8847 8848 XOR
2 1 8703 8848 8849 AND
2 1 8452 8849 8850 XOR
1 1 41 8851 INV
2 1 8850 8851 8852 AND
1 1 8852 8853 INV
2 1 8844 8853 8854 AND
1 1 8841 8855 INV
2 1 8850 8855 8856 AND
1 1 8856 8857 INV
2 1 8854 8857 8858 AND
2 1 8858 42 8859 XOR
2 1 8858 42 8860 AND
2 1 8859 8860 8861 XOR
2 1 488 8469 8862 XOR
1 1 8862 8863 INV
2 1 8460 8863 8864 XOR
2 1 8469 8864 8865 XOR
2 1 8703 8865 8866 AND
2 1 8469 8866 8867 XOR
1 1 42 8868 INV
2 1 8867 8868 8869 AND
1 1 8869 8870 INV
2 1 8861 8870 8871 AND
1 1 8858 8872 INV
2 1 8867 8872 8873 AND
1 1 8873 8874 INV
2 1 8871 8874 8875 AND
2 1 8875 43 8876 XOR
2 1 8875 43 8877 AND
2 1 8876 8877 8878 XOR
2 1 173 8486 8879 XOR
1 1 8879 8880 INV
2 1 8477 8880 8881 XOR
2 1 8486 8881 8882 XOR
2 1 8703 8882 8883 AND
2 1 8486 8883 8884 XOR
1 1 43 8885 INV
2 1 8884 8885 8886 AND
1 1 8886 8887 INV
2 1 8878 8887 8888 AND
1 1 8875 8889 INV
2 1 8884 8889 8890 AND
1 1 8890 8891 INV
2 1 8888 8891 8892 AND
2 1 8892 44 8893 XOR
2 1 8892 44 8894 AND
2 1 8893 8894 8895 XOR
2 1 523 8503 8896 XOR
1 1 8896 8897 INV
2 1 8494 8897 8898 XOR
2 1 8503 8898 8899 XOR
2 1 8703 8899 8900 AND
2 1 8503 8900 8901 XOR
1 1 44 8902 INV
2 1 8901 8902 8903 AND
1 1 8903 8904 INV
2 1 8895 8904 8905 AND
1 1 8892 8906 INV
2 1 8901 8906 8907 AND
1 1 8907 8908 INV
2 1 8905 8908 8909 AND
2 1 8909 45 8910 XOR
2 1 8909 45 8911 AND
2 1 8910 8911 8912 XOR
2 1 541 8520 8913 XOR
1 1 8913 8914 INV
2 1 8511 8914 8915 XOR
2 1 8520 8915 8916 XOR
2 1 8703 8916 8917 AND
2 1 8520 8917 8918 XOR
1 1 45 8919 INV
2 1 8918 8919 8920 AND
1 1 8920 8921 INV
2 1 8912 8921 8922 AND
1 1 8909 8923 INV
2 1 8918 8923 8924 AND
1 1 8924 8925 INV
2 1 8922 8925 8926 AND
2 1 8926 46 8927 XOR
2 1 8926 46 8928 AND
2 1 8927 8928 8929 XOR
2 1 559 8537 8930 XOR
1 1 8930 8931 INV
2 1 8528 8931 8932 XOR
2 1 8537 8932 8933 XOR
2 1 8703 8933 8934 AND
2 1 8537 8934 8935 XOR
1 1 46 8936 INV
2 1 8935 8936 8937 AND
1 1 8937 8938 INV
2 1 8929 8938 8939 AND
1 1 8926 8940 INV
2 1 8935 8940 8941 AND
1 1 8941 8942 INV
2 1 8939 8942 8943 AND
2 1 8943 47 8944 XOR
2 1 8943 47 8945 AND
2 1 8944 8945 8946 XOR
2 1 219 8554 8947 XOR
1 1 8947 8948 INV
2 1 8545 8948 8949 XOR
2 1 8554 8949 8950 XOR
2 1 8703 8950 8951 AND
2 1 8554 8951 8952 XOR
1 1 47 8953 INV
2 1 8952 8953 8954 AND
1 1 8954 8955 INV
2 1 8946 8955 8956 AND
1 1 8943 8957 INV
2 1 8952 8957 8958 AND
1 1 8958 8959 INV
2 1 8956 8959 8960 AND
2 1 8960 48 8961 XOR
2 1 8960 48 8962 AND
2 1 8961 8962 8963 XOR
2 1 594 8571 8964 XOR
1 1 8964 8965 INV
2 1 8562 8965 8966 XOR
2 1 8571 8966 8967 XOR
2 1 8703 8967 8968 AND
2 1 8571 8968 8969 XOR
1 1 48 8970 INV
2 1 8969 8970 8971 AND
1 1 8971 8972 INV
2 1 8963 8972 8973 AND
1 1 8960 8974 INV
2 1 8969 8974 8975 AND
1 1 8975 8976 INV
2 1 8973 8976 8977 AND
2 1 8977 49 8978 XOR
2 1 8977 49 8979 AND
2 1 8978 8979 8980 XOR
2 1 612 8588 8981 XOR
1 1 8981 8982 INV
2 1 8579 8982 8983 XOR
2 1 8588 8983 8984 XOR
2 1 8703 8984 8985 AND
2 1 8588 8985 8986 XOR
1 1 49 8987 INV
2 1 8986 8987 8988 AND
1 1 8988 8989 INV
2 1 8980 8989 8990 AND
1 1 8977 8991 INV
2 1 8986 8991 8992 AND
1 1 8992 8993 INV
2 1 8990 8993 8994 AND
2 1 8994 50 8995 XOR
2 1 8994 50 8996 AND
2 1 8995 8996 8997 XOR
2 1 630 8605 8998 XOR
1 1 8998 8999 INV
2 1 8596 8999 9000 XOR
2 1 8605 9000 9001 XOR
2 1 8703 9001 9002 AND
2 1 8605 9002 9003 XOR
1 1 50 9004 INV
2 1 9003 9004 9005 AND
1 1 9005 9006 INV
2 1 8997 9006 9007 AND
1 1 8994 9008 INV
2 1 9003 9008 9009 AND
1 1 9009 9010 INV
2 1 9007 9010 9011 AND
2 1 9011 51 9012 XOR
2 1 9011 51 9013 AND
2 1 9012 9013 9014 XOR
2 1 265 8622 9015 XOR
1 1 9015 9016 INV
2 1 8613 9016 9017 XOR
2 1 8622 9017 9018 XOR
2 1 8703 9018 9019 AND
2 1 8622 9019 9020 XOR
1 1 51 9021 INV
2 1 9020 9021 9022 AND
1 1 9022 9023 INV
2 1 9014 9023 9024 AND
1 1 9011 9025 INV
2 1 9020 9025 9026 AND
1 1 9026 9027 INV
2 1 9024 9027 9028 AND
2 1 9028 52 9029 XOR
2 1 9028 52 9030 AND
2 1 9029 9030 9031 XOR
2 1 665 8639 9032 XOR
1 1 9032 9033 INV
2 1 8630 9033 9034 XOR
2 1 8639 9034 9035 XOR
2 1 8703 9035 9036 AND
2 1 8639 9036 9037 XOR
1 1 52 9038 INV
2 1 9037 9038 9039 AND
1 1 9039 9040 INV
2 1 9031 9040 9041 AND
1 1 9028 9042 INV
2 1 9037 9042 9043 AND
1 1 9043 9044 INV
2 1 9041 9044 9045 AND
2 1 9045 53 9046 XOR
2 1 9045 53 9047 AND
2 1 9046 9047 9048 XOR
2 1 683 8656 9049 XOR
1 1 9049 9050 INV
2 1 8647 9050 9051 XOR
2 1 8656 9051 9052 XOR
2 1 8703 9052 9053 AND
2 1 8656 9053 9054 XOR
1 1 53 9055 INV
2 1 9054 9055 9056 AND
1 1 9056 9057 INV
2 1 9048 9057 9058 AND
1 1 9045 9059 INV
2 1 9054 9059 9060 AND
1 1 9060 9061 INV
2 1 9058 9061 9062 AND
2 1 9062 54 9063 XOR
2 1 9062 54 9064 AND
2 1 9063 9064 9065 XOR
1 1 54 9066 INV
2 1 8709 9066 9067 AND
1 1 9067 9068 INV
2 1 9065 9068 9069 AND
1 1 9062 9070 INV
2 1 8709 9070 9071 AND
1 1 9071 9072 INV
2 1 9069 9072 9073 AND
1 1 9073 9074 INV
2 1 8715 9074 9075 AND
1 1 9075 9076 INV
2 1 8692 8334 9077 XOR
1 1 9077 9078 INV
2 1 8334 9078 9079 XOR
2 1 8703 9079 9080 AND
2 1 8334 9080 9081 XOR
1 1 9081 9082 INV
2 1 9076 9082 9083 AND
1 1 9083 9084 INV
2 1 320 8709 9085 XOR
1 1 9085 9086 INV
2 1 9062 9086 9087 XOR
2 1 8709 9087 9088 XOR
2 1 9084 9088 9089 AND
2 1 8709 9089 9090 XOR
2 1 9084 32 9091 AND
1 1 33 9092 INV
2 1 9091 9092 9093 AND
1 1 9093 9094 INV
2 1 330 9094 9095 AND
1 1 32 9096 INV
2 1 9091 9096 9097 AND
1 1 9097 9098 INV
2 1 9095 9098 9099 AND
2 1 9099 34 9100 XOR
2 1 9099 34 9101 AND
2 1 9100 9101 9102 XOR
2 1 8716 736 9103 XOR
2 1 8716 9103 9104 XOR
2 1 9084 9104 9105 AND
2 1 8716 9105 9106 XOR
1 1 34 9107 INV
2 1 9106 9107 9108 AND
1 1 9108 9109 INV
2 1 9102 9109 9110 AND
1 1 9099 9111 INV
2 1 9106 9111 9112 AND
1 1 9112 9113 INV
2 1 9110 9113 9114 AND
2 1 9114 35 9115 XOR
2 1 9114 35 9116 AND
2 1 9115 9116 9117 XOR
2 1 81 8731 9118 XOR
1 1 9118 9119 INV
2 1 8724 9119 9120 XOR
2 1 8731 9120 9121 XOR
2 1 9084 9121 9122 AND
2 1 8731 9122 9123 XOR
1 1 35 9124 INV
2 1 9123 9124 9125 AND
1 1 9125 9126 INV
2 1 9117 9126 9127 AND
1 1 9114 9128 INV
2 1 9123 9128 9129 AND
1 1 9129 9130 INV
2 1 9127 9130 9131 AND
2 1 9131 36 9132 XOR
2 1 9131 36 9133 AND
2 1 9132 9133 9134 XOR
2 1 381 8748 9135 XOR
1 1 9135 9136 INV
2 1 8739 9136 9137 XOR
2 1 8748 9137 9138 XOR
2 1 9084 9138 9139 AND
2 1 8748 9139 9140 XOR
1 1 36 9141 INV
2 1 9140 9141 9142 AND
1 1 9142 9143 INV
2 1 9134 9143 9144 AND
1 1 9131 9145 INV
2 1 9140 9145 9146 AND
1 1 9146 9147 INV
2 1 9144 9147 9148 AND
2 1 9148 37 9149 XOR
2 1 9148 37 9150 AND
2 1 9149 9150 9151 XOR
2 1 399 8765 9152 XOR
1 1 9152 9153 INV
2 1 8756 9153 9154 XOR
2 1 8765 9154 9155 XOR
2 1 9084 9155 9156 AND
2 1 8765 9156 9157 XOR
1 1 37 9158 INV
2 1 9157 9158 9159 AND
1 1 9159 9160 INV
2 1 9151 9160 9161 AND
1 1 9148 9162 INV
2 1 9157 9162 9163 AND
1 1 9163 9164 INV
2 1 9161 9164 9165 AND
2 1 9165 38 9166 XOR
2 1 9165 38 9167 AND
2 1 9166 9167 9168 XOR
2 1 417 8782 9169 XOR
1 1 9169 9170 INV
2 1 8773 9170 9171 XOR
2 1 8782 9171 9172 XOR
2 1 9084 9172 9173 AND
2 1 8782 9173 9174 XOR
1 1 38 9175 INV
2 1 9174 9175 9176 AND
1 1 9176 9177 INV
2 1 9168 9177 9178 AND
1 1 9165 9179 INV
2 1 9174 9179 9180 AND
1 1 9180 9181 INV
2 1 9178 9181 9182 AND
2 1 9182 39 9183 XOR
2 1 9182 39 9184 AND
2 1 9183 9184 9185 XOR
2 1 127 8799 9186 XOR
1 1 9186 9187 INV
2 1 8790 9187 9188 XOR
2 1 8799 9188 9189 XOR
2 1 9084 9189 9190 AND
2 1 8799 9190 9191 XOR
1 1 39 9192 INV
2 1 9191 9192 9193 AND
1 1 9193 9194 INV
2 1 9185 9194 9195 AND
1 1 9182 9196 INV
2 1 9191 9196 9197 AND
1 1 9197 9198 INV
2 1 9195 9198 9199 AND
2 1 9199 40 9200 XOR
2 1 9199 40 9201 AND
2 1 9200 9201 9202 XOR
2 1 452 8816 9203 XOR
1 1 9203 9204 INV
2 1 8807 9204 9205 XOR
2 1 8816 9205 9206 XOR
2 1 9084 9206 9207 AND
2 1 8816 9207 9208 XOR
1 1 40 9209 INV
2 1 9208 9209 9210 AND
1 1 9210 9211 INV
2 1 9202 9211 9212 AND
1 1 9199 9213 INV
2 1 9208 9213 9214 AND
1 1 9214 9215 INV
2 1 9212 9215 9216 AND
2 1 9216 41 9217 XOR
2 1 9216 41 9218 AND
2 1 9217 9218 9219 XOR
2 1 470 8833 9220 XOR
1 1 9220 9221 INV
2 1 8824 9221 9222 XOR
2 1 8833 9222 9223 XOR
2 1 9084 9223 9224 AND
2 1 8833 9224 9225 XOR
1 1 41 9226 INV
2 1 9225 9226 9227 AND
1 1 9227 9228 INV
2 1 9219 9228 9229 AND
1 1 9216 9230 INV
2 1 9225 9230 9231 AND
1 1 9231 9232 INV
2 1 9229 9232 9233 AND
2 1 9233 42 9234 XOR
2 1 9233 42 9235 AND
2 1 9234 9235 9236 XOR
2 1 488 8850 9237 XOR
1 1 9237 9238 INV
2 1 8841 9238 9239 XOR
2 1 8850 9239 9240 XOR
2 1 9084 9240 9241 AND
2 1 8850 9241 9242 XOR
1 1 42 9243 INV
2 1 9242 9243 9244 AND
1 1 9244 9245 INV
2 1 9236 9245 9246 AND
1 1 9233 9247 INV
2 1 9242 9247 9248 AND
1 1 9248 9249 INV
2 1 9246 9249 9250 AND
2 1 9250 43 9251 XOR
2 1 9250 43 9252 AND
2 1 9251 9252 9253 XOR
2 1 173 8867 9254 XOR
1 1 9254 9255 INV
2 1 8858 9255 9256 XOR
2 1 8867 9256 9257 XOR
2 1 9084 9257 9258 AND
2 1 8867 9258 9259 XOR
1 1 43 9260 INV
2 1 9259 9260 9261 AND
1 1 9261 9262 INV
2 1 9253 9262 9263 AND
1 1 9250 9264 INV
2 1 9259 9264 9265 AND
1 1 9265 9266 INV
2 1 9263 9266 9267 AND
2 1 9267 44 9268 XOR
2 1 9267 44 9269 AND
2 1 9268 9269 9270 XOR
2 1 523 8884 9271 XOR
1 1 9271 9272 INV
2 1 8875 9272 9273 XOR
2 1 8884 9273 9274 XOR
2 1 9084 9274 9275 AND
2 1 8884 9275 9276 XOR
1 1 44 9277 INV
2 1 9276 9277 9278 AND
1 1 9278 9279 INV
2 1 9270 9279 9280 AND
1 1 9267 9281 INV
2 1 9276 9281 9282 AND
1 1 9282 9283 INV
2 1 9280 9283 9284 AND
2 1 9284 45 9285 XOR
2 1 9284 45 9286 AND
2 1 9285 9286 9287 XOR
2 1 541 8901 9288 XOR
1 1 9288 9289 INV
2 1 8892 9289 9290 XOR
2 1 8901 9290 9291 XOR
2 1 9084 9291 9292 AND
2 1 8901 9292 9293 XOR
1 1 45 9294 INV
2 1 9293 9294 9295 AND
1 1 9295 9296 INV
2 1 9287 9296 9297 AND
1 1 9284 9298 INV
2 1 9293 9298 9299 AND
1 1 9299 9300 INV
2 1 9297 9300 9301 AND
2 1 9301 46 9302 XOR
2 1 9301 46 9303 AND
2 1 9302 9303 9304 XOR
2 1 559 8918 9305 XOR
1 1 9305 9306 INV
2 1 8909 9306 9307 XOR
2 1 8918 9307 9308 XOR
2 1 9084 9308 9309 AND
2 1 8918 9309 9310 XOR
1 1 46 9311 INV
2 1 9310 9311 9312 AND
1 1 9312 9313 INV
2 1 9304 9313 9314 AND
1 1 9301 9315 INV
2 1 9310 9315 9316 AND
1 1 9316 9317 INV
2 1 9314 9317 9318 AND
2 1 9318 47 9319 XOR
2 1 9318 47 9320 AND
2 1 9319 9320 9321 XOR
2 1 219 8935 9322 XOR
1 1 9322 9323 INV
2 1 8926 9323 9324 XOR
2 1 8935 9324 9325 XOR
2 1 9084 9325 9326 AND
2 1 8935 9326 9327 XOR
1 1 47 9328 INV
2 1 9327 9328 9329 AND
1 1 9329 9330 INV
2 1 9321 9330 9331 AND
1 1 9318 9332 INV
2 1 9327 9332 9333 AND
1 1 9333 9334 INV
2 1 9331 9334 9335 AND
2 1 9335 48 9336 XOR
2 1 9335 48 9337 AND
2 1 9336 9337 9338 XOR
2 1 594 8952 9339 XOR
1 1 9339 9340 INV
2 1 8943 9340 9341 XOR
2 1 8952 9341 9342 XOR
2 1 9084 9342 9343 AND
2 1 8952 9343 9344 XOR
1 1 48 9345 INV
2 1 9344 9345 9346 AND
1 1 9346 9347 INV
2 1 9338 9347 9348 AND
1 1 9335 9349 INV
2 1 9344 9349 9350 AND
1 1 9350 9351 INV
2 1 9348 9351 9352 AND
2 1 9352 49 9353 XOR
2 1 9352 49 9354 AND
2 1 9353 9354 9355 XOR
2 1 612 8969 9356 XOR
1 1 9356 9357 INV
2 1 8960 9357 9358 XOR
2 1 8969 9358 9359 XOR
2 1 9084 9359 9360 AND
2 1 8969 9360 9361 XOR
1 1 49 9362 INV
2 1 9361 9362 9363 AND
1 1 9363 9364 INV
2 1 9355 9364 9365 AND
1 1 9352 9366 INV
2 1 9361 9366 9367 AND
1 1 9367 9368 INV
2 1 9365 9368 9369 AND
2 1 9369 50 9370 XOR
2 1 9369 50 9371 AND
2 1 9370 9371 9372 XOR
2 1 630 8986 9373 XOR
1 1 9373 9374 INV
2 1 8977 9374 9375 XOR
2 1 8986 9375 9376 XOR
2 1 9084 9376 9377 AND
2 1 8986 9377 9378 XOR
1 1 50 9379 INV
2 1 9378 9379 9380 AND
1 1 9380 9381 INV
2 1 9372 9381 9382 AND
1 1 9369 9383 INV
2 1 9378 9383 9384 AND
1 1 9384 9385 INV
2 1 9382 9385 9386 AND
2 1 9386 51 9387 XOR
2 1 9386 51 9388 AND
2 1 9387 9388 9389 XOR
2 1 265 9003 9390 XOR
1 1 9390 9391 INV
2 1 8994 9391 9392 XOR
2 1 9003 9392 9393 XOR
2 1 9084 9393 9394 AND
2 1 9003 9394 9395 XOR
1 1 51 9396 INV
2 1 9395 9396 9397 AND
1 1 9397 9398 INV
2 1 9389 9398 9399 AND
1 1 9386 9400 INV
2 1 9395 9400 9401 AND
1 1 9401 9402 INV
2 1 9399 9402 9403 AND
2 1 9403 52 9404 XOR
2 1 9403 52 9405 AND
2 1 9404 9405 9406 XOR
2 1 665 9020 9407 XOR
1 1 9407 9408 INV
2 1 9011 9408 9409 XOR
2 1 9020 9409 9410 XOR
2 1 9084 9410 9411 AND
2 1 9020 9411 9412 XOR
1 1 52 9413 INV
2 1 9412 9413 9414 AND
1 1 9414 9415 INV
2 1 9406 9415 9416 AND
1 1 9403 9417 INV
2 1 9412 9417 9418 AND
1 1 9418 9419 INV
2 1 9416 9419 9420 AND
2 1 9420 53 9421 XOR
2 1 9420 53 9422 AND
2 1 9421 9422 9423 XOR
2 1 683 9037 9424 XOR
1 1 9424 9425 INV
2 1 9028 9425 9426 XOR
2 1 9037 9426 9427 XOR
2 1 9084 9427 9428 AND
2 1 9037 9428 9429 XOR
1 1 53 9430 INV
2 1 9429 9430 9431 AND
1 1 9431 9432 INV
2 1 9423 9432 9433 AND
1 1 9420 9434 INV
2 1 9429 9434 9435 AND
1 1 9435 9436 INV
2 1 9433 9436 9437 AND
2 1 9437 54 9438 XOR
2 1 9437 54 9439 AND
2 1 9438 9439 9440 XOR
2 1 701 9054 9441 XOR
1 1 9441 9442 INV
2 1 9045 9442 9443 XOR
2 1 9054 9443 9444 XOR
2 1 9084 9444 9445 AND
2 1 9054 9445 9446 XOR
1 1 54 9447 INV
2 1 9446 9447 9448 AND
1 1 9448 9449 INV
2 1 9440 9449 9450 AND
1 1 9437 9451 INV
2 1 9446 9451 9452 AND
1 1 9452 9453 INV
2 1 9450 9453 9454 AND
1 1 9454 9455 INV
2 1 9090 9455 9456 AND
1 1 9456 9457 INV
2 1 9073 8715 9458 XOR
1 1 9458 9459 INV
2 1 8715 9459 9460 XOR
2 1 9084 9460 9461 AND
2 1 8715 9461 9462 XOR
1 1 9462 9463 INV
2 1 9457 9463 9464 AND
1 1 9464 9465 INV
2 1 9465 32 9466 AND
2 1 9466 736 9467 XOR
2 1 9466 9467 9468 XOR
2 1 320 9446 9469 XOR
1 1 9469 9470 INV
2 1 9437 9470 9471 XOR
2 1 9446 9471 9472 XOR
2 1 9465 9472 9473 AND
2 1 9446 9473 9474 XOR
1 1 33 9475 INV
2 1 9466 9475 9476 AND
1 1 9476 9477 INV
2 1 330 9477 9478 AND
1 1 32 9479 INV
2 1 9466 9479 9480 AND
1 1 9480 9481 INV
2 1 9478 9481 9482 AND
2 1 9482 34 9483 XOR
2 1 9482 34 9484 AND
2 1 9483 9484 9485 XOR
2 1 9091 736 9486 XOR
2 1 9091 9486 9487 XOR
2 1 9465 9487 9488 AND
2 1 9091 9488 9489 XOR
1 1 34 9490 INV
2 1 9489 9490 9491 AND
1 1 9491 9492 INV
2 1 9485 9492 9493 AND
1 1 9482 9494 INV
2 1 9489 9494 9495 AND
1 1 9495 9496 INV
2 1 9493 9496 9497 AND
2 1 9497 35 9498 XOR
2 1 9497 35 9499 AND
2 1 9498 9499 9500 XOR
2 1 81 9106 9501 XOR
1 1 9501 9502 INV
2 1 9099 9502 9503 XOR
2 1 9106 9503 9504 XOR
2 1 9465 9504 9505 AND
2 1 9106 9505 9506 XOR
1 1 35 9507 INV
2 1 9506 9507 9508 AND
1 1 9508 9509 INV
2 1 9500 9509 9510 AND
1 1 9497 9511 INV
2 1 9506 9511 9512 AND
1 1 9512 9513 INV
2 1 9510 9513 9514 AND
2 1 9514 36 9515 XOR
2 1 9514 36 9516 AND
2 1 9515 9516 9517 XOR
2 1 381 9123 9518 XOR
1 1 9518 9519 INV
2 1 9114 9519 9520 XOR
2 1 9123 9520 9521 XOR
2 1 9465 9521 9522 AND
2 1 9123 9522 9523 XOR
1 1 36 9524 INV
2 1 9523 9524 9525 AND
1 1 9525 9526 INV
2 1 9517 9526 9527 AND
1 1 9514 9528 INV
2 1 9523 9528 9529 AND
1 1 9529 9530 INV
2 1 9527 9530 9531 AND
2 1 9531 37 9532 XOR
2 1 9531 37 9533 AND
2 1 9532 9533 9534 XOR
2 1 399 9140 9535 XOR
1 1 9535 9536 INV
2 1 9131 9536 9537 XOR
2 1 9140 9537 9538 XOR
2 1 9465 9538 9539 AND
2 1 9140 9539 9540 XOR
1 1 37 9541 INV
2 1 9540 9541 9542 AND
1 1 9542 9543 INV
2 1 9534 9543 9544 AND
1 1 9531 9545 INV
2 1 9540 9545 9546 AND
1 1 9546 9547 INV
2 1 9544 9547 9548 AND
2 1 9548 38 9549 XOR
2 1 9548 38 9550 AND
2 1 9549 9550 9551 XOR
2 1 417 9157 9552 XOR
1 1 9552 9553 INV
2 1 9148 9553 9554 XOR
2 1 9157 9554 9555 XOR
2 1 9465 9555 9556 AND
2 1 9157 9556 9557 XOR
1 1 38 9558 INV
2 1 9557 9558 9559 AND
1 1 9559 9560 INV
2 1 9551 9560 9561 AND
1 1 9548 9562 INV
2 1 9557 9562 9563 AND
1 1 9563 9564 INV
2 1 9561 9564 9565 AND
2 1 9565 39 9566 XOR
2 1 9565 39 9567 AND
2 1 9566 9567 9568 XOR
2 1 127 9174 9569 XOR
1 1 9569 9570 INV
2 1 9165 9570 9571 XOR
2 1 9174 9571 9572 XOR
2 1 9465 9572 9573 AND
2 1 9174 9573 9574 XOR
1 1 39 9575 INV
2 1 9574 9575 9576 AND
1 1 9576 9577 INV
2 1 9568 9577 9578 AND
1 1 9565 9579 INV
2 1 9574 9579 9580 AND
1 1 9580 9581 INV
2 1 9578 9581 9582 AND
2 1 9582 40 9583 XOR
2 1 9582 40 9584 AND
2 1 9583 9584 9585 XOR
2 1 452 9191 9586 XOR
1 1 9586 9587 INV
2 1 9182 9587 9588 XOR
2 1 9191 9588 9589 XOR
2 1 9465 9589 9590 AND
2 1 9191 9590 9591 XOR
1 1 40 9592 INV
2 1 9591 9592 9593 AND
1 1 9593 9594 INV
2 1 9585 9594 9595 AND
1 1 9582 9596 INV
2 1 9591 9596 9597 AND
1 1 9597 9598 INV
2 1 9595 9598 9599 AND
2 1 9599 41 9600 XOR
2 1 9599 41 9601 AND
2 1 9600 9601 9602 XOR
2 1 470 9208 9603 XOR
1 1 9603 9604 INV
2 1 9199 9604 9605 XOR
2 1 9208 9605 9606 XOR
2 1 9465 9606 9607 AND
2 1 9208 9607 9608 XOR
1 1 41 9609 INV
2 1 9608 9609 9610 AND
1 1 9610 9611 INV
2 1 9602 9611 9612 AND
1 1 9599 9613 INV
2 1 9608 9613 9614 AND
1 1 9614 9615 INV
2 1 9612 9615 9616 AND
2 1 9616 42 9617 XOR
2 1 9616 42 9618 AND
2 1 9617 9618 9619 XOR
2 1 488 9225 9620 XOR
1 1 9620 9621 INV
2 1 9216 9621 9622 XOR
2 1 9225 9622 9623 XOR
2 1 9465 9623 9624 AND
2 1 9225 9624 9625 XOR
1 1 42 9626 INV
2 1 9625 9626 9627 AND
1 1 9627 9628 INV
2 1 9619 9628 9629 AND
1 1 9616 9630 INV
2 1 9625 9630 9631 AND
1 1 9631 9632 INV
2 1 9629 9632 9633 AND
2 1 9633 43 9634 XOR
2 1 9633 43 9635 AND
2 1 9634 9635 9636 XOR
2 1 173 9242 9637 XOR
1 1 9637 9638 INV
2 1 9233 9638 9639 XOR
2 1 9242 9639 9640 XOR
2 1 9465 9640 9641 AND
2 1 9242 9641 9642 XOR
1 1 43 9643 INV
2 1 9642 9643 9644 AND
1 1 9644 9645 INV
2 1 9636 9645 9646 AND
1 1 9633 9647 INV
2 1 9642 9647 9648 AND
1 1 9648 9649 INV
2 1 9646 9649 9650 AND
2 1 9650 44 9651 XOR
2 1 9650 44 9652 AND
2 1 9651 9652 9653 XOR
2 1 523 9259 9654 XOR
1 1 9654 9655 INV
2 1 9250 9655 9656 XOR
2 1 9259 9656 9657 XOR
2 1 9465 9657 9658 AND
2 1 9259 9658 9659 XOR
1 1 44 9660 INV
2 1 9659 9660 9661 AND
1 1 9661 9662 INV
2 1 9653 9662 9663 AND
1 1 9650 9664 INV
2 1 9659 9664 9665 AND
1 1 9665 9666 INV
2 1 9663 9666 9667 AND
2 1 9667 45 9668 XOR
2 1 9667 45 9669 AND
2 1 9668 9669 9670 XOR
2 1 541 9276 9671 XOR
1 1 9671 9672 INV
2 1 9267 9672 9673 XOR
2 1 9276 9673 9674 XOR
2 1 9465 9674 9675 AND
2 1 9276 9675 9676 XOR
1 1 45 9677 INV
2 1 9676 9677 9678 AND
1 1 9678 9679 INV
2 1 9670 9679 9680 AND
1 1 9667 9681 INV
2 1 9676 9681 9682 AND
1 1 9682 9683 INV
2 1 9680 9683 9684 AND
2 1 9684 46 9685 XOR
2 1 9684 46 9686 AND
2 1 9685 9686 9687 XOR
2 1 559 9293 9688 XOR
1 1 9688 9689 INV
2 1 9284 9689 9690 XOR
2 1 9293 9690 9691 XOR
2 1 9465 9691 9692 AND
2 1 9293 9692 9693 XOR
1 1 46 9694 INV
2 1 9693 9694 9695 AND
1 1 9695 9696 INV
2 1 9687 9696 9697 AND
1 1 9684 9698 INV
2 1 9693 9698 9699 AND
1 1 9699 9700 INV
2 1 9697 9700 9701 AND
2 1 9701 47 9702 XOR
2 1 9701 47 9703 AND
2 1 9702 9703 9704 XOR
2 1 219 9310 9705 XOR
1 1 9705 9706 INV
2 1 9301 9706 9707 XOR
2 1 9310 9707 9708 XOR
2 1 9465 9708 9709 AND
2 1 9310 9709 9710 XOR
1 1 47 9711 INV
2 1 9710 9711 9712 AND
1 1 9712 9713 INV
2 1 9704 9713 9714 AND
1 1 9701 9715 INV
2 1 9710 9715 9716 AND
1 1 9716 9717 INV
2 1 9714 9717 9718 AND
2 1 9718 48 9719 XOR
2 1 9718 48 9720 AND
2 1 9719 9720 9721 XOR
2 1 594 9327 9722 XOR
1 1 9722 9723 INV
2 1 9318 9723 9724 XOR
2 1 9327 9724 9725 XOR
2 1 9465 9725 9726 AND
2 1 9327 9726 9727 XOR
1 1 48 9728 INV
2 1 9727 9728 9729 AND
1 1 9729 9730 INV
2 1 9721 9730 9731 AND
1 1 9718 9732 INV
2 1 9727 9732 9733 AND
1 1 9733 9734 INV
2 1 9731 9734 9735 AND
2 1 9735 49 9736 XOR
2 1 9735 49 9737 AND
2 1 9736 9737 9738 XOR
2 1 612 9344 9739 XOR
1 1 9739 9740 INV
2 1 9335 9740 9741 XOR
2 1 9344 9741 9742 XOR
2 1 9465 9742 9743 AND
2 1 9344 9743 9744 XOR
1 1 49 9745 INV
2 1 9744 9745 9746 AND
1 1 9746 9747 INV
2 1 9738 9747 9748 AND
1 1 9735 9749 INV
2 1 9744 9749 9750 AND
1 1 9750 9751 INV
2 1 9748 9751 9752 AND
2 1 9752 50 9753 XOR
2 1 9752 50 9754 AND
2 1 9753 9754 9755 XOR
2 1 630 9361 9756 XOR
1 1 9756 9757 INV
2 1 9352 9757 9758 XOR
2 1 9361 9758 9759 XOR
2 1 9465 9759 9760 AND
2 1 9361 9760 9761 XOR
1 1 50 9762 INV
2 1 9761 9762 9763 AND
1 1 9763 9764 INV
2 1 9755 9764 9765 AND
1 1 9752 9766 INV
2 1 9761 9766 9767 AND
1 1 9767 9768 INV
2 1 9765 9768 9769 AND
2 1 9769 51 9770 XOR
2 1 9769 51 9771 AND
2 1 9770 9771 9772 XOR
2 1 265 9378 9773 XOR
1 1 9773 9774 INV
2 1 9369 9774 9775 XOR
2 1 9378 9775 9776 XOR
2 1 9465 9776 9777 AND
2 1 9378 9777 9778 XOR
1 1 51 9779 INV
2 1 9778 9779 9780 AND
1 1 9780 9781 INV
2 1 9772 9781 9782 AND
1 1 9769 9783 INV
2 1 9778 9783 9784 AND
1 1 9784 9785 INV
2 1 9782 9785 9786 AND
2 1 9786 52 9787 XOR
2 1 9786 52 9788 AND
2 1 9787 9788 9789 XOR
2 1 665 9395 9790 XOR
1 1 9790 9791 INV
2 1 9386 9791 9792 XOR
2 1 9395 9792 9793 XOR
2 1 9465 9793 9794 AND
2 1 9395 9794 9795 XOR
1 1 52 9796 INV
2 1 9795 9796 9797 AND
1 1 9797 9798 INV
2 1 9789 9798 9799 AND
1 1 9786 9800 INV
2 1 9795 9800 9801 AND
1 1 9801 9802 INV
2 1 9799 9802 9803 AND
2 1 9803 53 9804 XOR
2 1 9803 53 9805 AND
2 1 9804 9805 9806 XOR
2 1 683 9412 9807 XOR
1 1 9807 9808 INV
2 1 9403 9808 9809 XOR
2 1 9412 9809 9810 XOR
2 1 9465 9810 9811 AND
2 1 9412 9811 9812 XOR
1 1 53 9813 INV
2 1 9812 9813 9814 AND
1 1 9814 9815 INV
2 1 9806 9815 9816 AND
1 1 9803 9817 INV
2 1 9812 9817 9818 AND
1 1 9818 9819 INV
2 1 9816 9819 9820 AND
2 1 9820 54 9821 XOR
2 1 9820 54 9822 AND
2 1 9821 9822 9823 XOR
2 1 701 9429 9824 XOR
1 1 9824 9825 INV
2 1 9420 9825 9826 XOR
2 1 9429 9826 9827 XOR
2 1 9465 9827 9828 AND
2 1 9429 9828 9829 XOR
1 1 54 9830 INV
2 1 9829 9830 9831 AND
1 1 9831 9832 INV
2 1 9823 9832 9833 AND
1 1 9820 9834 INV
2 1 9829 9834 9835 AND
1 1 9835 9836 INV
2 1 9833 9836 9837 AND
1 1 9837 9838 INV
2 1 9474 9838 9839 AND
1 1 9839 9840 INV
2 1 9454 9090 9841 XOR
1 1 9841 9842 INV
2 1 9090 9842 9843 XOR
2 1 9465 9843 9844 AND
2 1 9090 9844 9845 XOR
1 1 9845 9846 INV
2 1 9840 9846 9847 AND
1 1 9847 9848 INV
2 1 9848 9468 9849 AND
2 1 9466 9849 9850 XOR
2 1 81 9489 9851 XOR
1 1 9851 9852 INV
2 1 9482 9852 9853 XOR
2 1 9489 9853 9854 XOR
2 1 9848 9854 9855 AND
2 1 9489 9855 9856 XOR
2 1 381 9506 9857 XOR
1 1 9857 9858 INV
2 1 9497 9858 9859 XOR
2 1 9506 9859 9860 XOR
2 1 9848 9860 9861 AND
2 1 9506 9861 9862 XOR
2 1 399 9523 9863 XOR
1 1 9863 9864 INV
2 1 9514 9864 9865 XOR
2 1 9523 9865 9866 XOR
2 1 9848 9866 9867 AND
2 1 9523 9867 9868 XOR
2 1 417 9540 9869 XOR
1 1 9869 9870 INV
2 1 9531 9870 9871 XOR
2 1 9540 9871 9872 XOR
2 1 9848 9872 9873 AND
2 1 9540 9873 9874 XOR
2 1 127 9557 9875 XOR
1 1 9875 9876 INV
2 1 9548 9876 9877 XOR
2 1 9557 9877 9878 XOR
2 1 9848 9878 9879 AND
2 1 9557 9879 9880 XOR
2 1 452 9574 9881 XOR
1 1 9881 9882 INV
2 1 9565 9882 9883 XOR
2 1 9574 9883 9884 XOR
2 1 9848 9884 9885 AND
2 1 9574 9885 9886 XOR
2 1 470 9591 9887 XOR
1 1 9887 9888 INV
2 1 9582 9888 9889 XOR
2 1 9591 9889 9890 XOR
2 1 9848 9890 9891 AND
2 1 9591 9891 9892 XOR
2 1 488 9608 9893 XOR
1 1 9893 9894 INV
2 1 9599 9894 9895 XOR
2 1 9608 9895 9896 XOR
2 1 9848 9896 9897 AND
2 1 9608 9897 9898 XOR
2 1 173 9625 9899 XOR
1 1 9899 9900 INV
2 1 9616 9900 9901 XOR
2 1 9625 9901 9902 XOR
2 1 9848 9902 9903 AND
2 1 9625 9903 9904 XOR
2 1 523 9642 9905 XOR
1 1 9905 9906 INV
2 1 9633 9906 9907 XOR
2 1 9642 9907 9908 XOR
2 1 9848 9908 9909 AND
2 1 9642 9909 9910 XOR
2 1 541 9659 9911 XOR
1 1 9911 9912 INV
2 1 9650 9912 9913 XOR
2 1 9659 9913 9914 XOR
2 1 9848 9914 9915 AND
2 1 9659 9915 9916 XOR
2 1 559 9676 9917 XOR
1 1 9917 9918 INV
2 1 9667 9918 9919 XOR
2 1 9676 9919 9920 XOR
2 1 9848 9920 9921 AND
2 1 9676 9921 9922 XOR
2 1 219 9693 9923 XOR
1 1 9923 9924 INV
2 1 9684 9924 9925 XOR
2 1 9693 9925 9926 XOR
2 1 9848 9926 9927 AND
2 1 9693 9927 9928 XOR
2 1 594 9710 9929 XOR
1 1 9929 9930 INV
2 1 9701 9930 9931 XOR
2 1 9710 9931 9932 XOR
2 1 9848 9932 9933 AND
2 1 9710 9933 9934 XOR
2 1 612 9727 9935 XOR
1 1 9935 9936 INV
2 1 9718 9936 9937 XOR
2 1 9727 9937 9938 XOR
2 1 9848 9938 9939 AND
2 1 9727 9939 9940 XOR
2 1 630 9744 9941 XOR
1 1 9941 9942 INV
2 1 9735 9942 9943 XOR
2 1 9744 9943 9944 XOR
2 1 9848 9944 9945 AND
2 1 9744 9945 9946 XOR
2 1 265 9761 9947 XOR
1 1 9947 9948 INV
2 1 9752 9948 9949 XOR
2 1 9761 9949 9950 XOR
2 1 9848 9950 9951 AND
2 1 9761 9951 9952 XOR
2 1 665 9778 9953 XOR
1 1 9953 9954 INV
2 1 9769 9954 9955 XOR
2 1 9778 9955 9956 XOR
2 1 9848 9956 9957 AND
2 1 9778 9957 9958 XOR
2 1 683 9795 9959 XOR
1 1 9959 9960 INV
2 1 9786 9960 9961 XOR
2 1 9795 9961 9962 XOR
2 1 9848 9962 9963 AND
2 1 9795 9963 9964 XOR
2 1 701 9812 9965 XOR
1 1 9965 9966 INV
2 1 9803 9966 9967 XOR
2 1 9812 9967 9968 XOR
2 1 9848 9968 9969 AND
2 1 9812 9969 9970 XOR
2 1 320 9829 9971 XOR
1 1 9971 9972 INV
2 1 9820 9972 9973 XOR
2 1 9829 9973 9974 XOR
2 1 9848 9974 9975 AND
2 1 9829 9975 9976 XOR
2 1 9837 9474 9977 XOR
1 1 9977 9978 INV
2 1 9474 9978 9979 XOR
2 1 9848 9979 9980 AND
2 1 9474 9980 9981 XOR
2 1 701 21 9982 AND
1 1 9982 9983 INV
1 1 20 9984 INV
2 1 9983 9984 9985 AND
1 1 683 9986 INV
2 1 9985 9986 9987 AND
1 1 9987 9988 INV
1 1 21 9989 INV
2 1 53 9989 9990 AND
1 1 9990 9991 INV
2 1 9988 9991 9992 AND
1 1 17 9993 INV
2 1 49 9993 9994 AND
1 1 9994 9995 INV
2 1 630 17 9996 AND
1 1 9996 9997 INV
1 1 16 9998 INV
2 1 9997 9998 9999 AND
1 1 612 10000 INV
2 1 9999 10000 10001 AND
1 1 10001 10002 INV
2 1 9995 10002 10003 AND
1 1 10003 10004 INV
2 1 665 19 10005 AND
1 1 10005 10006 INV
2 1 269 10006 10007 AND
1 1 10007 10008 INV
1 1 10008 10009 INV
2 1 10004 10009 10010 AND
1 1 10010 10011 INV
1 1 19 10012 INV
2 1 51 10012 10013 AND
1 1 10013 10014 INV
2 1 10011 10014 10015 AND
1 1 18 10016 INV
2 1 10006 10016 10017 AND
1 1 265 10018 INV
2 1 10017 10018 10019 AND
1 1 10019 10020 INV
2 1 10015 10020 10021 AND
1 1 10021 10022 INV
2 1 291 9983 10023 AND
1 1 10023 10024 INV
1 1 10024 10025 INV
2 1 10022 10025 10026 AND
1 1 10026 10027 INV
2 1 9992 10027 10028 AND
1 1 10028 10029 INV
2 1 22 320 10030 AND
1 1 10030 10031 INV
2 1 10029 10031 10032 AND
1 1 10032 10033 INV
1 1 22 10034 INV
2 1 54 10034 10035 AND
1 1 10035 10036 INV
2 1 10033 10036 10037 AND
1 1 15 10038 INV
2 1 47 10038 10039 AND
1 1 10039 10040 INV
1 1 13 10041 INV
2 1 45 10041 10042 AND
1 1 10042 10043 INV
2 1 559 13 10044 AND
1 1 10044 10045 INV
1 1 12 10046 INV
2 1 10045 10046 10047 AND
1 1 541 10048 INV
2 1 10047 10048 10049 AND
1 1 10049 10050 INV
2 1 10043 10050 10051 AND
1 1 10051 10052 INV
2 1 594 15 10053 AND
1 1 10053 10054 INV
2 1 223 10054 10055 AND
1 1 10055 10056 INV
1 1 10056 10057 INV
2 1 10052 10057 10058 AND
1 1 10058 10059 INV
2 1 10040 10059 10060 AND
1 1 14 10061 INV
2 1 10054 10061 10062 AND
1 1 219 10063 INV
2 1 10062 10063 10064 AND
1 1 10064 10065 INV
1 1 9 10066 INV
2 1 41 10066 10067 AND
1 1 10067 10068 INV
2 1 488 9 10069 AND
1 1 10069 10070 INV
1 1 8 10071 INV
2 1 10070 10071 10072 AND
1 1 470 10073 INV
2 1 10072 10073 10074 AND
1 1 10074 10075 INV
2 1 10068 10075 10076 AND
1 1 10076 10077 INV
2 1 523 11 10078 AND
1 1 10078 10079 INV
2 1 177 10079 10080 AND
1 1 10080 10081 INV
1 1 10081 10082 INV
2 1 10077 10082 10083 AND
1 1 10083 10084 INV
1 1 11 10085 INV
2 1 43 10085 10086 AND
1 1 10086 10087 INV
2 1 10084 10087 10088 AND
1 1 10 10089 INV
2 1 10079 10089 10090 AND
1 1 173 10091 INV
2 1 10090 10091 10092 AND
1 1 10092 10093 INV
2 1 10088 10093 10094 AND
1 1 10094 10095 INV
2 1 199 10045 10096 AND
1 1 10056 10097 INV
2 1 10096 10097 10098 AND
1 1 10098 10099 INV
1 1 10099 10100 INV
2 1 10095 10100 10101 AND
1 1 10101 10102 INV
2 1 10065 10102 10103 AND
2 1 10099 10081 10104 XOR
2 1 10099 10081 10105 AND
2 1 10104 10105 10106 XOR
1 1 10106 10107 INV
2 1 153 10070 10108 AND
1 1 5 10109 INV
2 1 37 10109 10110 AND
1 1 10110 10111 INV
2 1 417 5 10112 AND
1 1 10112 10113 INV
1 1 4 10114 INV
2 1 10113 10114 10115 AND
1 1 399 10116 INV
2 1 10115 10116 10117 AND
1 1 10117 10118 INV
2 1 10111 10118 10119 AND
1 1 10119 10120 INV
2 1 452 7 10121 AND
1 1 10121 10122 INV
2 1 131 10122 10123 AND
1 1 10123 10124 INV
1 1 10124 10125 INV
2 1 10120 10125 10126 AND
1 1 10126 10127 INV
1 1 7 10128 INV
2 1 39 10128 10129 AND
1 1 10129 10130 INV
2 1 10127 10130 10131 AND
1 1 6 10132 INV
2 1 10122 10132 10133 AND
1 1 127 10134 INV
2 1 10133 10134 10135 AND
1 1 10135 10136 INV
2 1 3 381 10137 AND
1 1 10137 10138 INV
2 1 85 10138 10139 AND
1 1 1 10140 INV
2 1 33 10140 10141 AND
1 1 10141 10142 INV
1 1 0 10143 INV
2 1 72 10143 10144 AND
1 1 32 10145 INV
1 1 10145 10146 INV
2 1 10144 10146 10147 AND
1 1 10147 10148 INV
2 1 10142 10148 10149 AND
1 1 10149 10150 INV
2 1 10139 10150 10151 AND
1 1 10151 10152 INV
1 1 3 10153 INV
2 1 35 10153 10154 AND
1 1 10154 10155 INV
2 1 10152 10155 10156 AND
2 1 2 10137 10157 XOR
2 1 2 10137 10158 AND
2 1 10157 10158 10159 XOR
1 1 10159 10160 INV
1 1 81 10161 INV
2 1 10160 10161 10162 AND
1 1 10162 10163 INV
2 1 10156 10163 10164 AND
1 1 10164 10165 INV
1 1 10124 10166 INV
2 1 10165 10166 10167 AND
2 1 107 10113 10168 AND
2 1 10167 10168 10169 AND
1 1 10169 10170 INV
2 1 10136 10170 10171 AND
2 1 10131 10171 10172 AND
1 1 10172 10173 INV
2 1 10108 10173 10174 AND
2 1 10107 10174 10175 AND
1 1 10175 10176 INV
2 1 10103 10176 10177 AND
2 1 10060 10177 10178 AND
1 1 10178 10179 INV
1 1 10008 10180 INV
2 1 10179 10180 10181 AND
1 1 10024 10182 INV
2 1 10181 10182 10183 AND
1 1 10030 10184 INV
2 1 9997 10184 10185 AND
2 1 10185 245 10186 AND
2 1 10183 10186 10187 AND
1 1 10187 10188 INV
2 1 10037 10188 10189 AND
1 1 10189 10190 INV
1 1 10190 10191 INV
2 1 23 10191 10192 AND
1 1 10192 10193 INV
1 1 55 10194 INV
1 1 10194 10195 INV
2 1 23 10195 10196 AND
1 1 10196 10197 INV
2 1 10193 10197 10198 AND
1 1 10194 10199 INV
2 1 10189 10199 10200 AND
1 1 10200 10201 INV
2 1 10198 10201 10202 AND
1 1 10202 10203 INV
2 1 56 24 10204 XOR
1 1 10204 10205 INV
1 1 10205 10206 INV
2 1 10203 10206 10207 AND
1 1 10207 10208 INV
2 1 720 1099 10209 XOR
2 1 10190 10209 10210 AND
2 1 720 10210 10211 XOR
2 1 9465 9084 10212 XOR
2 1 10189 10212 10213 AND
2 1 9465 10213 10214 XOR
2 1 9465 9848 10215 XOR
2 1 10190 10215 10216 AND
2 1 9465 10216 10217 XOR
1 1 10190 10218 INV
2 1 9848 10218 10219 AND
1 1 10219 10220 INV
1 1 10145 10221 INV
2 1 9848 10221 10222 AND
1 1 10222 10223 INV
2 1 10220 10223 10224 AND
1 1 10214 10225 INV
2 1 10224 10225 10226 AND
2 1 9916 9910 10227 XOR
2 1 9916 9910 10228 AND
2 1 10227 10228 10229 XOR
1 1 10229 10230 INV
1 1 9904 10231 INV
2 1 10230 10231 10232 AND
2 1 10226 10232 10233 AND
2 1 9934 9928 10234 XOR
2 1 9934 9928 10235 AND
2 1 10234 10235 10236 XOR
1 1 10236 10237 INV
1 1 9922 10238 INV
2 1 10237 10238 10239 AND
2 1 9946 9940 10240 XOR
2 1 9946 9940 10241 AND
2 1 10240 10241 10242 XOR
1 1 10242 10243 INV
2 1 9958 9952 10244 XOR
2 1 9958 9952 10245 AND
2 1 10244 10245 10246 XOR
1 1 10246 10247 INV
2 1 10243 10247 10248 AND
2 1 10239 10248 10249 AND
2 1 10233 10249 10250 AND
2 1 9970 9964 10251 XOR
2 1 9970 9964 10252 AND
2 1 10251 10252 10253 XOR
1 1 10253 10254 INV
1 1 9850 10255 INV
2 1 10254 10255 10256 AND
2 1 9856 9981 10257 XOR
2 1 9856 9981 10258 AND
2 1 10257 10258 10259 XOR
1 1 10259 10260 INV
1 1 9976 10261 INV
2 1 10260 10261 10262 AND
2 1 10256 10262 10263 AND
2 1 9874 9868 10264 XOR
2 1 9874 9868 10265 AND
2 1 10264 10265 10266 XOR
1 1 10266 10267 INV
1 1 9862 10268 INV
2 1 10267 10268 10269 AND
2 1 9886 9880 10270 XOR
2 1 9886 9880 10271 AND
2 1 10270 10271 10272 XOR
1 1 10272 10273 INV
2 1 9898 9892 10274 XOR
2 1 9898 9892 10275 AND
2 1 10274 10275 10276 XOR
1 1 10276 10277 INV
2 1 10273 10277 10278 AND
2 1 10269 10278 10279 AND
2 1 10263 10279 10280 AND
2 1 10250 10280 10281 AND
1 1 10281 10282 INV
2 1 10217 10282 10283 AND
2 1 10214 10283 10284 AND
2 1 8703 9084 10285 XOR
2 1 10190 10285 10286 AND
2 1 8703 10286 10287 XOR
2 1 10284 10287 10288 AND
2 1 8322 8703 10289 XOR
2 1 10190 10289 10290 AND
2 1 8322 10290 10291 XOR
2 1 10288 10291 10292 AND
2 1 7941 8322 10293 XOR
2 1 10190 10293 10294 AND
2 1 7941 10294 10295 XOR
2 1 10292 10295 10296 AND
2 1 7560 7941 10297 XOR
2 1 10190 10297 10298 AND
2 1 7560 10298 10299 XOR
2 1 10296 10299 10300 AND
2 1 7179 7560 10301 XOR
2 1 10190 10301 10302 AND
2 1 7179 10302 10303 XOR
2 1 10300 10303 10304 AND
2 1 6798 7179 10305 XOR
2 1 10190 10305 10306 AND
2 1 6798 10306 10307 XOR
2 1 10304 10307 10308 AND
2 1 6417 6798 10309 XOR
2 1 10190 10309 10310 AND
2 1 6417 10310 10311 XOR
2 1 10308 10311 10312 AND
2 1 6036 6417 10313 XOR
2 1 10190 10313 10314 AND
2 1 6036 10314 10315 XOR
2 1 10312 10315 10316 AND
2 1 5655 6036 10317 XOR
2 1 10190 10317 10318 AND
2 1 5655 10318 10319 XOR
2 1 10316 10319 10320 AND
2 1 5274 5655 10321 XOR
2 1 10190 10321 10322 AND
2 1 5274 10322 10323 XOR
2 1 10320 10323 10324 AND
2 1 4893 5274 10325 XOR
2 1 10190 10325 10326 AND
2 1 4893 10326 10327 XOR
2 1 10324 10327 10328 AND
2 1 4512 4893 10329 XOR
2 1 10190 10329 10330 AND
2 1 4512 10330 10331 XOR
2 1 10328 10331 10332 AND
2 1 4131 4512 10333 XOR
2 1 10190 10333 10334 AND
2 1 4131 10334 10335 XOR
2 1 10332 10335 10336 AND
2 1 3750 4131 10337 XOR
2 1 10190 10337 10338 AND
2 1 3750 10338 10339 XOR
2 1 10336 10339 10340 AND
2 1 3369 3750 10341 XOR
2 1 10190 10341 10342 AND
2 1 3369 10342 10343 XOR
2 1 10340 10343 10344 AND
2 1 2988 3369 10345 XOR
2 1 10190 10345 10346 AND
2 1 2988 10346 10347 XOR
2 1 10344 10347 10348 AND
2 1 2607 2988 10349 XOR
2 1 10190 10349 10350 AND
2 1 2607 10350 10351 XOR
2 1 10348 10351 10352 AND
2 1 2230 2607 10353 XOR
2 1 10190 10353 10354 AND
2 1 2230 10354 10355 XOR
2 1 10352 10355 10356 AND
2 1 1853 2230 10357 XOR
2 1 10190 10357 10358 AND
2 1 1853 10358 10359 XOR
2 1 10356 10359 10360 AND
2 1 1476 1853 10361 XOR
2 1 10190 10361 10362 AND
2 1 1476 10362 10363 XOR
2 1 10360 10363 10364 AND
2 1 1099 1476 10365 XOR
2 1 10190 10365 10366 AND
2 1 1099 10366 10367 XOR
2 1 10364 10367 10368 AND
2 1 10211 10368 10369 XOR
2 1 10367 10364 10370 XOR
2 1 10363 10360 10371 XOR
2 1 10359 10356 10372 XOR
2 1 10355 10352 10373 XOR
2 1 10351 10348 10374 XOR
2 1 10347 10344 10375 XOR
2 1 10343 10340 10376 XOR
2 1 10339 10336 10377 XOR
2 1 10335 10332 10378 XOR
2 1 10331 10328 10379 XOR
2 1 10327 10324 10380 XOR
2 1 10323 10320 10381 XOR
2 1 10319 10316 10382 XOR
2 1 10315 10312 10383 XOR
2 1 10311 10308 10384 XOR
2 1 10307 10304 10385 XOR
2 1 10303 10300 10386 XOR
2 1 10299 10296 10387 XOR
2 1 10295 10292 10388 XOR
2 1 10291 10288 10389 XOR
2 1 10287 10284 10390 XOR
2 1 10283 10214 10391 XOR
2 1 24 23 10392 AND
2 1 26 25 10393 AND
2 1 10392 10393 10394 AND
2 1 28 27 10395 AND
2 1 30 29 10396 AND
2 1 10395 10396 10397 AND
2 1 10394 10397 10398 AND
1 1 10398 10399 INV
1 1 56 10400 INV
2 1 10194 10400 10401 AND
1 1 57 10402 INV
1 1 58 10403 INV
2 1 10402 10403 10404 AND
2 1 10401 10404 10405 AND
1 1 59 10406 INV
1 1 60 10407 INV
2 1 10406 10407 10408 AND
2 1 61 62 10409 XOR
2 1 61 62 10410 AND
2 1 10409 10410 10411 XOR
1 1 10411 10412 INV
2 1 10408 10412 10413 AND
2 1 10405 10413 10414 AND
1 1 10414 10415 INV
2 1 10399 10415 10416 AND
1 1 55 10417 INV
2 1 10203 10417 10418 AND
1 1 10418 10419 INV
2 1 10205 55 10420 XOR
2 1 10205 55 10421 AND
2 1 10420 10421 10422 XOR
2 1 10419 10422 10423 AND
2 1 10423 10208 10424 AND
1 1 24 10425 INV
2 1 56 10425 10426 AND
2 1 10424 10426 10427 XOR
2 1 10424 10426 10428 AND
2 1 10427 10428 10429 XOR
2 1 57 25 10430 XOR
1 1 10430 10431 INV
2 1 10431 10426 10432 XOR
2 1 10431 10426 10433 AND
2 1 10432 10433 10434 XOR
2 1 10429 10434 10435 AND
2 1 10424 10431 10436 XOR
2 1 10424 10431 10437 AND
2 1 10436 10437 10438 XOR
2 1 10435 10438 10439 AND
1 1 25 10440 INV
2 1 57 10440 10441 AND
2 1 10439 10441 10442 XOR
2 1 10439 10441 10443 AND
2 1 10442 10443 10444 XOR
2 1 58 26 10445 XOR
1 1 10445 10446 INV
2 1 10446 10441 10447 XOR
2 1 10446 10441 10448 AND
2 1 10447 10448 10449 XOR
2 1 10444 10449 10450 AND
2 1 10439 10446 10451 XOR
2 1 10439 10446 10452 AND
2 1 10451 10452 10453 XOR
2 1 10450 10453 10454 AND
1 1 26 10455 INV
2 1 58 10455 10456 AND
2 1 10454 10456 10457 XOR
2 1 10454 10456 10458 AND
2 1 10457 10458 10459 XOR
2 1 59 27 10460 XOR
1 1 10460 10461 INV
2 1 10461 10456 10462 XOR
2 1 10461 10456 10463 AND
2 1 10462 10463 10464 XOR
2 1 10459 10464 10465 AND
2 1 10454 10461 10466 XOR
2 1 10454 10461 10467 AND
2 1 10466 10467 10468 XOR
2 1 10465 10468 10469 AND
1 1 27 10470 INV
2 1 59 10470 10471 AND
2 1 10469 10471 10472 XOR
2 1 10469 10471 10473 AND
2 1 10472 10473 10474 XOR
2 1 60 28 10475 XOR
1 1 10475 10476 INV
2 1 10476 10471 10477 XOR
2 1 10476 10471 10478 AND
2 1 10477 10478 10479 XOR
2 1 10474 10479 10480 AND
2 1 10469 10476 10481 XOR
2 1 10469 10476 10482 AND
2 1 10481 10482 10483 XOR
2 1 10480 10483 10484 AND
1 1 28 10485 INV
2 1 60 10485 10486 AND
2 1 10484 10486 10487 XOR
2 1 10484 10486 10488 AND
2 1 10487 10488 10489 XOR
2 1 61 29 10490 XOR
1 1 10490 10491 INV
2 1 10491 10486 10492 XOR
2 1 10491 10486 10493 AND
2 1 10492 10493 10494 XOR
2 1 10489 10494 10495 AND
2 1 10484 10491 10496 XOR
2 1 10484 10491 10497 AND
2 1 10496 10497 10498 XOR
2 1 10495 10498 10499 AND
1 1 29 10500 INV
2 1 61 10500 10501 AND
2 1 10499 10501 10502 XOR
2 1 10499 10501 10503 AND
2 1 10502 10503 10504 XOR
2 1 62 30 10505 XOR
2 1 10505 10501 10506 XOR
2 1 10505 10501 10507 AND
2 1 10506 10507 10508 XOR
2 1 10504 10508 10509 AND
2 1 10505 10499 10510 XOR
2 1 10505 10499 10511 AND
2 1 10510 10511 10512 XOR
2 1 10509 10512 10513 AND
1 1 10513 10514 INV
1 1 62 10515 INV
2 1 30 10515 10516 AND
1 1 10516 10517 INV
2 1 10514 10517 10518 XOR
1 1 10518 10519 INV
2 1 10203 55 10520 XOR
2 1 10520 10205 10521 XOR
2 1 10501 10499 10522 XOR
1 1 10522 10523 INV
2 1 10523 10505 10524 XOR
1 1 10524 10525 INV
1 1 10525 10526 INV
2 1 10521 10526 10527 AND
2 1 55 23 10528 XOR
1 1 10528 10529 INV
2 1 10529 10190 10530 XOR
2 1 10441 10439 10531 XOR
1 1 10531 10532 INV
2 1 10532 10446 10533 XOR
1 1 10533 10534 INV
1 1 10534 10535 INV
2 1 10530 10535 10536 AND
2 1 10527 10536 10537 AND
2 1 10471 10469 10538 XOR
1 1 10538 10539 INV
2 1 10539 10476 10540 XOR
2 1 10426 10424 10541 XOR
1 1 10541 10542 INV
2 1 10542 10431 10543 XOR
1 1 10543 10544 INV
1 1 10544 10545 INV
2 1 10540 10545 10546 AND
2 1 10486 10484 10547 XOR
1 1 10547 10548 INV
2 1 10548 10491 10549 XOR
2 1 10456 10454 10550 XOR
1 1 10550 10551 INV
2 1 10551 10461 10552 XOR
1 1 10552 10553 INV
1 1 10553 10554 INV
2 1 10549 10554 10555 AND
2 1 10546 10555 10556 AND
2 1 10537 10556 10557 AND
1 1 10557 10558 INV
2 1 10519 10558 10559 AND
1 1 10559 10560 INV
1 1 10514 10561 INV
2 1 10517 10561 10562 AND
1 1 10562 10563 INV
2 1 10560 10563 10564 AND
1 1 10564 10565 INV
2 1 10416 10565 10566 AND
1 1 10549 10567 INV
2 1 10553 10567 10568 AND
1 1 10540 10569 INV
2 1 10544 10569 10570 AND
2 1 10568 10570 10571 AND
2 1 10533 10530 10572 XOR
2 1 10533 10530 10573 AND
2 1 10572 10573 10574 XOR
1 1 10574 10575 INV
1 1 10521 10576 INV
2 1 10525 10576 10577 AND
2 1 10575 10577 10578 AND
2 1 10571 10578 10579 AND
1 1 10579 10580 INV
2 1 10566 10580 10581 AND
1 1 10194 10582 INV
2 1 56 10582 10583 AND
1 1 10402 10584 INV
2 1 58 10584 10585 AND
2 1 10583 10585 10586 AND
1 1 10406 10587 INV
2 1 60 10587 10588 AND
2 1 61 62 10589 AND
2 1 10588 10589 10590 AND
2 1 10586 10590 10591 AND
1 1 10591 10592 INV
2 1 23 24 10593 XOR
2 1 23 24 10594 AND
2 1 10593 10594 10595 XOR
1 1 10595 10596 INV
2 1 25 26 10597 XOR
2 1 25 26 10598 AND
2 1 10597 10598 10599 XOR
1 1 10599 10600 INV
2 1 10596 10600 10601 AND
2 1 27 28 10602 XOR
2 1 27 28 10603 AND
2 1 10602 10603 10604 XOR
1 1 10604 10605 INV
2 1 29 30 10606 XOR
2 1 29 30 10607 AND
2 1 10606 10607 10608 XOR
1 1 10608 10609 INV
2 1 10605 10609 10610 AND
2 1 10601 10610 10611 AND
1 1 10611 10612 INV
2 1 10563 10612 10613 AND
2 1 10592 10613 10614 AND
2 1 10581 10614 10615 AND
2 1 10382 10615 10616 AND
2 1 10383 10615 10617 AND
2 1 10384 10615 10618 AND
2 1 10385 10615 10619 AND
2 1 10386 10615 10620 AND
2 1 10387 10615 10621 AND
2 1 10388 10615 10622 AND
2 1 10612 10415 10623 XOR
2 1 10612 10415 10624 AND
2 1 10623 10624 10625 XOR
2 1 10592 10399 10626 XOR
2 1 10592 10399 10627 AND
2 1 10626 10627 10628 XOR
2 1 10625 10628 10629 AND
2 1 31 63 10630 XOR
2 1 10629 10630 10631 AND
1 1 10525 10632 INV
2 1 10615 10632 10633 AND
1 1 10633 10634 INV
2 1 10634 10566 10635 AND
1 1 10635 10636 INV
2 1 10389 10615 10637 AND
2 1 10549 10615 10638 AND
1 1 10638 10639 INV
2 1 10639 10566 10640 AND
1 1 10640 10641 INV
2 1 10540 10615 10642 AND
1 1 10642 10643 INV
2 1 10643 10566 10644 AND
1 1 10644 10645 INV
1 1 10553 10646 INV
2 1 10615 10646 10647 AND
1 1 10647 10648 INV
2 1 10648 10566 10649 AND
1 1 10649 10650 INV
1 1 10534 10651 INV
2 1 10615 10651 10652 AND
1 1 10652 10653 INV
2 1 10653 10566 10654 AND
1 1 10654 10655 INV
1 1 10544 10656 INV
2 1 10615 10656 10657 AND
1 1 10657 10658 INV
2 1 10658 10566 10659 AND
1 1 10659 10660 INV
2 1 10521 10615 10661 AND
1 1 10661 10662 INV
2 1 10662 10566 10663 AND
1 1 10663 10664 INV
2 1 10530 10615 10665 AND
1 1 10665 10666 INV
2 1 10666 10566 10667 AND
1 1 10667 10668 INV
2 1 10369 10615 10669 AND
2 1 10370 10615 10670 AND
2 1 10371 10615 10671 AND
2 1 10390 10615 10672 AND
2 1 10372 10615 10673 AND
2 1 10373 10615 10674 AND
2 1 10374 10615 10675 AND
2 1 10375 10615 10676 AND
2 1 10376 10615 10677 AND
2 1 10377 10615 10678 AND
2 1 10378 10615 10679 AND
2 1 10379 10615 10680 AND
2 1 10380 10615 10681 AND
2 1 10381 10615 10682 AND
2 1 10391 10615 10683 AND
2 1 0 0 10684 XOR
2 1 10684 10683 10685 XOR
2 1 10684 10672 10686 XOR
2 1 10684 10637 10687 XOR
2 1 10684 10622 10688 XOR
2 1 10684 10621 10689 XOR
2 1 10684 10620 10690 XOR
2 1 10684 10619 10691 XOR
2 1 10684 10618 10692 XOR
2 1 10684 10617 10693 XOR
2 1 10684 10616 10694 XOR
2 1 10684 10682 10695 XOR
2 1 10684 10681 10696 XOR
2 1 10684 10680 10697 XOR
2 1 10684 10679 10698 XOR
2 1 10684 10678 10699 XOR
2 1 10684 10677 10700 XOR
2 1 10684 10676 10701 XOR
2 1 10684 10675 10702 XOR
2 1 10684 10674 10703 XOR
2 1 10684 10673 10704 XOR
2 1 10684 10671 10705 XOR
2 1 10684 10670 10706 XOR
2 1 10684 10669 10707 XOR
2 1 10684 10668 10708 XOR
2 1 10684 10664 10709 XOR
2 1 10684 10660 10710 XOR
2 1 10684 10655 10711 XOR
2 1 10684 10650 10712 XOR
2 1 10684 10645 10713 XOR
2 1 10684 10641 10714 XOR
2 1 10684 10636 10715 XOR
2 1 10684 10631 10716 XOR
2 1 0 0 10717 XOR
2 1 10717 10716 10718 XOR
2 1 10717 10715 10719 XOR
2 1 10717 10714 10720 XOR
2 1 10717 10713 10721 XOR
2 1 10717 10712 10722 XOR
2 1 10717 10711 10723 XOR
2 1 10717 10710 10724 XOR
2 1 10717 10709 10725 XOR
2 1 10717 10708 10726 XOR
2 1 10717 10707 10727 XOR
2 1 10717 10706 10728 XOR
2 1 10717 10705 10729 XOR
2 1 10717 10704 10730 XOR
2 1 10717 10703 10731 XOR
2 1 10717 10702 10732 XOR
2 1 10717 10701 10733 XOR
2 1 10717 10700 10734 XOR
2 1 10717 10699 10735 XOR
2 1 10717 10698 10736 XOR
2 1 10717 10697 10737 XOR
2 1 10717 10696 10738 XOR
2 1 10717 10695 10739 XOR
2 1 10717 10694 10740 XOR
2 1 10717 10693 10741 XOR
2 1 10717 10692 10742 XOR
2 1 10717 10691 10743 XOR
2 1 10717 10690 10744 XOR
2 1 10717 10689 10745 XOR
2 1 10717 10688 10746 XOR
2 1 10717 10687 10747 XOR
2 1 10717 10686 10748 XOR
2 1 10717 10685 10749 XOR
