8887 8951
32 32 32
                                                                                                                                                                                     
2 1 62 30 64 XOR
2 1 61 29 65 XOR
2 1 60 28 66 XOR
2 1 59 27 67 XOR
2 1 58 26 68 XOR
2 1 57 25 69 XOR
2 1 56 24 70 XOR
2 1 55 23 71 AND
2 1 71 24 72 XOR
2 1 70 72 73 AND
2 1 24 73 74 XOR
2 1 74 25 75 XOR
2 1 69 75 76 AND
2 1 25 76 77 XOR
2 1 77 26 78 XOR
2 1 68 78 79 AND
2 1 26 79 80 XOR
2 1 80 27 81 XOR
2 1 67 81 82 AND
2 1 27 82 83 XOR
2 1 83 28 84 XOR
2 1 66 84 85 AND
2 1 28 85 86 XOR
2 1 86 29 87 XOR
2 1 65 87 88 AND
2 1 29 88 89 XOR
2 1 89 64 90 XOR
2 1 89 30 91 XOR
2 1 64 91 92 AND
2 1 30 92 93 XOR
2 1 86 65 94 XOR
2 1 83 66 95 XOR
2 1 80 67 96 XOR
2 1 77 68 97 XOR
2 1 74 69 98 XOR
2 1 71 70 99 XOR
2 1 55 23 100 XOR
2 1 99 100 101 AND
2 1 98 101 102 AND
2 1 97 102 103 AND
2 1 96 103 104 AND
2 1 95 104 105 AND
2 1 94 105 106 XOR
2 1 95 104 107 XOR
2 1 96 103 108 XOR
2 1 97 102 109 XOR
2 1 98 101 110 XOR
2 1 99 100 111 XOR
1 1 100 112 INV
2 1 111 112 113 AND
2 1 110 113 114 AND
2 1 109 114 115 AND
2 1 108 115 116 AND
2 1 107 116 117 AND
2 1 106 117 118 XOR
2 1 106 117 119 AND
2 1 107 116 120 XOR
2 1 108 115 121 XOR
2 1 109 114 122 XOR
2 1 110 113 123 XOR
2 1 111 112 124 XOR
1 1 33 125 INV
1 1 32 126 INV
2 1 125 126 127 AND
1 1 34 128 INV
1 1 35 129 INV
2 1 128 129 130 AND
1 1 130 131 INV
1 1 131 132 INV
2 1 127 132 133 AND
1 1 36 134 INV
1 1 37 135 INV
2 1 134 135 136 AND
1 1 38 137 INV
1 1 39 138 INV
2 1 137 138 139 AND
1 1 139 140 INV
1 1 140 141 INV
2 1 136 141 142 AND
1 1 142 143 INV
1 1 143 144 INV
2 1 133 144 145 AND
1 1 41 146 INV
1 1 40 147 INV
2 1 146 147 148 AND
1 1 42 149 INV
1 1 43 150 INV
2 1 149 150 151 AND
1 1 151 152 INV
1 1 152 153 INV
2 1 148 153 154 AND
1 1 44 155 INV
1 1 45 156 INV
2 1 155 156 157 AND
1 1 46 158 INV
1 1 47 159 INV
2 1 158 159 160 AND
1 1 160 161 INV
1 1 161 162 INV
2 1 157 162 163 AND
1 1 163 164 INV
1 1 164 165 INV
2 1 154 165 166 AND
1 1 166 167 INV
1 1 167 168 INV
2 1 145 168 169 AND
1 1 1 170 INV
1 1 0 171 INV
2 1 170 171 172 AND
1 1 2 173 INV
1 1 3 174 INV
2 1 173 174 175 AND
1 1 175 176 INV
1 1 176 177 INV
2 1 172 177 178 AND
1 1 4 179 INV
1 1 5 180 INV
2 1 179 180 181 AND
1 1 6 182 INV
1 1 7 183 INV
2 1 182 183 184 AND
1 1 184 185 INV
1 1 185 186 INV
2 1 181 186 187 AND
1 1 187 188 INV
1 1 188 189 INV
2 1 178 189 190 AND
1 1 9 191 INV
1 1 8 192 INV
2 1 191 192 193 AND
1 1 10 194 INV
1 1 11 195 INV
2 1 194 195 196 AND
1 1 196 197 INV
1 1 197 198 INV
2 1 193 198 199 AND
1 1 12 200 INV
1 1 13 201 INV
2 1 200 201 202 AND
1 1 14 203 INV
1 1 15 204 INV
2 1 203 204 205 AND
1 1 205 206 INV
1 1 206 207 INV
2 1 202 207 208 AND
1 1 208 209 INV
1 1 209 210 INV
2 1 199 210 211 AND
1 1 211 212 INV
1 1 212 213 INV
2 1 190 213 214 AND
2 1 169 214 215 XOR
2 1 190 212 216 AND
2 1 145 167 217 AND
2 1 217 216 218 XOR
1 1 16 219 INV
1 1 17 220 INV
2 1 219 220 221 AND
1 1 18 222 INV
1 1 19 223 INV
2 1 222 223 224 AND
1 1 224 225 INV
1 1 225 226 INV
2 1 221 226 227 AND
1 1 227 228 INV
1 1 209 229 INV
2 1 228 229 230 AND
1 1 230 231 INV
2 1 231 199 232 AND
1 1 232 233 INV
1 1 188 234 INV
2 1 233 234 235 AND
1 1 235 236 INV
2 1 178 236 237 AND
1 1 48 238 INV
1 1 49 239 INV
2 1 238 239 240 AND
1 1 50 241 INV
1 1 51 242 INV
2 1 241 242 243 AND
1 1 243 244 INV
1 1 244 245 INV
2 1 240 245 246 AND
1 1 246 247 INV
1 1 164 248 INV
2 1 247 248 249 AND
1 1 249 250 INV
2 1 250 154 251 AND
1 1 251 252 INV
1 1 143 253 INV
2 1 252 253 254 AND
1 1 254 255 INV
2 1 133 255 256 AND
2 1 256 237 257 XOR
1 1 21 258 INV
1 1 20 259 INV
2 1 258 259 260 AND
1 1 260 261 INV
1 1 225 262 INV
2 1 261 262 263 AND
1 1 263 264 INV
2 1 264 221 265 AND
1 1 265 266 INV
1 1 206 267 INV
2 1 266 267 268 AND
1 1 268 269 INV
2 1 269 202 270 AND
1 1 270 271 INV
1 1 197 272 INV
2 1 271 272 273 AND
1 1 273 274 INV
2 1 274 193 275 AND
1 1 275 276 INV
1 1 185 277 INV
2 1 276 277 278 AND
1 1 278 279 INV
2 1 279 181 280 AND
1 1 280 281 INV
1 1 176 282 INV
2 1 281 282 283 AND
1 1 283 284 INV
2 1 172 284 285 AND
1 1 53 286 INV
1 1 52 287 INV
2 1 286 287 288 AND
1 1 288 289 INV
1 1 244 290 INV
2 1 289 290 291 AND
1 1 291 292 INV
2 1 292 240 293 AND
1 1 293 294 INV
1 1 161 295 INV
2 1 294 295 296 AND
1 1 296 297 INV
2 1 297 157 298 AND
1 1 298 299 INV
1 1 152 300 INV
2 1 299 300 301 AND
1 1 301 302 INV
2 1 302 148 303 AND
1 1 303 304 INV
1 1 140 305 INV
2 1 304 305 306 AND
1 1 306 307 INV
2 1 307 136 308 AND
1 1 308 309 INV
1 1 131 310 INV
2 1 309 310 311 AND
1 1 311 312 INV
2 1 127 312 313 AND
2 1 313 285 314 XOR
1 1 5 315 INV
1 1 13 316 INV
1 1 17 317 INV
2 1 258 22 318 AND
1 1 318 319 INV
2 1 259 319 320 AND
1 1 320 321 INV
2 1 223 321 322 AND
1 1 322 323 INV
2 1 222 323 324 AND
1 1 324 325 INV
2 1 317 325 326 AND
1 1 326 327 INV
2 1 219 327 328 AND
1 1 328 329 INV
2 1 204 329 330 AND
1 1 330 331 INV
2 1 203 331 332 AND
1 1 332 333 INV
2 1 316 333 334 AND
1 1 334 335 INV
2 1 200 335 336 AND
1 1 336 337 INV
2 1 195 337 338 AND
1 1 338 339 INV
2 1 194 339 340 AND
1 1 340 341 INV
2 1 191 341 342 AND
1 1 342 343 INV
2 1 192 343 344 AND
1 1 344 345 INV
2 1 183 345 346 AND
1 1 346 347 INV
2 1 182 347 348 AND
1 1 348 349 INV
2 1 315 349 350 AND
1 1 350 351 INV
2 1 179 351 352 AND
1 1 352 353 INV
2 1 174 353 354 AND
1 1 354 355 INV
2 1 173 355 356 AND
1 1 356 357 INV
2 1 170 357 358 AND
1 1 358 359 INV
2 1 359 171 360 AND
1 1 37 361 INV
1 1 45 362 INV
1 1 49 363 INV
2 1 286 54 364 AND
1 1 364 365 INV
2 1 287 365 366 AND
1 1 366 367 INV
2 1 242 367 368 AND
1 1 368 369 INV
2 1 241 369 370 AND
1 1 370 371 INV
2 1 363 371 372 AND
1 1 372 373 INV
2 1 238 373 374 AND
1 1 374 375 INV
2 1 159 375 376 AND
1 1 376 377 INV
2 1 158 377 378 AND
1 1 378 379 INV
2 1 362 379 380 AND
1 1 380 381 INV
2 1 155 381 382 AND
1 1 382 383 INV
2 1 150 383 384 AND
1 1 384 385 INV
2 1 149 385 386 AND
1 1 386 387 INV
2 1 146 387 388 AND
1 1 388 389 INV
2 1 147 389 390 AND
1 1 390 391 INV
2 1 138 391 392 AND
1 1 392 393 INV
2 1 137 393 394 AND
1 1 394 395 INV
2 1 361 395 396 AND
1 1 396 397 INV
2 1 134 397 398 AND
1 1 398 399 INV
2 1 129 399 400 AND
1 1 400 401 INV
2 1 128 401 402 AND
1 1 402 403 INV
2 1 125 403 404 AND
1 1 404 405 INV
2 1 405 126 406 AND
2 1 360 406 407 AND
2 1 407 285 408 XOR
2 1 314 408 409 AND
2 1 285 409 410 XOR
2 1 410 237 411 XOR
2 1 257 411 412 AND
2 1 237 412 413 XOR
2 1 413 216 414 XOR
2 1 218 414 415 AND
2 1 216 415 416 XOR
2 1 416 215 417 XOR
2 1 416 214 418 XOR
2 1 215 418 419 AND
2 1 214 419 420 XOR
2 1 413 218 421 XOR
2 1 410 257 422 XOR
2 1 407 314 423 XOR
2 1 33 20 424 AND
1 1 424 425 INV
1 1 128 426 INV
2 1 19 426 427 AND
2 1 425 427 428 XOR
1 1 428 429 INV
1 1 361 430 INV
2 1 15 430 431 AND
1 1 170 432 INV
2 1 51 432 433 AND
2 1 431 433 434 AND
1 1 434 435 INV
1 1 287 436 INV
2 1 0 436 437 AND
2 1 437 431 438 AND
1 1 438 439 INV
2 1 435 439 440 AND
2 1 437 433 441 AND
1 1 441 442 INV
2 1 440 442 443 AND
1 1 443 444 INV
2 1 429 444 445 AND
1 1 445 446 INV
1 1 362 447 INV
2 1 7 447 448 AND
1 1 182 449 INV
2 1 46 449 450 AND
2 1 448 450 451 AND
1 1 451 452 INV
1 1 137 453 INV
2 1 14 453 454 AND
2 1 454 448 455 AND
1 1 455 456 INV
2 1 452 456 457 AND
2 1 454 450 458 AND
1 1 458 459 INV
2 1 457 459 460 AND
1 1 460 461 INV
2 1 429 461 462 AND
1 1 462 463 INV
2 1 446 463 464 AND
1 1 443 465 INV
2 1 461 465 466 AND
1 1 466 467 INV
2 1 464 467 468 AND
1 1 468 469 INV
1 1 363 470 INV
2 1 4 470 471 AND
2 1 6 47 472 AND
2 1 471 472 473 AND
1 1 473 474 INV
1 1 219 475 INV
2 1 37 475 476 AND
2 1 472 476 477 AND
1 1 477 478 INV
2 1 474 478 479 AND
2 1 476 471 480 AND
1 1 480 481 INV
2 1 479 481 482 AND
1 1 482 483 INV
1 1 222 484 INV
2 1 35 484 485 AND
2 1 3 50 486 AND
2 1 485 486 487 AND
1 1 487 488 INV
1 1 238 489 INV
2 1 5 489 490 AND
2 1 486 490 491 AND
1 1 491 492 INV
2 1 488 492 493 AND
2 1 490 485 494 AND
1 1 494 495 INV
2 1 493 495 496 AND
2 1 483 496 497 XOR
1 1 137 498 INV
2 1 15 498 499 AND
2 1 39 14 500 AND
2 1 499 500 501 AND
1 1 501 502 INV
1 1 183 503 INV
2 1 46 503 504 AND
2 1 500 504 505 AND
1 1 505 506 INV
2 1 502 506 507 AND
2 1 504 499 508 AND
1 1 508 509 INV
2 1 507 509 510 AND
1 1 510 511 INV
2 1 497 511 512 XOR
1 1 512 513 INV
1 1 149 514 INV
2 1 12 514 515 AND
1 1 203 516 INV
2 1 40 516 517 AND
2 1 515 517 518 XOR
1 1 518 519 INV
2 1 41 13 520 AND
2 1 519 520 521 XOR
1 1 521 522 INV
1 1 204 523 INV
2 1 39 523 524 AND
1 1 158 525 INV
2 1 8 525 526 AND
2 1 524 526 527 XOR
1 1 527 528 INV
2 1 45 9 529 AND
2 1 528 529 530 XOR
1 1 530 531 INV
2 1 522 531 532 XOR
1 1 532 533 INV
1 1 150 534 INV
2 1 11 534 535 AND
1 1 171 536 INV
2 1 54 536 537 AND
2 1 535 537 538 XOR
1 1 538 539 INV
2 1 44 10 540 AND
2 1 539 540 541 XOR
1 1 541 542 INV
2 1 533 542 543 XOR
1 1 543 544 INV
2 1 513 544 545 XOR
1 1 316 546 INV
2 1 40 546 547 AND
2 1 12 41 548 AND
2 1 547 548 549 AND
1 1 549 550 INV
1 1 192 551 INV
2 1 45 551 552 AND
2 1 548 552 553 AND
1 1 553 554 INV
2 1 550 554 555 AND
2 1 552 547 556 AND
1 1 556 557 INV
2 1 555 557 558 AND
1 1 425 559 INV
2 1 427 559 560 AND
2 1 558 560 561 XOR
1 1 561 562 INV
1 1 155 563 INV
2 1 9 563 564 AND
2 1 43 10 565 AND
2 1 564 565 566 AND
1 1 566 567 INV
1 1 149 568 INV
2 1 11 568 569 AND
2 1 565 569 570 AND
1 1 570 571 INV
2 1 567 571 572 AND
2 1 569 564 573 AND
1 1 573 574 INV
2 1 572 574 575 AND
1 1 575 576 INV
2 1 562 576 577 XOR
1 1 577 578 INV
2 1 545 578 579 XOR
1 1 579 580 INV
2 1 469 580 581 AND
1 1 581 582 INV
2 1 476 471 583 XOR
1 1 583 584 INV
2 1 584 472 585 XOR
1 1 585 586 INV
1 1 195 587 INV
2 1 41 587 588 AND
1 1 194 589 INV
2 1 42 589 590 AND
2 1 588 590 591 AND
1 1 591 592 INV
1 1 191 593 INV
2 1 43 593 594 AND
2 1 590 594 595 AND
1 1 595 596 INV
2 1 592 596 597 AND
2 1 594 588 598 AND
1 1 598 599 INV
2 1 597 599 600 AND
1 1 600 601 INV
2 1 586 601 602 AND
1 1 602 603 INV
1 1 128 604 INV
2 1 18 604 605 AND
2 1 19 33 606 AND
1 1 606 607 INV
1 1 607 608 INV
2 1 605 608 609 AND
2 1 586 609 610 AND
1 1 610 611 INV
2 1 603 611 612 AND
2 1 601 609 613 AND
1 1 613 614 INV
2 1 612 614 615 AND
1 1 615 616 INV
1 1 287 617 INV
2 1 1 617 618 AND
1 1 173 619 INV
2 1 51 619 620 AND
2 1 618 620 621 XOR
1 1 621 622 INV
2 1 53 0 623 AND
2 1 622 623 624 XOR
1 1 624 625 INV
1 1 317 626 INV
2 1 36 626 627 AND
2 1 625 627 628 AND
1 1 628 629 INV
1 1 258 630 INV
2 1 32 630 631 AND
2 1 631 627 632 AND
1 1 632 633 INV
2 1 629 633 634 AND
2 1 625 631 635 AND
1 1 635 636 INV
2 1 634 636 637 AND
2 1 616 637 638 XOR
1 1 287 639 INV
2 1 2 639 640 AND
1 1 174 641 INV
2 1 51 641 642 AND
2 1 640 642 643 XOR
1 1 643 644 INV
2 1 1 53 645 AND
2 1 644 645 646 XOR
1 1 646 647 INV
1 1 315 648 INV
2 1 49 648 649 AND
2 1 6 48 650 AND
2 1 649 650 651 XOR
1 1 651 652 INV
1 1 241 653 INV
2 1 4 653 654 AND
2 1 652 654 655 XOR
1 1 655 656 INV
2 1 647 656 657 XOR
1 1 657 658 INV
1 1 159 659 INV
2 1 7 659 660 AND
1 1 22 661 INV
1 1 661 662 INV
2 1 32 662 663 AND
2 1 660 663 664 XOR
1 1 664 665 INV
2 1 38 16 666 AND
2 1 665 666 667 XOR
1 1 667 668 INV
2 1 658 668 669 XOR
1 1 669 670 INV
2 1 638 670 671 XOR
1 1 671 672 INV
2 1 469 672 673 AND
1 1 673 674 INV
2 1 582 674 675 AND
2 1 579 671 676 XOR
2 1 579 671 677 AND
2 1 676 677 678 XOR
2 1 675 678 679 AND
1 1 679 680 INV
1 1 258 681 INV
2 1 33 681 682 AND
2 1 20 34 683 AND
1 1 683 684 INV
2 1 682 684 685 XOR
2 1 620 623 686 AND
1 1 686 687 INV
2 1 623 618 688 AND
1 1 688 689 INV
2 1 687 689 690 AND
2 1 618 620 691 AND
1 1 691 692 INV
2 1 690 692 693 AND
1 1 693 694 INV
2 1 685 694 695 XOR
1 1 695 696 INV
1 1 317 697 INV
2 1 37 697 698 AND
2 1 35 19 699 AND
2 1 698 699 700 XOR
1 1 700 701 INV
1 1 134 702 INV
2 1 18 702 703 AND
2 1 701 703 704 XOR
2 1 696 704 705 XOR
1 1 705 706 INV
2 1 504 499 707 XOR
1 1 707 708 INV
2 1 708 500 709 XOR
1 1 709 710 INV
2 1 569 564 711 XOR
1 1 711 712 INV
2 1 712 565 713 XOR
1 1 713 714 INV
2 1 710 714 715 AND
1 1 715 716 INV
2 1 552 547 717 XOR
1 1 717 718 INV
2 1 718 548 719 XOR
1 1 719 720 INV
2 1 710 720 721 AND
1 1 721 722 INV
2 1 716 722 723 AND
2 1 714 720 724 AND
1 1 724 725 INV
2 1 723 725 726 AND
1 1 726 727 INV
2 1 706 727 728 AND
1 1 728 729 INV
1 1 138 730 INV
2 1 13 730 731 AND
2 1 44 8 732 AND
2 1 731 732 733 AND
1 1 733 734 INV
1 1 147 735 INV
2 1 12 735 736 AND
2 1 732 736 737 AND
1 1 737 738 INV
2 1 734 738 739 AND
2 1 736 731 740 AND
1 1 740 741 INV
2 1 739 741 742 AND
1 1 742 743 INV
1 1 134 744 INV
2 1 16 744 745 AND
2 1 5 47 746 AND
2 1 745 746 747 AND
1 1 747 748 INV
1 1 317 749 INV
2 1 35 749 750 AND
2 1 746 750 751 AND
1 1 751 752 INV
2 1 748 752 753 AND
2 1 750 745 754 AND
1 1 754 755 INV
2 1 753 755 756 AND
1 1 756 757 INV
2 1 743 757 758 AND
1 1 758 759 INV
1 1 179 760 INV
2 1 48 760 761 AND
2 1 2 50 762 AND
2 1 761 762 763 AND
1 1 763 764 INV
1 1 174 765 INV
2 1 49 765 766 AND
2 1 762 766 767 AND
1 1 767 768 INV
2 1 764 768 769 AND
2 1 766 761 770 AND
1 1 770 771 INV
2 1 769 771 772 AND
1 1 772 773 INV
1 1 756 774 INV
2 1 773 774 775 AND
1 1 775 776 INV
2 1 759 776 777 AND
2 1 743 773 778 AND
1 1 778 779 INV
2 1 777 779 780 AND
1 1 780 781 INV
2 1 727 781 782 AND
1 1 782 783 INV
2 1 729 783 784 AND
1 1 780 785 INV
2 1 706 785 786 AND
1 1 786 787 INV
2 1 784 787 788 AND
2 1 680 788 789 XOR
2 1 531 542 790 AND
1 1 790 791 INV
2 1 531 522 792 AND
1 1 792 793 INV
2 1 791 793 794 AND
2 1 542 522 795 AND
1 1 795 796 INV
2 1 794 796 797 AND
1 1 496 798 INV
2 1 483 798 799 AND
1 1 799 800 INV
1 1 496 801 INV
2 1 511 801 802 AND
1 1 802 803 INV
2 1 800 803 804 AND
2 1 483 511 805 AND
1 1 805 806 INV
2 1 804 806 807 AND
2 1 797 807 808 XOR
1 1 808 809 INV
2 1 540 537 810 AND
1 1 810 811 INV
2 1 535 540 812 AND
1 1 812 813 INV
2 1 811 813 814 AND
2 1 535 537 815 AND
1 1 815 816 INV
2 1 814 816 817 AND
1 1 817 818 INV
1 1 684 819 INV
2 1 682 819 820 AND
2 1 818 820 821 XOR
1 1 238 822 INV
2 1 7 822 823 AND
1 1 222 824 INV
2 1 37 824 825 AND
2 1 823 825 826 XOR
1 1 826 827 INV
2 1 17 38 828 AND
2 1 827 828 829 XOR
2 1 821 829 830 XOR
1 1 830 831 INV
2 1 809 831 832 XOR
1 1 832 833 INV
2 1 656 668 834 AND
1 1 834 835 INV
2 1 656 647 836 AND
1 1 836 837 INV
2 1 835 837 838 AND
2 1 668 647 839 AND
1 1 839 840 INV
2 1 838 840 841 AND
1 1 841 842 INV
1 1 558 843 INV
2 1 560 843 844 AND
1 1 844 845 INV
2 1 576 560 846 AND
1 1 846 847 INV
2 1 845 847 848 AND
1 1 558 849 INV
2 1 576 849 850 AND
1 1 850 851 INV
2 1 848 851 852 AND
2 1 842 852 853 XOR
2 1 520 517 854 AND
1 1 854 855 INV
2 1 515 520 856 AND
1 1 856 857 INV
2 1 855 857 858 AND
2 1 515 517 859 AND
1 1 859 860 INV
2 1 858 860 861 AND
1 1 861 862 INV
2 1 529 526 863 AND
1 1 863 864 INV
2 1 524 529 865 AND
1 1 865 866 INV
2 1 864 866 867 AND
2 1 524 526 868 AND
1 1 868 869 INV
2 1 867 869 870 AND
2 1 862 870 871 XOR
1 1 219 872 INV
2 1 39 872 873 AND
1 1 159 874 INV
2 1 8 874 875 AND
2 1 873 875 876 XOR
1 1 876 877 INV
2 1 15 40 878 AND
2 1 877 878 879 XOR
1 1 879 880 INV
2 1 871 880 881 XOR
1 1 881 882 INV
2 1 853 882 883 XOR
2 1 833 883 884 XOR
1 1 884 885 INV
1 1 223 886 INV
2 1 36 886 887 AND
2 1 887 126 888 XOR
2 1 20 35 889 AND
2 1 888 889 890 XOR
1 1 890 891 INV
2 1 654 650 892 AND
1 1 892 893 INV
2 1 654 649 894 AND
1 1 894 895 INV
2 1 893 895 896 AND
2 1 650 649 897 AND
1 1 897 898 INV
2 1 896 898 899 AND
2 1 891 899 900 XOR
1 1 900 901 INV
2 1 703 699 902 AND
1 1 902 903 INV
2 1 703 698 904 AND
1 1 904 905 INV
2 1 903 905 906 AND
2 1 699 698 907 AND
1 1 907 908 INV
2 1 906 908 909 AND
1 1 909 910 INV
2 1 666 663 911 AND
1 1 911 912 INV
2 1 660 666 913 AND
1 1 913 914 INV
2 1 912 914 915 AND
2 1 660 663 916 AND
1 1 916 917 INV
2 1 915 917 918 AND
2 1 910 918 919 XOR
1 1 146 920 INV
2 1 14 920 921 AND
1 1 158 922 INV
2 1 9 922 923 AND
2 1 921 923 924 XOR
1 1 924 925 INV
2 1 13 42 926 AND
2 1 925 926 927 XOR
1 1 927 928 INV
2 1 919 928 929 XOR
2 1 901 929 930 XOR
1 1 930 931 INV
2 1 885 931 932 XOR
2 1 789 932 933 XOR
1 1 933 934 INV
2 1 601 609 935 XOR
2 1 935 586 936 XOR
1 1 259 937 INV
2 1 32 937 938 AND
2 1 437 433 939 XOR
1 1 939 940 INV
2 1 940 431 941 XOR
1 1 941 942 INV
2 1 938 942 943 AND
1 1 943 944 INV
2 1 766 761 945 XOR
1 1 945 946 INV
2 1 946 762 947 XOR
1 1 947 948 INV
2 1 948 938 949 AND
1 1 949 950 INV
2 1 944 950 951 AND
2 1 948 942 952 AND
1 1 952 953 INV
2 1 951 953 954 AND
2 1 936 954 955 XOR
2 1 627 631 956 XOR
1 1 956 957 INV
2 1 957 625 958 XOR
1 1 958 959 INV
2 1 955 959 960 XOR
1 1 960 961 INV
2 1 750 745 962 XOR
1 1 962 963 INV
2 1 963 746 964 XOR
1 1 964 965 INV
1 1 174 966 INV
2 1 48 966 967 AND
1 1 170 968 INV
2 1 50 968 969 AND
2 1 967 969 970 AND
1 1 970 971 INV
1 1 363 972 INV
2 1 2 972 973 AND
2 1 969 973 974 AND
1 1 974 975 INV
2 1 971 975 976 AND
2 1 973 967 977 AND
1 1 977 978 INV
2 1 976 978 979 AND
1 1 979 980 INV
2 1 965 980 981 AND
1 1 981 982 INV
2 1 607 605 983 XOR
1 1 983 984 INV
1 1 979 985 INV
2 1 984 985 986 AND
1 1 986 987 INV
2 1 982 987 988 AND
2 1 984 965 989 AND
1 1 989 990 INV
2 1 988 990 991 AND
1 1 991 992 INV
2 1 961 992 993 AND
1 1 993 994 INV
2 1 461 443 995 XOR
2 1 995 429 996 XOR
1 1 996 997 INV
2 1 992 997 998 AND
1 1 998 999 INV
2 1 994 999 1000 AND
1 1 996 1001 INV
2 1 961 1001 1002 AND
1 1 1002 1003 INV
2 1 1000 1003 1004 AND
1 1 1004 1005 INV
1 1 182 1006 INV
2 1 45 1006 1007 AND
1 1 155 1008 INV
2 1 7 1008 1009 AND
2 1 1007 1009 1010 AND
1 1 1010 1011 INV
1 1 316 1012 INV
2 1 38 1012 1013 AND
2 1 1009 1013 1014 AND
1 1 1014 1015 INV
2 1 1011 1015 1016 AND
2 1 1013 1007 1017 AND
1 1 1017 1018 INV
2 1 1016 1018 1019 AND
1 1 1019 1020 INV
1 1 223 1021 INV
2 1 32 1021 1022 AND
1 1 134 1023 INV
2 1 15 1023 1024 AND
2 1 1022 1024 1025 AND
1 1 1025 1026 INV
1 1 219 1027 INV
2 1 35 1027 1028 AND
2 1 1024 1028 1029 AND
1 1 1029 1030 INV
2 1 1026 1030 1031 AND
2 1 1028 1022 1032 AND
1 1 1032 1033 INV
2 1 1031 1033 1034 AND
1 1 1034 1035 INV
2 1 1020 1035 1036 AND
1 1 1036 1037 INV
1 1 361 1038 INV
2 1 14 1038 1039 AND
1 1 179 1040 INV
2 1 47 1040 1041 AND
2 1 1039 1041 1042 AND
1 1 1042 1043 INV
1 1 158 1044 INV
2 1 5 1044 1045 AND
2 1 1041 1045 1046 AND
1 1 1046 1047 INV
2 1 1043 1047 1048 AND
2 1 1045 1039 1049 AND
1 1 1049 1050 INV
2 1 1048 1050 1051 AND
2 1 1051 1034 1052 XOR
2 1 1051 1034 1053 AND
2 1 1052 1053 1054 XOR
2 1 1037 1054 1055 AND
1 1 1051 1056 INV
2 1 1020 1056 1057 AND
1 1 1057 1058 INV
2 1 1055 1058 1059 AND
1 1 1059 1060 INV
2 1 34 17 1061 AND
2 1 18 33 1062 AND
1 1 1062 1063 INV
1 1 1063 1064 INV
2 1 1061 1064 1065 AND
2 1 736 731 1066 XOR
1 1 1066 1067 INV
2 1 1067 732 1068 XOR
1 1 1068 1069 INV
2 1 1065 1069 1070 AND
1 1 1070 1071 INV
2 1 454 450 1072 XOR
1 1 1072 1073 INV
2 1 1073 448 1074 XOR
1 1 1074 1075 INV
2 1 1075 1065 1076 AND
1 1 1076 1077 INV
2 1 1071 1077 1078 AND
2 1 1075 1069 1079 AND
1 1 1079 1080 INV
2 1 1078 1080 1081 AND
1 1 1081 1082 INV
2 1 1060 1082 1083 AND
1 1 1083 1084 INV
2 1 594 588 1085 XOR
1 1 1085 1086 INV
2 1 1086 590 1087 XOR
1 1 1087 1088 INV
1 1 200 1089 INV
2 1 39 1089 1090 AND
1 1 195 1091 INV
2 1 40 1091 1092 AND
2 1 1090 1092 1093 AND
1 1 1093 1094 INV
1 1 146 1095 INV
2 1 10 1095 1096 AND
2 1 1092 1096 1097 AND
1 1 1097 1098 INV
2 1 1094 1098 1099 AND
2 1 1096 1090 1100 AND
1 1 1100 1101 INV
2 1 1099 1101 1102 AND
1 1 1102 1103 INV
2 1 1088 1103 1104 AND
1 1 1104 1105 INV
1 1 171 1106 INV
2 1 51 1106 1107 AND
1 1 191 1108 INV
2 1 42 1108 1109 AND
2 1 1107 1109 1110 AND
1 1 1110 1111 INV
1 1 192 1112 INV
2 1 43 1112 1113 AND
2 1 1109 1113 1114 AND
1 1 1114 1115 INV
2 1 1111 1115 1116 AND
2 1 1113 1107 1117 AND
1 1 1117 1118 INV
2 1 1116 1118 1119 AND
1 1 1119 1120 INV
2 1 1120 1088 1121 AND
1 1 1121 1122 INV
2 1 1105 1122 1123 AND
1 1 1102 1124 INV
2 1 1120 1124 1125 AND
1 1 1125 1126 INV
2 1 1123 1126 1127 AND
1 1 1127 1128 INV
1 1 1081 1129 INV
2 1 1128 1129 1130 AND
1 1 1130 1131 INV
2 1 1084 1131 1132 AND
2 1 1060 1128 1133 AND
1 1 1133 1134 INV
2 1 1132 1134 1135 AND
1 1 1135 1136 INV
2 1 1005 1136 1137 AND
1 1 1137 1138 INV
2 1 671 469 1139 XOR
1 1 1139 1140 INV
2 1 1140 579 1141 XOR
1 1 1141 1142 INV
1 1 1135 1143 INV
2 1 1142 1143 1144 AND
1 1 1144 1145 INV
2 1 1138 1145 1146 AND
2 1 1005 1142 1147 AND
1 1 1147 1148 INV
2 1 1146 1148 1149 AND
1 1 1149 1150 INV
2 1 780 727 1151 XOR
2 1 1151 706 1152 XOR
1 1 1152 1153 INV
2 1 490 485 1154 XOR
1 1 1154 1155 INV
2 1 1155 486 1156 XOR
1 1 1156 1157 INV
2 1 720 710 1158 XOR
1 1 1158 1159 INV
2 1 1159 714 1160 XOR
1 1 1160 1161 INV
2 1 1157 1161 1162 AND
1 1 1162 1163 INV
2 1 743 756 1164 XOR
2 1 1164 773 1165 XOR
1 1 1165 1166 INV
2 1 1157 1166 1167 AND
1 1 1167 1168 INV
2 1 1163 1168 1169 AND
1 1 1165 1170 INV
2 1 1161 1170 1171 AND
1 1 1171 1172 INV
2 1 1169 1172 1173 AND
1 1 1173 1174 INV
2 1 1153 1174 1175 AND
1 1 1175 1176 INV
1 1 954 1177 INV
2 1 959 1177 1178 AND
1 1 1178 1179 INV
1 1 954 1180 INV
2 1 936 1180 1181 AND
1 1 1181 1182 INV
2 1 1179 1182 1183 AND
2 1 959 936 1184 AND
1 1 1184 1185 INV
2 1 1183 1185 1186 AND
1 1 1186 1187 INV
2 1 1174 1187 1188 AND
1 1 1188 1189 INV
2 1 1176 1189 1190 AND
1 1 1186 1191 INV
2 1 1153 1191 1192 AND
1 1 1192 1193 INV
2 1 1190 1193 1194 AND
2 1 1150 1194 1195 XOR
1 1 637 1196 INV
2 1 616 1196 1197 AND
1 1 1197 1198 INV
1 1 637 1199 INV
2 1 670 1199 1200 AND
1 1 1200 1201 INV
2 1 1198 1201 1202 AND
2 1 670 616 1203 AND
1 1 1203 1204 INV
2 1 1202 1204 1205 AND
1 1 1205 1206 INV
1 1 578 1207 INV
2 1 513 1207 1208 AND
1 1 1208 1209 INV
2 1 513 544 1210 AND
1 1 1210 1211 INV
2 1 1209 1211 1212 AND
1 1 578 1213 INV
2 1 544 1213 1214 AND
1 1 1214 1215 INV
2 1 1212 1215 1216 AND
2 1 1206 1216 1217 XOR
1 1 661 1218 INV
2 1 33 1218 1219 AND
2 1 21 34 1220 AND
1 1 1220 1221 INV
2 1 1219 1221 1222 XOR
2 1 642 645 1223 AND
1 1 1223 1224 INV
2 1 645 640 1225 AND
1 1 1225 1226 INV
2 1 1224 1226 1227 AND
2 1 640 642 1228 AND
1 1 1228 1229 INV
2 1 1227 1229 1230 AND
2 1 1222 1230 1231 XOR
1 1 194 1232 INV
2 1 45 1232 1233 AND
1 1 150 1234 INV
2 1 12 1234 1235 AND
2 1 1233 1235 1236 XOR
1 1 1236 1237 INV
2 1 44 11 1238 AND
2 1 1237 1238 1239 XOR
1 1 1239 1240 INV
2 1 1231 1240 1241 XOR
1 1 1241 1242 INV
1 1 704 1243 INV
2 1 694 1243 1244 AND
1 1 1244 1245 INV
1 1 685 1246 INV
2 1 694 1246 1247 AND
1 1 1247 1248 INV
2 1 1245 1248 1249 AND
2 1 685 704 1250 XOR
2 1 685 704 1251 AND
2 1 1250 1251 1252 XOR
2 1 1249 1252 1253 AND
2 1 1242 1253 1254 XOR
1 1 1254 1255 INV
1 1 179 1256 INV
2 1 51 1256 1257 AND
1 1 241 1258 INV
2 1 5 1258 1259 AND
2 1 1257 1259 1260 XOR
1 1 1260 1261 INV
2 1 52 3 1262 AND
2 1 1261 1262 1263 XOR
1 1 1263 1264 INV
1 1 363 1265 INV
2 1 6 1265 1266 AND
2 1 1264 1266 1267 XOR
1 1 1267 1268 INV
2 1 2 53 1269 AND
1 1 1269 1270 INV
2 1 1270 171 1271 XOR
1 1 1271 1272 INV
1 1 170 1273 INV
2 1 54 1273 1274 AND
2 1 1272 1274 1275 XOR
1 1 1275 1276 INV
2 1 1268 1276 1277 XOR
1 1 1277 1278 INV
2 1 1255 1278 1279 XOR
1 1 1279 1280 INV
2 1 1217 1280 1281 XOR
1 1 1281 1282 INV
2 1 1195 1282 1283 XOR
1 1 1283 1284 INV
2 1 934 1284 1285 AND
1 1 1285 1286 INV
2 1 948 938 1287 XOR
1 1 1287 1288 INV
2 1 1288 942 1289 XOR
1 1 1289 1290 INV
2 1 1096 1090 1291 XOR
1 1 1291 1292 INV
2 1 1292 1092 1293 XOR
1 1 1293 1294 INV
1 1 171 1295 INV
2 1 50 1295 1296 AND
1 1 192 1297 INV
2 1 42 1297 1298 AND
2 1 1296 1298 1299 AND
1 1 1299 1300 INV
1 1 146 1301 INV
2 1 9 1301 1302 AND
2 1 1298 1302 1303 AND
1 1 1303 1304 INV
2 1 1300 1304 1305 AND
2 1 1302 1296 1306 AND
1 1 1306 1307 INV
2 1 1305 1307 1308 AND
1 1 1308 1309 INV
2 1 1294 1309 1310 AND
1 1 1310 1311 INV
2 1 34 16 1312 AND
2 1 17 33 1313 AND
1 1 1313 1314 INV
1 1 1314 1315 INV
2 1 1312 1315 1316 AND
2 1 1294 1316 1317 AND
1 1 1317 1318 INV
2 1 1311 1318 1319 AND
2 1 1309 1316 1320 AND
1 1 1320 1321 INV
2 1 1319 1321 1322 AND
1 1 1322 1323 INV
2 1 1290 1323 1324 AND
1 1 1324 1325 INV
2 1 1013 1007 1326 XOR
1 1 1326 1327 INV
2 1 1327 1009 1328 XOR
1 1 1328 1329 INV
2 1 1045 1039 1330 XOR
1 1 1330 1331 INV
2 1 1331 1041 1332 XOR
1 1 1332 1333 INV
2 1 1329 1333 1334 AND
1 1 1334 1335 INV
2 1 973 967 1336 XOR
1 1 1336 1337 INV
2 1 1337 969 1338 XOR
1 1 1338 1339 INV
2 1 1333 1339 1340 AND
1 1 1340 1341 INV
2 1 1335 1341 1342 AND
2 1 1329 1339 1343 AND
1 1 1343 1344 INV
2 1 1342 1344 1345 AND
1 1 1345 1346 INV
2 1 1346 1290 1347 AND
1 1 1347 1348 INV
2 1 1325 1348 1349 AND
1 1 1322 1350 INV
2 1 1346 1350 1351 AND
1 1 1351 1352 INV
2 1 1349 1352 1353 AND
1 1 1353 1354 INV
2 1 1165 1157 1355 XOR
1 1 1355 1356 INV
2 1 1356 1161 1357 XOR
2 1 1354 1357 1358 AND
1 1 1358 1359 INV
2 1 1074 1065 1360 XOR
2 1 1360 1069 1361 XOR
1 1 1361 1362 INV
2 1 1019 1034 1363 XOR
1 1 1363 1364 INV
2 1 1364 1051 1365 XOR
1 1 1365 1366 INV
1 1 1366 1367 INV
2 1 1362 1367 1368 AND
1 1 1368 1369 INV
2 1 1119 1102 1370 XOR
1 1 1370 1371 INV
2 1 1371 1088 1372 XOR
2 1 1366 1372 1373 XOR
2 1 1366 1372 1374 AND
2 1 1373 1374 1375 XOR
2 1 1369 1375 1376 AND
1 1 1372 1377 INV
2 1 1362 1377 1378 AND
1 1 1378 1379 INV
2 1 1376 1379 1380 AND
1 1 1380 1381 INV
2 1 1357 1381 1382 AND
1 1 1382 1383 INV
2 1 1359 1383 1384 AND
1 1 1380 1385 INV
2 1 1354 1385 1386 AND
1 1 1386 1387 INV
2 1 1384 1387 1388 AND
2 1 996 992 1389 XOR
1 1 1389 1390 INV
2 1 1390 961 1391 XOR
1 1 1391 1392 INV
1 1 1392 1393 INV
2 1 1060 1081 1394 XOR
2 1 1394 1128 1395 XOR
1 1 1395 1396 INV
2 1 1393 1396 1397 AND
1 1 1397 1398 INV
2 1 1113 1107 1399 XOR
1 1 1399 1400 INV
2 1 1400 1109 1401 XOR
1 1 1401 1402 INV
1 1 361 1403 INV
2 1 13 1403 1404 AND
1 1 200 1405 INV
2 1 38 1405 1406 AND
2 1 1404 1406 1407 AND
1 1 1407 1408 INV
1 1 155 1409 INV
2 1 6 1409 1410 AND
2 1 1406 1410 1411 AND
1 1 1411 1412 INV
2 1 1408 1412 1413 AND
2 1 1410 1404 1414 AND
1 1 1414 1415 INV
2 1 1413 1415 1416 AND
1 1 1416 1417 INV
2 1 1402 1417 1418 AND
1 1 1418 1419 INV
1 1 150 1420 INV
2 1 7 1420 1421 AND
1 1 194 1422 INV
2 1 40 1422 1423 AND
2 1 1421 1423 1424 AND
1 1 1424 1425 INV
1 1 138 1426 INV
2 1 11 1426 1427 AND
2 1 1423 1427 1428 AND
1 1 1428 1429 INV
2 1 1425 1429 1430 AND
2 1 1427 1421 1431 AND
1 1 1431 1432 INV
2 1 1430 1432 1433 AND
1 1 1433 1434 INV
2 1 1434 1402 1435 AND
1 1 1435 1436 INV
2 1 1419 1436 1437 AND
1 1 1416 1438 INV
2 1 1434 1438 1439 AND
1 1 1439 1440 INV
2 1 1437 1440 1441 AND
1 1 1441 1442 INV
1 1 174 1443 INV
2 1 47 1443 1444 AND
1 1 170 1445 INV
2 1 49 1445 1446 AND
2 1 1444 1446 1447 AND
1 1 1447 1448 INV
1 1 238 1449 INV
2 1 2 1449 1450 AND
2 1 1446 1450 1451 AND
1 1 1451 1452 INV
2 1 1448 1452 1453 AND
2 1 1450 1444 1454 AND
1 1 1454 1455 INV
2 1 1453 1455 1456 AND
2 1 1063 1061 1457 XOR
2 1 1456 1457 1458 XOR
2 1 1456 1457 1459 AND
2 1 1458 1459 1460 XOR
2 1 1028 1022 1461 XOR
1 1 1461 1462 INV
2 1 1462 1024 1463 XOR
1 1 1463 1464 INV
1 1 1456 1465 INV
2 1 1464 1465 1466 AND
1 1 1466 1467 INV
2 1 1460 1467 1468 AND
1 1 1457 1469 INV
2 1 1464 1469 1470 AND
1 1 1470 1471 INV
2 1 1468 1471 1472 AND
1 1 1472 1473 INV
2 1 1442 1473 1474 AND
1 1 1474 1475 INV
2 1 983 979 1476 XOR
2 1 1476 965 1477 XOR
2 1 1477 1442 1478 AND
1 1 1478 1479 INV
2 1 1475 1479 1480 AND
1 1 1472 1481 INV
2 1 1477 1481 1482 AND
1 1 1482 1483 INV
2 1 1480 1483 1484 AND
1 1 1484 1485 INV
2 1 1396 1485 1486 AND
1 1 1486 1487 INV
2 1 1398 1487 1488 AND
1 1 1484 1489 INV
2 1 1393 1489 1490 AND
1 1 1490 1491 INV
2 1 1488 1491 1492 AND
2 1 1388 1492 1493 XOR
2 1 1388 1492 1494 AND
2 1 1493 1494 1495 XOR
2 1 1186 1174 1496 XOR
2 1 1496 1153 1497 XOR
1 1 1497 1498 INV
1 1 1388 1499 INV
2 1 1498 1499 1500 AND
1 1 1500 1501 INV
2 1 1495 1501 1502 AND
1 1 1492 1503 INV
2 1 1498 1503 1504 AND
1 1 1504 1505 INV
2 1 1502 1505 1506 AND
1 1 1506 1507 INV
2 1 1507 934 1508 AND
1 1 1508 1509 INV
2 1 1286 1509 1510 AND
1 1 1283 1511 INV
2 1 1507 1511 1512 AND
1 1 1512 1513 INV
2 1 1510 1513 1514 AND
1 1 1514 1515 INV
2 1 1396 1484 1516 XOR
2 1 1516 1392 1517 XOR
2 1 1302 1296 1518 XOR
1 1 1518 1519 INV
2 1 1519 1298 1520 XOR
1 1 1520 1521 INV
1 1 195 1522 INV
2 1 38 1522 1523 AND
1 1 194 1524 INV
2 1 39 1524 1525 AND
2 1 1523 1525 1526 AND
1 1 1526 1527 INV
1 1 150 1528 INV
2 1 6 1528 1529 AND
2 1 1525 1529 1530 AND
1 1 1530 1531 INV
2 1 1527 1531 1532 AND
2 1 1529 1523 1533 AND
1 1 1533 1534 INV
2 1 1532 1534 1535 AND
1 1 1535 1536 INV
2 1 1521 1536 1537 AND
1 1 1537 1538 INV
1 1 191 1539 INV
2 1 40 1539 1540 AND
1 1 192 1541 INV
2 1 41 1541 1542 AND
2 1 1540 1542 1543 AND
1 1 1543 1544 INV
1 1 149 1545 INV
2 1 7 1545 1546 AND
2 1 1542 1546 1547 AND
1 1 1547 1548 INV
2 1 1544 1548 1549 AND
2 1 1546 1540 1550 AND
1 1 1550 1551 INV
2 1 1549 1551 1552 AND
1 1 1552 1553 INV
2 1 1553 1521 1554 AND
1 1 1554 1555 INV
2 1 1538 1555 1556 AND
1 1 1535 1557 INV
2 1 1553 1557 1558 AND
1 1 1558 1559 INV
2 1 1556 1559 1560 AND
1 1 1560 1561 INV
1 1 362 1562 INV
2 1 5 1562 1563 AND
1 1 134 1564 INV
2 1 14 1564 1565 AND
2 1 1563 1565 1566 XOR
1 1 1566 1567 INV
1 1 179 1568 INV
2 1 46 1568 1569 AND
2 1 1567 1569 1570 XOR
1 1 1570 1571 INV
1 1 317 1572 INV
2 1 32 1572 1573 AND
1 1 174 1574 INV
2 1 46 1574 1575 AND
2 1 1573 1575 1576 AND
1 1 1576 1577 INV
1 1 362 1578 INV
2 1 4 1578 1579 AND
2 1 1575 1579 1580 AND
1 1 1580 1581 INV
2 1 1577 1581 1582 AND
2 1 1579 1573 1583 AND
1 1 1583 1584 INV
2 1 1582 1584 1585 AND
1 1 1585 1586 INV
2 1 1571 1586 1587 AND
1 1 1587 1588 INV
1 1 134 1589 INV
2 1 13 1589 1590 AND
1 1 315 1591 INV
2 1 44 1591 1592 AND
2 1 1590 1592 1593 AND
1 1 1593 1594 INV
1 1 200 1595 INV
2 1 37 1595 1596 AND
2 1 1592 1596 1597 AND
1 1 1597 1598 INV
2 1 1594 1598 1599 AND
2 1 1596 1590 1600 AND
1 1 1600 1601 INV
2 1 1599 1601 1602 AND
1 1 1602 1603 INV
2 1 1586 1603 1604 AND
1 1 1604 1605 INV
2 1 1588 1605 1606 AND
2 1 1571 1603 1607 AND
1 1 1607 1608 INV
2 1 1606 1608 1609 AND
1 1 1609 1610 INV
2 1 1561 1610 1611 AND
1 1 1611 1612 INV
2 1 1464 1456 1613 XOR
1 1 1613 1614 INV
2 1 1614 1457 1615 XOR
1 1 1615 1616 INV
2 1 1616 1561 1617 AND
1 1 1617 1618 INV
2 1 1612 1618 1619 AND
1 1 1609 1620 INV
2 1 1616 1620 1621 AND
1 1 1621 1622 INV
2 1 1619 1622 1623 AND
1 1 1623 1624 INV
2 1 1309 1316 1625 XOR
2 1 1625 1293 1626 XOR
1 1 1626 1627 INV
2 1 1565 1569 1628 AND
1 1 1628 1629 INV
2 1 1569 1563 1630 AND
1 1 1630 1631 INV
2 1 1629 1631 1632 AND
2 1 1565 1563 1633 AND
1 1 1633 1634 INV
2 1 1632 1634 1635 AND
1 1 1635 1636 INV
2 1 1627 1636 1637 AND
1 1 1637 1638 INV
2 1 1433 1416 1639 XOR
1 1 1639 1640 INV
2 1 1640 1402 1641 XOR
1 1 1641 1642 INV
2 1 1636 1642 1643 AND
1 1 1643 1644 INV
2 1 1638 1644 1645 AND
1 1 1641 1646 INV
2 1 1627 1646 1647 AND
1 1 1647 1648 INV
2 1 1645 1648 1649 AND
1 1 1649 1650 INV
2 1 1624 1650 1651 AND
1 1 1651 1652 INV
2 1 1333 1339 1653 XOR
1 1 1653 1654 INV
2 1 1654 1328 1655 XOR
2 1 34 15 1656 AND
2 1 16 33 1657 AND
1 1 1657 1658 INV
1 1 1658 1659 INV
2 1 1656 1659 1660 AND
2 1 1410 1404 1661 XOR
1 1 1661 1662 INV
2 1 1662 1406 1663 XOR
1 1 1663 1664 INV
2 1 1660 1664 1665 AND
1 1 1665 1666 INV
2 1 1427 1421 1667 XOR
1 1 1667 1668 INV
2 1 1668 1423 1669 XOR
1 1 1669 1670 INV
2 1 1664 1670 1671 AND
1 1 1671 1672 INV
2 1 1666 1672 1673 AND
2 1 1670 1660 1674 AND
1 1 1674 1675 INV
2 1 1673 1675 1676 AND
1 1 1676 1677 INV
2 1 1655 1677 1678 AND
1 1 1678 1679 INV
1 1 204 1680 INV
2 1 35 1680 1681 AND
2 1 1450 1444 1682 XOR
1 1 1682 1683 INV
2 1 1683 1446 1684 XOR
1 1 1684 1685 INV
2 1 1681 1685 1686 AND
1 1 1686 1687 INV
1 1 222 1688 INV
2 1 32 1688 1689 AND
2 1 1689 1681 1690 AND
1 1 1690 1691 INV
2 1 1687 1691 1692 AND
2 1 1685 1689 1693 AND
1 1 1693 1694 INV
2 1 1692 1694 1695 AND
1 1 1695 1696 INV
2 1 1696 1655 1697 AND
1 1 1697 1698 INV
2 1 1679 1698 1699 AND
1 1 1676 1700 INV
2 1 1696 1700 1701 AND
1 1 1701 1702 INV
2 1 1699 1702 1703 AND
1 1 1703 1704 INV
1 1 1649 1705 INV
2 1 1704 1705 1706 AND
1 1 1706 1707 INV
2 1 1652 1707 1708 AND
2 1 1624 1704 1709 AND
1 1 1709 1710 INV
2 1 1708 1710 1711 AND
1 1 1711 1712 INV
2 1 1472 1442 1713 XOR
2 1 1713 1477 1714 XOR
1 1 1714 1715 INV
2 1 1345 1322 1716 XOR
1 1 1716 1717 INV
2 1 1717 1290 1718 XOR
1 1 1718 1719 INV
2 1 1715 1719 1720 AND
1 1 1720 1721 INV
2 1 1366 1372 1722 XOR
2 1 1722 1362 1723 XOR
1 1 1718 1724 INV
2 1 1723 1724 1725 AND
1 1 1725 1726 INV
2 1 1721 1726 1727 AND
2 1 1723 1715 1728 AND
1 1 1728 1729 INV
2 1 1727 1729 1730 AND
2 1 1712 1730 1731 XOR
2 1 1380 1354 1732 XOR
2 1 1732 1357 1733 XOR
2 1 1731 1733 1734 XOR
2 1 1517 1734 1735 AND
1 1 1735 1736 INV
2 1 1723 1718 1737 XOR
1 1 1737 1738 INV
2 1 1738 1715 1739 XOR
2 1 1603 1586 1740 XOR
1 1 1740 1741 INV
2 1 1741 1570 1742 XOR
1 1 171 1743 INV
2 1 48 1743 1744 AND
1 1 183 1745 INV
2 1 41 1745 1746 AND
2 1 1744 1746 1747 AND
1 1 1747 1748 INV
1 1 147 1749 INV
2 1 8 1749 1750 AND
2 1 1746 1750 1751 AND
1 1 1751 1752 INV
2 1 1748 1752 1753 AND
2 1 1750 1744 1754 AND
1 1 1754 1755 INV
2 1 1753 1755 1756 AND
1 1 1756 1757 INV
2 1 1529 1523 1758 XOR
1 1 1758 1759 INV
2 1 1759 1525 1760 XOR
1 1 1760 1761 INV
2 1 1757 1761 1762 AND
1 1 1762 1763 INV
2 1 34 14 1764 AND
2 1 15 33 1765 AND
1 1 1765 1766 INV
1 1 1766 1767 INV
2 1 1764 1767 1768 AND
1 1 1760 1769 INV
2 1 1768 1769 1770 AND
1 1 1770 1771 INV
2 1 1763 1771 1772 AND
2 1 1757 1768 1773 AND
1 1 1773 1774 INV
2 1 1772 1774 1775 AND
1 1 1775 1776 INV
2 1 1742 1776 1777 AND
1 1 1777 1778 INV
2 1 1546 1540 1779 XOR
1 1 1779 1780 INV
2 1 1780 1542 1781 XOR
1 1 1781 1782 INV
1 1 219 1783 INV
2 1 32 1783 1784 AND
1 1 361 1785 INV
2 1 11 1785 1786 AND
2 1 1784 1786 1787 AND
1 1 1787 1788 INV
1 1 200 1789 INV
2 1 36 1789 1790 AND
2 1 1786 1790 1791 AND
1 1 1791 1792 INV
2 1 1788 1792 1793 AND
2 1 1790 1784 1794 AND
1 1 1794 1795 INV
2 1 1793 1795 1796 AND
1 1 1796 1797 INV
2 1 1782 1797 1798 AND
1 1 1798 1799 INV
1 1 182 1800 INV
2 1 42 1800 1801 AND
1 1 138 1802 INV
2 1 9 1802 1803 AND
2 1 1801 1803 1804 AND
1 1 1804 1805 INV
1 1 137 1806 INV
2 1 10 1806 1807 AND
2 1 1803 1807 1808 AND
1 1 1808 1809 INV
2 1 1805 1809 1810 AND
2 1 1807 1801 1811 AND
1 1 1811 1812 INV
2 1 1810 1812 1813 AND
1 1 1813 1814 INV
2 1 1814 1782 1815 AND
1 1 1815 1816 INV
2 1 1799 1816 1817 AND
1 1 1796 1818 INV
2 1 1814 1818 1819 AND
1 1 1819 1820 INV
2 1 1817 1820 1821 AND
1 1 1821 1822 INV
1 1 1775 1823 INV
2 1 1822 1823 1824 AND
1 1 1824 1825 INV
2 1 1778 1825 1826 AND
2 1 1822 1742 1827 AND
1 1 1827 1828 INV
2 1 1826 1828 1829 AND
1 1 1829 1830 INV
2 1 1552 1535 1831 XOR
1 1 1831 1832 INV
2 1 1832 1521 1833 XOR
1 1 1833 1834 INV
1 1 173 1835 INV
2 1 47 1835 1836 AND
1 1 171 1837 INV
2 1 49 1837 1838 AND
2 1 1836 1838 1839 AND
1 1 1839 1840 INV
1 1 238 1841 INV
2 1 1 1841 1842 AND
2 1 1838 1842 1843 AND
1 1 1843 1844 INV
2 1 1840 1844 1845 AND
2 1 1842 1836 1846 AND
1 1 1846 1847 INV
2 1 1845 1847 1848 AND
1 1 1848 1849 INV
2 1 1834 1849 1850 AND
1 1 1850 1851 INV
2 1 1314 1312 1852 XOR
1 1 1852 1853 INV
1 1 1848 1854 INV
2 1 1853 1854 1855 AND
1 1 1855 1856 INV
2 1 1851 1856 1857 AND
2 1 1834 1853 1858 AND
1 1 1858 1859 INV
2 1 1857 1859 1860 AND
1 1 1860 1861 INV
2 1 1830 1861 1862 AND
1 1 1862 1863 INV
2 1 1670 1660 1864 XOR
1 1 1864 1865 INV
2 1 1865 1664 1866 XOR
1 1 1866 1867 INV
2 1 1596 1590 1868 XOR
1 1 1868 1869 INV
2 1 1869 1592 1870 XOR
1 1 1870 1871 INV
1 1 129 1872 INV
2 1 14 1872 1873 AND
2 1 1871 1873 1874 AND
1 1 1874 1875 INV
2 1 1842 1836 1876 XOR
1 1 1876 1877 INV
2 1 1877 1838 1878 XOR
1 1 1878 1879 INV
2 1 1879 1873 1880 AND
1 1 1880 1881 INV
2 1 1875 1881 1882 AND
2 1 1871 1879 1883 AND
1 1 1883 1884 INV
2 1 1882 1884 1885 AND
1 1 1885 1886 INV
2 1 1867 1886 1887 AND
1 1 1887 1888 INV
2 1 1681 1689 1889 XOR
1 1 1889 1890 INV
2 1 1890 1685 1891 XOR
1 1 1891 1892 INV
2 1 1867 1892 1893 AND
1 1 1893 1894 INV
2 1 1888 1894 1895 AND
1 1 1885 1896 INV
2 1 1892 1896 1897 AND
1 1 1897 1898 INV
2 1 1895 1898 1899 AND
2 1 1899 1860 1900 XOR
2 1 1899 1860 1901 AND
2 1 1900 1901 1902 XOR
2 1 1863 1902 1903 AND
1 1 1899 1904 INV
2 1 1830 1904 1905 AND
1 1 1905 1906 INV
2 1 1903 1906 1907 AND
1 1 1907 1908 INV
2 1 1739 1908 1909 AND
1 1 1909 1910 INV
2 1 1695 1676 1911 XOR
1 1 1911 1912 INV
2 1 1912 1655 1913 XOR
1 1 1913 1914 INV
2 1 1609 1561 1915 XOR
2 1 1915 1616 1916 XOR
1 1 1916 1917 INV
2 1 1914 1917 1918 AND
1 1 1918 1919 INV
2 1 1641 1636 1920 XOR
1 1 1920 1921 INV
2 1 1921 1626 1922 XOR
1 1 1922 1923 INV
2 1 1923 1914 1924 AND
1 1 1924 1925 INV
2 1 1919 1925 1926 AND
1 1 1916 1927 INV
2 1 1923 1927 1928 AND
1 1 1928 1929 INV
2 1 1926 1929 1930 AND
1 1 1930 1931 INV
2 1 1739 1931 1932 AND
1 1 1932 1933 INV
2 1 1910 1933 1934 AND
1 1 1930 1935 INV
2 1 1908 1935 1936 AND
1 1 1936 1937 INV
2 1 1934 1937 1938 AND
1 1 1938 1939 INV
2 1 1517 1939 1940 AND
1 1 1940 1941 INV
2 1 1736 1941 1942 AND
1 1 1938 1943 INV
2 1 1734 1943 1944 AND
1 1 1944 1945 INV
2 1 1942 1945 1946 AND
1 1 1946 1947 INV
2 1 1733 1730 1948 XOR
2 1 1733 1730 1949 AND
2 1 1948 1949 1950 XOR
1 1 1730 1951 INV
2 1 1712 1951 1952 AND
1 1 1952 1953 INV
2 1 1950 1953 1954 AND
1 1 1733 1955 INV
2 1 1712 1955 1956 AND
1 1 1956 1957 INV
2 1 1954 1957 1958 AND
1 1 1958 1959 INV
2 1 1947 1959 1960 AND
1 1 1960 1961 INV
2 1 1005 1135 1962 XOR
2 1 1962 1142 1963 XOR
1 1 1963 1964 INV
1 1 1958 1965 INV
2 1 1964 1965 1966 AND
1 1 1966 1967 INV
2 1 1961 1967 1968 AND
2 1 1947 1964 1969 AND
1 1 1969 1970 INV
2 1 1968 1970 1971 AND
1 1 1971 1972 INV
2 1 1492 1388 1973 XOR
1 1 1973 1974 INV
2 1 1974 1498 1975 XOR
1 1 1975 1976 INV
2 1 1624 1649 1977 XOR
2 1 1977 1704 1978 XOR
1 1 1978 1979 INV
2 1 1930 1908 1980 XOR
2 1 1980 1739 1981 XOR
1 1 1981 1982 INV
2 1 1979 1982 1983 AND
1 1 1983 1984 INV
2 1 1821 1775 1985 XOR
1 1 1985 1986 INV
2 1 1986 1742 1987 XOR
1 1 1987 1988 INV
2 1 1658 1656 1989 XOR
1 1 1989 1990 INV
2 1 1757 1768 1991 XOR
2 1 1991 1760 1992 XOR
1 1 1992 1993 INV
2 1 1990 1993 1994 AND
1 1 1994 1995 INV
2 1 1813 1796 1996 XOR
1 1 1996 1997 INV
2 1 1997 1782 1998 XOR
1 1 1998 1999 INV
2 1 1990 1999 2000 AND
1 1 2000 2001 INV
2 1 1995 2001 2002 AND
1 1 1998 2003 INV
2 1 1993 2003 2004 AND
1 1 2004 2005 INV
2 1 2002 2005 2006 AND
1 1 2006 2007 INV
2 1 1988 2007 2008 AND
1 1 2008 2009 INV
2 1 1879 1873 2010 XOR
1 1 2010 2011 INV
2 1 2011 1870 2012 XOR
2 1 34 13 2013 AND
2 1 14 33 2014 AND
1 1 2014 2015 INV
1 1 2015 2016 INV
2 1 2013 2016 2017 AND
1 1 361 2018 INV
2 1 10 2018 2019 AND
1 1 137 2020 INV
2 1 9 2020 2021 AND
2 1 2019 2021 2022 AND
1 1 2022 2023 INV
1 1 192 2024 INV
2 1 39 2024 2025 AND
2 1 2021 2025 2026 AND
1 1 2026 2027 INV
2 1 2023 2027 2028 AND
2 1 2025 2019 2029 AND
1 1 2029 2030 INV
2 1 2028 2030 2031 AND
1 1 2031 2032 INV
2 1 2017 2032 2033 AND
1 1 2033 2034 INV
1 1 171 2035 INV
2 1 47 2035 2036 AND
1 1 183 2037 INV
2 1 40 2037 2038 AND
2 1 2036 2038 2039 AND
1 1 2039 2040 INV
1 1 146 2041 INV
2 1 6 2041 2042 AND
2 1 2038 2042 2043 AND
1 1 2043 2044 INV
2 1 2040 2044 2045 AND
2 1 2042 2036 2046 AND
1 1 2046 2047 INV
2 1 2045 2047 2048 AND
1 1 2048 2049 INV
2 1 2049 2017 2050 AND
1 1 2050 2051 INV
2 1 2034 2051 2052 AND
1 1 2031 2053 INV
2 1 2049 2053 2054 AND
1 1 2054 2055 INV
2 1 2052 2055 2056 AND
1 1 2056 2057 INV
2 1 2012 2057 2058 AND
1 1 2058 2059 INV
1 1 158 2060 INV
2 1 2 2060 2061 AND
1 1 174 2062 INV
2 1 45 2062 2063 AND
2 1 2061 2063 2064 XOR
1 1 2064 2065 INV
1 1 170 2066 INV
2 1 47 2066 2067 AND
2 1 2065 2067 2068 XOR
1 1 2068 2069 INV
2 1 1807 1801 2070 XOR
1 1 2070 2071 INV
2 1 2071 1803 2072 XOR
1 1 2072 2073 INV
2 1 2069 2073 2074 AND
1 1 2074 2075 INV
2 1 1790 1784 2076 XOR
1 1 2076 2077 INV
2 1 2077 1786 2078 XOR
1 1 2078 2079 INV
2 1 2069 2079 2080 AND
1 1 2080 2081 INV
2 1 2075 2081 2082 AND
2 1 2073 2079 2083 AND
1 1 2083 2084 INV
2 1 2082 2084 2085 AND
1 1 2085 2086 INV
2 1 2086 2012 2087 AND
1 1 2087 2088 INV
2 1 2059 2088 2089 AND
1 1 2056 2090 INV
2 1 2086 2090 2091 AND
1 1 2091 2092 INV
2 1 2089 2092 2093 AND
1 1 2093 2094 INV
1 1 2006 2095 INV
2 1 2094 2095 2096 AND
1 1 2096 2097 INV
2 1 2009 2097 2098 AND
2 1 2094 1988 2099 AND
1 1 2099 2100 INV
2 1 2098 2100 2101 AND
1 1 2101 2102 INV
2 1 1914 1922 2103 XOR
2 1 2103 1916 2104 XOR
1 1 2104 2105 INV
1 1 2105 2106 INV
2 1 2102 2106 2107 AND
1 1 2107 2108 INV
2 1 1579 1573 2109 XOR
1 1 2109 2110 INV
2 1 2110 1575 2111 XOR
1 1 2111 2112 INV
2 1 2063 2067 2113 AND
1 1 2113 2114 INV
2 1 2067 2061 2115 AND
1 1 2115 2116 INV
2 1 2114 2116 2117 AND
2 1 2063 2061 2118 AND
1 1 2118 2119 INV
2 1 2117 2119 2120 AND
1 1 2120 2121 INV
2 1 2112 2121 2122 AND
1 1 2122 2123 INV
1 1 129 2124 INV
2 1 13 2124 2125 AND
1 1 179 2126 INV
2 1 44 2126 2127 AND
2 1 2125 2127 2128 AND
1 1 2128 2129 INV
1 1 150 2130 INV
2 1 5 2130 2131 AND
2 1 2127 2131 2132 AND
1 1 2132 2133 INV
2 1 2129 2133 2134 AND
2 1 2131 2125 2135 AND
1 1 2135 2136 INV
2 1 2134 2136 2137 AND
1 1 2137 2138 INV
1 1 2120 2139 INV
2 1 2138 2139 2140 AND
1 1 2140 2141 INV
2 1 2123 2141 2142 AND
2 1 2138 2112 2143 AND
1 1 2143 2144 INV
2 1 2142 2144 2145 AND
1 1 2145 2146 INV
2 1 1853 1848 2147 XOR
1 1 2147 2148 INV
2 1 2148 1834 2149 XOR
1 1 2149 2150 INV
1 1 2150 2151 INV
2 1 2146 2151 2152 AND
1 1 2152 2153 INV
2 1 1892 1885 2154 XOR
1 1 2154 2155 INV
2 1 2155 1867 2156 XOR
2 1 2156 2146 2157 AND
1 1 2157 2158 INV
2 1 2153 2158 2159 AND
1 1 2150 2160 INV
2 1 2156 2160 2161 AND
1 1 2161 2162 INV
2 1 2159 2162 2163 AND
2 1 2163 2105 2164 XOR
2 1 2163 2105 2165 AND
2 1 2164 2165 2166 XOR
2 1 2108 2166 2167 AND
1 1 2163 2168 INV
2 1 2102 2168 2169 AND
1 1 2169 2170 INV
2 1 2167 2170 2171 AND
1 1 2171 2172 INV
2 1 2172 1979 2173 AND
1 1 2173 2174 INV
2 1 1984 2174 2175 AND
1 1 1981 2176 INV
2 1 2172 2176 2177 AND
1 1 2177 2178 INV
2 1 2175 2178 2179 AND
1 1 2179 2180 INV
2 1 1517 1938 2181 XOR
2 1 2181 1734 2182 XOR
1 1 2182 2183 INV
2 1 2180 2183 2184 AND
1 1 2184 2185 INV
2 1 2163 2102 2186 XOR
2 1 2186 2105 2187 XOR
2 1 1829 1860 2188 XOR
1 1 2188 2189 INV
2 1 2189 1899 2190 XOR
2 1 2187 2190 2191 AND
1 1 2191 2192 INV
2 1 2015 2013 2193 XOR
1 1 2193 2194 INV
1 1 129 2195 INV
2 1 11 2195 2196 AND
1 1 179 2197 INV
2 1 42 2197 2198 AND
2 1 2196 2198 2199 AND
1 1 2199 2200 INV
1 1 194 2201 INV
2 1 36 2201 2202 AND
2 1 2198 2202 2203 AND
1 1 2203 2204 INV
2 1 2200 2204 2205 AND
2 1 2202 2196 2206 AND
1 1 2206 2207 INV
2 1 2205 2207 2208 AND
1 1 2208 2209 INV
2 1 2194 2209 2210 AND
1 1 2210 2211 INV
1 1 150 2212 INV
2 1 4 2212 2213 AND
1 1 315 2214 INV
2 1 42 2214 2215 AND
2 1 2213 2215 2216 XOR
1 1 2216 2217 INV
1 1 174 2218 INV
2 1 44 2218 2219 AND
2 1 2217 2219 2220 XOR
2 1 2220 2208 2221 XOR
2 1 2220 2208 2222 AND
2 1 2221 2222 2223 XOR
2 1 2211 2223 2224 AND
1 1 2220 2225 INV
2 1 2194 2225 2226 AND
1 1 2226 2227 INV
2 1 2224 2227 2228 AND
1 1 2228 2229 INV
2 1 2042 2036 2230 XOR
1 1 2230 2231 INV
2 1 2231 2038 2232 XOR
1 1 2232 2233 INV
1 1 174 2234 INV
2 1 43 2234 2235 AND
1 1 170 2236 INV
2 1 45 2236 2237 AND
2 1 2235 2237 2238 AND
1 1 2238 2239 INV
1 1 155 2240 INV
2 1 2 2240 2241 AND
2 1 2237 2241 2242 AND
1 1 2242 2243 INV
2 1 2239 2243 2244 AND
2 1 2241 2235 2245 AND
1 1 2245 2246 INV
2 1 2244 2246 2247 AND
1 1 2247 2248 INV
2 1 2233 2248 2249 AND
1 1 2249 2250 INV
1 1 315 2251 INV
2 1 41 2251 2252 AND
1 1 137 2253 INV
2 1 8 2253 2254 AND
2 1 2252 2254 2255 AND
1 1 2255 2256 INV
1 1 191 2257 INV
2 1 37 2257 2258 AND
2 1 2254 2258 2259 AND
1 1 2259 2260 INV
2 1 2256 2260 2261 AND
2 1 2258 2252 2262 AND
1 1 2262 2263 INV
2 1 2261 2263 2264 AND
1 1 2264 2265 INV
2 1 2265 2233 2266 AND
1 1 2266 2267 INV
2 1 2250 2267 2268 AND
1 1 2247 2269 INV
2 1 2265 2269 2270 AND
1 1 2270 2271 INV
2 1 2268 2271 2272 AND
1 1 2272 2273 INV
2 1 2229 2273 2274 AND
1 1 2274 2275 INV
2 1 2131 2125 2276 XOR
1 1 2276 2277 INV
2 1 2277 2127 2278 XOR
1 1 2278 2279 INV
1 1 173 2280 INV
2 1 45 2280 2281 AND
1 1 134 2282 INV
2 1 11 2282 2283 AND
2 1 2281 2283 2284 AND
1 1 2284 2285 INV
1 1 158 2286 INV
2 1 1 2286 2287 AND
2 1 2283 2287 2288 AND
1 1 2288 2289 INV
2 1 2285 2289 2290 AND
2 1 2287 2281 2291 AND
1 1 2291 2292 INV
2 1 2290 2292 2293 AND
1 1 2293 2294 INV
2 1 2279 2294 2295 XOR
2 1 1750 1744 2296 XOR
1 1 2296 2297 INV
2 1 2297 1746 2298 XOR
2 1 2295 2298 2299 XOR
2 1 2299 2272 2300 XOR
2 1 2299 2272 2301 AND
2 1 2300 2301 2302 XOR
2 1 2275 2302 2303 AND
1 1 2299 2304 INV
2 1 2229 2304 2305 AND
1 1 2305 2306 INV
2 1 2303 2306 2307 AND
1 1 2307 2308 INV
2 1 2215 2219 2309 AND
1 1 2309 2310 INV
2 1 2219 2213 2311 AND
1 1 2311 2312 INV
2 1 2310 2312 2313 AND
2 1 2215 2213 2314 AND
1 1 2314 2315 INV
2 1 2313 2315 2316 AND
1 1 2316 2317 INV
2 1 2031 2017 2318 XOR
1 1 2318 2319 INV
2 1 2319 2049 2320 XOR
1 1 2320 2321 INV
1 1 2321 2322 INV
2 1 2317 2322 2323 AND
1 1 2323 2324 INV
2 1 1766 1764 2325 XOR
1 1 2325 2326 INV
2 1 2317 2326 2327 AND
1 1 2327 2328 INV
2 1 2324 2328 2329 AND
1 1 2321 2330 INV
2 1 2326 2330 2331 AND
1 1 2331 2332 INV
2 1 2329 2332 2333 AND
1 1 2333 2334 INV
2 1 2308 2334 2335 AND
1 1 2335 2336 INV
2 1 2068 2079 2337 XOR
2 1 2337 2072 2338 XOR
1 1 171 2339 INV
2 1 46 2339 2340 AND
1 1 182 2341 INV
2 1 40 2341 2342 AND
2 1 2340 2342 2343 AND
1 1 2343 2344 INV
1 1 138 2345 INV
2 1 7 2345 2346 AND
2 1 2342 2346 2347 AND
1 1 2347 2348 INV
2 1 2344 2348 2349 AND
2 1 2346 2340 2350 AND
1 1 2350 2351 INV
2 1 2349 2351 2352 AND
1 1 2352 2353 INV
2 1 2025 2019 2354 XOR
1 1 2354 2355 INV
2 1 2355 2021 2356 XOR
1 1 2356 2357 INV
2 1 2353 2357 2358 AND
1 1 2358 2359 INV
1 1 200 2360 INV
2 1 34 2360 2361 AND
1 1 2361 2362 INV
2 1 13 33 2363 AND
1 1 2363 2364 INV
2 1 2362 2364 2365 XOR
2 1 2362 2364 2366 AND
2 1 2365 2366 2367 XOR
1 1 2367 2368 INV
1 1 2356 2369 INV
2 1 2368 2369 2370 AND
1 1 2370 2371 INV
2 1 2359 2371 2372 AND
2 1 2353 2368 2373 AND
1 1 2373 2374 INV
2 1 2372 2374 2375 AND
1 1 2375 2376 INV
2 1 2338 2376 2377 AND
1 1 2377 2378 INV
1 1 200 2379 INV
2 1 35 2379 2380 AND
2 1 2287 2281 2381 XOR
1 1 2381 2382 INV
2 1 2382 2283 2383 XOR
1 1 2383 2384 INV
2 1 2380 2384 2385 AND
1 1 2385 2386 INV
1 1 204 2387 INV
2 1 32 2387 2388 AND
2 1 2388 2380 2389 AND
1 1 2389 2390 INV
2 1 2386 2390 2391 AND
2 1 2384 2388 2392 AND
1 1 2392 2393 INV
2 1 2391 2393 2394 AND
1 1 2394 2395 INV
2 1 2395 2338 2396 AND
1 1 2396 2397 INV
2 1 2378 2397 2398 AND
1 1 2375 2399 INV
2 1 2395 2399 2400 AND
1 1 2400 2401 INV
2 1 2398 2401 2402 AND
2 1 2402 2333 2403 XOR
2 1 2402 2333 2404 AND
2 1 2403 2404 2405 XOR
2 1 2336 2405 2406 AND
1 1 2402 2407 INV
2 1 2308 2407 2408 AND
1 1 2408 2409 INV
2 1 2406 2409 2410 AND
1 1 2410 2411 INV
2 1 2156 2146 2412 XOR
1 1 2412 2413 INV
2 1 2413 2150 2414 XOR
1 1 2414 2415 INV
1 1 2415 2416 INV
2 1 2411 2416 2417 AND
1 1 2417 2418 INV
2 1 1989 1998 2419 XOR
1 1 2419 2420 INV
2 1 2420 1993 2421 XOR
1 1 2421 2422 INV
2 1 2137 2120 2423 XOR
1 1 2423 2424 INV
2 1 2424 2112 2425 XOR
1 1 2425 2426 INV
2 1 2422 2426 2427 AND
1 1 2427 2428 INV
1 1 2298 2429 INV
2 1 2279 2429 2430 AND
1 1 2430 2431 INV
2 1 2279 2294 2432 AND
1 1 2432 2433 INV
2 1 2431 2433 2434 AND
1 1 2298 2435 INV
2 1 2294 2435 2436 AND
1 1 2436 2437 INV
2 1 2434 2437 2438 AND
1 1 2438 2439 INV
2 1 2426 2439 2440 AND
1 1 2440 2441 INV
2 1 2428 2441 2442 AND
1 1 2438 2443 INV
2 1 2422 2443 2444 AND
1 1 2444 2445 INV
2 1 2442 2445 2446 AND
2 1 2446 2415 2447 XOR
2 1 2446 2415 2448 AND
2 1 2447 2448 2449 XOR
2 1 2418 2449 2450 AND
1 1 2446 2451 INV
2 1 2411 2451 2452 AND
1 1 2452 2453 INV
2 1 2450 2453 2454 AND
1 1 2454 2455 INV
2 1 2190 2455 2456 AND
1 1 2456 2457 INV
2 1 2192 2457 2458 AND
1 1 2454 2459 INV
2 1 2187 2459 2460 AND
1 1 2460 2461 INV
2 1 2458 2461 2462 AND
1 1 2462 2463 INV
2 1 1979 2172 2464 XOR
1 1 2464 2465 INV
2 1 2465 1981 2466 XOR
1 1 2466 2467 INV
1 1 2467 2468 INV
2 1 2463 2468 2469 AND
1 1 2469 2470 INV
2 1 2446 2411 2471 XOR
2 1 2471 2415 2472 XOR
2 1 2093 2006 2473 XOR
1 1 2473 2474 INV
2 1 2474 1988 2475 XOR
1 1 2475 2476 INV
2 1 2472 2476 2477 AND
1 1 2477 2478 INV
2 1 2394 2375 2479 XOR
1 1 2479 2480 INV
2 1 2480 2338 2481 XOR
1 1 2481 2482 INV
2 1 2264 2247 2483 XOR
1 1 2483 2484 INV
2 1 2484 2233 2485 XOR
1 1 2485 2486 INV
2 1 2380 2388 2487 XOR
1 1 2487 2488 INV
2 1 2488 2384 2489 XOR
1 1 2489 2490 INV
2 1 2486 2490 2491 AND
1 1 2491 2492 INV
2 1 2353 2368 2493 XOR
2 1 2493 2356 2494 XOR
1 1 2494 2495 INV
2 1 2495 2486 2496 AND
1 1 2496 2497 INV
2 1 2492 2497 2498 AND
2 1 2490 2495 2499 AND
1 1 2499 2500 INV
2 1 2498 2500 2501 AND
1 1 2501 2502 INV
2 1 2482 2502 2503 AND
1 1 2503 2504 INV
2 1 2326 2317 2505 XOR
2 1 2505 2321 2506 XOR
1 1 2506 2507 INV
2 1 2482 2507 2508 AND
1 1 2508 2509 INV
2 1 2504 2509 2510 AND
1 1 2501 2511 INV
2 1 2507 2511 2512 AND
1 1 2512 2513 INV
2 1 2510 2513 2514 AND
2 1 2085 2056 2515 XOR
1 1 2515 2516 INV
2 1 2516 2012 2517 XOR
2 1 2514 2517 2518 XOR
2 1 2514 2517 2519 AND
2 1 2518 2519 2520 XOR
2 1 2426 2438 2521 XOR
1 1 2521 2522 INV
2 1 2522 2421 2523 XOR
2 1 2517 2523 2524 XOR
2 1 2517 2523 2525 AND
2 1 2524 2525 2526 XOR
2 1 2520 2526 2527 AND
2 1 2514 2523 2528 XOR
2 1 2514 2523 2529 AND
2 1 2528 2529 2530 XOR
2 1 2527 2530 2531 AND
1 1 2531 2532 INV
2 1 2476 2532 2533 AND
1 1 2533 2534 INV
2 1 2478 2534 2535 AND
1 1 2531 2536 INV
2 1 2472 2536 2537 AND
1 1 2537 2538 INV
2 1 2535 2538 2539 AND
1 1 2539 2540 INV
2 1 2190 2454 2541 XOR
2 1 2541 2187 2542 XOR
1 1 2542 2543 INV
2 1 2540 2543 2544 AND
1 1 2544 2545 INV
2 1 2523 2514 2546 XOR
2 1 2546 2517 2547 XOR
1 1 2547 2548 INV
2 1 2307 2333 2549 XOR
1 1 2549 2550 INV
2 1 2550 2402 2551 XOR
2 1 2548 2551 2552 AND
1 1 2552 2553 INV
1 1 179 2554 INV
2 1 41 2554 2555 AND
1 1 173 2556 INV
2 1 43 2556 2557 AND
2 1 2555 2557 2558 AND
1 1 2558 2559 INV
1 1 149 2560 INV
2 1 3 2560 2561 AND
2 1 2557 2561 2562 AND
1 1 2562 2563 INV
2 1 2559 2563 2564 AND
2 1 2561 2555 2565 AND
1 1 2565 2566 INV
2 1 2564 2566 2567 AND
1 1 2567 2568 INV
1 1 170 2569 INV
2 1 44 2569 2570 AND
1 1 171 2571 INV
2 1 45 2571 2572 AND
2 1 2570 2572 2573 AND
1 1 2573 2574 INV
1 1 138 2575 INV
2 1 6 2575 2576 AND
2 1 2572 2576 2577 AND
1 1 2577 2578 INV
2 1 2574 2578 2579 AND
2 1 2576 2570 2580 AND
1 1 2580 2581 INV
2 1 2579 2581 2582 AND
1 1 2582 2583 INV
2 1 2568 2583 2584 AND
1 1 2584 2585 INV
1 1 134 2586 INV
2 1 9 2586 2587 AND
1 1 361 2588 INV
2 1 8 2588 2589 AND
2 1 2587 2589 2590 AND
1 1 2590 2591 INV
1 1 137 2592 INV
2 1 7 2592 2593 AND
2 1 2589 2593 2594 AND
1 1 2594 2595 INV
2 1 2591 2595 2596 AND
2 1 2593 2587 2597 AND
1 1 2597 2598 INV
2 1 2596 2598 2599 AND
2 1 2599 2582 2600 XOR
2 1 2599 2582 2601 AND
2 1 2600 2601 2602 XOR
2 1 2585 2602 2603 AND
1 1 2599 2604 INV
2 1 2568 2604 2605 AND
1 1 2605 2606 INV
2 1 2603 2606 2607 AND
1 1 2607 2608 INV
2 1 2346 2340 2609 XOR
1 1 2609 2610 INV
2 1 2610 2342 2611 XOR
1 1 2611 2612 INV
2 1 34 11 2613 AND
2 1 12 33 2614 AND
1 1 2614 2615 INV
1 1 2615 2616 INV
2 1 2613 2616 2617 AND
2 1 2612 2617 2618 XOR
1 1 2618 2619 INV
2 1 2364 2362 2620 XOR
1 1 2620 2621 INV
2 1 2619 2621 2622 XOR
1 1 2622 2623 INV
1 1 2623 2624 INV
1 1 316 2625 INV
2 1 32 2625 2626 AND
1 1 315 2627 INV
2 1 40 2627 2628 AND
2 1 2626 2628 2629 AND
1 1 2629 2630 INV
1 1 194 2631 INV
2 1 35 2631 2632 AND
2 1 2628 2632 2633 AND
1 1 2633 2634 INV
2 1 2630 2634 2635 AND
2 1 2632 2626 2636 AND
1 1 2636 2637 INV
2 1 2635 2637 2638 AND
1 1 2638 2639 INV
2 1 2624 2639 2640 AND
1 1 2640 2641 INV
2 1 2202 2196 2642 XOR
1 1 2642 2643 INV
2 1 2643 2198 2644 XOR
1 1 2644 2645 INV
2 1 2639 2645 2646 AND
1 1 2646 2647 INV
2 1 2641 2647 2648 AND
2 1 2624 2645 2649 AND
1 1 2649 2650 INV
2 1 2648 2650 2651 AND
1 1 2651 2652 INV
2 1 2608 2652 2653 AND
1 1 2653 2654 INV
2 1 2495 2486 2655 XOR
2 1 2655 2490 2656 XOR
2 1 2656 2608 2657 AND
1 1 2657 2658 INV
2 1 2654 2658 2659 AND
1 1 2651 2660 INV
2 1 2656 2660 2661 AND
1 1 2661 2662 INV
2 1 2659 2662 2663 AND
1 1 2663 2664 INV
2 1 2220 2208 2665 XOR
2 1 2665 2193 2666 XOR
1 1 2666 2667 INV
2 1 2258 2252 2668 XOR
1 1 2668 2669 INV
2 1 2669 2254 2670 XOR
1 1 2670 2671 INV
1 1 203 2672 INV
2 1 32 2672 2673 AND
2 1 2671 2673 2674 AND
1 1 2674 2675 INV
2 1 2241 2235 2676 XOR
1 1 2676 2677 INV
2 1 2677 2237 2678 XOR
1 1 2678 2679 INV
2 1 2679 2673 2680 AND
1 1 2680 2681 INV
2 1 2675 2681 2682 AND
2 1 2671 2679 2683 AND
1 1 2683 2684 INV
2 1 2682 2684 2685 AND
1 1 2685 2686 INV
2 1 2667 2686 2687 AND
1 1 2687 2688 INV
1 1 2621 2689 INV
2 1 2617 2689 2690 AND
1 1 2690 2691 INV
2 1 2617 2612 2692 AND
1 1 2692 2693 INV
2 1 2691 2693 2694 AND
1 1 2621 2695 INV
2 1 2612 2695 2696 AND
1 1 2696 2697 INV
2 1 2694 2697 2698 AND
1 1 2698 2699 INV
2 1 2686 2699 2700 AND
1 1 2700 2701 INV
2 1 2688 2701 2702 AND
1 1 2698 2703 INV
2 1 2667 2703 2704 AND
1 1 2704 2705 INV
2 1 2702 2705 2706 AND
1 1 2706 2707 INV
2 1 2664 2707 2708 AND
1 1 2708 2709 INV
2 1 2228 2272 2710 XOR
1 1 2710 2711 INV
2 1 2711 2299 2712 XOR
1 1 2712 2713 INV
2 1 2713 2706 2714 XOR
2 1 2713 2706 2715 AND
2 1 2714 2715 2716 XOR
2 1 2709 2716 2717 AND
1 1 2713 2718 INV
2 1 2664 2718 2719 AND
1 1 2719 2720 INV
2 1 2717 2720 2721 AND
1 1 2721 2722 INV
2 1 2551 2722 2723 AND
1 1 2723 2724 INV
2 1 2553 2724 2725 AND
1 1 2721 2726 INV
2 1 2548 2726 2727 AND
1 1 2727 2728 INV
2 1 2725 2728 2729 AND
1 1 2729 2730 INV
2 1 2476 2531 2731 XOR
1 1 2731 2732 INV
2 1 2732 2472 2733 XOR
1 1 2733 2734 INV
1 1 2734 2735 INV
2 1 2730 2735 2736 AND
1 1 2736 2737 INV
2 1 2663 2706 2738 XOR
1 1 2738 2739 INV
2 1 2739 2713 2740 XOR
2 1 2482 2501 2741 XOR
1 1 2741 2742 INV
2 1 2742 2507 2743 XOR
1 1 2743 2744 INV
1 1 2744 2745 INV
2 1 2740 2745 2746 AND
1 1 2746 2747 INV
2 1 2679 2673 2748 XOR
1 1 2748 2749 INV
2 1 2749 2670 2750 XOR
2 1 2615 2613 2751 XOR
1 1 2751 2752 INV
1 1 171 2753 INV
2 1 44 2753 2754 AND
1 1 315 2755 INV
2 1 39 2755 2756 AND
2 1 2754 2756 2757 AND
1 1 2757 2758 INV
1 1 137 2759 INV
2 1 6 2759 2760 AND
2 1 2756 2760 2761 AND
1 1 2761 2762 INV
2 1 2758 2762 2763 AND
2 1 2760 2754 2764 AND
1 1 2764 2765 INV
2 1 2763 2765 2766 AND
1 1 2766 2767 INV
2 1 2752 2767 2768 AND
1 1 2768 2769 INV
2 1 34 10 2770 AND
2 1 11 33 2771 AND
1 1 2771 2772 INV
1 1 2772 2773 INV
2 1 2770 2773 2774 AND
2 1 2752 2774 2775 AND
1 1 2775 2776 INV
2 1 2769 2776 2777 AND
2 1 2767 2774 2778 AND
1 1 2778 2779 INV
2 1 2777 2779 2780 AND
1 1 2780 2781 INV
2 1 2750 2781 2782 AND
1 1 2782 2783 INV
2 1 2576 2570 2784 XOR
1 1 2784 2785 INV
2 1 2785 2572 2786 XOR
1 1 2786 2787 INV
2 1 2561 2555 2788 XOR
1 1 2788 2789 INV
2 1 2789 2557 2790 XOR
1 1 2790 2791 INV
2 1 2787 2791 2792 AND
1 1 2792 2793 INV
2 1 2593 2587 2794 XOR
1 1 2794 2795 INV
2 1 2795 2589 2796 XOR
1 1 2796 2797 INV
2 1 2791 2797 2798 AND
1 1 2798 2799 INV
2 1 2793 2799 2800 AND
2 1 2787 2797 2801 AND
1 1 2801 2802 INV
2 1 2800 2802 2803 AND
1 1 2803 2804 INV
2 1 2804 2750 2805 AND
1 1 2805 2806 INV
2 1 2783 2806 2807 AND
1 1 2780 2808 INV
2 1 2804 2808 2809 AND
1 1 2809 2810 INV
2 1 2807 2810 2811 AND
2 1 2645 2639 2812 XOR
2 1 2812 2623 2813 XOR
1 1 2813 2814 INV
2 1 2567 2582 2815 XOR
1 1 2815 2816 INV
2 1 2816 2599 2817 XOR
2 1 2814 2817 2818 AND
1 1 2818 2819 INV
1 1 174 2820 INV
2 1 41 2820 2821 AND
1 1 170 2822 INV
2 1 43 2822 2823 AND
2 1 2821 2823 2824 AND
1 1 2824 2825 INV
1 1 149 2826 INV
2 1 2 2826 2827 AND
2 1 2823 2827 2828 AND
1 1 2828 2829 INV
2 1 2825 2829 2830 AND
2 1 2827 2821 2831 AND
1 1 2831 2832 INV
2 1 2830 2832 2833 AND
1 1 2833 2834 INV
1 1 179 2835 INV
2 1 40 2835 2836 AND
1 1 361 2837 INV
2 1 7 2837 2838 AND
2 1 2836 2838 2839 AND
1 1 2839 2840 INV
1 1 192 2841 INV
2 1 36 2841 2842 AND
2 1 2838 2842 2843 AND
1 1 2843 2844 INV
2 1 2840 2844 2845 AND
2 1 2842 2836 2846 AND
1 1 2846 2847 INV
2 1 2845 2847 2848 AND
1 1 2848 2849 INV
2 1 2834 2849 2850 AND
1 1 2850 2851 INV
2 1 2632 2626 2852 XOR
1 1 2852 2853 INV
2 1 2853 2628 2854 XOR
1 1 2854 2855 INV
1 1 2848 2856 INV
2 1 2855 2856 2857 AND
1 1 2857 2858 INV
2 1 2851 2858 2859 AND
2 1 2834 2855 2860 AND
1 1 2860 2861 INV
2 1 2859 2861 2862 AND
1 1 2862 2863 INV
2 1 2817 2863 2864 AND
1 1 2864 2865 INV
2 1 2819 2865 2866 AND
1 1 2862 2867 INV
2 1 2814 2867 2868 AND
1 1 2868 2869 INV
2 1 2866 2869 2870 AND
2 1 2811 2870 2871 XOR
2 1 2811 2870 2872 AND
2 1 2871 2872 2873 XOR
2 1 2698 2686 2874 XOR
2 1 2874 2666 2875 XOR
1 1 2811 2876 INV
2 1 2875 2876 2877 AND
1 1 2877 2878 INV
2 1 2873 2878 2879 AND
1 1 2870 2880 INV
2 1 2875 2880 2881 AND
1 1 2881 2882 INV
2 1 2879 2882 2883 AND
1 1 2883 2884 INV
1 1 2744 2885 INV
2 1 2884 2885 2886 AND
1 1 2886 2887 INV
2 1 2747 2887 2888 AND
2 1 2740 2884 2889 AND
1 1 2889 2890 INV
2 1 2888 2890 2891 AND
1 1 2891 2892 INV
2 1 2551 2721 2893 XOR
2 1 2893 2548 2894 XOR
1 1 2894 2895 INV
2 1 2892 2895 2896 AND
1 1 2896 2897 INV
2 1 2817 2862 2898 XOR
2 1 2898 2813 2899 XOR
2 1 2827 2821 2900 XOR
1 1 2900 2901 INV
2 1 2901 2823 2902 XOR
1 1 2902 2903 INV
1 1 171 2904 INV
2 1 43 2904 2905 AND
1 1 315 2906 INV
2 1 38 2906 2907 AND
2 1 2905 2907 2908 AND
1 1 2908 2909 INV
1 1 138 2910 INV
2 1 4 2910 2911 AND
2 1 2907 2911 2912 AND
1 1 2912 2913 INV
2 1 2909 2913 2914 AND
2 1 2911 2905 2915 AND
1 1 2915 2916 INV
2 1 2914 2916 2917 AND
1 1 2917 2918 INV
2 1 2903 2918 2919 AND
1 1 2919 2920 INV
1 1 129 2921 INV
2 1 8 2921 2922 AND
1 1 134 2923 INV
2 1 7 2923 2924 AND
2 1 2922 2924 2925 AND
1 1 2925 2926 INV
1 1 361 2927 INV
2 1 6 2927 2928 AND
2 1 2924 2928 2929 AND
1 1 2929 2930 INV
2 1 2926 2930 2931 AND
2 1 2928 2922 2932 AND
1 1 2932 2933 INV
2 1 2931 2933 2934 AND
1 1 2934 2935 INV
1 1 2917 2936 INV
2 1 2935 2936 2937 AND
1 1 2937 2938 INV
2 1 2920 2938 2939 AND
2 1 2935 2903 2940 AND
1 1 2940 2941 INV
2 1 2939 2941 2942 AND
1 1 2942 2943 INV
1 1 191 2944 INV
2 1 35 2944 2945 AND
2 1 2842 2836 2946 XOR
1 1 2946 2947 INV
2 1 2947 2838 2948 XOR
1 1 2948 2949 INV
2 1 2945 2949 2950 AND
1 1 2950 2951 INV
1 1 200 2952 INV
2 1 32 2952 2953 AND
2 1 2953 2945 2954 AND
1 1 2954 2955 INV
2 1 2951 2955 2956 AND
2 1 2949 2953 2957 AND
1 1 2957 2958 INV
2 1 2956 2958 2959 AND
1 1 2959 2960 INV
2 1 2943 2960 2961 AND
1 1 2961 2962 INV
2 1 34 9 2963 AND
2 1 10 33 2964 AND
1 1 2964 2965 INV
1 1 2965 2966 INV
2 1 2963 2966 2967 AND
2 1 2760 2754 2968 XOR
1 1 2968 2969 INV
2 1 2969 2756 2970 XOR
1 1 2970 2971 INV
2 1 2967 2971 2972 AND
1 1 2972 2973 INV
2 1 2772 2770 2974 XOR
1 1 2974 2975 INV
2 1 2975 2971 2976 AND
1 1 2976 2977 INV
2 1 2973 2977 2978 AND
2 1 2975 2967 2979 AND
1 1 2979 2980 INV
2 1 2978 2980 2981 AND
2 1 2981 2959 2982 XOR
2 1 2981 2959 2983 AND
2 1 2982 2983 2984 XOR
2 1 2962 2984 2985 AND
1 1 2981 2986 INV
2 1 2943 2986 2987 AND
1 1 2987 2988 INV
2 1 2985 2988 2989 AND
1 1 2989 2990 INV
2 1 2767 2774 2991 XOR
2 1 2991 2751 2992 XOR
1 1 2992 2993 INV
2 1 2834 2848 2994 XOR
2 1 2994 2855 2995 XOR
1 1 2995 2996 INV
2 1 2993 2996 2997 AND
1 1 2997 2998 INV
2 1 2791 2797 2999 XOR
1 1 2999 3000 INV
2 1 3000 2786 3001 XOR
2 1 2993 3001 3002 AND
1 1 3002 3003 INV
2 1 2998 3003 3004 AND
1 1 2995 3005 INV
2 1 3001 3005 3006 AND
1 1 3006 3007 INV
2 1 3004 3007 3008 AND
1 1 3008 3009 INV
2 1 2990 3009 3010 XOR
1 1 3010 3011 INV
2 1 2803 2780 3012 XOR
1 1 3012 3013 INV
2 1 3013 2750 3014 XOR
2 1 3011 3014 3015 XOR
2 1 2899 3015 3016 AND
1 1 3016 3017 INV
1 1 194 3018 INV
2 1 32 3018 3019 AND
1 1 179 3020 INV
2 1 38 3020 3021 AND
2 1 3019 3021 3022 AND
1 1 3022 3023 INV
1 1 183 3024 INV
2 1 35 3024 3025 AND
2 1 3021 3025 3026 AND
1 1 3026 3027 INV
2 1 3023 3027 3028 AND
2 1 3025 3019 3029 AND
1 1 3029 3030 INV
2 1 3028 3030 3031 AND
1 1 3031 3032 INV
1 1 174 3033 INV
2 1 39 3033 3034 AND
1 1 182 3035 INV
2 1 36 3035 3036 AND
2 1 3034 3036 3037 AND
1 1 3037 3038 INV
1 1 147 3039 INV
2 1 2 3039 3040 AND
2 1 3036 3040 3041 AND
1 1 3041 3042 INV
2 1 3038 3042 3043 AND
2 1 3040 3034 3044 AND
1 1 3044 3045 INV
2 1 3043 3045 3046 AND
1 1 3046 3047 INV
2 1 3032 3047 3048 AND
1 1 3048 3049 INV
1 1 146 3050 INV
2 1 2 3050 3051 AND
1 1 174 3052 INV
2 1 40 3052 3053 AND
2 1 3051 3053 3054 XOR
1 1 3054 3055 INV
1 1 170 3056 INV
2 1 42 3056 3057 AND
2 1 3055 3057 3058 XOR
2 1 3058 3046 3059 XOR
2 1 3058 3046 3060 AND
2 1 3059 3060 3061 XOR
2 1 3049 3061 3062 AND
1 1 3058 3063 INV
2 1 3032 3063 3064 AND
1 1 3064 3065 INV
2 1 3062 3065 3066 AND
1 1 3066 3067 INV
2 1 2911 2905 3068 XOR
1 1 3068 3069 INV
2 1 3069 2907 3070 XOR
1 1 3070 3071 INV
1 1 195 3072 INV
2 1 32 3072 3073 AND
2 1 3071 3073 3074 AND
1 1 3074 3075 INV
2 1 2928 2922 3076 XOR
1 1 3076 3077 INV
2 1 3077 2924 3078 XOR
1 1 3078 3079 INV
2 1 3079 3073 3080 AND
1 1 3080 3081 INV
2 1 3075 3081 3082 AND
2 1 3071 3079 3083 AND
1 1 3083 3084 INV
2 1 3082 3084 3085 AND
1 1 3085 3086 INV
2 1 3067 3086 3087 AND
1 1 3087 3088 INV
1 1 315 3089 INV
2 1 37 3089 3090 AND
1 1 171 3091 INV
2 1 42 3091 3092 AND
2 1 3090 3092 3093 AND
1 1 3093 3094 INV
1 1 146 3095 INV
2 1 1 3095 3096 AND
2 1 3092 3096 3097 AND
1 1 3097 3098 INV
2 1 3094 3098 3099 AND
2 1 3096 3090 3100 AND
1 1 3100 3101 INV
2 1 3099 3101 3102 AND
1 1 3102 3103 INV
2 1 2965 2963 3104 XOR
1 1 3104 3105 INV
2 1 3103 3105 3106 AND
1 1 3106 3107 INV
2 1 34 8 3108 AND
2 1 9 33 3109 AND
1 1 3109 3110 INV
1 1 3110 3111 INV
2 1 3108 3111 3112 AND
1 1 3104 3113 INV
2 1 3112 3113 3114 AND
1 1 3114 3115 INV
2 1 3107 3115 3116 AND
2 1 3103 3112 3117 AND
1 1 3117 3118 INV
2 1 3116 3118 3119 AND
2 1 3119 3085 3120 XOR
2 1 3119 3085 3121 AND
2 1 3120 3121 3122 XOR
2 1 3088 3122 3123 AND
1 1 3119 3124 INV
2 1 3067 3124 3125 AND
1 1 3125 3126 INV
2 1 3123 3126 3127 AND
1 1 3127 3128 INV
2 1 2992 3001 3129 XOR
1 1 3129 3130 INV
2 1 3130 2995 3131 XOR
1 1 3131 3132 INV
2 1 3128 3132 3133 AND
1 1 3133 3134 INV
2 1 2945 2953 3135 XOR
1 1 3135 3136 INV
2 1 3136 2949 3137 XOR
1 1 3137 3138 INV
2 1 3053 3057 3139 AND
1 1 3139 3140 INV
2 1 3057 3051 3141 AND
1 1 3141 3142 INV
2 1 3140 3142 3143 AND
2 1 3053 3051 3144 AND
1 1 3144 3145 INV
2 1 3143 3145 3146 AND
1 1 3146 3147 INV
2 1 3138 3147 3148 AND
1 1 3148 3149 INV
2 1 2974 2967 3150 XOR
2 1 3150 2971 3151 XOR
1 1 3151 3152 INV
1 1 3146 3153 INV
2 1 3152 3153 3154 AND
1 1 3154 3155 INV
2 1 3149 3155 3156 AND
2 1 3152 3138 3157 AND
1 1 3157 3158 INV
2 1 3156 3158 3159 AND
1 1 3159 3160 INV
2 1 3132 3160 3161 AND
1 1 3161 3162 INV
2 1 3134 3162 3163 AND
1 1 3159 3164 INV
2 1 3128 3164 3165 AND
1 1 3165 3166 INV
2 1 3163 3166 3167 AND
1 1 3167 3168 INV
2 1 3168 2899 3169 AND
1 1 3169 3170 INV
2 1 3017 3170 3171 AND
2 1 3168 3015 3172 AND
1 1 3172 3173 INV
2 1 3171 3173 3174 AND
1 1 3174 3175 INV
1 1 3014 3176 INV
2 1 3176 3009 3177 AND
1 1 3177 3178 INV
2 1 2990 3009 3179 AND
1 1 3179 3180 INV
2 1 3178 3180 3181 AND
2 1 3176 2990 3182 AND
1 1 3182 3183 INV
2 1 3181 3183 3184 AND
1 1 3184 3185 INV
2 1 3175 3185 3186 AND
1 1 3186 3187 INV
2 1 2651 2608 3188 XOR
2 1 3188 2656 3189 XOR
2 1 3189 3184 3190 XOR
2 1 3189 3184 3191 AND
2 1 3190 3191 3192 XOR
2 1 3187 3192 3193 AND
1 1 3189 3194 INV
2 1 3175 3194 3195 AND
1 1 3195 3196 INV
2 1 3193 3196 3197 AND
1 1 3197 3198 INV
2 1 2744 2884 3199 XOR
1 1 3199 3200 INV
2 1 3200 2740 3201 XOR
1 1 3201 3202 INV
1 1 3202 3203 INV
2 1 3198 3203 3204 AND
1 1 3204 3205 INV
2 1 2870 2811 3206 XOR
1 1 3206 3207 INV
2 1 3207 2875 3208 XOR
2 1 3174 3184 3209 XOR
1 1 3209 3210 INV
2 1 3210 3189 3211 XOR
1 1 3211 3212 INV
2 1 3208 3212 3213 XOR
2 1 3208 3212 3214 AND
2 1 3213 3214 3215 XOR
2 1 3159 3128 3216 XOR
2 1 3216 3132 3217 XOR
1 1 3217 3218 INV
2 1 2942 2959 3219 XOR
1 1 3219 3220 INV
2 1 3220 2981 3221 XOR
2 1 3218 3221 3222 AND
1 1 3222 3223 INV
2 1 2934 2917 3224 XOR
1 1 3224 3225 INV
2 1 3225 2903 3226 XOR
1 1 3226 3227 INV
2 1 3040 3034 3228 XOR
1 1 3228 3229 INV
2 1 3229 3036 3230 XOR
1 1 3230 3231 INV
2 1 3110 3108 3232 XOR
1 1 3232 3233 INV
2 1 3231 3233 3234 AND
1 1 3234 3235 INV
2 1 3096 3090 3236 XOR
1 1 3236 3237 INV
2 1 3237 3092 3238 XOR
1 1 3238 3239 INV
2 1 3231 3239 3240 AND
1 1 3240 3241 INV
2 1 3235 3241 3242 AND
2 1 3233 3239 3243 AND
1 1 3243 3244 INV
2 1 3242 3244 3245 AND
1 1 3245 3246 INV
2 1 3103 3112 3247 XOR
2 1 3247 3104 3248 XOR
1 1 3248 3249 INV
2 1 3246 3249 3250 AND
1 1 3250 3251 INV
2 1 3079 3073 3252 XOR
1 1 3252 3253 INV
2 1 3253 3070 3254 XOR
2 1 3249 3254 3255 AND
1 1 3255 3256 INV
2 1 3251 3256 3257 AND
2 1 3246 3254 3258 AND
1 1 3258 3259 INV
2 1 3257 3259 3260 AND
1 1 3260 3261 INV
2 1 3227 3261 3262 AND
1 1 3262 3263 INV
2 1 3151 3146 3264 XOR
2 1 3264 3138 3265 XOR
1 1 3265 3266 INV
1 1 3266 3267 INV
2 1 3227 3267 3268 AND
1 1 3268 3269 INV
2 1 3263 3269 3270 AND
2 1 3260 3266 3271 XOR
2 1 3260 3266 3272 AND
2 1 3271 3272 3273 XOR
2 1 3270 3273 3274 AND
1 1 3274 3275 INV
2 1 3221 3275 3276 AND
1 1 3276 3277 INV
2 1 3223 3277 3278 AND
1 1 3274 3279 INV
2 1 3218 3279 3280 AND
1 1 3280 3281 INV
2 1 3278 3281 3282 AND
1 1 3282 3283 INV
2 1 2899 3168 3284 XOR
1 1 3284 3285 INV
2 1 3285 3015 3286 XOR
1 1 3286 3287 INV
2 1 3283 3287 3288 AND
1 1 3288 3289 INV
2 1 3227 3260 3290 XOR
1 1 3290 3291 INV
2 1 3291 3266 3292 XOR
1 1 3292 3293 INV
2 1 3066 3085 3294 XOR
1 1 3294 3295 INV
2 1 3295 3119 3296 XOR
2 1 3293 3296 3297 AND
1 1 3297 3298 INV
1 1 361 3299 INV
2 1 4 3299 3300 AND
1 1 315 3301 INV
2 1 36 3301 3302 AND
2 1 3300 3302 3303 XOR
1 1 3303 3304 INV
1 1 171 3305 INV
2 1 41 3305 3306 AND
2 1 3304 3306 3307 XOR
1 1 3307 3308 INV
1 1 129 3309 INV
2 1 6 3309 3310 AND
2 1 3308 3310 3311 AND
1 1 3311 3312 INV
1 1 191 3313 INV
2 1 32 3313 3314 AND
2 1 3314 3310 3315 AND
1 1 3315 3316 INV
2 1 3312 3316 3317 AND
2 1 3308 3314 3318 AND
1 1 3318 3319 INV
2 1 3317 3319 3320 AND
1 1 3320 3321 INV
1 1 174 3322 INV
2 1 38 3322 3323 AND
1 1 170 3324 INV
2 1 40 3324 3325 AND
2 1 3323 3325 3326 AND
1 1 3326 3327 INV
1 1 138 3328 INV
2 1 2 3328 3329 AND
2 1 3325 3329 3330 AND
1 1 3330 3331 INV
2 1 3327 3331 3332 AND
2 1 3329 3323 3333 AND
1 1 3333 3334 INV
2 1 3332 3334 3335 AND
1 1 3335 3336 INV
2 1 3321 3336 3337 AND
1 1 3337 3338 INV
2 1 3230 3239 3339 XOR
2 1 3339 3232 3340 XOR
1 1 3335 3341 INV
2 1 3340 3341 3342 AND
1 1 3342 3343 INV
2 1 3338 3343 3344 AND
2 1 3321 3340 3345 AND
1 1 3345 3346 INV
2 1 3344 3346 3347 AND
1 1 3347 3348 INV
2 1 3025 3019 3349 XOR
1 1 3349 3350 INV
2 1 3350 3021 3351 XOR
1 1 3351 3352 INV
2 1 34 7 3353 AND
2 1 8 33 3354 AND
1 1 3354 3355 INV
1 1 3355 3356 INV
2 1 3353 3356 3357 AND
2 1 3352 3357 3358 AND
1 1 3358 3359 INV
2 1 3302 3306 3360 AND
1 1 3360 3361 INV
2 1 3306 3300 3362 AND
1 1 3362 3363 INV
2 1 3361 3363 3364 AND
2 1 3302 3300 3365 AND
1 1 3365 3366 INV
2 1 3364 3366 3367 AND
1 1 3367 3368 INV
2 1 3357 3368 3369 AND
1 1 3369 3370 INV
2 1 3359 3370 3371 AND
1 1 3367 3372 INV
2 1 3352 3372 3373 AND
1 1 3373 3374 INV
2 1 3371 3374 3375 AND
1 1 3375 3376 INV
2 1 3348 3376 3377 AND
1 1 3377 3378 INV
2 1 3032 3046 3379 XOR
2 1 3379 3058 3380 XOR
1 1 3380 3381 INV
1 1 3381 3382 INV
1 1 3375 3383 INV
2 1 3382 3383 3384 AND
1 1 3384 3385 INV
2 1 3378 3385 3386 AND
2 1 3382 3348 3387 AND
1 1 3387 3388 INV
2 1 3386 3388 3389 AND
1 1 3389 3390 INV
2 1 3296 3390 3391 AND
1 1 3391 3392 INV
2 1 3298 3392 3393 AND
1 1 3389 3394 INV
2 1 3293 3394 3395 AND
1 1 3395 3396 INV
2 1 3393 3396 3397 AND
1 1 3397 3398 INV
2 1 3221 3274 3399 XOR
2 1 3399 3218 3400 XOR
1 1 3400 3401 INV
2 1 3398 3401 3402 AND
1 1 3402 3403 INV
2 1 3254 3246 3404 XOR
2 1 3404 3249 3405 XOR
2 1 3348 3375 3406 XOR
2 1 3406 3381 3407 XOR
1 1 3407 3408 INV
1 1 3408 3409 INV
2 1 3405 3409 3410 AND
1 1 3410 3411 INV
2 1 3355 3353 3412 XOR
1 1 3412 3413 INV
1 1 173 3414 INV
2 1 38 3414 3415 AND
1 1 174 3416 INV
2 1 37 3416 3417 AND
2 1 3415 3417 3418 AND
1 1 3418 3419 INV
1 1 134 3420 INV
2 1 4 3420 3421 AND
2 1 3417 3421 3422 AND
1 1 3422 3423 INV
2 1 3419 3423 3424 AND
2 1 3421 3415 3425 AND
1 1 3425 3426 INV
2 1 3424 3426 3427 AND
1 1 3427 3428 INV
2 1 3413 3428 3429 AND
1 1 3429 3430 INV
2 1 6 34 3431 AND
2 1 7 33 3432 AND
1 1 3432 3433 INV
1 1 3433 3434 INV
2 1 3431 3434 3435 AND
2 1 3435 3413 3436 AND
1 1 3436 3437 INV
2 1 3430 3437 3438 AND
2 1 3428 3435 3439 AND
1 1 3439 3440 INV
2 1 3438 3440 3441 AND
1 1 3441 3442 INV
2 1 3329 3323 3443 XOR
1 1 3443 3444 INV
2 1 3444 3325 3445 XOR
1 1 3445 3446 INV
2 1 3310 3314 3447 XOR
1 1 3447 3448 INV
2 1 3448 3307 3449 XOR
2 1 3446 3449 3450 AND
1 1 3450 3451 INV
1 1 315 3452 INV
2 1 35 3452 3453 AND
1 1 171 3454 INV
2 1 40 3454 3455 AND
2 1 3453 3455 3456 AND
1 1 3456 3457 INV
1 1 138 3458 INV
2 1 1 3458 3459 AND
2 1 3455 3459 3460 AND
1 1 3460 3461 INV
2 1 3457 3461 3462 AND
2 1 3459 3453 3463 AND
1 1 3463 3464 INV
2 1 3462 3464 3465 AND
1 1 3465 3466 INV
2 1 3466 3446 3467 AND
1 1 3467 3468 INV
2 1 3451 3468 3469 AND
2 1 3466 3449 3470 AND
1 1 3470 3471 INV
2 1 3469 3471 3472 AND
1 1 3472 3473 INV
2 1 3442 3473 3474 AND
1 1 3474 3475 INV
2 1 3367 3357 3476 XOR
1 1 3476 3477 INV
2 1 3477 3351 3478 XOR
1 1 3478 3479 INV
2 1 3479 3442 3480 AND
1 1 3480 3481 INV
2 1 3475 3481 3482 AND
1 1 3472 3483 INV
2 1 3479 3483 3484 AND
1 1 3484 3485 INV
2 1 3482 3485 3486 AND
1 1 3486 3487 INV
2 1 3487 3405 3488 AND
1 1 3488 3489 INV
2 1 3411 3489 3490 AND
1 1 3408 3491 INV
2 1 3487 3491 3492 AND
1 1 3492 3493 INV
2 1 3490 3493 3494 AND
1 1 3494 3495 INV
2 1 3296 3389 3496 XOR
2 1 3496 3293 3497 XOR
1 1 3497 3498 INV
2 1 3495 3498 3499 AND
1 1 3499 3500 INV
2 1 5 34 3501 AND
2 1 33 6 3502 AND
1 1 3502 3503 INV
1 1 3503 3504 INV
2 1 3501 3504 3505 AND
1 1 183 3506 INV
2 1 32 3506 3507 AND
1 1 174 3508 INV
2 1 36 3508 3509 AND
2 1 3507 3509 3510 AND
1 1 3510 3511 INV
1 1 129 3512 INV
2 1 4 3512 3513 AND
2 1 3509 3513 3514 AND
1 1 3514 3515 INV
2 1 3511 3515 3516 AND
2 1 3513 3507 3517 AND
1 1 3517 3518 INV
2 1 3516 3518 3519 AND
1 1 3519 3520 INV
2 1 3505 3520 3521 AND
1 1 3521 3522 INV
1 1 173 3523 INV
2 1 37 3523 3524 AND
1 1 171 3525 INV
2 1 39 3525 3526 AND
2 1 3524 3526 3527 AND
1 1 3527 3528 INV
1 1 137 3529 INV
2 1 1 3529 3530 AND
2 1 3526 3530 3531 AND
1 1 3531 3532 INV
2 1 3528 3532 3533 AND
2 1 3530 3524 3534 AND
1 1 3534 3535 INV
2 1 3533 3535 3536 AND
1 1 3536 3537 INV
2 1 3537 3505 3538 AND
1 1 3538 3539 INV
2 1 3522 3539 3540 AND
1 1 3519 3541 INV
2 1 3537 3541 3542 AND
1 1 3542 3543 INV
2 1 3540 3543 3544 AND
1 1 3544 3545 INV
2 1 3433 3431 3546 XOR
1 1 3546 3547 INV
1 1 192 3548 INV
2 1 32 3548 3549 AND
2 1 3547 3549 3550 AND
1 1 3550 3551 INV
2 1 3421 3415 3552 XOR
1 1 3552 3553 INV
2 1 3553 3417 3554 XOR
1 1 3554 3555 INV
2 1 3549 3555 3556 AND
1 1 3556 3557 INV
2 1 3551 3557 3558 AND
2 1 3547 3555 3559 AND
1 1 3559 3560 INV
2 1 3558 3560 3561 AND
1 1 3561 3562 INV
2 1 3545 3562 3563 XOR
1 1 3563 3564 INV
2 1 3428 3435 3565 XOR
2 1 3565 3413 3566 XOR
1 1 3566 3567 INV
2 1 3564 3567 3568 XOR
2 1 3446 3466 3569 XOR
2 1 3569 3449 3570 XOR
1 1 3570 3571 INV
1 1 3571 3572 INV
2 1 3568 3572 3573 AND
1 1 3573 3574 INV
2 1 3459 3453 3575 XOR
1 1 3575 3576 INV
2 1 3576 3455 3577 XOR
1 1 3577 3578 INV
2 1 4 34 3579 AND
2 1 33 5 3580 AND
1 1 3580 3581 INV
1 1 3581 3582 INV
2 1 3579 3582 3583 AND
2 1 3530 3524 3584 XOR
1 1 3584 3585 INV
2 1 3585 3526 3586 XOR
1 1 3586 3587 INV
2 1 3583 3587 3588 AND
1 1 3588 3589 INV
2 1 3503 3501 3590 XOR
1 1 3590 3591 INV
2 1 3591 3587 3592 AND
1 1 3592 3593 INV
2 1 3589 3593 3594 AND
2 1 3591 3583 3595 AND
1 1 3595 3596 INV
2 1 3594 3596 3597 AND
1 1 3597 3598 INV
2 1 3578 3598 3599 AND
1 1 3599 3600 INV
2 1 3555 3549 3601 XOR
1 1 3601 3602 INV
2 1 3602 3546 3603 XOR
2 1 3578 3603 3604 AND
1 1 3604 3605 INV
2 1 3600 3605 3606 AND
1 1 3597 3607 INV
2 1 3603 3607 3608 AND
1 1 3608 3609 INV
2 1 3606 3609 3610 AND
1 1 3610 3611 INV
1 1 3571 3612 INV
2 1 3611 3612 3613 AND
1 1 3613 3614 INV
2 1 3574 3614 3615 AND
2 1 3568 3611 3616 AND
1 1 3616 3617 INV
2 1 3615 3617 3618 AND
1 1 3618 3619 INV
1 1 3567 3620 INV
2 1 3562 3620 3621 AND
1 1 3621 3622 INV
2 1 3545 3562 3623 AND
1 1 3623 3624 INV
2 1 3622 3624 3625 AND
1 1 3567 3626 INV
2 1 3545 3626 3627 AND
1 1 3627 3628 INV
2 1 3625 3628 3629 AND
1 1 3629 3630 INV
2 1 3619 3630 3631 AND
1 1 3631 3632 INV
2 1 3321 3335 3633 XOR
2 1 3633 3340 3634 XOR
1 1 3634 3635 INV
1 1 3629 3636 INV
2 1 3635 3636 3637 AND
1 1 3637 3638 INV
2 1 3632 3638 3639 AND
2 1 3619 3635 3640 AND
1 1 3640 3641 INV
2 1 3639 3641 3642 AND
1 1 3642 3643 INV
2 1 3405 3487 3644 XOR
2 1 3644 3408 3645 XOR
1 1 3645 3646 INV
2 1 3643 3646 3647 AND
1 1 3647 3648 INV
2 1 3619 3629 3649 XOR
2 1 3649 3635 3650 XOR
2 1 3472 3442 3651 XOR
2 1 3651 3478 3652 XOR
1 1 3652 3653 INV
2 1 3650 3653 3654 XOR
2 1 3650 3653 3655 AND
2 1 3654 3655 3656 XOR
2 1 3603 3597 3657 XOR
1 1 3657 3658 INV
2 1 3658 3578 3659 XOR
2 1 3519 3505 3660 XOR
1 1 3660 3661 INV
2 1 3661 3537 3662 XOR
1 1 3662 3663 INV
1 1 3663 3664 INV
2 1 3659 3664 3665 AND
1 1 3665 3666 INV
2 1 3581 3579 3667 XOR
1 1 3667 3668 INV
1 1 129 3669 INV
2 1 3 3669 3670 AND
2 1 3668 3670 3671 AND
1 1 3671 3672 INV
1 1 182 3673 INV
2 1 32 3673 3674 AND
2 1 3674 3670 3675 AND
1 1 3675 3676 INV
2 1 3672 3676 3677 AND
2 1 3668 3674 3678 AND
1 1 3678 3679 INV
2 1 3677 3679 3680 AND
1 1 3680 3681 INV
1 1 173 3682 INV
2 1 36 3682 3683 AND
1 1 171 3684 INV
2 1 38 3684 3685 AND
2 1 3683 3685 3686 AND
1 1 3686 3687 INV
1 1 361 3688 INV
2 1 1 3688 3689 AND
2 1 3685 3689 3690 AND
1 1 3690 3691 INV
2 1 3687 3691 3692 AND
2 1 3689 3683 3693 AND
1 1 3693 3694 INV
2 1 3692 3694 3695 AND
1 1 3695 3696 INV
2 1 3681 3696 3697 AND
1 1 3697 3698 INV
2 1 3513 3507 3699 XOR
1 1 3699 3700 INV
2 1 3700 3509 3701 XOR
1 1 3701 3702 INV
1 1 3695 3703 INV
2 1 3702 3703 3704 AND
1 1 3704 3705 INV
2 1 3698 3705 3706 AND
2 1 3681 3702 3707 AND
1 1 3707 3708 INV
2 1 3706 3708 3709 AND
1 1 3709 3710 INV
1 1 3663 3711 INV
2 1 3710 3711 3712 AND
1 1 3712 3713 INV
2 1 3666 3713 3714 AND
2 1 3659 3710 3715 AND
1 1 3715 3716 INV
2 1 3714 3716 3717 AND
1 1 3717 3718 INV
2 1 3571 3611 3719 XOR
2 1 3719 3568 3720 XOR
1 1 3720 3721 INV
2 1 3718 3721 3722 AND
1 1 3722 3723 INV
1 1 173 3724 INV
2 1 35 3724 3725 AND
1 1 171 3726 INV
2 1 37 3726 3727 AND
2 1 3725 3727 3728 AND
1 1 3728 3729 INV
1 1 134 3730 INV
2 1 1 3730 3731 AND
2 1 3727 3731 3732 AND
1 1 3732 3733 INV
2 1 3729 3733 3734 AND
2 1 3731 3725 3735 AND
1 1 3735 3736 INV
2 1 3734 3736 3737 AND
1 1 3737 3738 INV
2 1 3 34 3739 AND
2 1 33 4 3740 AND
1 1 3740 3741 INV
1 1 3741 3742 INV
2 1 3739 3742 3743 AND
2 1 3738 3743 3744 XOR
2 1 3689 3683 3745 XOR
1 1 3745 3746 INV
2 1 3746 3685 3747 XOR
1 1 3747 3748 INV
2 1 3744 3748 3749 XOR
2 1 3670 3674 3750 XOR
1 1 3750 3751 INV
2 1 3751 3667 3752 XOR
2 1 3749 3752 3753 AND
1 1 3753 3754 INV
1 1 126 3755 INV
2 1 5 3755 3756 AND
2 1 2 34 3757 AND
2 1 33 3 3758 AND
1 1 3758 3759 INV
1 1 3759 3760 INV
2 1 3757 3760 3761 AND
2 1 3756 3761 3762 AND
1 1 3762 3763 INV
2 1 3741 3739 3764 XOR
1 1 3764 3765 INV
2 1 3765 3756 3766 AND
1 1 3766 3767 INV
2 1 3763 3767 3768 AND
2 1 3765 3761 3769 AND
1 1 3769 3770 INV
2 1 3768 3770 3771 AND
1 1 3771 3772 INV
2 1 3752 3772 3773 AND
1 1 3773 3774 INV
2 1 3754 3774 3775 AND
1 1 3771 3776 INV
2 1 3749 3776 3777 AND
1 1 3777 3778 INV
2 1 3775 3778 3779 AND
1 1 3779 3780 INV
2 1 3743 3748 3781 AND
1 1 3781 3782 INV
2 1 3743 3738 3783 AND
1 1 3783 3784 INV
2 1 3782 3784 3785 AND
2 1 3738 3748 3786 AND
1 1 3786 3787 INV
2 1 3785 3787 3788 AND
1 1 3788 3789 INV
2 1 3780 3789 3790 AND
1 1 3790 3791 INV
2 1 3590 3583 3792 XOR
2 1 3792 3587 3793 XOR
1 1 3793 3794 INV
1 1 3788 3795 INV
2 1 3794 3795 3796 AND
1 1 3796 3797 INV
2 1 3791 3797 3798 AND
2 1 3780 3794 3799 AND
1 1 3799 3800 INV
2 1 3798 3800 3801 AND
1 1 3801 3802 INV
2 1 3663 3710 3803 XOR
1 1 3803 3804 INV
2 1 3804 3659 3805 XOR
1 1 3805 3806 INV
1 1 3806 3807 INV
2 1 3802 3807 3808 AND
1 1 3808 3809 INV
2 1 3780 3788 3810 XOR
2 1 3810 3794 3811 XOR
1 1 3811 3812 INV
2 1 3681 3695 3813 XOR
2 1 3813 3702 3814 XOR
1 1 3814 3815 INV
2 1 3812 3815 3816 AND
1 1 3816 3817 INV
1 1 129 3818 INV
2 1 1 3818 3819 AND
1 1 179 3820 INV
2 1 32 3820 3821 AND
2 1 3819 3821 3822 XOR
1 1 3822 3823 INV
1 1 171 3824 INV
2 1 36 3824 3825 AND
2 1 3823 3825 3826 XOR
1 1 3826 3827 INV
2 1 3759 3757 3828 XOR
1 1 3828 3829 INV
2 1 3827 3829 3830 AND
1 1 3830 3831 INV
1 1 129 3832 INV
2 1 0 3832 3833 AND
1 1 3833 3834 INV
2 1 33 2 3835 AND
1 1 3835 3836 INV
2 1 3834 3836 3837 XOR
2 1 3834 3836 3838 AND
2 1 3837 3838 3839 XOR
1 1 3839 3840 INV
2 1 3840 3829 3841 AND
1 1 3841 3842 INV
2 1 3831 3842 3843 AND
2 1 3827 3840 3844 AND
1 1 3844 3845 INV
2 1 3843 3845 3846 AND
1 1 3846 3847 INV
2 1 3821 3825 3848 AND
1 1 3848 3849 INV
2 1 3825 3819 3850 AND
1 1 3850 3851 INV
2 1 3849 3851 3852 AND
2 1 3821 3819 3853 AND
1 1 3853 3854 INV
2 1 3852 3854 3855 AND
1 1 3855 3856 INV
2 1 3847 3856 3857 AND
1 1 3857 3858 INV
2 1 3731 3725 3859 XOR
1 1 3859 3860 INV
2 1 3860 3727 3861 XOR
1 1 3861 3862 INV
1 1 3855 3863 INV
2 1 3862 3863 3864 AND
1 1 3864 3865 INV
2 1 3858 3865 3866 AND
2 1 3847 3862 3867 AND
1 1 3867 3868 INV
2 1 3866 3868 3869 AND
1 1 3869 3870 INV
2 1 3752 3771 3871 XOR
1 1 3871 3872 INV
2 1 3872 3749 3873 XOR
1 1 3873 3874 INV
1 1 3874 3875 INV
2 1 3870 3875 3876 AND
1 1 3876 3877 INV
2 1 3756 3761 3878 XOR
1 1 3878 3879 INV
2 1 3879 3764 3880 XOR
2 1 3847 3855 3881 XOR
2 1 3881 3862 3882 XOR
1 1 3882 3883 INV
2 1 3880 3883 3884 AND
1 1 3884 3885 INV
1 1 126 3886 INV
2 1 3 3886 3887 AND
2 1 34 1 3888 AND
1 1 3888 3889 INV
1 1 3889 3890 INV
2 1 3887 3890 3891 AND
1 1 3891 3892 INV
1 1 170 3893 INV
2 1 33 3893 3894 AND
1 1 128 3895 INV
2 1 0 3895 3896 AND
2 1 3894 3896 3897 AND
1 1 3897 3898 INV
2 1 3892 3898 3899 AND
1 1 3899 3900 INV
2 1 3829 3840 3901 XOR
1 1 3901 3902 INV
2 1 3902 3826 3903 XOR
2 1 3900 3903 3904 AND
1 1 3904 3905 INV
2 1 3887 3897 3906 XOR
1 1 3906 3907 INV
2 1 3907 3889 3908 XOR
2 1 3836 3834 3909 XOR
1 1 3909 3910 INV
1 1 3910 3911 INV
2 1 3908 3911 3912 AND
1 1 3912 3913 INV
2 1 3896 3894 3914 XOR
1 1 173 3915 INV
2 1 32 3915 3916 AND
2 1 3914 3916 3917 AND
1 1 3917 3918 INV
2 1 32 0 3919 AND
2 1 3919 3894 3920 AND
2 1 3916 3920 3921 AND
1 1 3921 3922 INV
2 1 3918 3922 3923 AND
2 1 3914 3920 3924 AND
1 1 3924 3925 INV
2 1 3923 3925 3926 AND
1 1 3926 3927 INV
1 1 3910 3928 INV
2 1 3927 3928 3929 AND
1 1 3929 3930 INV
2 1 3913 3930 3931 AND
2 1 3927 3908 3932 AND
1 1 3932 3933 INV
2 1 3931 3933 3934 AND
1 1 3934 3935 INV
2 1 3900 3935 3936 AND
1 1 3936 3937 INV
2 1 3905 3937 3938 AND
2 1 3935 3903 3939 AND
1 1 3939 3940 INV
2 1 3938 3940 3941 AND
1 1 3941 3942 INV
2 1 3942 3880 3943 AND
1 1 3943 3944 INV
2 1 3885 3944 3945 AND
2 1 3942 3883 3946 AND
1 1 3946 3947 INV
2 1 3945 3947 3948 AND
1 1 3948 3949 INV
2 1 3949 3870 3950 AND
1 1 3950 3951 INV
2 1 3877 3951 3952 AND
1 1 3874 3953 INV
2 1 3949 3953 3954 AND
1 1 3954 3955 INV
2 1 3952 3955 3956 AND
1 1 3956 3957 INV
1 1 3814 3958 INV
2 1 3957 3958 3959 AND
1 1 3959 3960 INV
2 1 3817 3960 3961 AND
2 1 3957 3812 3962 AND
1 1 3962 3963 INV
2 1 3961 3963 3964 AND
1 1 3964 3965 INV
2 1 3802 3965 3966 AND
1 1 3966 3967 INV
2 1 3809 3967 3968 AND
1 1 3806 3969 INV
2 1 3965 3969 3970 AND
1 1 3970 3971 INV
2 1 3968 3971 3972 AND
1 1 3972 3973 INV
2 1 3718 3973 3974 AND
1 1 3974 3975 INV
2 1 3723 3975 3976 AND
1 1 3720 3977 INV
2 1 3973 3977 3978 AND
1 1 3978 3979 INV
2 1 3976 3979 3980 AND
1 1 3980 3981 INV
1 1 3653 3982 INV
2 1 3981 3982 3983 AND
1 1 3983 3984 INV
2 1 3656 3984 3985 AND
1 1 3650 3986 INV
2 1 3981 3986 3987 AND
1 1 3987 3988 INV
2 1 3985 3988 3989 AND
1 1 3989 3990 INV
2 1 3990 3643 3991 AND
1 1 3991 3992 INV
2 1 3648 3992 3993 AND
2 1 3990 3646 3994 AND
1 1 3994 3995 INV
2 1 3993 3995 3996 AND
1 1 3996 3997 INV
2 1 3495 3997 3998 AND
1 1 3998 3999 INV
2 1 3500 3999 4000 AND
1 1 3497 4001 INV
2 1 3997 4001 4002 AND
1 1 4002 4003 INV
2 1 4000 4003 4004 AND
1 1 4004 4005 INV
2 1 3398 4005 4006 AND
1 1 4006 4007 INV
2 1 3403 4007 4008 AND
1 1 3400 4009 INV
2 1 4005 4009 4010 AND
1 1 4010 4011 INV
2 1 4008 4011 4012 AND
1 1 4012 4013 INV
2 1 3283 4013 4014 AND
1 1 4014 4015 INV
2 1 3289 4015 4016 AND
1 1 3286 4017 INV
2 1 4013 4017 4018 AND
1 1 4018 4019 INV
2 1 4016 4019 4020 AND
1 1 4020 4021 INV
1 1 3208 4022 INV
2 1 4021 4022 4023 AND
1 1 4023 4024 INV
2 1 3215 4024 4025 AND
1 1 3212 4026 INV
2 1 4021 4026 4027 AND
1 1 4027 4028 INV
2 1 4025 4028 4029 AND
1 1 4029 4030 INV
2 1 4030 3198 4031 AND
1 1 4031 4032 INV
2 1 3205 4032 4033 AND
1 1 3202 4034 INV
2 1 4030 4034 4035 AND
1 1 4035 4036 INV
2 1 4033 4036 4037 AND
1 1 4037 4038 INV
2 1 2892 4038 4039 AND
1 1 4039 4040 INV
2 1 2897 4040 4041 AND
1 1 2894 4042 INV
2 1 4038 4042 4043 AND
1 1 4043 4044 INV
2 1 4041 4044 4045 AND
1 1 4045 4046 INV
2 1 4046 2730 4047 AND
1 1 4047 4048 INV
2 1 2737 4048 4049 AND
1 1 2734 4050 INV
2 1 4046 4050 4051 AND
1 1 4051 4052 INV
2 1 4049 4052 4053 AND
1 1 4053 4054 INV
2 1 2540 4054 4055 AND
1 1 4055 4056 INV
2 1 2545 4056 4057 AND
1 1 2542 4058 INV
2 1 4054 4058 4059 AND
1 1 4059 4060 INV
2 1 4057 4060 4061 AND
1 1 4061 4062 INV
2 1 2463 4062 4063 AND
1 1 4063 4064 INV
2 1 2470 4064 4065 AND
1 1 2467 4066 INV
2 1 4062 4066 4067 AND
1 1 4067 4068 INV
2 1 4065 4068 4069 AND
1 1 4069 4070 INV
2 1 2180 4070 4071 AND
1 1 4071 4072 INV
2 1 2185 4072 4073 AND
1 1 2182 4074 INV
2 1 4070 4074 4075 AND
1 1 4075 4076 INV
2 1 4073 4076 4077 AND
1 1 4077 4078 INV
2 1 1976 4078 4079 AND
1 1 4079 4080 INV
2 1 1947 1958 4081 XOR
2 1 4081 1964 4082 XOR
1 1 4082 4083 INV
2 1 1976 4083 4084 AND
1 1 4084 4085 INV
2 1 4080 4085 4086 AND
1 1 4082 4087 INV
2 1 4078 4087 4088 AND
1 1 4088 4089 INV
2 1 4086 4089 4090 AND
1 1 4090 4091 INV
2 1 1972 4091 4092 AND
1 1 4092 4093 INV
2 1 934 1507 4094 XOR
2 1 4094 1283 4095 XOR
1 1 4095 4096 INV
2 1 4096 1972 4097 AND
1 1 4097 4098 INV
2 1 4093 4098 4099 AND
1 1 4090 4100 INV
2 1 4096 4100 4101 AND
1 1 4101 4102 INV
2 1 4099 4102 4103 AND
2 1 1515 4103 4104 XOR
1 1 174 4105 INV
2 1 53 4105 4106 AND
1 1 287 4107 INV
2 1 4 4107 4108 AND
2 1 4106 4108 4109 XOR
1 1 4109 4110 INV
1 1 173 4111 INV
2 1 54 4111 4112 AND
2 1 4110 4112 4113 XOR
1 1 4113 4114 INV
1 1 183 4115 INV
2 1 49 4115 4116 AND
1 1 238 4117 INV
2 1 8 4117 4118 AND
2 1 4116 4118 4119 XOR
1 1 4119 4120 INV
1 1 315 4121 INV
2 1 51 4121 4122 AND
2 1 4120 4122 4123 XOR
1 1 4123 4124 INV
2 1 4114 4124 4125 XOR
1 1 4125 4126 INV
1 1 361 4127 INV
2 1 19 4127 4128 AND
1 1 182 4129 INV
2 1 50 4129 4130 AND
2 1 4128 4130 4131 XOR
1 1 4131 4132 INV
2 1 18 38 4133 AND
2 1 4132 4133 4134 XOR
2 1 4126 4134 4135 XOR
1 1 4135 4136 INV
1 1 1230 4137 INV
2 1 1240 4137 4138 AND
1 1 4138 4139 INV
1 1 1222 4140 INV
2 1 1240 4140 4141 AND
1 1 4141 4142 INV
2 1 4139 4142 4143 AND
2 1 1222 1230 4144 XOR
2 1 1222 1230 4145 AND
2 1 4144 4145 4146 XOR
2 1 4143 4146 4147 AND
2 1 4136 4147 4148 XOR
1 1 870 4149 INV
2 1 880 4149 4150 AND
1 1 4150 4151 INV
2 1 880 862 4152 AND
1 1 4152 4153 INV
2 1 4151 4153 4154 AND
1 1 870 4155 INV
2 1 862 4155 4156 AND
1 1 4156 4157 INV
2 1 4154 4157 4158 AND
2 1 1276 1266 4159 AND
1 1 4159 4160 INV
2 1 1266 1264 4161 AND
1 1 4161 4162 INV
2 1 4160 4162 4163 AND
2 1 1264 1276 4164 AND
1 1 4164 4165 INV
2 1 4163 4165 4166 AND
2 1 4158 4166 4167 XOR
1 1 4167 4168 INV
1 1 829 4169 INV
2 1 818 4169 4170 AND
1 1 4170 4171 INV
1 1 829 4172 INV
2 1 820 4172 4173 AND
1 1 4173 4174 INV
2 1 4171 4174 4175 AND
2 1 818 820 4176 AND
1 1 4176 4177 INV
2 1 4175 4177 4178 AND
2 1 4168 4178 4179 XOR
1 1 4179 4180 INV
2 1 4148 4180 4181 XOR
1 1 4181 4182 INV
2 1 931 833 4183 AND
1 1 4183 4184 INV
1 1 883 4185 INV
2 1 833 4185 4186 AND
1 1 4186 4187 INV
2 1 4184 4187 4188 AND
1 1 883 4189 INV
2 1 931 4189 4190 AND
1 1 4190 4191 INV
2 1 4188 4191 4192 AND
2 1 4182 4192 4193 XOR
1 1 4193 4194 INV
2 1 899 929 4195 XOR
2 1 899 929 4196 AND
2 1 4195 4196 4197 XOR
1 1 899 4198 INV
2 1 891 4198 4199 AND
1 1 4199 4200 INV
2 1 4197 4200 4201 AND
1 1 929 4202 INV
2 1 891 4202 4203 AND
1 1 4203 4204 INV
2 1 4201 4204 4205 AND
1 1 852 4206 INV
2 1 882 4206 4207 AND
1 1 4207 4208 INV
2 1 882 842 4209 AND
1 1 4209 4210 INV
2 1 4208 4210 4211 AND
1 1 852 4212 INV
2 1 842 4212 4213 AND
1 1 4213 4214 INV
2 1 4211 4214 4215 AND
1 1 4215 4216 INV
2 1 4205 4216 4217 XOR
1 1 129 4218 INV
2 1 21 4218 4219 AND
2 1 4219 125 4220 XOR
1 1 259 4221 INV
2 1 36 4221 4222 AND
2 1 4220 4222 4223 XOR
1 1 4223 4224 INV
1 1 1270 4225 INV
2 1 0 4225 4226 AND
1 1 4226 4227 INV
2 1 0 1274 4228 AND
1 1 4228 4229 INV
2 1 4227 4229 4230 AND
1 1 1270 4231 INV
2 1 1274 4231 4232 AND
1 1 4232 4233 INV
2 1 4230 4233 4234 AND
1 1 4234 4235 INV
2 1 4224 4235 4236 XOR
1 1 149 4237 INV
2 1 14 4237 4238 AND
1 1 219 4239 INV
2 1 40 4239 4240 AND
2 1 4238 4240 4241 XOR
1 1 4241 4242 INV
1 1 204 4243 INV
2 1 41 4243 4244 AND
2 1 4242 4244 4245 XOR
2 1 4236 4245 4246 XOR
1 1 4246 4247 INV
1 1 316 4248 INV
2 1 43 4248 4249 AND
2 1 4249 170 4250 XOR
1 1 195 4251 INV
2 1 45 4251 4252 AND
2 1 4250 4252 4253 XOR
1 1 4253 4254 INV
2 1 4247 4254 4255 XOR
2 1 878 875 4256 AND
1 1 4256 4257 INV
2 1 873 878 4258 AND
1 1 4258 4259 INV
2 1 4257 4259 4260 AND
2 1 873 875 4261 AND
1 1 4261 4262 INV
2 1 4260 4262 4263 AND
2 1 828 825 4264 AND
1 1 4264 4265 INV
2 1 823 828 4266 AND
1 1 4266 4267 INV
2 1 4265 4267 4268 AND
2 1 823 825 4269 AND
1 1 4269 4270 INV
2 1 4268 4270 4271 AND
1 1 4271 4272 INV
2 1 4263 4272 4273 XOR
1 1 138 4274 INV
2 1 17 4274 4275 AND
1 1 159 4276 INV
2 1 9 4276 4277 AND
2 1 4275 4277 4278 XOR
1 1 4278 4279 INV
1 1 194 4280 INV
2 1 46 4280 4281 AND
2 1 4279 4281 4282 XOR
1 1 4282 4283 INV
2 1 4273 4283 4284 XOR
1 1 4284 4285 INV
2 1 4255 4285 4286 XOR
2 1 4217 4286 4287 XOR
2 1 4194 4287 4288 XOR
1 1 1194 4289 INV
2 1 1150 4289 4290 AND
1 1 4290 4291 INV
1 1 1194 4292 INV
2 1 1282 4292 4293 AND
1 1 4293 4294 INV
2 1 4291 4294 4295 AND
2 1 1150 1282 4296 AND
1 1 4296 4297 INV
2 1 4295 4297 4298 AND
2 1 4288 4298 4299 XOR
1 1 788 4300 INV
2 1 680 4300 4301 AND
1 1 4301 4302 INV
1 1 788 4303 INV
2 1 932 4303 4304 AND
1 1 4304 4305 INV
2 1 4302 4305 4306 AND
2 1 680 932 4307 AND
1 1 4307 4308 INV
2 1 4306 4308 4309 AND
1 1 1216 4310 INV
2 1 1280 4310 4311 AND
1 1 4311 4312 INV
1 1 1216 4313 INV
2 1 1206 4313 4314 AND
1 1 4314 4315 INV
2 1 4312 4315 4316 AND
2 1 1280 1206 4317 AND
1 1 4317 4318 INV
2 1 4316 4318 4319 AND
2 1 4309 4319 4320 XOR
1 1 4320 4321 INV
1 1 1253 4322 INV
2 1 1278 4322 4323 AND
1 1 4323 4324 INV
2 1 1242 1253 4325 XOR
2 1 1242 1253 4326 AND
2 1 4325 4326 4327 XOR
2 1 4324 4327 4328 AND
1 1 1242 4329 INV
2 1 1278 4329 4330 AND
1 1 4330 4331 INV
2 1 4328 4331 4332 AND
1 1 807 4333 INV
2 1 831 4333 4334 AND
1 1 4334 4335 INV
1 1 797 4336 INV
2 1 831 4336 4337 AND
1 1 4337 4338 INV
2 1 4335 4338 4339 AND
2 1 797 807 4340 XOR
2 1 797 807 4341 AND
2 1 4340 4341 4342 XOR
2 1 4339 4342 4343 AND
2 1 4332 4343 4344 XOR
1 1 4344 4345 INV
2 1 1262 1259 4346 AND
1 1 4346 4347 INV
2 1 1257 1262 4348 AND
1 1 4348 4349 INV
2 1 4347 4349 4350 AND
2 1 1257 1259 4351 AND
1 1 4351 4352 INV
2 1 4350 4352 4353 AND
2 1 32 889 4354 AND
1 1 4354 4355 INV
2 1 887 889 4356 AND
1 1 4356 4357 INV
2 1 4355 4357 4358 AND
2 1 32 887 4359 AND
1 1 4359 4360 INV
2 1 4358 4360 4361 AND
2 1 4353 4361 4362 XOR
1 1 4362 4363 INV
2 1 22 34 4364 AND
1 1 4364 4365 INV
2 1 44 12 4366 AND
2 1 4365 4366 4367 XOR
2 1 4363 4367 4368 XOR
1 1 4368 4369 INV
1 1 918 4370 INV
2 1 928 4370 4371 AND
1 1 4371 4372 INV
2 1 928 910 4373 AND
1 1 4373 4374 INV
2 1 4372 4374 4375 AND
1 1 918 4376 INV
2 1 910 4376 4377 AND
1 1 4377 4378 INV
2 1 4375 4378 4379 AND
1 1 4379 4380 INV
2 1 4369 4380 4381 XOR
1 1 4381 4382 INV
2 1 926 923 4383 AND
1 1 4383 4384 INV
2 1 921 926 4385 AND
1 1 4385 4386 INV
2 1 4384 4386 4387 AND
2 1 921 923 4388 AND
1 1 4388 4389 INV
2 1 4387 4389 4390 AND
1 1 1221 4391 INV
2 1 1219 4391 4392 AND
2 1 4390 4392 4393 XOR
1 1 4393 4394 INV
2 1 1238 1235 4395 AND
1 1 4395 4396 INV
2 1 1233 1238 4397 AND
1 1 4397 4398 INV
2 1 4396 4398 4399 AND
2 1 1233 1235 4400 AND
1 1 4400 4401 INV
2 1 4399 4401 4402 AND
2 1 4394 4402 4403 XOR
1 1 4403 4404 INV
2 1 4382 4404 4405 XOR
2 1 4345 4405 4406 XOR
1 1 4406 4407 INV
2 1 4321 4407 4408 XOR
1 1 4408 4409 INV
2 1 4299 4409 4410 XOR
1 1 4410 4411 INV
2 1 4104 4411 4412 XOR
1 1 4412 4413 INV
2 1 423 422 4414 AND
2 1 406 360 4415 XOR
2 1 4414 4415 4416 AND
1 1 4416 4417 INV
1 1 421 4418 INV
2 1 4417 4418 4419 AND
1 1 4419 4420 INV
2 1 4420 417 4421 AND
1 1 4421 4422 INV
1 1 420 4423 INV
2 1 4422 4423 4424 AND
1 1 4424 4425 INV
2 1 4413 4425 4426 AND
1 1 4426 4427 INV
2 1 54 22 4428 XOR
1 1 4428 4429 INV
2 1 21 53 4430 AND
1 1 4430 4431 INV
2 1 54 22 4432 AND
2 1 21 4432 4433 AND
1 1 4433 4434 INV
2 1 4431 4434 4435 AND
2 1 53 4432 4436 AND
1 1 4436 4437 INV
2 1 4435 4437 4438 AND
2 1 4429 4438 4439 XOR
2 1 22 52 4440 AND
1 1 4440 4441 INV
2 1 4441 242 4442 XOR
1 1 4442 4443 INV
1 1 259 4444 INV
2 1 53 4444 4445 AND
2 1 18 4445 4446 AND
1 1 4446 4447 INV
1 1 223 4448 INV
2 1 54 4448 4449 AND
2 1 18 4449 4450 AND
1 1 4450 4451 INV
2 1 4447 4451 4452 AND
2 1 4445 4449 4453 AND
1 1 4453 4454 INV
2 1 4452 4454 4455 AND
2 1 4443 4455 4456 XOR
2 1 4445 222 4457 XOR
2 1 4457 4449 4458 XOR
1 1 4458 4459 INV
1 1 258 4460 INV
2 1 51 4460 4461 AND
2 1 49 4461 4462 AND
1 1 4462 4463 INV
1 1 241 4464 INV
2 1 22 4464 4465 AND
2 1 49 4465 4466 AND
1 1 4466 4467 INV
2 1 4463 4467 4468 AND
2 1 4461 4465 4469 AND
1 1 4469 4470 INV
2 1 4468 4470 4471 AND
1 1 4471 4472 INV
2 1 4459 4472 4473 AND
1 1 4473 4474 INV
1 1 223 4475 INV
2 1 53 4475 4476 AND
2 1 17 4476 4477 AND
1 1 4477 4478 INV
1 1 222 4479 INV
2 1 54 4479 4480 AND
2 1 17 4480 4481 AND
1 1 4481 4482 INV
2 1 4478 4482 4483 AND
2 1 4476 4480 4484 AND
1 1 4484 4485 INV
2 1 4483 4485 4486 AND
1 1 4486 4487 INV
2 1 4487 4459 4488 AND
1 1 4488 4489 INV
2 1 4474 4489 4490 AND
1 1 4471 4491 INV
2 1 4487 4491 4492 AND
1 1 4492 4493 INV
2 1 4490 4493 4494 AND
1 1 4494 4495 INV
1 1 661 4496 INV
2 1 51 4496 4497 AND
2 1 50 4497 4498 AND
1 1 4498 4499 INV
1 1 287 4500 INV
2 1 21 4500 4501 AND
2 1 50 4501 4502 AND
1 1 4502 4503 INV
2 1 4499 4503 4504 AND
2 1 4497 4501 4505 AND
1 1 4505 4506 INV
2 1 4504 4506 4507 AND
2 1 4495 4507 4508 XOR
1 1 258 4509 INV
2 1 53 4509 4510 AND
2 1 4510 223 4511 XOR
1 1 259 4512 INV
2 1 54 4512 4513 AND
2 1 4511 4513 4514 XOR
1 1 4514 4515 INV
2 1 4508 4515 4516 XOR
1 1 4516 4517 INV
2 1 4456 4517 4518 AND
1 1 4518 4519 INV
2 1 4497 241 4520 XOR
2 1 4520 4501 4521 XOR
1 1 4521 4522 INV
2 1 4486 4471 4523 XOR
1 1 4523 4524 INV
2 1 4524 4459 4525 XOR
1 1 4525 4526 INV
2 1 4522 4526 4527 AND
1 1 4527 4528 INV
1 1 287 4529 INV
2 1 20 4529 4530 AND
2 1 4461 363 4531 XOR
2 1 4531 4465 4532 XOR
1 1 4532 4533 INV
2 1 4530 4533 4534 AND
1 1 4534 4535 INV
2 1 4476 317 4536 XOR
2 1 4536 4480 4537 XOR
1 1 4537 4538 INV
2 1 4538 4530 4539 AND
1 1 4539 4540 INV
2 1 4535 4540 4541 AND
2 1 4538 4533 4542 AND
1 1 4542 4543 INV
2 1 4541 4543 4544 AND
1 1 4544 4545 INV
2 1 4545 4522 4546 AND
1 1 4546 4547 INV
2 1 4528 4547 4548 AND
1 1 4525 4549 INV
2 1 4545 4549 4550 AND
1 1 4550 4551 INV
2 1 4548 4551 4552 AND
1 1 4552 4553 INV
2 1 4456 4553 4554 AND
1 1 4554 4555 INV
2 1 4519 4555 4556 AND
1 1 4552 4557 INV
2 1 4517 4557 4558 AND
1 1 4558 4559 INV
2 1 4556 4559 4560 AND
2 1 4456 4552 4561 XOR
2 1 4561 4517 4562 XOR
1 1 4562 4563 INV
1 1 258 4564 INV
2 1 50 4564 4565 AND
2 1 18 53 4566 AND
1 1 4566 4567 INV
2 1 4567 219 4568 XOR
1 1 4568 4569 INV
2 1 54 17 4570 AND
2 1 4569 4570 4571 XOR
1 1 4571 4572 INV
2 1 4565 4572 4573 AND
1 1 4573 4574 INV
2 1 48 4565 4575 AND
1 1 4575 4576 INV
2 1 4574 4576 4577 AND
1 1 4571 4578 INV
2 1 48 4578 4579 AND
1 1 4579 4580 INV
2 1 4577 4580 4581 AND
1 1 4581 4582 INV
1 1 4567 4583 INV
2 1 16 4583 4584 AND
1 1 4584 4585 INV
2 1 16 4570 4586 AND
1 1 4586 4587 INV
2 1 4585 4587 4588 AND
1 1 4567 4589 INV
2 1 4570 4589 4590 AND
1 1 4590 4591 INV
2 1 4588 4591 4592 AND
2 1 4582 4592 4593 XOR
1 1 363 4594 INV
2 1 22 4594 4595 AND
1 1 287 4596 INV
2 1 19 4596 4597 AND
2 1 4595 4597 4598 AND
1 1 4598 4599 INV
1 1 259 4600 INV
2 1 51 4600 4601 AND
2 1 4597 4601 4602 AND
1 1 4602 4603 INV
2 1 4599 4603 4604 AND
2 1 4601 4595 4605 AND
1 1 4605 4606 INV
2 1 4604 4606 4607 AND
2 1 4593 4607 4608 XOR
2 1 19 51 4609 AND
1 1 4609 4610 INV
2 1 4610 159 4611 XOR
1 1 4611 4612 INV
1 1 287 4613 INV
2 1 18 4613 4614 AND
2 1 4612 4614 4615 XOR
1 1 4615 4616 INV
1 1 258 4617 INV
2 1 49 4617 4618 AND
1 1 661 4619 INV
2 1 48 4619 4620 AND
2 1 4618 4620 4621 XOR
1 1 4621 4622 INV
1 1 241 4623 INV
2 1 20 4623 4624 AND
2 1 4622 4624 4625 XOR
1 1 4625 4626 INV
2 1 4616 4626 4627 AND
1 1 4627 4628 INV
2 1 17 53 4629 AND
1 1 4629 4630 INV
2 1 4630 204 4631 XOR
1 1 4631 4632 INV
1 1 219 4633 INV
2 1 54 4633 4634 AND
2 1 4632 4634 4635 XOR
1 1 4635 4636 INV
2 1 4636 4616 4637 AND
1 1 4637 4638 INV
2 1 4628 4638 4639 AND
1 1 4625 4640 INV
2 1 4636 4640 4641 AND
1 1 4641 4642 INV
2 1 4639 4642 4643 AND
1 1 4643 4644 INV
2 1 4620 4624 4645 AND
1 1 4645 4646 INV
2 1 4624 4618 4647 AND
1 1 4647 4648 INV
2 1 4646 4648 4649 AND
2 1 4620 4618 4650 AND
1 1 4650 4651 INV
2 1 4649 4651 4652 AND
1 1 4652 4653 INV
2 1 4644 4653 4654 AND
1 1 4654 4655 INV
2 1 4565 238 4656 XOR
2 1 4656 4571 4657 XOR
1 1 4652 4658 INV
2 1 4657 4658 4659 AND
1 1 4659 4660 INV
2 1 4655 4660 4661 AND
2 1 4644 4657 4662 AND
1 1 4662 4663 INV
2 1 4661 4663 4664 AND
1 1 4664 4665 INV
2 1 4601 4595 4666 XOR
1 1 4666 4667 INV
2 1 4667 4597 4668 XOR
1 1 4668 4669 INV
1 1 4630 4670 INV
2 1 15 4670 4671 AND
1 1 4671 4672 INV
2 1 15 4634 4673 AND
1 1 4673 4674 INV
2 1 4672 4674 4675 AND
1 1 4630 4676 INV
2 1 4634 4676 4677 AND
1 1 4677 4678 INV
2 1 4675 4678 4679 AND
1 1 4679 4680 INV
2 1 4669 4680 4681 AND
1 1 4681 4682 INV
2 1 47 4614 4683 AND
1 1 4683 4684 INV
1 1 4610 4685 INV
2 1 4614 4685 4686 AND
1 1 4686 4687 INV
2 1 4684 4687 4688 AND
1 1 4610 4689 INV
2 1 47 4689 4690 AND
1 1 4690 4691 INV
2 1 4688 4691 4692 AND
1 1 4692 4693 INV
1 1 4679 4694 INV
2 1 4693 4694 4695 AND
1 1 4695 4696 INV
2 1 4682 4696 4697 AND
2 1 4693 4669 4698 AND
1 1 4698 4699 INV
2 1 4697 4699 4700 AND
2 1 4665 4700 4701 XOR
2 1 4537 4530 4702 XOR
2 1 4702 4533 4703 XOR
1 1 4703 4704 INV
2 1 4701 4704 4705 XOR
1 1 4705 4706 INV
2 1 4608 4706 4707 AND
1 1 4707 4708 INV
2 1 4636 4616 4709 XOR
1 1 4709 4710 INV
2 1 4710 4625 4711 XOR
1 1 259 4712 INV
2 1 49 4712 4713 AND
1 1 258 4714 INV
2 1 48 4714 4715 AND
2 1 4713 4715 4716 XOR
1 1 4716 4717 INV
1 1 241 4718 INV
2 1 19 4718 4719 AND
2 1 4717 4719 4720 XOR
1 1 4720 4721 INV
1 1 204 4722 INV
2 1 53 4722 4723 AND
2 1 13 4723 4724 AND
1 1 4724 4725 INV
1 1 203 4726 INV
2 1 54 4726 4727 AND
2 1 13 4727 4728 AND
1 1 4728 4729 INV
2 1 4725 4729 4730 AND
2 1 4723 4727 4731 AND
1 1 4731 4732 INV
2 1 4730 4732 4733 AND
1 1 4733 4734 INV
2 1 4721 4734 4735 AND
1 1 4735 4736 INV
1 1 287 4737 INV
2 1 16 4737 4738 AND
1 1 259 4739 INV
2 1 48 4739 4740 AND
2 1 4738 4740 4741 AND
1 1 4741 4742 INV
1 1 223 4743 INV
2 1 49 4743 4744 AND
2 1 4740 4744 4745 AND
1 1 4745 4746 INV
2 1 4742 4746 4747 AND
2 1 4744 4738 4748 AND
1 1 4748 4749 INV
2 1 4747 4749 4750 AND
1 1 4750 4751 INV
2 1 4734 4751 4752 AND
1 1 4752 4753 INV
2 1 4736 4753 4754 AND
2 1 4721 4751 4755 AND
1 1 4755 4756 INV
2 1 4754 4756 4757 AND
1 1 4757 4758 INV
2 1 4711 4758 4759 AND
1 1 4759 4760 INV
1 1 661 4761 INV
2 1 47 4761 4762 AND
2 1 16 53 4763 AND
1 1 4763 4764 INV
2 1 4764 203 4765 XOR
1 1 4765 4766 INV
1 1 204 4767 INV
2 1 54 4767 4768 AND
2 1 4766 4768 4769 XOR
1 1 4769 4770 INV
2 1 4762 4770 4771 AND
1 1 4771 4772 INV
2 1 18 51 4773 AND
1 1 4773 4774 INV
2 1 4774 158 4775 XOR
1 1 4775 4776 INV
1 1 287 4777 INV
2 1 17 4777 4778 AND
2 1 4776 4778 4779 XOR
1 1 4779 4780 INV
2 1 4780 4762 4781 AND
1 1 4781 4782 INV
2 1 4772 4782 4783 AND
1 1 4769 4784 INV
2 1 4780 4784 4785 AND
1 1 4785 4786 INV
2 1 4783 4786 4787 AND
1 1 4787 4788 INV
2 1 4788 4711 4789 AND
1 1 4789 4790 INV
2 1 4760 4790 4791 AND
1 1 4757 4792 INV
2 1 4788 4792 4793 AND
1 1 4793 4794 INV
2 1 4791 4794 4795 AND
1 1 4795 4796 INV
1 1 4764 4797 INV
2 1 14 4797 4798 AND
1 1 4798 4799 INV
2 1 14 4768 4800 AND
1 1 4800 4801 INV
2 1 4799 4801 4802 AND
1 1 4764 4803 INV
2 1 4768 4803 4804 AND
1 1 4804 4805 INV
2 1 4802 4805 4806 AND
1 1 4806 4807 INV
2 1 4715 4719 4808 AND
1 1 4808 4809 INV
2 1 4719 4713 4810 AND
1 1 4810 4811 INV
2 1 4809 4811 4812 AND
2 1 4715 4713 4813 AND
1 1 4813 4814 INV
2 1 4812 4814 4815 AND
1 1 4815 4816 INV
2 1 4807 4816 4817 AND
1 1 4817 4818 INV
2 1 46 4778 4819 AND
1 1 4819 4820 INV
1 1 4774 4821 INV
2 1 4778 4821 4822 AND
1 1 4822 4823 INV
2 1 4820 4823 4824 AND
1 1 4774 4825 INV
2 1 46 4825 4826 AND
1 1 4826 4827 INV
2 1 4824 4827 4828 AND
2 1 4828 4815 4829 XOR
2 1 4828 4815 4830 AND
2 1 4829 4830 4831 XOR
2 1 4818 4831 4832 AND
1 1 4828 4833 INV
2 1 4807 4833 4834 AND
1 1 4834 4835 INV
2 1 4832 4835 4836 AND
1 1 4836 4837 INV
2 1 4796 4837 4838 AND
1 1 4838 4839 INV
2 1 4692 4679 4840 XOR
1 1 4840 4841 INV
2 1 4841 4669 4842 XOR
1 1 4842 4843 INV
1 1 4836 4844 INV
2 1 4843 4844 4845 AND
1 1 4845 4846 INV
2 1 4839 4846 4847 AND
2 1 4843 4796 4848 AND
1 1 4848 4849 INV
2 1 4847 4849 4850 AND
1 1 4850 4851 INV
2 1 4608 4851 4852 AND
1 1 4852 4853 INV
2 1 4708 4853 4854 AND
1 1 4850 4855 INV
2 1 4706 4855 4856 AND
1 1 4856 4857 INV
2 1 4854 4857 4858 AND
2 1 4644 4652 4859 XOR
2 1 4859 4657 4860 XOR
1 1 4860 4861 INV
2 1 4796 4836 4862 XOR
2 1 4862 4842 4863 XOR
1 1 4863 4864 INV
1 1 4864 4865 INV
2 1 4861 4865 4866 AND
1 1 4866 4867 INV
2 1 4806 4815 4868 XOR
1 1 4868 4869 INV
2 1 4869 4828 4870 XOR
2 1 4723 316 4871 XOR
2 1 4871 4727 4872 XOR
1 1 4872 4873 INV
1 1 287 4874 INV
2 1 15 4874 4875 AND
1 1 223 4876 INV
2 1 48 4876 4877 AND
2 1 4875 4877 4878 AND
1 1 4878 4879 INV
1 1 159 4880 INV
2 1 20 4880 4881 AND
2 1 4877 4881 4882 AND
1 1 4882 4883 INV
2 1 4879 4883 4884 AND
2 1 4881 4875 4885 AND
1 1 4885 4886 INV
2 1 4884 4886 4887 AND
1 1 4887 4888 INV
2 1 4873 4888 4889 AND
1 1 4889 4890 INV
1 1 203 4891 INV
2 1 53 4891 4892 AND
2 1 12 4892 4893 AND
1 1 4893 4894 INV
1 1 316 4895 INV
2 1 54 4895 4896 AND
2 1 12 4896 4897 AND
1 1 4897 4898 INV
2 1 4894 4898 4899 AND
2 1 4892 4896 4900 AND
1 1 4900 4901 INV
2 1 4899 4901 4902 AND
1 1 4902 4903 INV
2 1 4903 4873 4904 AND
1 1 4904 4905 INV
2 1 4890 4905 4906 AND
1 1 4887 4907 INV
2 1 4903 4907 4908 AND
1 1 4908 4909 INV
2 1 4906 4909 4910 AND
1 1 4910 4911 INV
1 1 661 4912 INV
2 1 45 4912 4913 AND
1 1 242 4914 INV
2 1 16 4914 4915 AND
2 1 4913 4915 4916 AND
1 1 4916 4917 INV
1 1 158 4918 INV
2 1 21 4918 4919 AND
2 1 4915 4919 4920 AND
1 1 4920 4921 INV
2 1 4917 4921 4922 AND
2 1 4919 4913 4923 AND
1 1 4923 4924 INV
2 1 4922 4924 4925 AND
1 1 4925 4926 INV
1 1 317 4927 INV
2 1 50 4927 4928 AND
2 1 44 4928 4929 AND
1 1 4929 4930 INV
1 1 363 4931 INV
2 1 18 4931 4932 AND
2 1 44 4932 4933 AND
1 1 4933 4934 INV
2 1 4930 4934 4935 AND
2 1 4928 4932 4936 AND
1 1 4936 4937 INV
2 1 4935 4937 4938 AND
1 1 4938 4939 INV
2 1 4926 4939 4940 AND
1 1 4940 4941 INV
1 1 317 4942 INV
2 1 51 4942 4943 AND
1 1 241 4944 INV
2 1 18 4944 4945 AND
2 1 4943 4945 4946 XOR
1 1 4946 4947 INV
1 1 258 4948 INV
2 1 47 4948 4949 AND
2 1 4947 4949 4950 XOR
2 1 4950 4938 4951 XOR
2 1 4950 4938 4952 AND
2 1 4951 4952 4953 XOR
2 1 4941 4953 4954 AND
1 1 4950 4955 INV
2 1 4926 4955 4956 AND
1 1 4956 4957 INV
2 1 4954 4957 4958 AND
1 1 4958 4959 INV
2 1 4911 4959 4960 AND
1 1 4960 4961 INV
1 1 158 4962 INV
2 1 22 4962 4963 AND
2 1 4744 4738 4964 XOR
1 1 4964 4965 INV
2 1 4965 4740 4966 XOR
1 1 4966 4967 INV
2 1 4963 4967 4968 AND
1 1 4968 4969 INV
2 1 45 4963 4970 AND
1 1 4970 4971 INV
2 1 4969 4971 4972 AND
2 1 45 4967 4973 AND
1 1 4973 4974 INV
2 1 4972 4974 4975 AND
2 1 4975 4958 4976 XOR
2 1 4975 4958 4977 AND
2 1 4976 4977 4978 XOR
2 1 4961 4978 4979 AND
1 1 4975 4980 INV
2 1 4911 4980 4981 AND
1 1 4981 4982 INV
2 1 4979 4982 4983 AND
1 1 4983 4984 INV
2 1 4870 4984 4985 AND
1 1 4985 4986 INV
2 1 4751 4734 4987 XOR
1 1 4987 4988 INV
2 1 4988 4720 4989 XOR
2 1 4945 4949 4990 AND
1 1 4990 4991 INV
2 1 4949 4943 4992 AND
1 1 4992 4993 INV
2 1 4991 4993 4994 AND
2 1 4945 4943 4995 AND
1 1 4995 4996 INV
2 1 4994 4996 4997 AND
1 1 4997 4998 INV
2 1 4989 4998 4999 AND
1 1 4999 5000 INV
2 1 4780 4762 5001 XOR
1 1 5001 5002 INV
2 1 5002 4769 5003 XOR
1 1 5003 5004 INV
1 1 5004 5005 INV
1 1 4997 5006 INV
2 1 5005 5006 5007 AND
1 1 5007 5008 INV
2 1 5000 5008 5009 AND
2 1 5005 4989 5010 AND
1 1 5010 5011 INV
2 1 5009 5011 5012 AND
1 1 5012 5013 INV
2 1 4870 5013 5014 AND
1 1 5014 5015 INV
2 1 4986 5015 5016 AND
2 1 5012 4983 5017 XOR
2 1 5012 4983 5018 AND
2 1 5017 5018 5019 XOR
2 1 5016 5019 5020 AND
1 1 5020 5021 INV
2 1 5021 4861 5022 AND
1 1 5022 5023 INV
2 1 4867 5023 5024 AND
1 1 4864 5025 INV
2 1 5021 5025 5026 AND
1 1 5026 5027 INV
2 1 5024 5027 5028 AND
1 1 5028 5029 INV
2 1 4787 4757 5030 XOR
1 1 5030 5031 INV
2 1 5031 4711 5032 XOR
1 1 5032 5033 INV
2 1 5012 4983 5034 XOR
1 1 5034 5035 INV
2 1 5035 4870 5036 XOR
1 1 5036 5037 INV
2 1 5033 5037 5038 AND
1 1 5038 5039 INV
2 1 4910 4958 5040 XOR
1 1 5040 5041 INV
2 1 5041 4975 5042 XOR
1 1 5042 5043 INV
1 1 5043 5044 INV
2 1 5004 4997 5045 XOR
2 1 5045 4989 5046 XOR
1 1 5046 5047 INV
1 1 5047 5048 INV
2 1 5044 5048 5049 AND
1 1 5049 5050 INV
2 1 4902 4887 5051 XOR
1 1 5051 5052 INV
2 1 5052 4873 5053 XOR
1 1 5053 5054 INV
2 1 4926 4938 5055 XOR
2 1 5055 4950 5056 XOR
2 1 5054 5056 5057 AND
1 1 5057 5058 INV
2 1 4963 362 5059 XOR
2 1 5059 4967 5060 XOR
1 1 5060 5061 INV
2 1 5054 5061 5062 AND
1 1 5062 5063 INV
2 1 5058 5063 5064 AND
2 1 5056 5061 5065 AND
1 1 5065 5066 INV
2 1 5064 5066 5067 AND
1 1 5067 5068 INV
1 1 5047 5069 INV
2 1 5068 5069 5070 AND
1 1 5070 5071 INV
2 1 5050 5071 5072 AND
2 1 5044 5068 5073 AND
1 1 5073 5074 INV
2 1 5072 5074 5075 AND
1 1 5075 5076 INV
2 1 5033 5076 5077 AND
1 1 5077 5078 INV
2 1 5039 5078 5079 AND
2 1 5075 5036 5080 XOR
2 1 5075 5036 5081 AND
2 1 5080 5081 5082 XOR
2 1 5079 5082 5083 AND
1 1 5083 5084 INV
2 1 4919 4913 5085 XOR
1 1 5085 5086 INV
2 1 5086 4915 5087 XOR
1 1 5087 5088 INV
2 1 4881 4875 5089 XOR
1 1 5089 5090 INV
2 1 5090 4877 5091 XOR
1 1 5091 5092 INV
2 1 4928 155 5093 XOR
2 1 5093 4932 5094 XOR
1 1 5094 5095 INV
2 1 5092 5095 5096 XOR
1 1 5096 5097 INV
2 1 4892 200 5098 XOR
2 1 5098 4896 5099 XOR
1 1 5099 5100 INV
2 1 5097 5100 5101 XOR
1 1 5101 5102 INV
2 1 5088 5102 5103 AND
1 1 5103 5104 INV
1 1 259 5105 INV
2 1 46 5105 5106 AND
1 1 242 5107 INV
2 1 15 5107 5108 AND
2 1 5106 5108 5109 AND
1 1 5109 5110 INV
1 1 219 5111 INV
2 1 50 5111 5112 AND
2 1 5108 5112 5113 AND
1 1 5113 5114 INV
2 1 5110 5114 5115 AND
2 1 5112 5106 5116 AND
1 1 5116 5117 INV
2 1 5115 5117 5118 AND
1 1 5118 5119 INV
2 1 5088 5119 5120 AND
1 1 5120 5121 INV
2 1 5104 5121 5122 AND
1 1 5118 5123 INV
2 1 5102 5123 5124 AND
1 1 5124 5125 INV
2 1 5122 5125 5126 AND
1 1 5126 5127 INV
2 1 5100 5095 5128 AND
1 1 5128 5129 INV
2 1 5092 5095 5130 AND
1 1 5130 5131 INV
2 1 5129 5131 5132 AND
2 1 5100 5092 5133 AND
1 1 5133 5134 INV
2 1 5132 5134 5135 AND
2 1 5127 5135 5136 XOR
1 1 203 5137 INV
2 1 52 5137 5138 AND
1 1 661 5139 INV
2 1 44 5139 5140 AND
2 1 5138 5140 5141 AND
1 1 5141 5142 INV
2 1 43 5140 5143 AND
1 1 5143 5144 INV
2 1 5142 5144 5145 AND
2 1 43 5138 5146 AND
1 1 5146 5147 INV
2 1 5145 5147 5148 AND
1 1 5148 5149 INV
1 1 238 5150 INV
2 1 18 5150 5151 AND
2 1 11 5151 5152 AND
1 1 5152 5153 INV
1 1 200 5154 INV
2 1 54 5154 5155 AND
2 1 11 5155 5156 AND
1 1 5156 5157 INV
2 1 5153 5157 5158 AND
2 1 5151 5155 5159 AND
1 1 5159 5160 INV
2 1 5158 5160 5161 AND
1 1 5161 5162 INV
2 1 5149 5162 5163 AND
1 1 5163 5164 INV
1 1 286 5165 INV
2 1 13 5165 5166 AND
1 1 223 5167 INV
2 1 47 5167 5168 AND
2 1 5166 5168 5169 AND
1 1 5169 5170 INV
1 1 317 5171 INV
2 1 49 5171 5172 AND
2 1 5168 5172 5173 AND
1 1 5173 5174 INV
2 1 5170 5174 5175 AND
2 1 5172 5166 5176 AND
1 1 5176 5177 INV
2 1 5175 5177 5178 AND
2 1 5178 5161 5179 XOR
2 1 5178 5161 5180 AND
2 1 5179 5180 5181 XOR
2 1 5164 5181 5182 AND
1 1 5178 5183 INV
2 1 5149 5183 5184 AND
1 1 5184 5185 INV
2 1 5182 5185 5186 AND
2 1 5136 5186 5187 XOR
1 1 241 5188 INV
2 1 15 5188 5189 AND
1 1 287 5190 INV
2 1 13 5190 5191 AND
2 1 5189 5191 5192 AND
1 1 5192 5193 INV
1 1 203 5194 INV
2 1 51 5194 5195 AND
2 1 5191 5195 5196 AND
1 1 5196 5197 INV
2 1 5193 5197 5198 AND
2 1 5195 5189 5199 AND
1 1 5199 5200 INV
2 1 5198 5200 5201 AND
1 1 5201 5202 INV
1 1 317 5203 INV
2 1 48 5203 5204 AND
2 1 42 5204 5205 AND
1 1 5205 5206 INV
1 1 155 5207 INV
2 1 21 5207 5208 AND
2 1 5208 5204 5209 AND
1 1 5209 5210 INV
2 1 5206 5210 5211 AND
2 1 42 5208 5212 AND
1 1 5212 5213 INV
2 1 5211 5213 5214 AND
1 1 5214 5215 INV
2 1 5202 5215 5216 AND
1 1 5216 5217 INV
2 1 5112 5106 5218 XOR
1 1 5218 5219 INV
2 1 5219 5108 5220 XOR
1 1 5220 5221 INV
2 1 5221 5215 5222 AND
1 1 5222 5223 INV
2 1 5217 5223 5224 AND
2 1 5221 5202 5225 AND
1 1 5225 5226 INV
2 1 5224 5226 5227 AND
1 1 5227 5228 INV
1 1 259 5229 INV
2 1 45 5229 5230 AND
1 1 222 5231 INV
2 1 47 5231 5232 AND
2 1 5230 5232 5233 AND
1 1 5233 5234 INV
1 1 158 5235 INV
2 1 19 5235 5236 AND
2 1 5232 5236 5237 AND
1 1 5237 5238 INV
2 1 5234 5238 5239 AND
2 1 5236 5230 5240 AND
1 1 5240 5241 INV
2 1 5239 5241 5242 AND
1 1 5242 5243 INV
1 1 200 5244 INV
2 1 53 5244 5245 AND
2 1 10 5245 5246 AND
1 1 5246 5247 INV
1 1 195 5248 INV
2 1 54 5248 5249 AND
2 1 10 5249 5250 AND
1 1 5250 5251 INV
2 1 5247 5251 5252 AND
2 1 5245 5249 5253 AND
1 1 5253 5254 INV
2 1 5252 5254 5255 AND
2 1 5243 5255 5256 XOR
2 1 5151 195 5257 XOR
2 1 5257 5155 5258 XOR
1 1 5258 5259 INV
2 1 5256 5259 5260 XOR
1 1 5260 5261 INV
2 1 5202 5215 5262 XOR
1 1 5262 5263 INV
2 1 5263 5221 5264 XOR
1 1 5264 5265 INV
2 1 5261 5265 5266 AND
1 1 5266 5267 INV
2 1 5138 150 5268 XOR
2 1 5268 5140 5269 XOR
1 1 5269 5270 INV
1 1 258 5271 INV
2 1 45 5271 5272 AND
2 1 5270 5272 5273 XOR
1 1 5273 5274 INV
2 1 5172 5166 5275 XOR
1 1 5275 5276 INV
2 1 5276 5168 5277 XOR
1 1 5277 5278 INV
2 1 5274 5278 5279 XOR
1 1 5279 5280 INV
2 1 5280 5261 5281 AND
1 1 5281 5282 INV
2 1 5267 5282 5283 AND
2 1 5280 5265 5284 AND
1 1 5284 5285 INV
2 1 5283 5285 5286 AND
1 1 5286 5287 INV
2 1 5228 5287 5288 AND
1 1 5288 5289 INV
2 1 5088 5118 5290 XOR
1 1 5290 5291 INV
2 1 5291 5102 5292 XOR
2 1 5292 5228 5293 AND
1 1 5293 5294 INV
2 1 5289 5294 5295 AND
1 1 5286 5296 INV
2 1 5292 5296 5297 AND
1 1 5297 5298 INV
2 1 5295 5298 5299 AND
1 1 5299 5300 INV
2 1 5148 5161 5301 XOR
1 1 5301 5302 INV
2 1 5302 5178 5303 XOR
1 1 5303 5304 INV
1 1 5304 5305 INV
2 1 5278 5272 5306 AND
1 1 5306 5307 INV
2 1 5272 5270 5308 AND
1 1 5308 5309 INV
2 1 5307 5309 5310 AND
2 1 5278 5270 5311 AND
1 1 5311 5312 INV
2 1 5310 5312 5313 AND
1 1 5313 5314 INV
2 1 5305 5314 5315 AND
1 1 5315 5316 INV
1 1 5255 5317 INV
2 1 5243 5317 5318 AND
1 1 5318 5319 INV
1 1 5255 5320 INV
2 1 5259 5320 5321 AND
1 1 5321 5322 INV
2 1 5319 5322 5323 AND
2 1 5259 5243 5324 AND
1 1 5324 5325 INV
2 1 5323 5325 5326 AND
1 1 5326 5327 INV
2 1 5314 5327 5328 AND
1 1 5328 5329 INV
2 1 5316 5329 5330 AND
1 1 5326 5331 INV
2 1 5305 5331 5332 AND
1 1 5332 5333 INV
2 1 5330 5333 5334 AND
2 1 5300 5334 5335 XOR
2 1 5061 5054 5336 XOR
1 1 5336 5337 INV
2 1 5337 5056 5338 XOR
1 1 5338 5339 INV
2 1 5335 5339 5340 XOR
1 1 5340 5341 INV
2 1 5187 5341 5342 AND
1 1 5342 5343 INV
2 1 5208 149 5344 XOR
2 1 5344 5204 5345 XOR
1 1 5345 5346 INV
2 1 16 49 5347 AND
1 1 5347 5348 INV
1 1 5348 5349 INV
2 1 5346 5349 5350 AND
1 1 5350 5351 INV
1 1 661 5352 INV
2 1 43 5352 5353 AND
1 1 5348 5354 INV
2 1 5353 5354 5355 AND
1 1 5355 5356 INV
2 1 5351 5356 5357 AND
2 1 5353 5346 5358 AND
1 1 5358 5359 INV
2 1 5357 5359 5360 AND
1 1 5360 5361 INV
2 1 5195 5189 5362 XOR
1 1 5362 5363 INV
2 1 5363 5191 5364 XOR
1 1 5364 5365 INV
2 1 5236 5230 5366 XOR
1 1 5366 5367 INV
2 1 5367 5232 5368 XOR
1 1 5368 5369 INV
2 1 5365 5369 5370 AND
1 1 5370 5371 INV
1 1 241 5372 INV
2 1 14 5372 5373 AND
1 1 287 5374 INV
2 1 12 5374 5375 AND
2 1 5373 5375 5376 AND
1 1 5376 5377 INV
1 1 316 5378 INV
2 1 51 5378 5379 AND
2 1 5375 5379 5380 AND
1 1 5380 5381 INV
2 1 5377 5381 5382 AND
2 1 5373 5379 5383 AND
1 1 5383 5384 INV
2 1 5382 5384 5385 AND
1 1 5385 5386 INV
2 1 5386 5365 5387 AND
1 1 5387 5388 INV
2 1 5371 5388 5389 AND
2 1 5386 5369 5390 AND
1 1 5390 5391 INV
2 1 5389 5391 5392 AND
1 1 5392 5393 INV
2 1 5361 5393 5394 AND
1 1 5394 5395 INV
1 1 259 5396 INV
2 1 44 5396 5397 AND
2 1 41 5397 5398 AND
1 1 5398 5399 INV
2 1 16 48 5400 AND
1 1 5400 5401 INV
1 1 5401 5402 INV
2 1 5397 5402 5403 AND
1 1 5403 5404 INV
2 1 5399 5404 5405 AND
1 1 5401 5406 INV
2 1 41 5406 5407 AND
1 1 5407 5408 INV
2 1 5405 5408 5409 AND
1 1 5409 5410 INV
1 1 195 5411 INV
2 1 53 5411 5412 AND
2 1 9 5412 5413 AND
1 1 5413 5414 INV
1 1 194 5415 INV
2 1 54 5415 5416 AND
2 1 9 5416 5417 AND
1 1 5417 5418 INV
2 1 5414 5418 5419 AND
2 1 5412 5416 5420 AND
1 1 5420 5421 INV
2 1 5419 5421 5422 AND
1 1 5422 5423 INV
2 1 5410 5423 5424 AND
1 1 5424 5425 INV
1 1 223 5426 INV
2 1 45 5426 5427 AND
1 1 222 5428 INV
2 1 46 5428 5429 AND
2 1 5427 5429 5430 AND
1 1 5430 5431 INV
1 1 159 5432 INV
2 1 17 5432 5433 AND
2 1 5429 5433 5434 AND
1 1 5434 5435 INV
2 1 5431 5435 5436 AND
2 1 5427 5433 5437 AND
1 1 5437 5438 INV
2 1 5436 5438 5439 AND
1 1 5439 5440 INV
2 1 5440 5423 5441 AND
1 1 5441 5442 INV
2 1 5425 5442 5443 AND
2 1 5440 5410 5444 AND
1 1 5444 5445 INV
2 1 5443 5445 5446 AND
2 1 5446 5392 5447 XOR
2 1 5446 5392 5448 AND
2 1 5447 5448 5449 XOR
2 1 5395 5449 5450 AND
1 1 5446 5451 INV
2 1 5361 5451 5452 AND
1 1 5452 5453 INV
2 1 5450 5453 5454 AND
2 1 5280 5261 5455 XOR
1 1 5455 5456 INV
2 1 5456 5265 5457 XOR
1 1 5457 5458 INV
2 1 5348 5353 5459 XOR
2 1 5459 5346 5460 XOR
1 1 5460 5461 INV
1 1 661 5462 INV
2 1 41 5462 5463 AND
1 1 223 5464 INV
2 1 44 5464 5465 AND
2 1 5463 5465 5466 AND
1 1 5466 5467 INV
1 1 150 5468 INV
2 1 20 5468 5469 AND
2 1 5465 5469 5470 AND
1 1 5470 5471 INV
2 1 5467 5471 5472 AND
2 1 5469 5463 5473 AND
1 1 5473 5474 INV
2 1 5472 5474 5475 AND
1 1 5475 5476 INV
1 1 194 5477 INV
2 1 53 5477 5478 AND
2 1 8 5478 5479 AND
1 1 5479 5480 INV
1 1 191 5481 INV
2 1 54 5481 5482 AND
2 1 8 5482 5483 AND
1 1 5483 5484 INV
2 1 5480 5484 5485 AND
2 1 5478 5482 5486 AND
1 1 5486 5487 INV
2 1 5485 5487 5488 AND
1 1 5488 5489 INV
2 1 5476 5489 5490 AND
1 1 5490 5491 INV
1 1 219 5492 INV
2 1 47 5492 5493 AND
1 1 317 5494 INV
2 1 46 5494 5495 AND
2 1 5493 5495 5496 AND
1 1 5496 5497 INV
1 1 362 5498 INV
2 1 18 5498 5499 AND
2 1 5495 5499 5500 AND
1 1 5500 5501 INV
2 1 5497 5501 5502 AND
2 1 5499 5493 5503 AND
1 1 5503 5504 INV
2 1 5502 5504 5505 AND
2 1 5505 5488 5506 XOR
2 1 5505 5488 5507 AND
2 1 5506 5507 5508 XOR
2 1 5491 5508 5509 AND
1 1 5505 5510 INV
2 1 5476 5510 5511 AND
1 1 5511 5512 INV
2 1 5509 5512 5513 AND
1 1 5513 5514 INV
2 1 5461 5514 5515 AND
1 1 5515 5516 INV
2 1 5379 5373 5517 XOR
1 1 5517 5518 INV
2 1 5518 5375 5519 XOR
1 1 5519 5520 INV
2 1 5433 5427 5521 XOR
1 1 5521 5522 INV
2 1 5522 5429 5523 XOR
1 1 5523 5524 INV
2 1 5520 5524 5525 AND
1 1 5525 5526 INV
2 1 5401 146 5527 XOR
1 1 5527 5528 INV
2 1 5528 5397 5529 XOR
1 1 5529 5530 INV
2 1 5530 5520 5531 AND
1 1 5531 5532 INV
2 1 5526 5532 5533 AND
1 1 5523 5534 INV
2 1 5530 5534 5535 AND
1 1 5535 5536 INV
2 1 5533 5536 5537 AND
1 1 5537 5538 INV
2 1 5461 5538 5539 AND
1 1 5539 5540 INV
2 1 5516 5540 5541 AND
1 1 5537 5542 INV
2 1 5514 5542 5543 AND
1 1 5543 5544 INV
2 1 5541 5544 5545 AND
1 1 5545 5546 INV
2 1 5458 5546 5547 AND
1 1 5547 5548 INV
1 1 661 5549 INV
2 1 42 5549 5550 AND
1 1 363 5551 INV
2 1 15 5551 5552 AND
2 1 5550 5552 5553 AND
1 1 5553 5554 INV
1 1 150 5555 INV
2 1 21 5555 5556 AND
2 1 5552 5556 5557 AND
1 1 5557 5558 INV
2 1 5554 5558 5559 AND
2 1 5556 5550 5560 AND
1 1 5560 5561 INV
2 1 5559 5561 5562 AND
1 1 5562 5563 INV
2 1 5410 5423 5564 XOR
1 1 5564 5565 INV
2 1 5565 5439 5566 XOR
2 1 5563 5566 5567 AND
1 1 5567 5568 INV
2 1 5245 194 5569 XOR
2 1 5569 5249 5570 XOR
1 1 5570 5571 INV
2 1 5563 5571 5572 AND
1 1 5572 5573 INV
2 1 5568 5573 5574 AND
2 1 5566 5571 5575 AND
1 1 5575 5576 INV
2 1 5574 5576 5577 AND
1 1 5577 5578 INV
2 1 5578 5458 5579 AND
1 1 5579 5580 INV
2 1 5548 5580 5581 AND
1 1 5545 5582 INV
2 1 5578 5582 5583 AND
1 1 5583 5584 INV
2 1 5581 5584 5585 AND
2 1 5454 5585 5586 XOR
2 1 5454 5585 5587 AND
2 1 5586 5587 5588 XOR
2 1 5326 5313 5589 XOR
1 1 5589 5590 INV
2 1 5590 5304 5591 XOR
1 1 5454 5592 INV
2 1 5591 5592 5593 AND
1 1 5593 5594 INV
2 1 5588 5594 5595 AND
1 1 5585 5596 INV
2 1 5591 5596 5597 AND
1 1 5597 5598 INV
2 1 5595 5598 5599 AND
1 1 5599 5600 INV
2 1 5187 5600 5601 AND
1 1 5601 5602 INV
2 1 5343 5602 5603 AND
1 1 5599 5604 INV
2 1 5341 5604 5605 AND
1 1 5605 5606 INV
2 1 5603 5606 5607 AND
2 1 5585 5454 5608 XOR
1 1 5608 5609 INV
2 1 5609 5591 5610 XOR
2 1 5286 5228 5611 XOR
2 1 5611 5292 5612 XOR
2 1 5610 5612 5613 XOR
2 1 5610 5612 5614 AND
2 1 5613 5614 5615 XOR
2 1 5360 5392 5616 XOR
1 1 5616 5617 INV
2 1 5617 5446 5618 XOR
2 1 5537 5514 5619 XOR
2 1 5619 5460 5620 XOR
2 1 5530 5520 5621 XOR
1 1 5621 5622 INV
2 1 5622 5523 5623 XOR
1 1 5623 5624 INV
1 1 5624 5625 INV
1 1 204 5626 INV
2 1 48 5626 5627 AND
1 1 242 5628 INV
2 1 12 5628 5629 AND
2 1 5627 5629 5630 AND
1 1 5630 5631 INV
1 1 316 5632 INV
2 1 50 5632 5633 AND
2 1 5629 5633 5634 AND
1 1 5634 5635 INV
2 1 5631 5635 5636 AND
2 1 5633 5627 5637 AND
1 1 5637 5638 INV
2 1 5636 5638 5639 AND
1 1 5639 5640 INV
2 1 5625 5640 5641 AND
1 1 5641 5642 INV
2 1 5475 5488 5643 XOR
1 1 5643 5644 INV
2 1 5644 5505 5645 XOR
1 1 5639 5646 INV
2 1 5645 5646 5647 AND
1 1 5647 5648 INV
2 1 5642 5648 5649 AND
2 1 5625 5645 5650 AND
1 1 5650 5651 INV
2 1 5649 5651 5652 AND
1 1 5652 5653 INV
2 1 5620 5653 5654 AND
1 1 5654 5655 INV
2 1 5556 5550 5656 XOR
1 1 5656 5657 INV
2 1 5657 5552 5658 XOR
1 1 5658 5659 INV
1 1 203 5660 INV
2 1 49 5660 5661 AND
2 1 40 5661 5662 AND
1 1 5662 5663 INV
1 1 287 5664 INV
2 1 11 5664 5665 AND
2 1 40 5665 5666 AND
1 1 5666 5667 INV
2 1 5663 5667 5668 AND
2 1 5661 5665 5669 AND
1 1 5669 5670 INV
2 1 5668 5670 5671 AND
1 1 5671 5672 INV
2 1 5659 5672 5673 XOR
2 1 5412 191 5674 XOR
2 1 5674 5416 5675 XOR
2 1 5673 5675 5676 XOR
1 1 5676 5677 INV
1 1 258 5678 INV
2 1 42 5678 5679 AND
2 1 5469 5463 5680 XOR
1 1 5680 5681 INV
2 1 5681 5465 5682 XOR
1 1 5682 5683 INV
2 1 5679 5683 5684 AND
1 1 5684 5685 INV
2 1 5661 147 5686 XOR
2 1 5686 5665 5687 XOR
1 1 5687 5688 INV
2 1 5688 5679 5689 AND
1 1 5689 5690 INV
2 1 5685 5690 5691 AND
2 1 5688 5683 5692 AND
1 1 5692 5693 INV
2 1 5691 5693 5694 AND
1 1 5694 5695 INV
2 1 5677 5695 5696 AND
1 1 5696 5697 INV
1 1 259 5698 INV
2 1 42 5698 5699 AND
1 1 223 5700 INV
2 1 43 5700 5701 AND
2 1 5699 5701 5702 AND
1 1 5702 5703 INV
1 1 219 5704 INV
2 1 46 5704 5705 AND
2 1 5701 5705 5706 AND
1 1 5706 5707 INV
2 1 5703 5707 5708 AND
2 1 5705 5699 5709 AND
1 1 5709 5710 INV
2 1 5708 5710 5711 AND
1 1 5711 5712 INV
1 1 191 5713 INV
2 1 53 5713 5714 AND
2 1 7 5714 5715 AND
1 1 5715 5716 INV
1 1 192 5717 INV
2 1 54 5717 5718 AND
2 1 7 5718 5719 AND
1 1 5719 5720 INV
2 1 5716 5720 5721 AND
2 1 5714 5718 5722 AND
1 1 5722 5723 INV
2 1 5721 5723 5724 AND
1 1 5724 5725 INV
2 1 5712 5725 5726 AND
1 1 5726 5727 INV
1 1 222 5728 INV
2 1 44 5728 5729 AND
1 1 317 5730 INV
2 1 45 5730 5731 AND
2 1 5729 5731 5732 AND
1 1 5732 5733 INV
1 1 194 5734 INV
2 1 52 5734 5735 AND
2 1 5731 5735 5736 AND
1 1 5736 5737 INV
2 1 5733 5737 5738 AND
2 1 5735 5729 5739 AND
1 1 5739 5740 INV
2 1 5738 5740 5741 AND
2 1 5741 5724 5742 XOR
2 1 5741 5724 5743 AND
2 1 5742 5743 5744 XOR
2 1 5727 5744 5745 AND
1 1 5741 5746 INV
2 1 5712 5746 5747 AND
1 1 5747 5748 INV
2 1 5745 5748 5749 AND
1 1 5749 5750 INV
2 1 5695 5750 5751 AND
1 1 5751 5752 INV
2 1 5697 5752 5753 AND
1 1 5749 5754 INV
2 1 5677 5754 5755 AND
1 1 5755 5756 INV
2 1 5753 5756 5757 AND
1 1 5757 5758 INV
1 1 5652 5759 INV
2 1 5758 5759 5760 AND
1 1 5760 5761 INV
2 1 5655 5761 5762 AND
2 1 5758 5620 5763 AND
1 1 5763 5764 INV
2 1 5762 5764 5765 AND
1 1 5765 5766 INV
2 1 5618 5766 5767 AND
1 1 5767 5768 INV
2 1 5365 5386 5769 XOR
2 1 5769 5369 5770 XOR
2 1 5571 5562 5771 XOR
1 1 5771 5772 INV
2 1 5772 5566 5773 XOR
1 1 5773 5774 INV
1 1 5774 5775 INV
2 1 5770 5775 5776 AND
1 1 5776 5777 INV
1 1 5675 5778 INV
2 1 5778 5659 5779 AND
1 1 5779 5780 INV
2 1 5659 5672 5781 AND
1 1 5781 5782 INV
2 1 5780 5782 5783 AND
2 1 5778 5672 5784 AND
1 1 5784 5785 INV
2 1 5783 5785 5786 AND
1 1 5786 5787 INV
2 1 5787 5770 5788 AND
1 1 5788 5789 INV
2 1 5777 5789 5790 AND
1 1 5774 5791 INV
2 1 5787 5791 5792 AND
1 1 5792 5793 INV
2 1 5790 5793 5794 AND
1 1 5794 5795 INV
2 1 5618 5795 5796 AND
1 1 5796 5797 INV
2 1 5768 5797 5798 AND
2 1 5794 5765 5799 XOR
2 1 5794 5765 5800 AND
2 1 5799 5800 5801 XOR
2 1 5798 5801 5802 AND
2 1 5802 5612 5803 XOR
2 1 5802 5612 5804 AND
2 1 5803 5804 5805 XOR
2 1 5615 5805 5806 AND
2 1 5802 5610 5807 XOR
2 1 5802 5610 5808 AND
2 1 5807 5808 5809 XOR
2 1 5806 5809 5810 AND
1 1 5810 5811 INV
2 1 5794 5765 5812 XOR
1 1 5812 5813 INV
2 1 5813 5618 5814 XOR
1 1 5814 5815 INV
2 1 5577 5545 5816 XOR
1 1 5816 5817 INV
2 1 5817 5458 5818 XOR
1 1 5818 5819 INV
2 1 5815 5819 5820 AND
1 1 5820 5821 INV
2 1 5770 5787 5822 XOR
1 1 5822 5823 INV
2 1 5823 5774 5824 XOR
1 1 5824 5825 INV
1 1 5825 5826 INV
2 1 5714 183 5827 XOR
2 1 5827 5718 5828 XOR
1 1 5828 5829 INV
1 1 363 5830 INV
2 1 12 5830 5831 AND
1 1 242 5832 INV
2 1 10 5832 5833 AND
2 1 5831 5833 5834 AND
1 1 5834 5835 INV
1 1 195 5836 INV
2 1 50 5836 5837 AND
2 1 5833 5837 5838 AND
1 1 5838 5839 INV
2 1 5835 5839 5840 AND
2 1 5837 5831 5841 AND
1 1 5841 5842 INV
2 1 5840 5842 5843 AND
1 1 5843 5844 INV
2 1 5829 5844 5845 AND
1 1 5845 5846 INV
1 1 200 5847 INV
2 1 50 5847 5848 AND
1 1 204 5849 INV
2 1 47 5849 5850 AND
2 1 5848 5850 5851 XOR
1 1 5851 5852 INV
1 1 242 5853 INV
2 1 11 5853 5854 AND
2 1 5852 5854 5855 XOR
2 1 5855 5843 5856 XOR
2 1 5855 5843 5857 AND
2 1 5856 5857 5858 XOR
2 1 5846 5858 5859 AND
1 1 5855 5860 INV
2 1 5829 5860 5861 AND
1 1 5861 5862 INV
2 1 5859 5862 5863 AND
1 1 5863 5864 INV
2 1 5735 5729 5865 XOR
1 1 5865 5866 INV
2 1 5866 5731 5867 XOR
1 1 5867 5868 INV
1 1 191 5869 INV
2 1 52 5869 5870 AND
2 1 38 5870 5871 AND
1 1 5871 5872 INV
1 1 661 5873 INV
2 1 39 5873 5874 AND
2 1 38 5874 5875 AND
1 1 5875 5876 INV
2 1 5872 5876 5877 AND
2 1 5870 5874 5878 AND
1 1 5878 5879 INV
2 1 5877 5879 5880 AND
1 1 5880 5881 INV
2 1 5868 5881 5882 AND
1 1 5882 5883 INV
1 1 203 5884 INV
2 1 47 5884 5885 AND
1 1 222 5886 INV
2 1 43 5886 5887 AND
2 1 5885 5887 5888 AND
1 1 5888 5889 INV
1 1 149 5890 INV
2 1 19 5890 5891 AND
2 1 5887 5891 5892 AND
1 1 5892 5893 INV
2 1 5889 5893 5894 AND
2 1 5891 5885 5895 AND
1 1 5895 5896 INV
2 1 5894 5896 5897 AND
1 1 5897 5898 INV
2 1 5898 5868 5899 AND
1 1 5899 5900 INV
2 1 5883 5900 5901 AND
1 1 5880 5902 INV
2 1 5898 5902 5903 AND
1 1 5903 5904 INV
2 1 5901 5904 5905 AND
1 1 5905 5906 INV
2 1 5864 5906 5907 AND
1 1 5907 5908 INV
2 1 5499 5493 5909 XOR
1 1 5909 5910 INV
2 1 5910 5495 5911 XOR
1 1 5911 5912 INV
2 1 5633 5627 5913 XOR
1 1 5913 5914 INV
2 1 5914 5629 5915 XOR
1 1 5915 5916 INV
2 1 5912 5916 5917 XOR
1 1 5917 5918 INV
2 1 5478 192 5919 XOR
2 1 5919 5482 5920 XOR
1 1 5920 5921 INV
2 1 5918 5921 5922 XOR
1 1 5922 5923 INV
1 1 5905 5924 INV
2 1 5923 5924 5925 AND
1 1 5925 5926 INV
2 1 5908 5926 5927 AND
2 1 5864 5923 5928 AND
1 1 5928 5929 INV
2 1 5927 5929 5930 AND
1 1 5930 5931 INV
2 1 5711 5724 5932 XOR
1 1 5932 5933 INV
2 1 5933 5741 5934 XOR
1 1 5934 5935 INV
1 1 5935 5936 INV
1 1 316 5937 INV
2 1 49 5937 5938 AND
2 1 39 5938 5939 AND
1 1 5939 5940 INV
1 1 203 5941 INV
2 1 48 5941 5942 AND
2 1 39 5942 5943 AND
1 1 5943 5944 INV
2 1 5940 5944 5945 AND
2 1 5938 5942 5946 AND
1 1 5946 5947 INV
2 1 5945 5947 5948 AND
1 1 5948 5949 INV
2 1 5936 5949 5950 AND
1 1 5950 5951 INV
2 1 5850 5854 5952 AND
1 1 5952 5953 INV
2 1 5854 5848 5954 AND
1 1 5954 5955 INV
2 1 5953 5955 5956 AND
2 1 5850 5848 5957 AND
1 1 5957 5958 INV
2 1 5956 5958 5959 AND
1 1 5959 5960 INV
2 1 5949 5960 5961 AND
1 1 5961 5962 INV
2 1 5951 5962 5963 AND
1 1 5959 5964 INV
2 1 5936 5964 5965 AND
1 1 5965 5966 INV
2 1 5963 5966 5967 AND
1 1 5967 5968 INV
2 1 5931 5968 5969 AND
1 1 5969 5970 INV
2 1 5687 5679 5971 XOR
2 1 5971 5683 5972 XOR
1 1 5972 5973 INV
2 1 5705 5699 5974 XOR
1 1 5974 5975 INV
2 1 5975 5701 5976 XOR
1 1 5976 5977 INV
1 1 158 5978 INV
2 1 15 5978 5979 AND
1 1 317 5980 INV
2 1 44 5980 5981 AND
2 1 5979 5981 5982 AND
1 1 5982 5983 INV
1 1 219 5984 INV
2 1 45 5984 5985 AND
2 1 5981 5985 5986 AND
1 1 5986 5987 INV
2 1 5983 5987 5988 AND
2 1 5985 5979 5989 AND
1 1 5989 5990 INV
2 1 5988 5990 5991 AND
1 1 5991 5992 INV
2 1 5977 5992 5993 AND
1 1 5993 5994 INV
1 1 192 5995 INV
2 1 53 5995 5996 AND
2 1 6 5996 5997 AND
1 1 5997 5998 INV
1 1 183 5999 INV
2 1 54 5999 6000 AND
2 1 6 6000 6001 AND
1 1 6001 6002 INV
2 1 5998 6002 6003 AND
2 1 5996 6000 6004 AND
1 1 6004 6005 INV
2 1 6003 6005 6006 AND
1 1 6006 6007 INV
2 1 6007 5977 6008 AND
1 1 6008 6009 INV
2 1 5994 6009 6010 AND
1 1 5991 6011 INV
2 1 6007 6011 6012 AND
1 1 6012 6013 INV
2 1 6010 6013 6014 AND
1 1 6014 6015 INV
2 1 5973 6015 6016 AND
1 1 6016 6017 INV
1 1 146 6018 INV
2 1 21 6018 6019 AND
2 1 5938 138 6020 XOR
2 1 6020 5942 6021 XOR
1 1 6021 6022 INV
2 1 6019 6022 6023 AND
1 1 6023 6024 INV
1 1 661 6025 INV
2 1 40 6025 6026 AND
2 1 6026 6019 6027 AND
1 1 6027 6028 INV
2 1 6024 6028 6029 AND
2 1 6022 6026 6030 AND
1 1 6030 6031 INV
2 1 6029 6031 6032 AND
1 1 6032 6033 INV
2 1 6033 5973 6034 AND
1 1 6034 6035 INV
2 1 6017 6035 6036 AND
1 1 6014 6037 INV
2 1 6033 6037 6038 AND
1 1 6038 6039 INV
2 1 6036 6039 6040 AND
2 1 6040 5967 6041 XOR
2 1 6040 5967 6042 AND
2 1 6041 6042 6043 XOR
2 1 5970 6043 6044 AND
1 1 6040 6045 INV
2 1 5931 6045 6046 AND
1 1 6046 6047 INV
2 1 6044 6047 6048 AND
1 1 6048 6049 INV
2 1 5826 6049 6050 AND
1 1 6050 6051 INV
2 1 5921 5916 6052 AND
1 1 6052 6053 INV
2 1 5912 5916 6054 AND
1 1 6054 6055 INV
2 1 6053 6055 6056 AND
2 1 5921 5912 6057 AND
1 1 6057 6058 INV
2 1 6056 6058 6059 AND
1 1 6059 6060 INV
2 1 5749 5694 6061 XOR
1 1 6061 6062 INV
2 1 6062 5676 6063 XOR
2 1 6060 6063 6064 AND
1 1 6064 6065 INV
2 1 5645 5639 6066 XOR
2 1 6066 5624 6067 XOR
2 1 6060 6067 6068 AND
1 1 6068 6069 INV
2 1 6065 6069 6070 AND
2 1 6063 6067 6071 AND
1 1 6071 6072 INV
2 1 6070 6072 6073 AND
1 1 6073 6074 INV
2 1 5826 6074 6075 AND
1 1 6075 6076 INV
2 1 6051 6076 6077 AND
1 1 6048 6078 INV
2 1 6074 6078 6079 AND
1 1 6079 6080 INV
2 1 6077 6080 6081 AND
1 1 6081 6082 INV
2 1 5819 6082 6083 AND
1 1 6083 6084 INV
2 1 5821 6084 6085 AND
1 1 6081 6086 INV
2 1 5815 6086 6087 AND
1 1 6087 6088 INV
2 1 6085 6088 6089 AND
2 1 5757 5652 6090 XOR
1 1 6090 6091 INV
2 1 6091 5620 6092 XOR
1 1 6092 6093 INV
2 1 6073 6048 6094 XOR
1 1 6094 6095 INV
2 1 6095 5825 6096 XOR
1 1 6096 6097 INV
1 1 6097 6098 INV
2 1 6093 6098 6099 AND
1 1 6099 6100 INV
2 1 6067 6059 6101 XOR
1 1 6101 6102 INV
2 1 6102 6063 6103 XOR
2 1 6019 6026 6104 XOR
1 1 6104 6105 INV
2 1 6105 6022 6106 XOR
1 1 6106 6107 INV
1 1 223 6108 INV
2 1 41 6108 6109 AND
1 1 222 6110 INV
2 1 42 6110 6111 AND
2 1 6109 6111 6112 AND
1 1 6112 6113 INV
1 1 203 6114 INV
2 1 46 6114 6115 AND
2 1 6111 6115 6116 AND
1 1 6116 6117 INV
2 1 6113 6117 6118 AND
2 1 6115 6109 6119 AND
1 1 6119 6120 INV
2 1 6118 6120 6121 AND
1 1 6121 6122 INV
1 1 183 6123 INV
2 1 53 6123 6124 AND
2 1 5 6124 6125 AND
1 1 6125 6126 INV
1 1 182 6127 INV
2 1 54 6127 6128 AND
2 1 5 6128 6129 AND
1 1 6129 6130 INV
2 1 6126 6130 6131 AND
2 1 6124 6128 6132 AND
1 1 6132 6133 INV
2 1 6131 6133 6134 AND
1 1 6134 6135 INV
2 1 6122 6135 6136 AND
1 1 6136 6137 INV
1 1 362 6138 INV
2 1 15 6138 6139 AND
1 1 155 6140 INV
2 1 16 6140 6141 AND
2 1 6139 6141 6142 AND
1 1 6142 6143 INV
1 1 150 6144 INV
2 1 17 6144 6145 AND
2 1 6141 6145 6146 AND
1 1 6146 6147 INV
2 1 6143 6147 6148 AND
2 1 6145 6139 6149 AND
1 1 6149 6150 INV
2 1 6148 6150 6151 AND
2 1 6151 6134 6152 XOR
2 1 6151 6134 6153 AND
2 1 6152 6153 6154 XOR
2 1 6137 6154 6155 AND
1 1 6151 6156 INV
2 1 6122 6156 6157 AND
1 1 6157 6158 INV
2 1 6155 6158 6159 AND
1 1 6159 6160 INV
2 1 6107 6160 6161 AND
1 1 6161 6162 INV
2 1 5837 5831 6163 XOR
1 1 6163 6164 INV
2 1 6164 5833 6165 XOR
1 1 6165 6166 INV
2 1 5891 5885 6167 XOR
1 1 6167 6168 INV
2 1 6168 5887 6169 XOR
1 1 6169 6170 INV
2 1 6166 6170 6171 AND
1 1 6171 6172 INV
2 1 5870 137 6173 XOR
2 1 6173 5874 6174 XOR
1 1 6174 6175 INV
2 1 6166 6175 6176 AND
1 1 6176 6177 INV
2 1 6172 6177 6178 AND
2 1 6170 6175 6179 AND
1 1 6179 6180 INV
2 1 6178 6180 6181 AND
1 1 6181 6182 INV
2 1 6182 6107 6183 AND
1 1 6183 6184 INV
2 1 6162 6184 6185 AND
1 1 6159 6186 INV
2 1 6182 6186 6187 AND
1 1 6187 6188 INV
2 1 6185 6188 6189 AND
1 1 6189 6190 INV
1 1 146 6191 INV
2 1 20 6191 6192 AND
2 1 21 40 6193 AND
2 1 6192 6193 6194 XOR
1 1 6194 6195 INV
1 1 238 6196 INV
2 1 13 6196 6197 AND
2 1 6195 6197 6198 XOR
1 1 6198 6199 INV
2 1 5985 5979 6200 XOR
1 1 6200 6201 INV
2 1 6201 5981 6202 XOR
1 1 6202 6203 INV
2 1 6199 6203 6204 AND
1 1 6204 6205 INV
1 1 138 6206 INV
2 1 21 6206 6207 AND
1 1 661 6208 INV
2 1 38 6208 6209 AND
2 1 6207 6209 6210 AND
1 1 6210 6211 INV
2 1 37 6209 6212 AND
1 1 6212 6213 INV
2 1 6211 6213 6214 AND
2 1 37 6207 6215 AND
1 1 6215 6216 INV
2 1 6214 6216 6217 AND
1 1 6217 6218 INV
2 1 6203 6218 6219 AND
1 1 6219 6220 INV
2 1 6205 6220 6221 AND
1 1 6217 6222 INV
2 1 6199 6222 6223 AND
1 1 6223 6224 INV
2 1 6221 6224 6225 AND
1 1 6225 6226 INV
1 1 159 6227 INV
2 1 13 6227 6228 AND
1 1 363 6229 INV
2 1 11 6229 6230 AND
2 1 6228 6230 6231 AND
1 1 6231 6232 INV
1 1 238 6233 INV
2 1 12 6233 6234 AND
2 1 6230 6234 6235 AND
1 1 6235 6236 INV
2 1 6232 6236 6237 AND
2 1 6234 6228 6238 AND
1 1 6238 6239 INV
2 1 6237 6239 6240 AND
1 1 6240 6241 INV
1 1 241 6242 INV
2 1 10 6242 6243 AND
1 1 287 6244 INV
2 1 8 6244 6245 AND
2 1 6243 6245 6246 AND
1 1 6246 6247 INV
1 1 191 6248 INV
2 1 51 6248 6249 AND
2 1 6245 6249 6250 AND
1 1 6250 6251 INV
2 1 6247 6251 6252 AND
2 1 6249 6243 6253 AND
1 1 6253 6254 INV
2 1 6252 6254 6255 AND
1 1 6255 6256 INV
2 1 6241 6256 6257 AND
1 1 6257 6258 INV
2 1 5996 182 6259 XOR
2 1 6259 6000 6260 XOR
1 1 6260 6261 INV
1 1 6255 6262 INV
2 1 6261 6262 6263 AND
1 1 6263 6264 INV
2 1 6258 6264 6265 AND
2 1 6241 6261 6266 AND
1 1 6266 6267 INV
2 1 6265 6267 6268 AND
1 1 6268 6269 INV
2 1 6226 6269 6270 AND
1 1 6270 6271 INV
2 1 5855 5843 6272 XOR
2 1 6272 5829 6273 XOR
2 1 6273 6226 6274 AND
1 1 6274 6275 INV
2 1 6271 6275 6276 AND
1 1 6268 6277 INV
2 1 6273 6277 6278 AND
1 1 6278 6279 INV
2 1 6276 6279 6280 AND
1 1 6280 6281 INV
2 1 6190 6281 6282 AND
1 1 6282 6283 INV
2 1 6006 5991 6284 XOR
1 1 6284 6285 INV
2 1 6285 5977 6286 XOR
1 1 6286 6287 INV
2 1 6197 6193 6288 AND
1 1 6288 6289 INV
2 1 6197 6192 6290 AND
1 1 6290 6291 INV
2 1 6289 6291 6292 AND
2 1 6193 6192 6293 AND
1 1 6293 6294 INV
2 1 6292 6294 6295 AND
1 1 6295 6296 INV
2 1 6287 6296 6297 AND
1 1 6297 6298 INV
2 1 5897 5880 6299 XOR
1 1 6299 6300 INV
2 1 6300 5868 6301 XOR
1 1 6301 6302 INV
1 1 6295 6303 INV
2 1 6302 6303 6304 AND
1 1 6304 6305 INV
2 1 6298 6305 6306 AND
2 1 6287 6302 6307 AND
1 1 6307 6308 INV
2 1 6306 6308 6309 AND
2 1 6309 6280 6310 XOR
2 1 6309 6280 6311 AND
2 1 6310 6311 6312 XOR
2 1 6283 6312 6313 AND
1 1 6309 6314 INV
2 1 6190 6314 6315 AND
1 1 6315 6316 INV
2 1 6313 6316 6317 AND
1 1 6317 6318 INV
2 1 6103 6318 6319 AND
1 1 6319 6320 INV
2 1 6032 6014 6321 XOR
1 1 6321 6322 INV
2 1 6322 5973 6323 XOR
1 1 6323 6324 INV
2 1 5864 5905 6325 XOR
2 1 6325 5923 6326 XOR
1 1 6326 6327 INV
2 1 6324 6327 6328 AND
1 1 6328 6329 INV
2 1 5959 5948 6330 XOR
1 1 6330 6331 INV
2 1 6331 5935 6332 XOR
2 1 6324 6332 6333 AND
1 1 6333 6334 INV
2 1 6329 6334 6335 AND
2 1 6327 6332 6336 AND
1 1 6336 6337 INV
2 1 6335 6337 6338 AND
1 1 6338 6339 INV
2 1 6103 6339 6340 AND
1 1 6340 6341 INV
2 1 6320 6341 6342 AND
1 1 6338 6343 INV
2 1 6318 6343 6344 AND
1 1 6344 6345 INV
2 1 6342 6345 6346 AND
1 1 6346 6347 INV
2 1 6347 6093 6348 AND
1 1 6348 6349 INV
2 1 6100 6349 6350 AND
1 1 6097 6351 INV
2 1 6347 6351 6352 AND
1 1 6352 6353 INV
2 1 6350 6353 6354 AND
1 1 6354 6355 INV
2 1 5930 5967 6356 XOR
1 1 6356 6357 INV
2 1 6357 6040 6358 XOR
2 1 6338 6318 6359 XOR
2 1 6359 6103 6360 XOR
1 1 6360 6361 INV
2 1 6358 6361 6362 AND
1 1 6362 6363 INV
2 1 6189 6280 6364 XOR
1 1 6364 6365 INV
2 1 6365 6309 6366 XOR
1 1 6366 6367 INV
1 1 6367 6368 INV
2 1 6332 6324 6369 XOR
2 1 6369 6327 6370 XOR
2 1 6368 6370 6371 AND
1 1 6371 6372 INV
2 1 6181 6159 6373 XOR
1 1 6373 6374 INV
2 1 6374 6107 6375 XOR
1 1 6375 6376 INV
2 1 6268 6226 6377 XOR
2 1 6377 6273 6378 XOR
1 1 6378 6379 INV
2 1 6376 6379 6380 AND
1 1 6380 6381 INV
2 1 6302 6295 6382 XOR
1 1 6382 6383 INV
2 1 6383 6286 6384 XOR
1 1 6384 6385 INV
2 1 6385 6376 6386 AND
1 1 6386 6387 INV
2 1 6381 6387 6388 AND
1 1 6378 6389 INV
2 1 6385 6389 6390 AND
1 1 6390 6391 INV
2 1 6388 6391 6392 AND
1 1 6392 6393 INV
2 1 6393 6370 6394 AND
1 1 6394 6395 INV
2 1 6372 6395 6396 AND
2 1 6368 6393 6397 AND
1 1 6397 6398 INV
2 1 6396 6398 6399 AND
1 1 6399 6400 INV
2 1 6400 6358 6401 AND
1 1 6401 6402 INV
2 1 6363 6402 6403 AND
1 1 6360 6404 INV
2 1 6400 6404 6405 AND
1 1 6405 6406 INV
2 1 6403 6406 6407 AND
1 1 6407 6408 INV
2 1 6358 6400 6409 XOR
1 1 6409 6410 INV
2 1 6410 6360 6411 XOR
2 1 6234 6228 6412 XOR
1 1 6412 6413 INV
2 1 6413 6230 6414 XOR
1 1 6414 6415 INV
1 1 363 6416 INV
2 1 10 6416 6417 AND
1 1 242 6418 INV
2 1 8 6418 6419 AND
2 1 6417 6419 6420 AND
1 1 6420 6421 INV
1 1 191 6422 INV
2 1 50 6422 6423 AND
2 1 6419 6423 6424 AND
1 1 6424 6425 INV
2 1 6421 6425 6426 AND
2 1 6423 6417 6427 AND
1 1 6427 6428 INV
2 1 6426 6428 6429 AND
2 1 6415 6429 6430 XOR
1 1 6430 6431 INV
2 1 6124 315 6432 XOR
2 1 6432 6128 6433 XOR
1 1 6433 6434 INV
2 1 6431 6434 6435 XOR
1 1 6435 6436 INV
1 1 6436 6437 INV
1 1 138 6438 INV
2 1 20 6438 6439 AND
2 1 6439 134 6440 XOR
2 1 19 40 6441 AND
2 1 6440 6441 6442 XOR
1 1 6442 6443 INV
1 1 183 6444 INV
2 1 52 6444 6445 AND
1 1 317 6446 INV
2 1 42 6446 6447 AND
2 1 6445 6447 6448 XOR
1 1 6448 6449 INV
2 1 53 6 6450 AND
2 1 6449 6450 6451 XOR
1 1 6451 6452 INV
2 1 6443 6452 6453 AND
1 1 6453 6454 INV
1 1 146 6455 INV
2 1 18 6455 6456 AND
1 1 155 6457 INV
2 1 15 6457 6458 AND
2 1 6456 6458 6459 XOR
1 1 6459 6460 INV
2 1 43 16 6461 AND
2 1 6460 6461 6462 XOR
1 1 6462 6463 INV
2 1 6443 6463 6464 AND
1 1 6464 6465 INV
2 1 6454 6465 6466 AND
2 1 6452 6463 6467 AND
1 1 6467 6468 INV
2 1 6466 6468 6469 AND
1 1 6469 6470 INV
2 1 6437 6470 6471 AND
1 1 6471 6472 INV
1 1 223 6473 INV
2 1 39 6473 6474 AND
2 1 35 6474 6475 AND
1 1 6475 6476 INV
1 1 316 6477 INV
2 1 45 6477 6478 AND
2 1 6478 6474 6479 AND
1 1 6479 6480 INV
2 1 6476 6480 6481 AND
2 1 35 6478 6482 AND
1 1 6482 6483 INV
2 1 6481 6483 6484 AND
1 1 6484 6485 INV
1 1 134 6486 INV
2 1 22 6486 6487 AND
1 1 258 6488 INV
2 1 37 6488 6489 AND
2 1 6487 6489 6490 AND
1 1 6490 6491 INV
1 1 137 6492 INV
2 1 20 6492 6493 AND
2 1 6489 6493 6494 AND
1 1 6494 6495 INV
2 1 6491 6495 6496 AND
2 1 6493 6487 6497 AND
1 1 6497 6498 INV
2 1 6496 6498 6499 AND
1 1 6499 6500 INV
2 1 6485 6500 6501 AND
1 1 6501 6502 INV
1 1 200 6503 INV
2 1 46 6503 6504 AND
1 1 363 6505 INV
2 1 9 6505 6506 AND
2 1 6504 6506 6507 AND
1 1 6507 6508 INV
1 1 238 6509 INV
2 1 10 6509 6510 AND
2 1 6506 6510 6511 AND
1 1 6511 6512 INV
2 1 6508 6512 6513 AND
2 1 6510 6504 6514 AND
1 1 6514 6515 INV
2 1 6513 6515 6516 AND
2 1 6516 6499 6517 XOR
2 1 6516 6499 6518 AND
2 1 6517 6518 6519 XOR
2 1 6502 6519 6520 AND
1 1 6516 6521 INV
2 1 6485 6521 6522 AND
1 1 6522 6523 INV
2 1 6520 6523 6524 AND
1 1 6524 6525 INV
2 1 6470 6525 6526 AND
1 1 6526 6527 INV
2 1 6472 6527 6528 AND
1 1 6524 6529 INV
2 1 6437 6529 6530 AND
1 1 6530 6531 INV
2 1 6528 6531 6532 AND
1 1 6532 6533 INV
1 1 159 6534 INV
2 1 12 6534 6535 AND
1 1 158 6536 INV
2 1 13 6536 6537 AND
2 1 6535 6537 6538 XOR
1 1 6538 6539 INV
1 1 195 6540 INV
2 1 48 6540 6541 AND
2 1 6539 6541 6542 XOR
1 1 6542 6543 INV
1 1 241 6544 INV
2 1 8 6544 6545 AND
1 1 195 6546 INV
2 1 47 6546 6547 AND
2 1 6545 6547 6548 AND
1 1 6548 6549 INV
1 1 183 6550 INV
2 1 51 6550 6551 AND
2 1 6547 6551 6552 AND
1 1 6552 6553 INV
2 1 6549 6553 6554 AND
2 1 6551 6545 6555 AND
1 1 6555 6556 INV
2 1 6554 6556 6557 AND
1 1 6557 6558 INV
2 1 6543 6558 6559 AND
1 1 6559 6560 INV
1 1 315 6561 INV
2 1 54 6561 6562 AND
2 1 6562 179 6563 XOR
1 1 362 6564 INV
2 1 14 6564 6565 AND
2 1 6563 6565 6566 XOR
1 1 6566 6567 INV
1 1 6557 6568 INV
2 1 6567 6568 6569 AND
1 1 6569 6570 INV
2 1 6560 6570 6571 AND
2 1 6567 6543 6572 AND
1 1 6572 6573 INV
2 1 6571 6573 6574 AND
1 1 6574 6575 INV
2 1 6458 6461 6576 AND
1 1 6576 6577 INV
2 1 6461 6456 6578 AND
1 1 6578 6579 INV
2 1 6577 6579 6580 AND
2 1 6456 6458 6581 AND
1 1 6581 6582 INV
2 1 6580 6582 6583 AND
1 1 6583 6584 INV
2 1 36 6441 6585 AND
1 1 6585 6586 INV
2 1 6439 6441 6587 AND
1 1 6587 6588 INV
2 1 6586 6588 6589 AND
2 1 36 6439 6590 AND
1 1 6590 6591 INV
2 1 6589 6591 6592 AND
2 1 6584 6592 6593 XOR
2 1 6145 6139 6594 XOR
1 1 6594 6595 INV
2 1 6595 6141 6596 XOR
1 1 6596 6597 INV
2 1 6593 6597 6598 XOR
2 1 6537 6541 6599 AND
1 1 6599 6600 INV
2 1 6541 6535 6601 AND
1 1 6601 6602 INV
2 1 6600 6602 6603 AND
2 1 6535 6537 6604 AND
1 1 6604 6605 INV
2 1 6603 6605 6606 AND
2 1 6598 6606 6607 XOR
2 1 6447 6450 6608 AND
1 1 6608 6609 INV
2 1 6450 6445 6610 AND
1 1 6610 6611 INV
2 1 6609 6611 6612 AND
2 1 6445 6447 6613 AND
1 1 6613 6614 INV
2 1 6612 6614 6615 AND
1 1 6615 6616 INV
2 1 4 6562 6617 AND
1 1 6617 6618 INV
2 1 4 6565 6619 AND
1 1 6619 6620 INV
2 1 6618 6620 6621 AND
2 1 6562 6565 6622 AND
1 1 6622 6623 INV
2 1 6621 6623 6624 AND
2 1 6616 6624 6625 XOR
2 1 6115 6109 6626 XOR
1 1 6626 6627 INV
2 1 6627 6111 6628 XOR
1 1 6628 6629 INV
2 1 6625 6629 6630 XOR
1 1 6630 6631 INV
2 1 6607 6631 6632 XOR
1 1 6632 6633 INV
1 1 6633 6634 INV
2 1 6575 6634 6635 AND
1 1 6635 6636 INV
1 1 222 6637 INV
2 1 40 6637 6638 AND
1 1 317 6639 INV
2 1 41 6639 6640 AND
2 1 6638 6640 6641 AND
1 1 6641 6642 INV
1 1 203 6643 INV
2 1 44 6643 6644 AND
2 1 6640 6644 6645 AND
1 1 6645 6646 INV
2 1 6642 6646 6647 AND
2 1 6644 6638 6648 AND
1 1 6648 6649 INV
2 1 6647 6649 6650 AND
1 1 6650 6651 INV
1 1 315 6652 INV
2 1 53 6652 6653 AND
2 1 3 6653 6654 AND
1 1 6654 6655 INV
1 1 179 6656 INV
2 1 54 6656 6657 AND
2 1 3 6657 6658 AND
1 1 6658 6659 INV
2 1 6655 6659 6660 AND
2 1 6653 6657 6661 AND
1 1 6661 6662 INV
2 1 6660 6662 6663 AND
1 1 6663 6664 INV
2 1 6651 6664 6665 AND
1 1 6665 6666 INV
1 1 219 6667 INV
2 1 42 6667 6668 AND
1 1 150 6669 INV
2 1 15 6669 6670 AND
2 1 6668 6670 6671 AND
1 1 6671 6672 INV
1 1 287 6673 INV
2 1 6 6673 6674 AND
2 1 6670 6674 6675 AND
1 1 6675 6676 INV
2 1 6672 6676 6677 AND
2 1 6674 6668 6678 AND
1 1 6678 6679 INV
2 1 6677 6679 6680 AND
2 1 6680 6663 6681 XOR
2 1 6680 6663 6682 AND
2 1 6681 6682 6683 XOR
2 1 6666 6683 6684 AND
1 1 6680 6685 INV
2 1 6651 6685 6686 AND
1 1 6686 6687 INV
2 1 6684 6687 6688 AND
1 1 6688 6689 INV
1 1 137 6690 INV
2 1 21 6690 6691 AND
2 1 6423 6417 6692 XOR
1 1 6692 6693 INV
2 1 6693 6419 6694 XOR
1 1 6694 6695 INV
2 1 6691 6695 6696 AND
1 1 6696 6697 INV
1 1 361 6698 INV
2 1 22 6698 6699 AND
2 1 6699 6691 6700 AND
1 1 6700 6701 INV
2 1 6697 6701 6702 AND
2 1 6695 6699 6703 AND
1 1 6703 6704 INV
2 1 6702 6704 6705 AND
2 1 6689 6705 6706 XOR
2 1 6249 6243 6707 XOR
1 1 6707 6708 INV
2 1 6708 6245 6709 XOR
1 1 6709 6710 INV
2 1 20 40 6711 AND
2 1 6710 6711 6712 XOR
1 1 6712 6713 INV
2 1 6207 361 6714 XOR
2 1 6714 6209 6715 XOR
1 1 6715 6716 INV
2 1 6713 6716 6717 XOR
1 1 6717 6718 INV
2 1 6706 6718 6719 XOR
1 1 6719 6720 INV
2 1 6575 6720 6721 AND
1 1 6721 6722 INV
2 1 6636 6722 6723 AND
1 1 6633 6724 INV
2 1 6720 6724 6725 AND
1 1 6725 6726 INV
2 1 6723 6726 6727 AND
1 1 6727 6728 INV
2 1 6533 6728 6729 AND
1 1 6729 6730 INV
2 1 6241 6255 6731 XOR
2 1 6731 6261 6732 XOR
1 1 6732 6733 INV
1 1 6429 6734 INV
2 1 6434 6734 6735 AND
1 1 6735 6736 INV
1 1 6429 6737 INV
2 1 6415 6737 6738 AND
1 1 6738 6739 INV
2 1 6736 6739 6740 AND
2 1 6434 6415 6741 AND
1 1 6741 6742 INV
2 1 6740 6742 6743 AND
2 1 6733 6743 6744 XOR
1 1 6744 6745 INV
2 1 6203 6217 6746 XOR
1 1 6746 6747 INV
2 1 6747 6199 6748 XOR
1 1 6748 6749 INV
2 1 6121 6134 6750 XOR
1 1 6750 6751 INV
2 1 6751 6151 6752 XOR
2 1 6749 6752 6753 XOR
2 1 6175 6166 6754 XOR
1 1 6754 6755 INV
2 1 6755 6170 6756 XOR
2 1 6753 6756 6757 XOR
1 1 6757 6758 INV
2 1 6745 6758 6759 XOR
1 1 6759 6760 INV
2 1 6760 6533 6761 AND
1 1 6761 6762 INV
2 1 6730 6762 6763 AND
1 1 6727 6764 INV
2 1 6760 6764 6765 AND
1 1 6765 6766 INV
2 1 6763 6766 6767 AND
1 1 6767 6768 INV
1 1 6592 6769 INV
2 1 6597 6769 6770 AND
1 1 6770 6771 INV
2 1 6597 6584 6772 AND
1 1 6772 6773 INV
2 1 6771 6773 6774 AND
1 1 6592 6775 INV
2 1 6584 6775 6776 AND
1 1 6776 6777 INV
2 1 6774 6777 6778 AND
1 1 6778 6779 INV
2 1 6716 6711 6780 AND
1 1 6780 6781 INV
2 1 6710 6711 6782 AND
1 1 6782 6783 INV
2 1 6781 6783 6784 AND
2 1 6716 6710 6785 AND
1 1 6785 6786 INV
2 1 6784 6786 6787 AND
2 1 6779 6787 6788 XOR
1 1 6624 6789 INV
2 1 6616 6789 6790 AND
1 1 6790 6791 INV
1 1 6624 6792 INV
2 1 6629 6792 6793 AND
1 1 6793 6794 INV
2 1 6791 6794 6795 AND
2 1 6616 6629 6796 AND
1 1 6796 6797 INV
2 1 6795 6797 6798 AND
1 1 6798 6799 INV
2 1 6788 6799 6800 XOR
1 1 6800 6801 INV
1 1 6606 6802 INV
2 1 6631 6802 6803 AND
1 1 6803 6804 INV
2 1 6598 6606 6805 XOR
2 1 6598 6606 6806 AND
2 1 6805 6806 6807 XOR
2 1 6804 6807 6808 AND
1 1 6598 6809 INV
2 1 6631 6809 6810 AND
1 1 6810 6811 INV
2 1 6808 6811 6812 AND
1 1 6812 6813 INV
2 1 6801 6813 6814 AND
1 1 6814 6815 INV
1 1 6705 6816 INV
2 1 6689 6816 6817 AND
1 1 6817 6818 INV
1 1 6705 6819 INV
2 1 6718 6819 6820 AND
1 1 6820 6821 INV
2 1 6818 6821 6822 AND
2 1 6718 6689 6823 AND
1 1 6823 6824 INV
2 1 6822 6824 6825 AND
1 1 6825 6826 INV
2 1 6813 6826 6827 AND
1 1 6827 6828 INV
2 1 6815 6828 6829 AND
1 1 6825 6830 INV
2 1 6801 6830 6831 AND
1 1 6831 6832 INV
2 1 6829 6832 6833 AND
1 1 6833 6834 INV
2 1 6768 6834 6835 XOR
1 1 6835 6836 INV
2 1 6384 6376 6837 XOR
1 1 6837 6838 INV
2 1 6838 6378 6839 XOR
1 1 6839 6840 INV
2 1 6836 6840 6841 XOR
1 1 6841 6842 INV
1 1 6758 6843 INV
2 1 6733 6843 6844 AND
1 1 6844 6845 INV
1 1 6743 6846 INV
2 1 6733 6846 6847 AND
1 1 6847 6848 INV
2 1 6845 6848 6849 AND
2 1 6743 6758 6850 XOR
2 1 6743 6758 6851 AND
2 1 6850 6851 6852 XOR
2 1 6849 6852 6853 AND
1 1 6853 6854 INV
2 1 6756 6749 6855 XOR
2 1 6756 6749 6856 AND
2 1 6855 6856 6857 XOR
1 1 6749 6858 INV
2 1 6752 6858 6859 AND
1 1 6859 6860 INV
2 1 6857 6860 6861 AND
1 1 6756 6862 INV
2 1 6752 6862 6863 AND
1 1 6863 6864 INV
2 1 6861 6864 6865 AND
2 1 6854 6865 6866 XOR
1 1 6787 6867 INV
2 1 6779 6867 6868 AND
1 1 6868 6869 INV
1 1 6787 6870 INV
2 1 6799 6870 6871 AND
1 1 6871 6872 INV
2 1 6869 6872 6873 AND
2 1 6779 6799 6874 AND
1 1 6874 6875 INV
2 1 6873 6875 6876 AND
2 1 6866 6876 6877 XOR
2 1 6842 6877 6878 AND
1 1 6878 6879 INV
2 1 6484 6499 6880 XOR
1 1 6880 6881 INV
2 1 6881 6516 6882 XOR
2 1 6650 6663 6883 XOR
1 1 6883 6884 INV
2 1 6884 6680 6885 XOR
2 1 6882 6885 6886 AND
1 1 6886 6887 INV
2 1 6463 6443 6888 XOR
1 1 6888 6889 INV
2 1 6889 6452 6890 XOR
1 1 6890 6891 INV
2 1 6882 6891 6892 AND
1 1 6892 6893 INV
2 1 6887 6893 6894 AND
2 1 6891 6885 6895 AND
1 1 6895 6896 INV
2 1 6894 6896 6897 AND
1 1 6897 6898 INV
2 1 6524 6470 6899 XOR
2 1 6899 6436 6900 XOR
2 1 6898 6900 6901 AND
1 1 6901 6902 INV
1 1 222 6903 INV
2 1 39 6903 6904 AND
1 1 317 6905 INV
2 1 40 6905 6906 AND
2 1 6904 6906 6907 AND
1 1 6907 6908 INV
1 1 149 6909 INV
2 1 15 6909 6910 AND
2 1 6906 6910 6911 AND
1 1 6911 6912 INV
2 1 6908 6912 6913 AND
2 1 6910 6904 6914 AND
1 1 6914 6915 INV
2 1 6913 6915 6916 AND
1 1 6916 6917 INV
1 1 155 6918 INV
2 1 13 6918 6919 AND
2 1 2 6919 6920 AND
1 1 6920 6921 INV
1 1 362 6922 INV
2 1 12 6922 6923 AND
2 1 6923 6919 6924 AND
1 1 6924 6925 INV
2 1 6921 6925 6926 AND
2 1 2 6923 6927 AND
1 1 6927 6928 INV
2 1 6926 6928 6929 AND
1 1 6929 6930 INV
2 1 6917 6930 6931 AND
1 1 6931 6932 INV
1 1 219 6933 INV
2 1 41 6933 6934 AND
1 1 174 6935 INV
2 1 54 6935 6936 AND
2 1 6934 6936 6937 AND
1 1 6937 6938 INV
1 1 179 6939 INV
2 1 53 6939 6940 AND
2 1 6936 6940 6941 AND
1 1 6941 6942 INV
2 1 6938 6942 6943 AND
2 1 6940 6934 6944 AND
1 1 6944 6945 INV
2 1 6943 6945 6946 AND
2 1 6946 6929 6947 XOR
2 1 6946 6929 6948 AND
2 1 6947 6948 6949 XOR
2 1 6932 6949 6950 AND
1 1 6946 6951 INV
2 1 6917 6951 6952 AND
1 1 6952 6953 INV
2 1 6950 6953 6954 AND
1 1 6954 6955 INV
2 1 6510 6504 6956 XOR
1 1 6956 6957 INV
2 1 6957 6506 6958 XOR
1 1 6958 6959 INV
2 1 6478 129 6960 XOR
2 1 6960 6474 6961 XOR
1 1 6961 6962 INV
2 1 6959 6962 6963 AND
1 1 6963 6964 INV
2 1 6551 6545 6965 XOR
1 1 6965 6966 INV
2 1 6966 6547 6967 XOR
1 1 6967 6968 INV
2 1 6959 6968 6969 AND
1 1 6969 6970 INV
2 1 6964 6970 6971 AND
2 1 6962 6968 6972 AND
1 1 6972 6973 INV
2 1 6971 6973 6974 AND
1 1 6974 6975 INV
2 1 6955 6975 6976 AND
1 1 6976 6977 INV
2 1 6691 6699 6978 XOR
1 1 6978 6979 INV
2 1 6979 6695 6980 XOR
1 1 6980 6981 INV
2 1 6981 6975 6982 AND
1 1 6982 6983 INV
2 1 6977 6983 6984 AND
2 1 6981 6955 6985 AND
1 1 6985 6986 INV
2 1 6984 6986 6987 AND
1 1 6987 6988 INV
2 1 6898 6988 6989 AND
1 1 6989 6990 INV
2 1 6902 6990 6991 AND
1 1 6987 6992 INV
2 1 6900 6992 6993 AND
1 1 6993 6994 INV
2 1 6991 6994 6995 AND
2 1 6493 6487 6996 XOR
1 1 6996 6997 INV
2 1 6997 6489 6998 XOR
1 1 6998 6999 INV
1 1 259 7000 INV
2 1 37 7000 7001 AND
1 1 238 7002 INV
2 1 9 7002 7003 AND
2 1 7001 7003 7004 AND
1 1 7004 7005 INV
1 1 159 7006 INV
2 1 10 7006 7007 AND
2 1 7003 7007 7008 AND
1 1 7008 7009 INV
2 1 7005 7009 7010 AND
2 1 7007 7001 7011 AND
1 1 7011 7012 INV
2 1 7010 7012 7013 AND
1 1 7013 7014 INV
2 1 6999 7014 7015 AND
1 1 7015 7016 INV
1 1 241 7017 INV
2 1 7 7017 7018 AND
1 1 287 7019 INV
2 1 5 7019 7020 AND
2 1 7018 7020 7021 AND
1 1 7021 7022 INV
1 1 242 7023 INV
2 1 6 7023 7024 AND
2 1 7020 7024 7025 AND
1 1 7025 7026 INV
2 1 7022 7026 7027 AND
2 1 7024 7018 7028 AND
1 1 7028 7029 INV
2 1 7027 7029 7030 AND
1 1 7030 7031 INV
1 1 7013 7032 INV
2 1 7031 7032 7033 AND
1 1 7033 7034 INV
2 1 7016 7034 7035 AND
2 1 7031 6999 7036 AND
1 1 7036 7037 INV
2 1 7035 7037 7038 AND
1 1 7038 7039 INV
2 1 6674 6668 7040 XOR
1 1 7040 7041 INV
2 1 7041 6670 7042 XOR
1 1 7042 7043 INV
1 1 195 7044 INV
2 1 46 7044 7045 AND
1 1 150 7046 INV
2 1 14 7046 7047 AND
2 1 7045 7047 7048 AND
1 1 7048 7049 INV
1 1 137 7050 INV
2 1 19 7050 7051 AND
2 1 7047 7051 7052 AND
1 1 7052 7053 INV
2 1 7049 7053 7054 AND
2 1 7051 7045 7055 AND
1 1 7055 7056 INV
2 1 7054 7056 7057 AND
1 1 7057 7058 INV
2 1 7043 7058 7059 AND
1 1 7059 7060 INV
2 1 6644 6638 7061 XOR
1 1 7061 7062 INV
2 1 7062 6640 7063 XOR
1 1 7063 7064 INV
1 1 7057 7065 INV
2 1 7064 7065 7066 AND
1 1 7066 7067 INV
2 1 7060 7067 7068 AND
2 1 7064 7043 7069 AND
1 1 7069 7070 INV
2 1 7068 7070 7071 AND
1 1 7071 7072 INV
2 1 7039 7072 7073 XOR
1 1 7073 7074 INV
2 1 6566 6557 7075 XOR
2 1 7075 6543 7076 XOR
1 1 7076 7077 INV
2 1 7074 7077 7078 XOR
1 1 7078 7079 INV
1 1 7079 7080 INV
2 1 6955 6975 7081 XOR
1 1 7081 7082 INV
2 1 7082 6981 7083 XOR
1 1 7083 7084 INV
2 1 7080 7084 7085 AND
1 1 7085 7086 INV
2 1 6882 6891 7087 XOR
2 1 7087 6885 7088 XOR
1 1 7088 7089 INV
1 1 7089 7090 INV
2 1 7084 7090 7091 AND
1 1 7091 7092 INV
2 1 7086 7092 7093 AND
1 1 7089 7094 INV
2 1 7080 7094 7095 AND
1 1 7095 7096 INV
2 1 7093 7096 7097 AND
1 1 7097 7098 INV
2 1 7039 7072 7099 AND
1 1 7099 7100 INV
1 1 7077 7101 INV
2 1 7072 7101 7102 AND
1 1 7102 7103 INV
2 1 7100 7103 7104 AND
1 1 7077 7105 INV
2 1 7039 7105 7106 AND
1 1 7106 7107 INV
2 1 7104 7107 7108 AND
1 1 7108 7109 INV
2 1 7098 7109 7110 AND
1 1 7110 7111 INV
2 1 6720 6574 7112 XOR
1 1 7112 7113 INV
2 1 7113 6633 7114 XOR
1 1 7114 7115 INV
1 1 7108 7116 INV
2 1 7115 7116 7117 AND
1 1 7117 7118 INV
2 1 7111 7118 7119 AND
2 1 7098 7115 7120 AND
1 1 7120 7121 INV
2 1 7119 7121 7122 AND
2 1 6995 7122 7123 XOR
2 1 6995 7122 7124 AND
2 1 7123 7124 7125 XOR
2 1 6825 6812 7126 XOR
1 1 7126 7127 INV
2 1 7127 6800 7128 XOR
1 1 6995 7129 INV
2 1 7128 7129 7130 AND
1 1 7130 7131 INV
2 1 7125 7131 7132 AND
1 1 7122 7133 INV
2 1 7128 7133 7134 AND
1 1 7134 7135 INV
2 1 7132 7135 7136 AND
1 1 7136 7137 INV
2 1 6877 7137 7138 AND
1 1 7138 7139 INV
2 1 6879 7139 7140 AND
1 1 7136 7141 INV
2 1 6842 7141 7142 AND
1 1 7142 7143 INV
2 1 7140 7143 7144 AND
2 1 7122 6995 7145 XOR
1 1 7145 7146 INV
2 1 7146 7128 7147 XOR
2 1 6727 6533 7148 XOR
2 1 7148 6760 7149 XOR
2 1 7147 7149 7150 XOR
2 1 7147 7149 7151 AND
2 1 7150 7151 7152 XOR
2 1 7063 7057 7153 XOR
2 1 7153 7043 7154 XOR
1 1 363 7155 INV
2 1 8 7155 7156 AND
1 1 258 7157 INV
2 1 36 7157 7158 AND
2 1 7156 7158 7159 AND
1 1 7159 7160 INV
1 1 661 7161 INV
2 1 35 7161 7162 AND
2 1 7162 7156 7163 AND
1 1 7163 7164 INV
2 1 7160 7164 7165 AND
2 1 7162 7158 7166 AND
1 1 7166 7167 INV
2 1 7165 7167 7168 AND
1 1 7168 7169 INV
2 1 7154 7169 7170 AND
1 1 7170 7171 INV
2 1 6653 174 7172 XOR
2 1 7172 6657 7173 XOR
1 1 7173 7174 INV
2 1 7169 7174 7175 AND
1 1 7175 7176 INV
2 1 7171 7176 7177 AND
2 1 7154 7174 7178 AND
1 1 7178 7179 INV
2 1 7177 7179 7180 AND
1 1 7180 7181 INV
2 1 7030 7013 7182 XOR
1 1 7182 7183 INV
2 1 7183 6999 7184 XOR
1 1 7184 7185 INV
2 1 6916 6929 7186 XOR
1 1 7186 7187 INV
2 1 7187 6946 7188 XOR
1 1 7188 7189 INV
1 1 7189 7190 INV
2 1 7185 7190 7191 AND
1 1 7191 7192 INV
2 1 7162 7158 7193 XOR
1 1 7193 7194 INV
2 1 7194 7156 7195 XOR
1 1 7195 7196 INV
2 1 6910 6904 7197 XOR
1 1 7197 7198 INV
2 1 7198 6906 7199 XOR
1 1 7199 7200 INV
2 1 7196 7200 7201 AND
1 1 7201 7202 INV
2 1 4108 4112 7203 AND
1 1 7203 7204 INV
2 1 4112 4106 7205 AND
1 1 7205 7206 INV
2 1 7204 7206 7207 AND
2 1 4108 4106 7208 AND
1 1 7208 7209 INV
2 1 7207 7209 7210 AND
1 1 7210 7211 INV
2 1 7196 7211 7212 AND
1 1 7212 7213 INV
2 1 7202 7213 7214 AND
1 1 7199 7215 INV
2 1 7211 7215 7216 AND
1 1 7216 7217 INV
2 1 7214 7217 7218 AND
1 1 7218 7219 INV
2 1 7185 7219 7220 AND
1 1 7220 7221 INV
2 1 7192 7221 7222 AND
2 1 7218 7189 7223 XOR
2 1 7218 7189 7224 AND
2 1 7223 7224 7225 XOR
2 1 7222 7225 7226 AND
1 1 7226 7227 INV
2 1 7181 7227 7228 AND
1 1 7228 7229 INV
2 1 7051 7045 7230 XOR
1 1 7230 7231 INV
2 1 7231 7047 7232 XOR
1 1 7232 7233 INV
2 1 4130 4133 7234 AND
1 1 7234 7235 INV
2 1 4133 4128 7236 AND
1 1 7236 7237 INV
2 1 7235 7237 7238 AND
2 1 4130 4128 7239 AND
1 1 7239 7240 INV
2 1 7238 7240 7241 AND
1 1 7241 7242 INV
2 1 7233 7242 7243 AND
1 1 7243 7244 INV
2 1 4277 4281 7245 AND
1 1 7245 7246 INV
2 1 4281 4275 7247 AND
1 1 7247 7248 INV
2 1 7246 7248 7249 AND
2 1 4277 4275 7250 AND
1 1 7250 7251 INV
2 1 7249 7251 7252 AND
1 1 7252 7253 INV
2 1 7233 7253 7254 AND
1 1 7254 7255 INV
2 1 7244 7255 7256 AND
1 1 7241 7257 INV
2 1 7253 7257 7258 AND
1 1 7258 7259 INV
2 1 7256 7259 7260 AND
1 1 7260 7261 INV
2 1 7007 7001 7262 XOR
1 1 7262 7263 INV
2 1 7263 7003 7264 XOR
1 1 7264 7265 INV
2 1 34 7265 7266 AND
1 1 7266 7267 INV
2 1 7024 7018 7268 XOR
1 1 7268 7269 INV
2 1 7269 7020 7270 XOR
1 1 7270 7271 INV
2 1 34 7271 7272 AND
1 1 7272 7273 INV
2 1 7267 7273 7274 AND
2 1 7271 7265 7275 AND
1 1 7275 7276 INV
2 1 7274 7276 7277 AND
1 1 7277 7278 INV
2 1 7261 7278 7279 AND
1 1 7279 7280 INV
1 1 4365 7281 INV
2 1 4366 7281 7282 AND
2 1 4240 4244 7283 AND
1 1 7283 7284 INV
2 1 4244 4238 7285 AND
1 1 7285 7286 INV
2 1 7284 7286 7287 AND
2 1 4238 4240 7288 AND
1 1 7288 7289 INV
2 1 7287 7289 7290 AND
1 1 7290 7291 INV
2 1 7282 7291 7292 AND
1 1 7292 7293 INV
2 1 1 4252 7294 AND
1 1 7294 7295 INV
2 1 4249 4252 7296 AND
1 1 7296 7297 INV
2 1 7295 7297 7298 AND
2 1 1 4249 7299 AND
1 1 7299 7300 INV
2 1 7298 7300 7301 AND
1 1 7301 7302 INV
2 1 7302 7282 7303 AND
1 1 7303 7304 INV
2 1 7293 7304 7305 AND
1 1 7290 7306 INV
2 1 7302 7306 7307 AND
1 1 7307 7308 INV
2 1 7305 7308 7309 AND
2 1 7309 7277 7310 XOR
2 1 7309 7277 7311 AND
2 1 7310 7311 7312 XOR
2 1 7280 7312 7313 AND
1 1 7309 7314 INV
2 1 7261 7314 7315 AND
1 1 7315 7316 INV
2 1 7313 7316 7317 AND
2 1 7317 7226 7318 XOR
2 1 7317 7226 7319 AND
2 1 7318 7319 7320 XOR
2 1 7229 7320 7321 AND
1 1 7317 7322 INV
2 1 7181 7322 7323 AND
1 1 7323 7324 INV
2 1 7321 7324 7325 AND
2 1 7089 7084 7326 XOR
2 1 7326 7079 7327 XOR
2 1 7174 7169 7328 XOR
2 1 7328 7154 7329 XOR
2 1 4272 4283 7330 AND
1 1 7330 7331 INV
1 1 4263 7332 INV
2 1 4283 7332 7333 AND
1 1 7333 7334 INV
2 1 7331 7334 7335 AND
1 1 4263 7336 INV
2 1 4272 7336 7337 AND
1 1 7337 7338 INV
2 1 7335 7338 7339 AND
1 1 7339 7340 INV
1 1 4134 7341 INV
2 1 4124 7341 7342 AND
1 1 7342 7343 INV
2 1 4114 4124 7344 AND
1 1 7344 7345 INV
2 1 7343 7345 7346 AND
1 1 4134 7347 INV
2 1 4114 7347 7348 AND
1 1 7348 7349 INV
2 1 7346 7349 7350 AND
1 1 7350 7351 INV
2 1 7340 7351 7352 AND
1 1 7352 7353 INV
1 1 4390 7354 INV
2 1 4392 7354 7355 AND
1 1 7355 7356 INV
1 1 4402 7357 INV
2 1 4392 7357 7358 AND
1 1 7358 7359 INV
2 1 7356 7359 7360 AND
2 1 4390 4402 7361 XOR
2 1 4390 4402 7362 AND
2 1 7361 7362 7363 XOR
2 1 7360 7363 7364 AND
2 1 7364 7350 7365 XOR
2 1 7364 7350 7366 AND
2 1 7365 7366 7367 XOR
2 1 7353 7367 7368 AND
1 1 7364 7369 INV
2 1 7340 7369 7370 AND
1 1 7370 7371 INV
2 1 7368 7371 7372 AND
1 1 7372 7373 INV
2 1 7329 7373 7374 AND
1 1 7374 7375 INV
2 1 7253 7241 7376 XOR
2 1 7376 7233 7377 XOR
1 1 7377 7378 INV
2 1 6940 6934 7379 XOR
1 1 7379 7380 INV
2 1 7380 6936 7381 XOR
1 1 7381 7382 INV
2 1 7378 7382 7383 AND
1 1 7383 7384 INV
2 1 7196 7211 7385 XOR
2 1 7385 7199 7386 XOR
1 1 7386 7387 INV
2 1 7387 7382 7388 AND
1 1 7388 7389 INV
2 1 7384 7389 7390 AND
2 1 7387 7378 7391 AND
1 1 7391 7392 INV
2 1 7390 7392 7393 AND
1 1 7393 7394 INV
2 1 7394 7329 7395 AND
1 1 7395 7396 INV
2 1 7375 7396 7397 AND
1 1 7372 7398 INV
2 1 7394 7398 7399 AND
1 1 7399 7400 INV
2 1 7397 7400 7401 AND
1 1 7401 7402 INV
2 1 7327 7402 7403 AND
1 1 7403 7404 INV
2 1 6923 173 7405 XOR
2 1 7405 6919 7406 XOR
1 1 7406 7407 INV
2 1 4219 4222 7408 AND
1 1 7408 7409 INV
2 1 33 4222 7410 AND
1 1 7410 7411 INV
2 1 7409 7411 7412 AND
2 1 33 4219 7413 AND
1 1 7413 7414 INV
2 1 7412 7414 7415 AND
1 1 7415 7416 INV
2 1 7407 7416 7417 AND
1 1 7417 7418 INV
2 1 4118 4122 7419 AND
1 1 7419 7420 INV
2 1 4122 4116 7421 AND
1 1 7421 7422 INV
2 1 7420 7422 7423 AND
2 1 4118 4116 7424 AND
1 1 7424 7425 INV
2 1 7423 7425 7426 AND
1 1 7426 7427 INV
2 1 7427 7407 7428 AND
1 1 7428 7429 INV
2 1 7418 7429 7430 AND
1 1 7415 7431 INV
2 1 7427 7431 7432 AND
1 1 7432 7433 INV
2 1 7430 7433 7434 AND
1 1 7434 7435 INV
2 1 7261 7277 7436 XOR
2 1 7436 7309 7437 XOR
2 1 7435 7437 7438 AND
1 1 7438 7439 INV
2 1 6968 6959 7440 XOR
1 1 7440 7441 INV
2 1 7441 6962 7442 XOR
1 1 7442 7443 INV
2 1 7435 7443 7444 AND
1 1 7444 7445 INV
2 1 7439 7445 7446 AND
1 1 7442 7447 INV
2 1 7437 7447 7448 AND
1 1 7448 7449 INV
2 1 7446 7449 7450 AND
1 1 7450 7451 INV
2 1 7327 7451 7452 AND
1 1 7452 7453 INV
2 1 7404 7453 7454 AND
1 1 7450 7455 INV
2 1 7402 7455 7456 AND
1 1 7456 7457 INV
2 1 7454 7457 7458 AND
2 1 7325 7458 7459 XOR
2 1 7325 7458 7460 AND
2 1 7459 7460 7461 XOR
2 1 6987 6897 7462 XOR
1 1 7462 7463 INV
2 1 7463 6900 7464 XOR
1 1 7464 7465 INV
1 1 7325 7466 INV
2 1 7465 7466 7467 AND
1 1 7467 7468 INV
2 1 7461 7468 7469 AND
1 1 7458 7470 INV
2 1 7465 7470 7471 AND
1 1 7471 7472 INV
2 1 7469 7472 7473 AND
2 1 7473 7149 7474 XOR
2 1 7473 7149 7475 AND
2 1 7474 7475 7476 XOR
2 1 7152 7476 7477 AND
2 1 7473 7147 7478 XOR
2 1 7473 7147 7479 AND
2 1 7478 7479 7480 XOR
2 1 7477 7480 7481 AND
1 1 7481 7482 INV
2 1 7458 7325 7483 XOR
1 1 7483 7484 INV
2 1 7484 7465 7485 XOR
1 1 7485 7486 INV
2 1 7098 7108 7487 XOR
2 1 7487 7115 7488 XOR
1 1 7488 7489 INV
2 1 7486 7489 7490 AND
1 1 7490 7491 INV
2 1 7393 7372 7492 XOR
1 1 7492 7493 INV
2 1 7493 7329 7494 XOR
1 1 7494 7495 INV
1 1 4367 7496 INV
1 1 4361 7497 INV
2 1 7496 7497 7498 AND
1 1 7498 7499 INV
1 1 4353 7500 INV
2 1 7496 7500 7501 AND
1 1 7501 7502 INV
2 1 7499 7502 7503 AND
1 1 4361 7504 INV
2 1 7500 7504 7505 AND
1 1 7505 7506 INV
2 1 7503 7506 7507 AND
1 1 7507 7508 INV
2 1 7339 7350 7509 XOR
1 1 7509 7510 INV
2 1 7510 7364 7511 XOR
2 1 7508 7511 7512 AND
1 1 7512 7513 INV
2 1 7271 128 7514 XOR
2 1 7514 7265 7515 XOR
1 1 7515 7516 INV
2 1 7508 7516 7517 AND
1 1 7517 7518 INV
2 1 7513 7518 7519 AND
1 1 7515 7520 INV
2 1 7511 7520 7521 AND
1 1 7521 7522 INV
2 1 7519 7522 7523 AND
1 1 7523 7524 INV
2 1 7495 7524 7525 AND
1 1 7525 7526 INV
1 1 4158 7527 INV
1 1 4166 7528 INV
2 1 7527 7528 7529 AND
1 1 7529 7530 INV
2 1 4178 4166 7531 XOR
2 1 4178 4166 7532 AND
2 1 7531 7532 7533 XOR
2 1 7530 7533 7534 AND
1 1 4178 7535 INV
2 1 7527 7535 7536 AND
1 1 7536 7537 INV
2 1 7534 7537 7538 AND
1 1 7538 7539 INV
2 1 7387 7382 7540 XOR
2 1 7540 7378 7541 XOR
2 1 7539 7541 7542 AND
1 1 7542 7543 INV
2 1 4254 4285 7544 AND
1 1 7544 7545 INV
2 1 4247 4254 7546 AND
1 1 7546 7547 INV
2 1 7545 7547 7548 AND
2 1 4285 4247 7549 AND
1 1 7549 7550 INV
2 1 7548 7550 7551 AND
1 1 7551 7552 INV
2 1 7541 7552 7553 AND
1 1 7553 7554 INV
2 1 7543 7554 7555 AND
1 1 7551 7556 INV
2 1 7539 7556 7557 AND
1 1 7557 7558 INV
2 1 7555 7558 7559 AND
1 1 7559 7560 INV
1 1 7523 7561 INV
2 1 7560 7561 7562 AND
1 1 7562 7563 INV
2 1 7526 7563 7564 AND
2 1 7495 7560 7565 AND
1 1 7565 7566 INV
2 1 7564 7566 7567 AND
1 1 7567 7568 INV
2 1 7180 7226 7569 XOR
1 1 7569 7570 INV
2 1 7570 7317 7571 XOR
1 1 7571 7572 INV
1 1 7572 7573 INV
2 1 7568 7573 7574 AND
1 1 7574 7575 INV
2 1 7185 7218 7576 XOR
1 1 7576 7577 INV
2 1 7577 7189 7578 XOR
1 1 7578 7579 INV
2 1 7442 7434 7580 XOR
2 1 7580 7437 7581 XOR
1 1 7581 7582 INV
1 1 7582 7583 INV
2 1 7579 7583 7584 AND
1 1 7584 7585 INV
2 1 7426 7415 7586 XOR
1 1 7586 7587 INV
2 1 7587 7407 7588 XOR
1 1 7588 7589 INV
2 1 7290 7282 7590 XOR
1 1 7590 7591 INV
2 1 7591 7302 7592 XOR
1 1 7592 7593 INV
1 1 7593 7594 INV
2 1 7589 7594 7595 AND
1 1 7595 7596 INV
1 1 4245 7597 INV
2 1 4224 7597 7598 AND
1 1 7598 7599 INV
2 1 4224 4235 7600 AND
1 1 7600 7601 INV
2 1 7599 7601 7602 AND
1 1 4245 7603 INV
2 1 4235 7603 7604 AND
1 1 7604 7605 INV
2 1 7602 7605 7606 AND
1 1 7606 7607 INV
2 1 7589 7607 7608 AND
1 1 7608 7609 INV
2 1 7596 7609 7610 AND
2 1 7606 7593 7611 XOR
2 1 7606 7593 7612 AND
2 1 7611 7612 7613 XOR
2 1 7610 7613 7614 AND
1 1 7614 7615 INV
2 1 7615 7579 7616 AND
1 1 7616 7617 INV
2 1 7585 7617 7618 AND
1 1 7582 7619 INV
2 1 7615 7619 7620 AND
1 1 7620 7621 INV
2 1 7618 7621 7622 AND
2 1 7622 7572 7623 XOR
2 1 7622 7572 7624 AND
2 1 7623 7624 7625 XOR
2 1 7575 7625 7626 AND
1 1 7622 7627 INV
2 1 7568 7627 7628 AND
1 1 7628 7629 INV
2 1 7626 7629 7630 AND
1 1 7630 7631 INV
2 1 7489 7631 7632 AND
1 1 7632 7633 INV
2 1 7491 7633 7634 AND
1 1 7630 7635 INV
2 1 7486 7635 7636 AND
1 1 7636 7637 INV
2 1 7634 7637 7638 AND
2 1 7450 7402 7639 XOR
2 1 7639 7327 7640 XOR
1 1 7640 7641 INV
2 1 7622 7568 7642 XOR
2 1 7642 7572 7643 XOR
1 1 7643 7644 INV
1 1 7644 7645 INV
2 1 7641 7645 7646 AND
1 1 7646 7647 INV
2 1 7579 7615 7648 XOR
2 1 7648 7582 7649 XOR
1 1 7649 7650 INV
2 1 4343 4332 7651 XOR
2 1 4343 4332 7652 AND
2 1 7651 7652 7653 XOR
1 1 4343 7654 INV
2 1 4405 7654 7655 AND
1 1 7655 7656 INV
2 1 7653 7656 7657 AND
1 1 4332 7658 INV
2 1 4405 7658 7659 AND
1 1 7659 7660 INV
2 1 7657 7660 7661 AND
1 1 7661 7662 INV
2 1 4180 4147 7663 XOR
2 1 4180 4147 7664 AND
2 1 7663 7664 7665 XOR
2 1 4136 4147 7666 XOR
2 1 4136 4147 7667 AND
2 1 7666 7667 7668 XOR
2 1 7665 7668 7669 AND
2 1 4136 4180 7670 XOR
2 1 4136 4180 7671 AND
2 1 7670 7671 7672 XOR
2 1 7669 7672 7673 AND
1 1 7673 7674 INV
2 1 7662 7674 7675 AND
1 1 7675 7676 INV
2 1 4216 4286 7677 AND
1 1 7677 7678 INV
1 1 4205 7679 INV
2 1 4286 7679 7680 AND
1 1 7680 7681 INV
2 1 7678 7681 7682 AND
1 1 4205 7683 INV
2 1 4216 7683 7684 AND
1 1 7684 7685 INV
2 1 7682 7685 7686 AND
2 1 7686 7673 7687 XOR
2 1 7686 7673 7688 AND
2 1 7687 7688 7689 XOR
2 1 7676 7689 7690 AND
1 1 7686 7691 INV
2 1 7662 7691 7692 AND
1 1 7692 7693 INV
2 1 7690 7693 7694 AND
1 1 7694 7695 INV
2 1 7650 7695 7696 AND
1 1 7696 7697 INV
2 1 7589 7606 7698 XOR
1 1 7698 7699 INV
2 1 7699 7593 7700 XOR
1 1 7700 7701 INV
2 1 7515 7507 7702 XOR
2 1 7702 7511 7703 XOR
1 1 7703 7704 INV
1 1 7704 7705 INV
2 1 7701 7705 7706 AND
1 1 7706 7707 INV
1 1 4369 7708 INV
2 1 4404 7708 7709 AND
1 1 7709 7710 INV
1 1 4369 7711 INV
2 1 4380 7711 7712 AND
1 1 7712 7713 INV
2 1 7710 7713 7714 AND
2 1 4404 4380 7715 AND
1 1 7715 7716 INV
2 1 7714 7716 7717 AND
1 1 7717 7718 INV
2 1 7718 7701 7719 AND
1 1 7719 7720 INV
2 1 7707 7720 7721 AND
1 1 7704 7722 INV
2 1 7718 7722 7723 AND
1 1 7723 7724 INV
2 1 7721 7724 7725 AND
1 1 7725 7726 INV
2 1 7650 7726 7727 AND
1 1 7727 7728 INV
2 1 7697 7728 7729 AND
2 1 7725 7694 7730 XOR
2 1 7725 7694 7731 AND
2 1 7730 7731 7732 XOR
2 1 7729 7732 7733 AND
1 1 7733 7734 INV
2 1 7641 7734 7735 AND
1 1 7735 7736 INV
2 1 7647 7736 7737 AND
2 1 7733 7644 7738 XOR
2 1 7733 7644 7739 AND
2 1 7738 7739 7740 XOR
2 1 7737 7740 7741 AND
1 1 7741 7742 INV
2 1 7725 7694 7743 XOR
1 1 7743 7744 INV
2 1 7744 7650 7745 XOR
1 1 7745 7746 INV
2 1 7560 7523 7747 XOR
2 1 7747 7494 7748 XOR
2 1 7746 7748 7749 AND
1 1 7749 7750 INV
1 1 4287 7751 INV
1 1 4192 7752 INV
2 1 7751 7752 7753 AND
1 1 7753 7754 INV
2 1 7751 4182 7755 AND
1 1 7755 7756 INV
2 1 7754 7756 7757 AND
1 1 4192 7758 INV
2 1 4182 7758 7759 AND
1 1 7759 7760 INV
2 1 7757 7760 7761 AND
1 1 7761 7762 INV
2 1 7551 7539 7763 XOR
2 1 7763 7541 7764 XOR
1 1 7764 7765 INV
2 1 7762 7765 7766 AND
1 1 7766 7767 INV
2 1 7701 7718 7768 XOR
1 1 7768 7769 INV
2 1 7769 7704 7770 XOR
1 1 7770 7771 INV
2 1 7771 7764 7772 XOR
2 1 7771 7764 7773 AND
2 1 7772 7773 7774 XOR
2 1 7767 7774 7775 AND
1 1 7771 7776 INV
2 1 7762 7776 7777 AND
1 1 7777 7778 INV
2 1 7775 7778 7779 AND
1 1 7779 7780 INV
2 1 7748 7780 7781 AND
1 1 7781 7782 INV
2 1 7750 7782 7783 AND
1 1 7779 7784 INV
2 1 7746 7784 7785 AND
1 1 7785 7786 INV
2 1 7783 7786 7787 AND
2 1 7771 7762 7788 XOR
1 1 7788 7789 INV
2 1 7789 7764 7790 XOR
1 1 7790 7791 INV
2 1 7661 7673 7792 XOR
1 1 7792 7793 INV
2 1 7793 7686 7794 XOR
2 1 7791 7794 7795 AND
1 1 7795 7796 INV
2 1 4319 4309 7797 XOR
2 1 4319 4309 7798 AND
2 1 7797 7798 7799 XOR
1 1 4319 7800 INV
2 1 4407 7800 7801 AND
1 1 7801 7802 INV
2 1 7799 7802 7803 AND
1 1 4309 7804 INV
2 1 4407 7804 7805 AND
1 1 7805 7806 INV
2 1 7803 7806 7807 AND
1 1 7807 7808 INV
2 1 7794 7808 7809 AND
1 1 7809 7810 INV
2 1 7796 7810 7811 AND
1 1 7807 7812 INV
2 1 7791 7812 7813 AND
1 1 7813 7814 INV
2 1 7811 7814 7815 AND
1 1 7815 7816 INV
1 1 4288 7817 INV
2 1 4409 7817 7818 AND
1 1 7818 7819 INV
2 1 4298 4288 7820 XOR
2 1 4298 4288 7821 AND
2 1 7820 7821 7822 XOR
2 1 7819 7822 7823 AND
1 1 4298 7824 INV
2 1 4409 7824 7825 AND
1 1 7825 7826 INV
2 1 7823 7826 7827 AND
1 1 7827 7828 INV
1 1 4103 7829 INV
2 1 1515 7829 7830 AND
1 1 7830 7831 INV
1 1 4411 7832 INV
2 1 1515 7832 7833 AND
1 1 7833 7834 INV
2 1 7831 7834 7835 AND
2 1 4411 4103 7836 XOR
2 1 4411 4103 7837 AND
2 1 7836 7837 7838 XOR
2 1 7835 7838 7839 AND
1 1 7839 7840 INV
2 1 7828 7840 7841 AND
1 1 7841 7842 INV
2 1 7794 7807 7843 XOR
2 1 7843 7791 7844 XOR
1 1 7844 7845 INV
2 1 7828 7845 7846 AND
1 1 7846 7847 INV
2 1 7842 7847 7848 AND
1 1 7839 7849 INV
2 1 7845 7849 7850 AND
1 1 7850 7851 INV
2 1 7848 7851 7852 AND
1 1 7852 7853 INV
2 1 7816 7853 7854 AND
1 1 7854 7855 INV
2 1 7748 7779 7856 XOR
1 1 7856 7857 INV
2 1 7857 7745 7858 XOR
1 1 7858 7859 INV
2 1 7816 7859 7860 AND
1 1 7860 7861 INV
2 1 7855 7861 7862 AND
2 1 7858 7852 7863 XOR
2 1 7858 7852 7864 AND
2 1 7863 7864 7865 XOR
2 1 7862 7865 7866 AND
2 1 7787 7866 7867 XOR
2 1 7787 7866 7868 AND
2 1 7867 7868 7869 XOR
2 1 7641 7733 7870 XOR
2 1 7870 7644 7871 XOR
1 1 7787 7872 INV
2 1 7871 7872 7873 AND
1 1 7873 7874 INV
2 1 7869 7874 7875 AND
1 1 7866 7876 INV
2 1 7871 7876 7877 AND
1 1 7877 7878 INV
2 1 7875 7878 7879 AND
1 1 7879 7880 INV
2 1 7742 7880 7881 AND
1 1 7881 7882 INV
2 1 7489 7630 7883 XOR
1 1 7883 7884 INV
2 1 7884 7485 7885 XOR
1 1 7885 7886 INV
2 1 7742 7886 7887 AND
1 1 7887 7888 INV
2 1 7882 7888 7889 AND
2 1 7885 7879 7890 XOR
2 1 7885 7879 7891 AND
2 1 7890 7891 7892 XOR
2 1 7889 7892 7893 AND
2 1 7638 7893 7894 XOR
2 1 7638 7893 7895 AND
2 1 7894 7895 7896 XOR
2 1 7149 7473 7897 XOR
1 1 7897 7898 INV
2 1 7898 7147 7899 XOR
1 1 7638 7900 INV
2 1 7899 7900 7901 AND
1 1 7901 7902 INV
2 1 7896 7902 7903 AND
1 1 7893 7904 INV
2 1 7899 7904 7905 AND
1 1 7905 7906 INV
2 1 7903 7906 7907 AND
1 1 7907 7908 INV
2 1 7482 7908 7909 AND
1 1 7909 7910 INV
2 1 6877 7136 7911 XOR
2 1 7911 6841 7912 XOR
2 1 7482 7912 7913 AND
1 1 7913 7914 INV
2 1 7910 7914 7915 AND
1 1 7907 7916 INV
2 1 7912 7916 7917 AND
1 1 7917 7918 INV
2 1 7915 7918 7919 AND
2 1 7144 7919 7920 XOR
2 1 7144 7919 7921 AND
2 1 7920 7921 7922 XOR
2 1 6768 6834 7923 AND
1 1 7923 7924 INV
2 1 6840 6834 7925 AND
1 1 7925 7926 INV
2 1 7924 7926 7927 AND
2 1 6840 6768 7928 AND
1 1 7928 7929 INV
2 1 7927 7929 7930 AND
1 1 7930 7931 INV
1 1 6865 7932 INV
2 1 6854 7932 7933 AND
1 1 7933 7934 INV
2 1 6876 6865 7935 XOR
2 1 6876 6865 7936 AND
2 1 7935 7936 7937 XOR
2 1 7934 7937 7938 AND
1 1 6876 7939 INV
2 1 6854 7939 7940 AND
1 1 7940 7941 INV
2 1 7938 7941 7942 AND
2 1 7931 7942 7943 XOR
2 1 6370 6393 7944 XOR
1 1 7944 7945 INV
2 1 7945 6367 7946 XOR
2 1 7943 7946 7947 XOR
1 1 7947 7948 INV
1 1 7144 7949 INV
2 1 7948 7949 7950 AND
1 1 7950 7951 INV
2 1 7922 7951 7952 AND
1 1 7919 7953 INV
2 1 7948 7953 7954 AND
1 1 7954 7955 INV
2 1 7952 7955 7956 AND
1 1 7956 7957 INV
2 1 6411 7957 7958 AND
1 1 7958 7959 INV
1 1 7942 7960 INV
2 1 7931 7960 7961 AND
1 1 7961 7962 INV
1 1 7942 7963 INV
2 1 7946 7963 7964 AND
1 1 7964 7965 INV
2 1 7962 7965 7966 AND
2 1 7946 7931 7967 AND
1 1 7967 7968 INV
2 1 7966 7968 7969 AND
1 1 7969 7970 INV
2 1 7970 6411 7971 AND
1 1 7971 7972 INV
2 1 7959 7972 7973 AND
1 1 7956 7974 INV
2 1 7970 7974 7975 AND
1 1 7975 7976 INV
2 1 7973 7976 7977 AND
1 1 7977 7978 INV
2 1 6408 7978 7979 AND
1 1 7979 7980 INV
2 1 6093 6347 7981 XOR
2 1 7981 6097 7982 XOR
1 1 7982 7983 INV
2 1 6408 7983 7984 AND
1 1 7984 7985 INV
2 1 7980 7985 7986 AND
1 1 7977 7987 INV
2 1 7983 7987 7988 AND
1 1 7988 7989 INV
2 1 7986 7989 7990 AND
1 1 7990 7991 INV
2 1 6355 7991 7992 AND
1 1 7992 7993 INV
2 1 5819 6081 7994 XOR
1 1 7994 7995 INV
2 1 7995 5814 7996 XOR
1 1 7996 7997 INV
2 1 6355 7997 7998 AND
1 1 7998 7999 INV
2 1 7993 7999 8000 AND
2 1 7996 7990 8001 XOR
2 1 7996 7990 8002 AND
2 1 8001 8002 8003 XOR
2 1 8000 8003 8004 AND
2 1 6089 8004 8005 XOR
2 1 6089 8004 8006 AND
2 1 8005 8006 8007 XOR
2 1 5612 5802 8008 XOR
1 1 8008 8009 INV
2 1 8009 5610 8010 XOR
1 1 6089 8011 INV
2 1 8010 8011 8012 AND
1 1 8012 8013 INV
2 1 8007 8013 8014 AND
1 1 8004 8015 INV
2 1 8010 8015 8016 AND
1 1 8016 8017 INV
2 1 8014 8017 8018 AND
1 1 8018 8019 INV
2 1 5811 8019 8020 AND
1 1 8020 8021 INV
2 1 5187 5599 8022 XOR
2 1 8022 5341 8023 XOR
1 1 8023 8024 INV
2 1 5811 8024 8025 AND
1 1 8025 8026 INV
2 1 8021 8026 8027 AND
1 1 8018 8028 INV
2 1 8024 8028 8029 AND
1 1 8029 8030 INV
2 1 8027 8030 8031 AND
2 1 5607 8031 8032 XOR
2 1 5607 8031 8033 AND
2 1 8032 8033 8034 XOR
1 1 5334 8035 INV
2 1 5300 8035 8036 AND
1 1 8036 8037 INV
1 1 5334 8038 INV
2 1 5339 8038 8039 AND
1 1 8039 8040 INV
2 1 8037 8040 8041 AND
2 1 5339 5300 8042 AND
1 1 8042 8043 INV
2 1 8041 8043 8044 AND
1 1 8044 8045 INV
1 1 5135 8046 INV
2 1 5127 8046 8047 AND
1 1 8047 8048 INV
2 1 5186 5135 8049 XOR
2 1 5186 5135 8050 AND
2 1 8049 8050 8051 XOR
2 1 8048 8051 8052 AND
1 1 5186 8053 INV
2 1 5127 8053 8054 AND
1 1 8054 8055 INV
2 1 8052 8055 8056 AND
2 1 8045 8056 8057 XOR
2 1 5047 5068 8058 XOR
2 1 8058 5043 8059 XOR
2 1 8057 8059 8060 XOR
1 1 8060 8061 INV
1 1 5607 8062 INV
2 1 8061 8062 8063 AND
1 1 8063 8064 INV
2 1 8034 8064 8065 AND
1 1 8031 8066 INV
2 1 8061 8066 8067 AND
1 1 8067 8068 INV
2 1 8065 8068 8069 AND
1 1 8069 8070 INV
2 1 5033 5075 8071 XOR
1 1 8071 8072 INV
2 1 8072 5036 8073 XOR
1 1 8073 8074 INV
2 1 8070 8074 8075 AND
1 1 8075 8076 INV
1 1 8056 8077 INV
2 1 8045 8077 8078 AND
1 1 8078 8079 INV
1 1 8056 8080 INV
2 1 8059 8080 8081 AND
1 1 8081 8082 INV
2 1 8079 8082 8083 AND
2 1 8059 8045 8084 AND
1 1 8084 8085 INV
2 1 8083 8085 8086 AND
1 1 8086 8087 INV
2 1 8074 8087 8088 AND
1 1 8088 8089 INV
2 1 8076 8089 8090 AND
1 1 8086 8091 INV
2 1 8070 8091 8092 AND
1 1 8092 8093 INV
2 1 8090 8093 8094 AND
1 1 8094 8095 INV
2 1 5084 8095 8096 AND
1 1 8096 8097 INV
2 1 4861 5021 8098 XOR
2 1 8098 4864 8099 XOR
1 1 8099 8100 INV
2 1 5084 8100 8101 AND
1 1 8101 8102 INV
2 1 8097 8102 8103 AND
1 1 8094 8104 INV
2 1 8100 8104 8105 AND
1 1 8105 8106 INV
2 1 8103 8106 8107 AND
1 1 8107 8108 INV
2 1 5029 8108 8109 AND
1 1 8109 8110 INV
2 1 4608 4850 8111 XOR
2 1 8111 4706 8112 XOR
1 1 8112 8113 INV
2 1 5029 8113 8114 AND
1 1 8114 8115 INV
2 1 8110 8115 8116 AND
1 1 8107 8117 INV
2 1 8113 8117 8118 AND
1 1 8118 8119 INV
2 1 8116 8119 8120 AND
2 1 4858 8120 8121 XOR
2 1 4858 8120 8122 AND
2 1 8121 8122 8123 XOR
1 1 4700 8124 INV
2 1 4665 8124 8125 AND
1 1 8125 8126 INV
1 1 4700 8127 INV
2 1 4704 8127 8128 AND
1 1 8128 8129 INV
2 1 8126 8129 8130 AND
2 1 4704 4665 8131 AND
1 1 8131 8132 INV
2 1 8130 8132 8133 AND
1 1 8133 8134 INV
1 1 4592 8135 INV
2 1 4582 8135 8136 AND
1 1 8136 8137 INV
2 1 4607 4592 8138 XOR
2 1 4607 4592 8139 AND
2 1 8138 8139 8140 XOR
2 1 8137 8140 8141 AND
1 1 4607 8142 INV
2 1 4582 8142 8143 AND
1 1 8143 8144 INV
2 1 8141 8144 8145 AND
1 1 8145 8146 INV
2 1 8134 8146 8147 XOR
1 1 8147 8148 INV
2 1 4522 4545 8149 XOR
2 1 8149 4525 8150 XOR
1 1 8150 8151 INV
2 1 8148 8151 8152 XOR
1 1 8152 8153 INV
1 1 4858 8154 INV
2 1 8153 8154 8155 AND
1 1 8155 8156 INV
2 1 8123 8156 8157 AND
1 1 8120 8158 INV
2 1 8153 8158 8159 AND
1 1 8159 8160 INV
2 1 8157 8160 8161 AND
1 1 8161 8162 INV
2 1 4563 8162 8163 AND
1 1 8163 8164 INV
2 1 8134 8146 8165 AND
1 1 8165 8166 INV
2 1 8151 8146 8167 AND
1 1 8167 8168 INV
2 1 8166 8168 8169 AND
2 1 8134 8151 8170 AND
1 1 8170 8171 INV
2 1 8169 8171 8172 AND
1 1 8172 8173 INV
2 1 8173 4563 8174 AND
1 1 8174 8175 INV
2 1 8164 8175 8176 AND
1 1 8161 8177 INV
2 1 8173 8177 8178 AND
1 1 8178 8179 INV
2 1 8176 8179 8180 AND
2 1 4560 8180 8181 XOR
2 1 4560 8180 8182 AND
2 1 8181 8182 8183 XOR
1 1 4507 8184 INV
2 1 4495 8184 8185 AND
1 1 8185 8186 INV
1 1 4507 8187 INV
2 1 4515 8187 8188 AND
1 1 8188 8189 INV
2 1 8186 8189 8190 AND
2 1 4515 4495 8191 AND
1 1 8191 8192 INV
2 1 8190 8192 8193 AND
1 1 8193 8194 INV
2 1 4441 4455 8195 XOR
2 1 4441 4455 8196 AND
2 1 8195 8196 8197 XOR
1 1 4441 8198 INV
2 1 51 8198 8199 AND
1 1 8199 8200 INV
2 1 8197 8200 8201 AND
1 1 4455 8202 INV
2 1 51 8202 8203 AND
1 1 8203 8204 INV
2 1 8201 8204 8205 AND
1 1 8205 8206 INV
2 1 8194 8206 8207 XOR
1 1 8207 8208 INV
2 1 19 4510 8209 AND
1 1 8209 8210 INV
2 1 19 4513 8211 AND
1 1 8211 8212 INV
2 1 8210 8212 8213 AND
2 1 4510 4513 8214 AND
1 1 8214 8215 INV
2 1 8213 8215 8216 AND
1 1 8216 8217 INV
2 1 8217 287 8218 XOR
1 1 8218 8219 INV
2 1 22 53 8220 AND
1 1 8220 8221 INV
2 1 8221 259 8222 XOR
1 1 8222 8223 INV
1 1 258 8224 INV
2 1 54 8224 8225 AND
2 1 8223 8225 8226 XOR
1 1 8226 8227 INV
2 1 8219 8227 8228 XOR
2 1 8208 8228 8229 XOR
1 1 8229 8230 INV
1 1 4560 8231 INV
2 1 8230 8231 8232 AND
1 1 8232 8233 INV
2 1 8183 8233 8234 AND
1 1 8180 8235 INV
2 1 8230 8235 8236 AND
1 1 8236 8237 INV
2 1 8234 8237 8238 AND
1 1 8238 8239 INV
2 1 52 8227 8240 AND
1 1 8240 8241 INV
2 1 52 8217 8242 AND
1 1 8242 8243 INV
2 1 8241 8243 8244 AND
2 1 8217 8227 8245 AND
1 1 8245 8246 INV
2 1 8244 8246 8247 AND
1 1 8247 8248 INV
1 1 8221 8249 INV
2 1 20 8249 8250 AND
1 1 8250 8251 INV
2 1 20 8225 8252 AND
1 1 8252 8253 INV
2 1 8251 8253 8254 AND
1 1 8221 8255 INV
2 1 8225 8255 8256 AND
1 1 8256 8257 INV
2 1 8254 8257 8258 AND
1 1 8258 8259 INV
2 1 8248 8259 8260 XOR
1 1 8260 8261 INV
2 1 258 286 8262 XOR
2 1 4432 8262 8263 XOR
2 1 8261 8263 8264 XOR
1 1 8264 8265 INV
2 1 8239 8265 8266 AND
1 1 8266 8267 INV
2 1 8194 8206 8268 AND
1 1 8268 8269 INV
2 1 8228 8206 8270 AND
1 1 8270 8271 INV
2 1 8269 8271 8272 AND
2 1 8194 8228 8273 AND
1 1 8273 8274 INV
2 1 8272 8274 8275 AND
1 1 8275 8276 INV
2 1 8265 8276 8277 AND
1 1 8277 8278 INV
2 1 8267 8278 8279 AND
1 1 8275 8280 INV
2 1 8239 8280 8281 AND
1 1 8281 8282 INV
2 1 8279 8282 8283 AND
1 1 8283 8284 INV
2 1 4439 8284 8285 AND
1 1 8285 8286 INV
2 1 8248 8259 8287 AND
1 1 8287 8288 INV
2 1 8263 8259 8289 AND
1 1 8289 8290 INV
2 1 8288 8290 8291 AND
2 1 8263 8248 8292 AND
1 1 8292 8293 INV
2 1 8291 8293 8294 AND
1 1 8294 8295 INV
2 1 4439 8295 8296 AND
1 1 8296 8297 INV
2 1 8286 8297 8298 AND
2 1 8294 8283 8299 XOR
2 1 8294 8283 8300 AND
2 1 8299 8300 8301 XOR
2 1 8298 8301 8302 AND
1 1 4438 8303 INV
2 1 22 8303 8304 AND
1 1 8304 8305 INV
2 1 22 54 8306 AND
1 1 8306 8307 INV
2 1 8305 8307 8308 AND
1 1 4438 8309 INV
2 1 54 8309 8310 AND
1 1 8310 8311 INV
2 1 8308 8311 8312 AND
1 1 8312 8313 INV
1 1 8313 8314 INV
2 1 8302 8314 8315 AND
1 1 8315 8316 INV
2 1 4427 8316 8317 AND
2 1 1972 4090 8318 XOR
2 1 8318 4096 8319 XOR
1 1 8319 8320 INV
2 1 8317 8320 8321 AND
1 1 4413 8322 INV
2 1 8321 8322 8323 XOR
2 1 4078 4082 8324 XOR
2 1 1976 8324 8325 XOR
1 1 8325 8326 INV
2 1 4414 417 8327 AND
1 1 8327 8328 INV
1 1 420 8329 INV
2 1 8328 8329 8330 AND
2 1 421 417 8331 AND
1 1 8331 8332 INV
2 1 8330 8332 8333 AND
1 1 8333 8334 INV
1 1 8320 8335 INV
2 1 8334 8335 8336 AND
1 1 8336 8337 INV
2 1 8326 8337 8338 AND
2 1 8338 8315 8339 AND
2 1 8320 8339 8340 AND
2 1 8340 8323 8341 XOR
2 1 8340 8322 8342 XOR
2 1 8323 8342 8343 AND
2 1 8322 8343 8344 XOR
2 1 94 105 8345 AND
2 1 90 8345 8346 XOR
1 1 8346 8347 INV
1 1 8347 8348 INV
1 1 106 8349 INV
2 1 8348 8349 8350 AND
2 1 107 108 8351 XOR
2 1 107 108 8352 AND
2 1 8351 8352 8353 XOR
1 1 8353 8354 INV
2 1 109 110 8355 XOR
2 1 109 110 8356 AND
2 1 8355 8356 8357 XOR
1 1 8357 8358 INV
1 1 111 8359 INV
2 1 100 8359 8360 AND
2 1 8345 90 8361 XOR
2 1 8345 90 8362 AND
2 1 8361 8362 8363 XOR
2 1 8363 93 8364 XOR
2 1 8363 93 8365 AND
2 1 8364 8365 8366 XOR
2 1 93 8363 8367 XOR
1 1 8367 8368 INV
2 1 8313 8302 8369 XOR
2 1 7827 7839 8370 XOR
1 1 8370 8371 INV
2 1 8371 7845 8372 XOR
1 1 8372 8373 INV
2 1 8344 8373 8374 AND
2 1 7816 7852 8375 XOR
2 1 8375 7858 8376 XOR
2 1 8374 8376 8377 AND
2 1 7787 7866 8378 XOR
1 1 8378 8379 INV
2 1 8379 7871 8380 XOR
1 1 8380 8381 INV
2 1 8377 8381 8382 AND
2 1 7742 7879 8383 XOR
2 1 8383 7885 8384 XOR
2 1 8382 8384 8385 AND
2 1 7638 7893 8386 XOR
1 1 8386 8387 INV
2 1 8387 7899 8388 XOR
1 1 8388 8389 INV
2 1 8385 8389 8390 AND
2 1 7481 7907 8391 XOR
1 1 8391 8392 INV
2 1 8392 7912 8393 XOR
1 1 8393 8394 INV
2 1 8390 8394 8395 AND
2 1 7144 7919 8396 XOR
1 1 8396 8397 INV
2 1 8397 7948 8398 XOR
1 1 8398 8399 INV
2 1 8395 8399 8400 AND
2 1 7969 7956 8401 XOR
1 1 8401 8402 INV
2 1 8402 6411 8403 XOR
1 1 8403 8404 INV
2 1 8400 8404 8405 AND
2 1 6408 7977 8406 XOR
2 1 8406 7983 8407 XOR
1 1 8407 8408 INV
2 1 8405 8408 8409 AND
2 1 6355 7990 8410 XOR
2 1 8410 7996 8411 XOR
2 1 8409 8411 8412 AND
2 1 6089 8004 8413 XOR
1 1 8413 8414 INV
2 1 8414 8010 8415 XOR
1 1 8415 8416 INV
2 1 8412 8416 8417 AND
2 1 5810 8018 8418 XOR
1 1 8418 8419 INV
2 1 8419 8024 8420 XOR
1 1 8420 8421 INV
2 1 8417 8421 8422 AND
2 1 5607 8031 8423 XOR
1 1 8423 8424 INV
2 1 8424 8061 8425 XOR
1 1 8425 8426 INV
2 1 8422 8426 8427 AND
2 1 8086 8070 8428 XOR
2 1 8428 8074 8429 XOR
1 1 8429 8430 INV
2 1 8427 8430 8431 AND
2 1 5084 8094 8432 XOR
2 1 8432 8100 8433 XOR
1 1 8433 8434 INV
2 1 8431 8434 8435 AND
2 1 5028 8107 8436 XOR
1 1 8436 8437 INV
2 1 8437 8113 8438 XOR
1 1 8438 8439 INV
2 1 8435 8439 8440 AND
2 1 4858 8120 8441 XOR
1 1 8441 8442 INV
2 1 8442 8153 8443 XOR
1 1 8443 8444 INV
2 1 8440 8444 8445 AND
2 1 8172 8161 8446 XOR
1 1 8446 8447 INV
2 1 8447 4563 8448 XOR
1 1 8448 8449 INV
2 1 8445 8449 8450 AND
2 1 4560 8180 8451 XOR
1 1 8451 8452 INV
2 1 8452 8230 8453 XOR
1 1 8453 8454 INV
2 1 8450 8454 8455 AND
2 1 8275 8239 8456 XOR
2 1 8456 8265 8457 XOR
1 1 8457 8458 INV
2 1 8455 8458 8459 AND
2 1 8294 8283 8460 XOR
1 1 8460 8461 INV
2 1 8461 4439 8462 XOR
1 1 8462 8463 INV
2 1 8459 8463 8464 AND
2 1 8369 8464 8465 XOR
2 1 8463 8459 8466 XOR
2 1 8458 8455 8467 XOR
2 1 8454 8450 8468 XOR
2 1 8449 8445 8469 XOR
2 1 8444 8440 8470 XOR
2 1 8439 8435 8471 XOR
2 1 8434 8431 8472 XOR
2 1 8430 8427 8473 XOR
2 1 8426 8422 8474 XOR
2 1 8421 8417 8475 XOR
2 1 8416 8412 8476 XOR
2 1 8411 8409 8477 XOR
2 1 8408 8405 8478 XOR
2 1 8404 8400 8479 XOR
2 1 8399 8395 8480 XOR
2 1 8394 8390 8481 XOR
2 1 8389 8385 8482 XOR
2 1 8384 8382 8483 XOR
2 1 8381 8377 8484 XOR
2 1 8376 8374 8485 XOR
2 1 8373 8344 8486 XOR
2 1 8339 8320 8487 XOR
2 1 106 107 8488 AND
2 1 8488 8347 8489 AND
2 1 108 109 8490 AND
2 1 110 111 8491 AND
2 1 8490 8491 8492 AND
2 1 8489 8492 8493 AND
1 1 8493 8494 INV
1 1 8368 8495 INV
2 1 8494 8495 8496 AND
2 1 8496 8366 8497 AND
2 1 8463 8454 8498 AND
2 1 8338 8498 8499 AND
2 1 8426 8434 8500 AND
2 1 8444 8500 8501 AND
2 1 8499 8501 8502 AND
2 1 8399 8408 8503 AND
2 1 8416 8503 8504 AND
2 1 8381 8320 8505 AND
2 1 8389 8505 8506 AND
2 1 8504 8506 8507 AND
2 1 8502 8507 8508 AND
2 1 8373 8376 8509 AND
2 1 8509 8322 8510 AND
2 1 8404 8384 8511 AND
2 1 8394 8511 8512 AND
2 1 8510 8512 8513 AND
2 1 8430 8411 8514 AND
2 1 8421 8514 8515 AND
2 1 8458 8439 8516 AND
2 1 8449 8516 8517 AND
2 1 8515 8517 8518 AND
2 1 8513 8518 8519 AND
2 1 8508 8519 8520 AND
1 1 8520 8521 INV
1 1 8316 8522 INV
2 1 8521 8522 8523 AND
2 1 8347 106 8524 AND
2 1 107 108 8525 AND
2 1 8524 8525 8526 AND
2 1 109 110 8527 AND
2 1 111 112 8528 AND
2 1 8527 8528 8529 AND
2 1 8526 8529 8530 AND
1 1 8530 8531 INV
1 1 8368 8532 INV
2 1 8531 8532 8533 AND
2 1 8360 8358 8534 AND
2 1 8354 8350 8535 AND
2 1 8534 8535 8536 AND
1 1 8536 8537 INV
2 1 8537 8366 8538 AND
2 1 8533 8538 8539 AND
2 1 8497 8539 8540 XOR
2 1 8523 8540 8541 AND
2 1 8497 8541 8542 XOR
2 1 61 62 8543 AND
2 1 59 60 8544 AND
2 1 8543 8544 8545 AND
2 1 57 58 8546 AND
2 1 55 56 8547 AND
2 1 8546 8547 8548 AND
2 1 8545 8548 8549 AND
1 1 8549 8550 INV
2 1 29 30 8551 AND
2 1 27 28 8552 AND
2 1 8551 8552 8553 AND
2 1 25 26 8554 AND
2 1 23 24 8555 AND
2 1 8554 8555 8556 AND
2 1 8553 8556 8557 AND
1 1 8557 8558 INV
2 1 8550 8558 8559 AND
1 1 8559 8560 INV
2 1 56 55 8561 XOR
2 1 56 55 8562 AND
2 1 8561 8562 8563 XOR
1 1 8563 8564 INV
2 1 58 57 8565 XOR
2 1 58 57 8566 AND
2 1 8565 8566 8567 XOR
1 1 8567 8568 INV
2 1 8564 8568 8569 AND
2 1 60 59 8570 XOR
2 1 60 59 8571 AND
2 1 8570 8571 8572 XOR
1 1 8572 8573 INV
2 1 62 61 8574 XOR
2 1 62 61 8575 AND
2 1 8574 8575 8576 XOR
1 1 8576 8577 INV
2 1 8573 8577 8578 AND
2 1 8569 8578 8579 AND
1 1 8579 8580 INV
2 1 24 23 8581 XOR
2 1 24 23 8582 AND
2 1 8581 8582 8583 XOR
1 1 8583 8584 INV
2 1 26 25 8585 XOR
2 1 26 25 8586 AND
2 1 8585 8586 8587 XOR
1 1 8587 8588 INV
2 1 8584 8588 8589 AND
2 1 28 27 8590 XOR
2 1 28 27 8591 AND
2 1 8590 8591 8592 XOR
1 1 8592 8593 INV
2 1 30 29 8594 XOR
2 1 30 29 8595 AND
2 1 8594 8595 8596 XOR
1 1 8596 8597 INV
2 1 8593 8597 8598 AND
2 1 8589 8598 8599 AND
1 1 8599 8600 INV
2 1 8580 8600 8601 AND
1 1 8601 8602 INV
2 1 8560 8602 8603 XOR
2 1 8560 8602 8604 AND
2 1 8603 8604 8605 XOR
1 1 8605 8606 INV
1 1 8606 8607 INV
1 1 8607 8608 INV
2 1 8542 8608 8609 AND
1 1 8609 8610 INV
2 1 8315 8610 8611 XOR
2 1 8315 8610 8612 AND
2 1 8611 8612 8613 XOR
1 1 8613 8614 INV
2 1 8478 8614 8615 AND
1 1 8615 8616 INV
2 1 8316 8610 8617 XOR
2 1 8316 8610 8618 AND
2 1 8617 8618 8619 XOR
1 1 8619 8620 INV
2 1 8479 8620 8621 AND
1 1 8621 8622 INV
2 1 8616 8622 8623 AND
1 1 8623 8624 INV
2 1 8614 8479 8625 AND
1 1 8625 8626 INV
2 1 8480 8620 8627 AND
1 1 8627 8628 INV
2 1 8626 8628 8629 AND
1 1 8629 8630 INV
2 1 8614 8480 8631 AND
1 1 8631 8632 INV
2 1 8481 8620 8633 AND
1 1 8633 8634 INV
2 1 8632 8634 8635 AND
1 1 8635 8636 INV
2 1 8614 8481 8637 AND
1 1 8637 8638 INV
2 1 8482 8620 8639 AND
1 1 8639 8640 INV
2 1 8638 8640 8641 AND
1 1 8641 8642 INV
2 1 8614 8482 8643 AND
1 1 8643 8644 INV
2 1 8483 8620 8645 AND
1 1 8645 8646 INV
2 1 8644 8646 8647 AND
1 1 8647 8648 INV
2 1 8614 8483 8649 AND
1 1 8649 8650 INV
2 1 8484 8620 8651 AND
1 1 8651 8652 INV
2 1 8650 8652 8653 AND
1 1 8653 8654 INV
2 1 8614 8484 8655 AND
1 1 8655 8656 INV
2 1 8485 8620 8657 AND
1 1 8657 8658 INV
2 1 8656 8658 8659 AND
1 1 8659 8660 INV
2 1 31 63 8661 XOR
2 1 8602 8560 8662 AND
1 1 8662 8663 INV
2 1 8661 8663 8664 AND
2 1 8614 8485 8665 AND
1 1 8665 8666 INV
2 1 8486 8620 8667 AND
1 1 8667 8668 INV
2 1 8666 8668 8669 AND
1 1 8669 8670 INV
1 1 8497 8671 INV
2 1 8606 8671 8672 AND
1 1 8496 8673 INV
2 1 8366 8673 8674 AND
1 1 8674 8675 INV
2 1 8675 8606 8676 AND
1 1 8676 8677 INV
2 1 8672 8677 8678 AND
1 1 8678 8679 INV
1 1 8560 8680 INV
2 1 8679 8680 8681 AND
1 1 8672 8682 INV
2 1 8676 8682 8683 AND
2 1 8683 118 8684 AND
1 1 8684 8685 INV
2 1 8681 8685 8686 AND
2 1 106 8538 8687 AND
1 1 8687 8688 INV
2 1 8607 8368 8689 XOR
2 1 8607 8368 8690 AND
2 1 8689 8690 8691 XOR
1 1 8691 8692 INV
2 1 8688 8692 8693 AND
2 1 107 8538 8694 AND
1 1 8694 8695 INV
2 1 8695 8692 8696 AND
2 1 8693 8696 8697 XOR
2 1 8693 8696 8698 AND
2 1 8697 8698 8699 XOR
1 1 8699 8700 INV
2 1 110 8538 8701 AND
1 1 8701 8702 INV
2 1 8702 8692 8703 AND
2 1 108 8538 8704 AND
1 1 8704 8705 INV
2 1 8705 8692 8706 AND
2 1 8703 8706 8707 XOR
2 1 8703 8706 8708 AND
2 1 8707 8708 8709 XOR
1 1 8709 8710 INV
2 1 8700 8710 8711 AND
2 1 112 8538 8712 AND
1 1 8712 8713 INV
1 1 8692 8714 INV
1 1 8714 8715 INV
2 1 8713 8715 8716 AND
2 1 109 8538 8717 AND
1 1 8717 8718 INV
2 1 8718 8692 8719 AND
2 1 8716 8719 8720 XOR
2 1 8716 8719 8721 AND
2 1 8720 8721 8722 XOR
1 1 8722 8723 INV
2 1 111 8538 8724 AND
1 1 8724 8725 INV
1 1 8714 8726 INV
2 1 8725 8726 8727 AND
2 1 8347 8538 8728 AND
1 1 8728 8729 INV
1 1 8714 8730 INV
2 1 8729 8730 8731 AND
2 1 8727 8731 8732 XOR
2 1 8727 8731 8733 AND
2 1 8732 8733 8734 XOR
1 1 8734 8735 INV
2 1 8723 8735 8736 AND
2 1 8711 8736 8737 AND
1 1 8737 8738 INV
2 1 8523 8738 8739 AND
2 1 8686 8693 8740 XOR
2 1 8739 8740 8741 AND
2 1 8686 8741 8742 XOR
1 1 8742 8743 INV
2 1 8683 120 8744 AND
1 1 8744 8745 INV
2 1 8681 8745 8746 AND
2 1 8746 8696 8747 XOR
2 1 8739 8747 8748 AND
2 1 8746 8748 8749 XOR
1 1 8749 8750 INV
2 1 8614 8465 8751 AND
1 1 8751 8752 INV
2 1 8466 8620 8753 AND
1 1 8753 8754 INV
2 1 8752 8754 8755 AND
1 1 8755 8756 INV
2 1 8614 8466 8757 AND
1 1 8757 8758 INV
2 1 8467 8620 8759 AND
1 1 8759 8760 INV
2 1 8758 8760 8761 AND
1 1 8761 8762 INV
2 1 8614 8467 8763 AND
1 1 8763 8764 INV
2 1 8468 8620 8765 AND
1 1 8765 8766 INV
2 1 8764 8766 8767 AND
1 1 8767 8768 INV
2 1 8614 8486 8769 AND
1 1 8769 8770 INV
2 1 8620 8341 8771 AND
1 1 8771 8772 INV
2 1 8770 8772 8773 AND
1 1 8773 8774 INV
2 1 8614 8468 8775 AND
1 1 8775 8776 INV
2 1 8469 8620 8777 AND
1 1 8777 8778 INV
2 1 8776 8778 8779 AND
1 1 8779 8780 INV
2 1 8614 8469 8781 AND
1 1 8781 8782 INV
2 1 8470 8620 8783 AND
1 1 8783 8784 INV
2 1 8782 8784 8785 AND
1 1 8785 8786 INV
2 1 8614 8470 8787 AND
1 1 8787 8788 INV
2 1 8471 8620 8789 AND
1 1 8789 8790 INV
2 1 8788 8790 8791 AND
1 1 8791 8792 INV
2 1 8614 8471 8793 AND
1 1 8793 8794 INV
2 1 8472 8620 8795 AND
1 1 8795 8796 INV
2 1 8794 8796 8797 AND
1 1 8797 8798 INV
2 1 8614 8472 8799 AND
1 1 8799 8800 INV
2 1 8473 8620 8801 AND
1 1 8801 8802 INV
2 1 8800 8802 8803 AND
1 1 8803 8804 INV
2 1 8614 8473 8805 AND
1 1 8805 8806 INV
2 1 8474 8620 8807 AND
1 1 8807 8808 INV
2 1 8806 8808 8809 AND
1 1 8809 8810 INV
2 1 8614 8474 8811 AND
1 1 8811 8812 INV
2 1 8475 8620 8813 AND
1 1 8813 8814 INV
2 1 8812 8814 8815 AND
1 1 8815 8816 INV
2 1 8614 8475 8817 AND
1 1 8817 8818 INV
2 1 8476 8620 8819 AND
1 1 8819 8820 INV
2 1 8818 8820 8821 AND
1 1 8821 8822 INV
2 1 8614 8476 8823 AND
1 1 8823 8824 INV
2 1 8477 8620 8825 AND
1 1 8825 8826 INV
2 1 8824 8826 8827 AND
1 1 8827 8828 INV
2 1 8614 8477 8829 AND
1 1 8829 8830 INV
2 1 8620 8478 8831 AND
1 1 8831 8832 INV
2 1 8830 8832 8833 AND
1 1 8833 8834 INV
2 1 8614 8341 8835 AND
1 1 8835 8836 INV
2 1 8620 8487 8837 AND
1 1 8837 8838 INV
2 1 8836 8838 8839 AND
1 1 8839 8840 INV
2 1 100 8683 8841 AND
1 1 8841 8842 INV
2 1 8681 8842 8843 AND
2 1 8843 8716 8844 XOR
2 1 8739 8844 8845 AND
2 1 8843 8845 8846 XOR
1 1 8846 8847 INV
2 1 8683 124 8848 AND
1 1 8848 8849 INV
2 1 8681 8849 8850 AND
2 1 8850 8727 8851 XOR
2 1 8739 8851 8852 AND
2 1 8850 8852 8853 XOR
1 1 8853 8854 INV
2 1 8683 123 8855 AND
1 1 8855 8856 INV
2 1 8681 8856 8857 AND
2 1 8857 8703 8858 XOR
2 1 8739 8858 8859 AND
2 1 8857 8859 8860 XOR
1 1 8860 8861 INV
2 1 8683 122 8862 AND
1 1 8862 8863 INV
2 1 8681 8863 8864 AND
2 1 8864 8719 8865 XOR
2 1 8739 8865 8866 AND
2 1 8864 8866 8867 XOR
1 1 8867 8868 INV
2 1 8683 121 8869 AND
1 1 8869 8870 INV
2 1 8681 8870 8871 AND
2 1 8871 8706 8872 XOR
2 1 8739 8872 8873 AND
2 1 8871 8873 8874 XOR
1 1 8874 8875 INV
2 1 8348 119 8876 XOR
1 1 8876 8877 INV
2 1 8877 8683 8878 AND
1 1 8878 8879 INV
2 1 8681 8879 8880 AND
2 1 8880 8731 8881 XOR
2 1 8739 8881 8882 AND
2 1 8880 8882 8883 XOR
1 1 8883 8884 INV
2 1 0 0 8885 XOR
2 1 8885 8840 8886 XOR
2 1 8885 8774 8887 XOR
2 1 8885 8670 8888 XOR
2 1 8885 8660 8889 XOR
2 1 8885 8654 8890 XOR
2 1 8885 8648 8891 XOR
2 1 8885 8642 8892 XOR
2 1 8885 8636 8893 XOR
2 1 8885 8630 8894 XOR
2 1 8885 8624 8895 XOR
2 1 8885 8834 8896 XOR
2 1 8885 8828 8897 XOR
2 1 8885 8822 8898 XOR
2 1 8885 8816 8899 XOR
2 1 8885 8810 8900 XOR
2 1 8885 8804 8901 XOR
2 1 8885 8798 8902 XOR
2 1 8885 8792 8903 XOR
2 1 8885 8786 8904 XOR
2 1 8885 8780 8905 XOR
2 1 8885 8768 8906 XOR
2 1 8885 8762 8907 XOR
2 1 8885 8756 8908 XOR
2 1 8885 8847 8909 XOR
2 1 8885 8854 8910 XOR
2 1 8885 8861 8911 XOR
2 1 8885 8868 8912 XOR
2 1 8885 8875 8913 XOR
2 1 8885 8750 8914 XOR
2 1 8885 8743 8915 XOR
2 1 8885 8884 8916 XOR
2 1 8885 8664 8917 XOR
2 1 0 0 8918 XOR
2 1 8918 8917 8919 XOR
2 1 8918 8916 8920 XOR
2 1 8918 8915 8921 XOR
2 1 8918 8914 8922 XOR
2 1 8918 8913 8923 XOR
2 1 8918 8912 8924 XOR
2 1 8918 8911 8925 XOR
2 1 8918 8910 8926 XOR
2 1 8918 8909 8927 XOR
2 1 8918 8908 8928 XOR
2 1 8918 8907 8929 XOR
2 1 8918 8906 8930 XOR
2 1 8918 8905 8931 XOR
2 1 8918 8904 8932 XOR
2 1 8918 8903 8933 XOR
2 1 8918 8902 8934 XOR
2 1 8918 8901 8935 XOR
2 1 8918 8900 8936 XOR
2 1 8918 8899 8937 XOR
2 1 8918 8898 8938 XOR
2 1 8918 8897 8939 XOR
2 1 8918 8896 8940 XOR
2 1 8918 8895 8941 XOR
2 1 8918 8894 8942 XOR
2 1 8918 8893 8943 XOR
2 1 8918 8892 8944 XOR
2 1 8918 8891 8945 XOR
2 1 8918 8890 8946 XOR
2 1 8918 8889 8947 XOR
2 1 8918 8888 8948 XOR
2 1 8918 8887 8949 XOR
2 1 8918 8886 8950 XOR
