11849 11977
64 64 64
                                                                                                                                                                                   
2 1 0 64 128 AND
2 1 1 64 129 AND
2 1 2 64 130 AND
2 1 3 64 131 AND
2 1 4 64 132 AND
2 1 5 64 133 AND
2 1 6 64 134 AND
2 1 7 64 135 AND
2 1 8 64 136 AND
2 1 9 64 137 AND
2 1 10 64 138 AND
2 1 11 64 139 AND
2 1 12 64 140 AND
2 1 13 64 141 AND
2 1 14 64 142 AND
2 1 15 64 143 AND
2 1 16 64 144 AND
2 1 17 64 145 AND
2 1 18 64 146 AND
2 1 19 64 147 AND
2 1 20 64 148 AND
2 1 21 64 149 AND
2 1 22 64 150 AND
2 1 23 64 151 AND
2 1 24 64 152 AND
2 1 25 64 153 AND
2 1 26 64 154 AND
2 1 27 64 155 AND
2 1 28 64 156 AND
2 1 29 64 157 AND
2 1 30 64 158 AND
2 1 31 64 159 AND
2 1 32 64 160 AND
2 1 33 64 161 AND
2 1 34 64 162 AND
2 1 35 64 163 AND
2 1 36 64 164 AND
2 1 37 64 165 AND
2 1 38 64 166 AND
2 1 39 64 167 AND
2 1 40 64 168 AND
2 1 41 64 169 AND
2 1 42 64 170 AND
2 1 43 64 171 AND
2 1 44 64 172 AND
2 1 45 64 173 AND
2 1 46 64 174 AND
2 1 47 64 175 AND
2 1 48 64 176 AND
2 1 49 64 177 AND
2 1 50 64 178 AND
2 1 51 64 179 AND
2 1 52 64 180 AND
2 1 53 64 181 AND
2 1 54 64 182 AND
2 1 55 64 183 AND
2 1 56 64 184 AND
2 1 57 64 185 AND
2 1 58 64 186 AND
2 1 59 64 187 AND
2 1 60 64 188 AND
2 1 61 64 189 AND
2 1 62 64 190 AND
2 1 63 64 191 AND
2 1 0 65 192 AND
2 1 1 65 193 AND
2 1 2 65 194 AND
2 1 3 65 195 AND
2 1 4 65 196 AND
2 1 5 65 197 AND
2 1 6 65 198 AND
2 1 7 65 199 AND
2 1 8 65 200 AND
2 1 9 65 201 AND
2 1 10 65 202 AND
2 1 11 65 203 AND
2 1 12 65 204 AND
2 1 13 65 205 AND
2 1 14 65 206 AND
2 1 15 65 207 AND
2 1 16 65 208 AND
2 1 17 65 209 AND
2 1 18 65 210 AND
2 1 19 65 211 AND
2 1 20 65 212 AND
2 1 21 65 213 AND
2 1 22 65 214 AND
2 1 23 65 215 AND
2 1 24 65 216 AND
2 1 25 65 217 AND
2 1 26 65 218 AND
2 1 27 65 219 AND
2 1 28 65 220 AND
2 1 29 65 221 AND
2 1 30 65 222 AND
2 1 31 65 223 AND
2 1 32 65 224 AND
2 1 33 65 225 AND
2 1 34 65 226 AND
2 1 35 65 227 AND
2 1 36 65 228 AND
2 1 37 65 229 AND
2 1 38 65 230 AND
2 1 39 65 231 AND
2 1 40 65 232 AND
2 1 41 65 233 AND
2 1 42 65 234 AND
2 1 43 65 235 AND
2 1 44 65 236 AND
2 1 45 65 237 AND
2 1 46 65 238 AND
2 1 47 65 239 AND
2 1 48 65 240 AND
2 1 49 65 241 AND
2 1 50 65 242 AND
2 1 51 65 243 AND
2 1 52 65 244 AND
2 1 53 65 245 AND
2 1 54 65 246 AND
2 1 55 65 247 AND
2 1 56 65 248 AND
2 1 57 65 249 AND
2 1 58 65 250 AND
2 1 59 65 251 AND
2 1 60 65 252 AND
2 1 61 65 253 AND
2 1 62 65 254 AND
2 1 129 192 255 XOR
2 1 129 192 256 AND
2 1 130 256 257 XOR
2 1 193 256 258 XOR
2 1 130 258 259 XOR
2 1 257 258 260 AND
2 1 256 260 261 XOR
2 1 131 261 262 XOR
2 1 194 261 263 XOR
2 1 131 263 264 XOR
2 1 262 263 265 AND
2 1 261 265 266 XOR
2 1 132 266 267 XOR
2 1 195 266 268 XOR
2 1 132 268 269 XOR
2 1 267 268 270 AND
2 1 266 270 271 XOR
2 1 133 271 272 XOR
2 1 196 271 273 XOR
2 1 133 273 274 XOR
2 1 272 273 275 AND
2 1 271 275 276 XOR
2 1 134 276 277 XOR
2 1 197 276 278 XOR
2 1 134 278 279 XOR
2 1 277 278 280 AND
2 1 276 280 281 XOR
2 1 135 281 282 XOR
2 1 198 281 283 XOR
2 1 135 283 284 XOR
2 1 282 283 285 AND
2 1 281 285 286 XOR
2 1 136 286 287 XOR
2 1 199 286 288 XOR
2 1 136 288 289 XOR
2 1 287 288 290 AND
2 1 286 290 291 XOR
2 1 137 291 292 XOR
2 1 200 291 293 XOR
2 1 137 293 294 XOR
2 1 292 293 295 AND
2 1 291 295 296 XOR
2 1 138 296 297 XOR
2 1 201 296 298 XOR
2 1 138 298 299 XOR
2 1 297 298 300 AND
2 1 296 300 301 XOR
2 1 139 301 302 XOR
2 1 202 301 303 XOR
2 1 139 303 304 XOR
2 1 302 303 305 AND
2 1 301 305 306 XOR
2 1 140 306 307 XOR
2 1 203 306 308 XOR
2 1 140 308 309 XOR
2 1 307 308 310 AND
2 1 306 310 311 XOR
2 1 141 311 312 XOR
2 1 204 311 313 XOR
2 1 141 313 314 XOR
2 1 312 313 315 AND
2 1 311 315 316 XOR
2 1 142 316 317 XOR
2 1 205 316 318 XOR
2 1 142 318 319 XOR
2 1 317 318 320 AND
2 1 316 320 321 XOR
2 1 143 321 322 XOR
2 1 206 321 323 XOR
2 1 143 323 324 XOR
2 1 322 323 325 AND
2 1 321 325 326 XOR
2 1 144 326 327 XOR
2 1 207 326 328 XOR
2 1 144 328 329 XOR
2 1 327 328 330 AND
2 1 326 330 331 XOR
2 1 145 331 332 XOR
2 1 208 331 333 XOR
2 1 145 333 334 XOR
2 1 332 333 335 AND
2 1 331 335 336 XOR
2 1 146 336 337 XOR
2 1 209 336 338 XOR
2 1 146 338 339 XOR
2 1 337 338 340 AND
2 1 336 340 341 XOR
2 1 147 341 342 XOR
2 1 210 341 343 XOR
2 1 147 343 344 XOR
2 1 342 343 345 AND
2 1 341 345 346 XOR
2 1 148 346 347 XOR
2 1 211 346 348 XOR
2 1 148 348 349 XOR
2 1 347 348 350 AND
2 1 346 350 351 XOR
2 1 149 351 352 XOR
2 1 212 351 353 XOR
2 1 149 353 354 XOR
2 1 352 353 355 AND
2 1 351 355 356 XOR
2 1 150 356 357 XOR
2 1 213 356 358 XOR
2 1 150 358 359 XOR
2 1 357 358 360 AND
2 1 356 360 361 XOR
2 1 151 361 362 XOR
2 1 214 361 363 XOR
2 1 151 363 364 XOR
2 1 362 363 365 AND
2 1 361 365 366 XOR
2 1 152 366 367 XOR
2 1 215 366 368 XOR
2 1 152 368 369 XOR
2 1 367 368 370 AND
2 1 366 370 371 XOR
2 1 153 371 372 XOR
2 1 216 371 373 XOR
2 1 153 373 374 XOR
2 1 372 373 375 AND
2 1 371 375 376 XOR
2 1 154 376 377 XOR
2 1 217 376 378 XOR
2 1 154 378 379 XOR
2 1 377 378 380 AND
2 1 376 380 381 XOR
2 1 155 381 382 XOR
2 1 218 381 383 XOR
2 1 155 383 384 XOR
2 1 382 383 385 AND
2 1 381 385 386 XOR
2 1 156 386 387 XOR
2 1 219 386 388 XOR
2 1 156 388 389 XOR
2 1 387 388 390 AND
2 1 386 390 391 XOR
2 1 157 391 392 XOR
2 1 220 391 393 XOR
2 1 157 393 394 XOR
2 1 392 393 395 AND
2 1 391 395 396 XOR
2 1 158 396 397 XOR
2 1 221 396 398 XOR
2 1 158 398 399 XOR
2 1 397 398 400 AND
2 1 396 400 401 XOR
2 1 159 401 402 XOR
2 1 222 401 403 XOR
2 1 159 403 404 XOR
2 1 402 403 405 AND
2 1 401 405 406 XOR
2 1 160 406 407 XOR
2 1 223 406 408 XOR
2 1 160 408 409 XOR
2 1 407 408 410 AND
2 1 406 410 411 XOR
2 1 161 411 412 XOR
2 1 224 411 413 XOR
2 1 161 413 414 XOR
2 1 412 413 415 AND
2 1 411 415 416 XOR
2 1 162 416 417 XOR
2 1 225 416 418 XOR
2 1 162 418 419 XOR
2 1 417 418 420 AND
2 1 416 420 421 XOR
2 1 163 421 422 XOR
2 1 226 421 423 XOR
2 1 163 423 424 XOR
2 1 422 423 425 AND
2 1 421 425 426 XOR
2 1 164 426 427 XOR
2 1 227 426 428 XOR
2 1 164 428 429 XOR
2 1 427 428 430 AND
2 1 426 430 431 XOR
2 1 165 431 432 XOR
2 1 228 431 433 XOR
2 1 165 433 434 XOR
2 1 432 433 435 AND
2 1 431 435 436 XOR
2 1 166 436 437 XOR
2 1 229 436 438 XOR
2 1 166 438 439 XOR
2 1 437 438 440 AND
2 1 436 440 441 XOR
2 1 167 441 442 XOR
2 1 230 441 443 XOR
2 1 167 443 444 XOR
2 1 442 443 445 AND
2 1 441 445 446 XOR
2 1 168 446 447 XOR
2 1 231 446 448 XOR
2 1 168 448 449 XOR
2 1 447 448 450 AND
2 1 446 450 451 XOR
2 1 169 451 452 XOR
2 1 232 451 453 XOR
2 1 169 453 454 XOR
2 1 452 453 455 AND
2 1 451 455 456 XOR
2 1 170 456 457 XOR
2 1 233 456 458 XOR
2 1 170 458 459 XOR
2 1 457 458 460 AND
2 1 456 460 461 XOR
2 1 171 461 462 XOR
2 1 234 461 463 XOR
2 1 171 463 464 XOR
2 1 462 463 465 AND
2 1 461 465 466 XOR
2 1 172 466 467 XOR
2 1 235 466 468 XOR
2 1 172 468 469 XOR
2 1 467 468 470 AND
2 1 466 470 471 XOR
2 1 173 471 472 XOR
2 1 236 471 473 XOR
2 1 173 473 474 XOR
2 1 472 473 475 AND
2 1 471 475 476 XOR
2 1 174 476 477 XOR
2 1 237 476 478 XOR
2 1 174 478 479 XOR
2 1 477 478 480 AND
2 1 476 480 481 XOR
2 1 175 481 482 XOR
2 1 238 481 483 XOR
2 1 175 483 484 XOR
2 1 482 483 485 AND
2 1 481 485 486 XOR
2 1 176 486 487 XOR
2 1 239 486 488 XOR
2 1 176 488 489 XOR
2 1 487 488 490 AND
2 1 486 490 491 XOR
2 1 177 491 492 XOR
2 1 240 491 493 XOR
2 1 177 493 494 XOR
2 1 492 493 495 AND
2 1 491 495 496 XOR
2 1 178 496 497 XOR
2 1 241 496 498 XOR
2 1 178 498 499 XOR
2 1 497 498 500 AND
2 1 496 500 501 XOR
2 1 179 501 502 XOR
2 1 242 501 503 XOR
2 1 179 503 504 XOR
2 1 502 503 505 AND
2 1 501 505 506 XOR
2 1 180 506 507 XOR
2 1 243 506 508 XOR
2 1 180 508 509 XOR
2 1 507 508 510 AND
2 1 506 510 511 XOR
2 1 181 511 512 XOR
2 1 244 511 513 XOR
2 1 181 513 514 XOR
2 1 512 513 515 AND
2 1 511 515 516 XOR
2 1 182 516 517 XOR
2 1 245 516 518 XOR
2 1 182 518 519 XOR
2 1 517 518 520 AND
2 1 516 520 521 XOR
2 1 183 521 522 XOR
2 1 246 521 523 XOR
2 1 183 523 524 XOR
2 1 522 523 525 AND
2 1 521 525 526 XOR
2 1 184 526 527 XOR
2 1 247 526 528 XOR
2 1 184 528 529 XOR
2 1 527 528 530 AND
2 1 526 530 531 XOR
2 1 185 531 532 XOR
2 1 248 531 533 XOR
2 1 185 533 534 XOR
2 1 532 533 535 AND
2 1 531 535 536 XOR
2 1 186 536 537 XOR
2 1 249 536 538 XOR
2 1 186 538 539 XOR
2 1 537 538 540 AND
2 1 536 540 541 XOR
2 1 187 541 542 XOR
2 1 250 541 543 XOR
2 1 187 543 544 XOR
2 1 542 543 545 AND
2 1 541 545 546 XOR
2 1 188 546 547 XOR
2 1 251 546 548 XOR
2 1 188 548 549 XOR
2 1 547 548 550 AND
2 1 546 550 551 XOR
2 1 189 551 552 XOR
2 1 252 551 553 XOR
2 1 189 553 554 XOR
2 1 552 553 555 AND
2 1 551 555 556 XOR
2 1 190 556 557 XOR
2 1 253 556 558 XOR
2 1 190 558 559 XOR
2 1 557 558 560 AND
2 1 556 560 561 XOR
2 1 561 254 562 XOR
2 1 562 191 563 XOR
2 1 0 66 564 AND
2 1 1 66 565 AND
2 1 2 66 566 AND
2 1 3 66 567 AND
2 1 4 66 568 AND
2 1 5 66 569 AND
2 1 6 66 570 AND
2 1 7 66 571 AND
2 1 8 66 572 AND
2 1 9 66 573 AND
2 1 10 66 574 AND
2 1 11 66 575 AND
2 1 12 66 576 AND
2 1 13 66 577 AND
2 1 14 66 578 AND
2 1 15 66 579 AND
2 1 16 66 580 AND
2 1 17 66 581 AND
2 1 18 66 582 AND
2 1 19 66 583 AND
2 1 20 66 584 AND
2 1 21 66 585 AND
2 1 22 66 586 AND
2 1 23 66 587 AND
2 1 24 66 588 AND
2 1 25 66 589 AND
2 1 26 66 590 AND
2 1 27 66 591 AND
2 1 28 66 592 AND
2 1 29 66 593 AND
2 1 30 66 594 AND
2 1 31 66 595 AND
2 1 32 66 596 AND
2 1 33 66 597 AND
2 1 34 66 598 AND
2 1 35 66 599 AND
2 1 36 66 600 AND
2 1 37 66 601 AND
2 1 38 66 602 AND
2 1 39 66 603 AND
2 1 40 66 604 AND
2 1 41 66 605 AND
2 1 42 66 606 AND
2 1 43 66 607 AND
2 1 44 66 608 AND
2 1 45 66 609 AND
2 1 46 66 610 AND
2 1 47 66 611 AND
2 1 48 66 612 AND
2 1 49 66 613 AND
2 1 50 66 614 AND
2 1 51 66 615 AND
2 1 52 66 616 AND
2 1 53 66 617 AND
2 1 54 66 618 AND
2 1 55 66 619 AND
2 1 56 66 620 AND
2 1 57 66 621 AND
2 1 58 66 622 AND
2 1 59 66 623 AND
2 1 60 66 624 AND
2 1 61 66 625 AND
2 1 259 564 626 XOR
2 1 259 564 627 AND
2 1 264 627 628 XOR
2 1 565 627 629 XOR
2 1 264 629 630 XOR
2 1 628 629 631 AND
2 1 627 631 632 XOR
2 1 269 632 633 XOR
2 1 566 632 634 XOR
2 1 269 634 635 XOR
2 1 633 634 636 AND
2 1 632 636 637 XOR
2 1 274 637 638 XOR
2 1 567 637 639 XOR
2 1 274 639 640 XOR
2 1 638 639 641 AND
2 1 637 641 642 XOR
2 1 279 642 643 XOR
2 1 568 642 644 XOR
2 1 279 644 645 XOR
2 1 643 644 646 AND
2 1 642 646 647 XOR
2 1 284 647 648 XOR
2 1 569 647 649 XOR
2 1 284 649 650 XOR
2 1 648 649 651 AND
2 1 647 651 652 XOR
2 1 289 652 653 XOR
2 1 570 652 654 XOR
2 1 289 654 655 XOR
2 1 653 654 656 AND
2 1 652 656 657 XOR
2 1 294 657 658 XOR
2 1 571 657 659 XOR
2 1 294 659 660 XOR
2 1 658 659 661 AND
2 1 657 661 662 XOR
2 1 299 662 663 XOR
2 1 572 662 664 XOR
2 1 299 664 665 XOR
2 1 663 664 666 AND
2 1 662 666 667 XOR
2 1 304 667 668 XOR
2 1 573 667 669 XOR
2 1 304 669 670 XOR
2 1 668 669 671 AND
2 1 667 671 672 XOR
2 1 309 672 673 XOR
2 1 574 672 674 XOR
2 1 309 674 675 XOR
2 1 673 674 676 AND
2 1 672 676 677 XOR
2 1 314 677 678 XOR
2 1 575 677 679 XOR
2 1 314 679 680 XOR
2 1 678 679 681 AND
2 1 677 681 682 XOR
2 1 319 682 683 XOR
2 1 576 682 684 XOR
2 1 319 684 685 XOR
2 1 683 684 686 AND
2 1 682 686 687 XOR
2 1 324 687 688 XOR
2 1 577 687 689 XOR
2 1 324 689 690 XOR
2 1 688 689 691 AND
2 1 687 691 692 XOR
2 1 329 692 693 XOR
2 1 578 692 694 XOR
2 1 329 694 695 XOR
2 1 693 694 696 AND
2 1 692 696 697 XOR
2 1 334 697 698 XOR
2 1 579 697 699 XOR
2 1 334 699 700 XOR
2 1 698 699 701 AND
2 1 697 701 702 XOR
2 1 339 702 703 XOR
2 1 580 702 704 XOR
2 1 339 704 705 XOR
2 1 703 704 706 AND
2 1 702 706 707 XOR
2 1 344 707 708 XOR
2 1 581 707 709 XOR
2 1 344 709 710 XOR
2 1 708 709 711 AND
2 1 707 711 712 XOR
2 1 349 712 713 XOR
2 1 582 712 714 XOR
2 1 349 714 715 XOR
2 1 713 714 716 AND
2 1 712 716 717 XOR
2 1 354 717 718 XOR
2 1 583 717 719 XOR
2 1 354 719 720 XOR
2 1 718 719 721 AND
2 1 717 721 722 XOR
2 1 359 722 723 XOR
2 1 584 722 724 XOR
2 1 359 724 725 XOR
2 1 723 724 726 AND
2 1 722 726 727 XOR
2 1 364 727 728 XOR
2 1 585 727 729 XOR
2 1 364 729 730 XOR
2 1 728 729 731 AND
2 1 727 731 732 XOR
2 1 369 732 733 XOR
2 1 586 732 734 XOR
2 1 369 734 735 XOR
2 1 733 734 736 AND
2 1 732 736 737 XOR
2 1 374 737 738 XOR
2 1 587 737 739 XOR
2 1 374 739 740 XOR
2 1 738 739 741 AND
2 1 737 741 742 XOR
2 1 379 742 743 XOR
2 1 588 742 744 XOR
2 1 379 744 745 XOR
2 1 743 744 746 AND
2 1 742 746 747 XOR
2 1 384 747 748 XOR
2 1 589 747 749 XOR
2 1 384 749 750 XOR
2 1 748 749 751 AND
2 1 747 751 752 XOR
2 1 389 752 753 XOR
2 1 590 752 754 XOR
2 1 389 754 755 XOR
2 1 753 754 756 AND
2 1 752 756 757 XOR
2 1 394 757 758 XOR
2 1 591 757 759 XOR
2 1 394 759 760 XOR
2 1 758 759 761 AND
2 1 757 761 762 XOR
2 1 399 762 763 XOR
2 1 592 762 764 XOR
2 1 399 764 765 XOR
2 1 763 764 766 AND
2 1 762 766 767 XOR
2 1 404 767 768 XOR
2 1 593 767 769 XOR
2 1 404 769 770 XOR
2 1 768 769 771 AND
2 1 767 771 772 XOR
2 1 409 772 773 XOR
2 1 594 772 774 XOR
2 1 409 774 775 XOR
2 1 773 774 776 AND
2 1 772 776 777 XOR
2 1 414 777 778 XOR
2 1 595 777 779 XOR
2 1 414 779 780 XOR
2 1 778 779 781 AND
2 1 777 781 782 XOR
2 1 419 782 783 XOR
2 1 596 782 784 XOR
2 1 419 784 785 XOR
2 1 783 784 786 AND
2 1 782 786 787 XOR
2 1 424 787 788 XOR
2 1 597 787 789 XOR
2 1 424 789 790 XOR
2 1 788 789 791 AND
2 1 787 791 792 XOR
2 1 429 792 793 XOR
2 1 598 792 794 XOR
2 1 429 794 795 XOR
2 1 793 794 796 AND
2 1 792 796 797 XOR
2 1 434 797 798 XOR
2 1 599 797 799 XOR
2 1 434 799 800 XOR
2 1 798 799 801 AND
2 1 797 801 802 XOR
2 1 439 802 803 XOR
2 1 600 802 804 XOR
2 1 439 804 805 XOR
2 1 803 804 806 AND
2 1 802 806 807 XOR
2 1 444 807 808 XOR
2 1 601 807 809 XOR
2 1 444 809 810 XOR
2 1 808 809 811 AND
2 1 807 811 812 XOR
2 1 449 812 813 XOR
2 1 602 812 814 XOR
2 1 449 814 815 XOR
2 1 813 814 816 AND
2 1 812 816 817 XOR
2 1 454 817 818 XOR
2 1 603 817 819 XOR
2 1 454 819 820 XOR
2 1 818 819 821 AND
2 1 817 821 822 XOR
2 1 459 822 823 XOR
2 1 604 822 824 XOR
2 1 459 824 825 XOR
2 1 823 824 826 AND
2 1 822 826 827 XOR
2 1 464 827 828 XOR
2 1 605 827 829 XOR
2 1 464 829 830 XOR
2 1 828 829 831 AND
2 1 827 831 832 XOR
2 1 469 832 833 XOR
2 1 606 832 834 XOR
2 1 469 834 835 XOR
2 1 833 834 836 AND
2 1 832 836 837 XOR
2 1 474 837 838 XOR
2 1 607 837 839 XOR
2 1 474 839 840 XOR
2 1 838 839 841 AND
2 1 837 841 842 XOR
2 1 479 842 843 XOR
2 1 608 842 844 XOR
2 1 479 844 845 XOR
2 1 843 844 846 AND
2 1 842 846 847 XOR
2 1 484 847 848 XOR
2 1 609 847 849 XOR
2 1 484 849 850 XOR
2 1 848 849 851 AND
2 1 847 851 852 XOR
2 1 489 852 853 XOR
2 1 610 852 854 XOR
2 1 489 854 855 XOR
2 1 853 854 856 AND
2 1 852 856 857 XOR
2 1 494 857 858 XOR
2 1 611 857 859 XOR
2 1 494 859 860 XOR
2 1 858 859 861 AND
2 1 857 861 862 XOR
2 1 499 862 863 XOR
2 1 612 862 864 XOR
2 1 499 864 865 XOR
2 1 863 864 866 AND
2 1 862 866 867 XOR
2 1 504 867 868 XOR
2 1 613 867 869 XOR
2 1 504 869 870 XOR
2 1 868 869 871 AND
2 1 867 871 872 XOR
2 1 509 872 873 XOR
2 1 614 872 874 XOR
2 1 509 874 875 XOR
2 1 873 874 876 AND
2 1 872 876 877 XOR
2 1 514 877 878 XOR
2 1 615 877 879 XOR
2 1 514 879 880 XOR
2 1 878 879 881 AND
2 1 877 881 882 XOR
2 1 519 882 883 XOR
2 1 616 882 884 XOR
2 1 519 884 885 XOR
2 1 883 884 886 AND
2 1 882 886 887 XOR
2 1 524 887 888 XOR
2 1 617 887 889 XOR
2 1 524 889 890 XOR
2 1 888 889 891 AND
2 1 887 891 892 XOR
2 1 529 892 893 XOR
2 1 618 892 894 XOR
2 1 529 894 895 XOR
2 1 893 894 896 AND
2 1 892 896 897 XOR
2 1 534 897 898 XOR
2 1 619 897 899 XOR
2 1 534 899 900 XOR
2 1 898 899 901 AND
2 1 897 901 902 XOR
2 1 539 902 903 XOR
2 1 620 902 904 XOR
2 1 539 904 905 XOR
2 1 903 904 906 AND
2 1 902 906 907 XOR
2 1 544 907 908 XOR
2 1 621 907 909 XOR
2 1 544 909 910 XOR
2 1 908 909 911 AND
2 1 907 911 912 XOR
2 1 549 912 913 XOR
2 1 622 912 914 XOR
2 1 549 914 915 XOR
2 1 913 914 916 AND
2 1 912 916 917 XOR
2 1 554 917 918 XOR
2 1 623 917 919 XOR
2 1 554 919 920 XOR
2 1 918 919 921 AND
2 1 917 921 922 XOR
2 1 559 922 923 XOR
2 1 624 922 924 XOR
2 1 559 924 925 XOR
2 1 923 924 926 AND
2 1 922 926 927 XOR
2 1 927 625 928 XOR
2 1 928 563 929 XOR
2 1 0 67 930 AND
2 1 1 67 931 AND
2 1 2 67 932 AND
2 1 3 67 933 AND
2 1 4 67 934 AND
2 1 5 67 935 AND
2 1 6 67 936 AND
2 1 7 67 937 AND
2 1 8 67 938 AND
2 1 9 67 939 AND
2 1 10 67 940 AND
2 1 11 67 941 AND
2 1 12 67 942 AND
2 1 13 67 943 AND
2 1 14 67 944 AND
2 1 15 67 945 AND
2 1 16 67 946 AND
2 1 17 67 947 AND
2 1 18 67 948 AND
2 1 19 67 949 AND
2 1 20 67 950 AND
2 1 21 67 951 AND
2 1 22 67 952 AND
2 1 23 67 953 AND
2 1 24 67 954 AND
2 1 25 67 955 AND
2 1 26 67 956 AND
2 1 27 67 957 AND
2 1 28 67 958 AND
2 1 29 67 959 AND
2 1 30 67 960 AND
2 1 31 67 961 AND
2 1 32 67 962 AND
2 1 33 67 963 AND
2 1 34 67 964 AND
2 1 35 67 965 AND
2 1 36 67 966 AND
2 1 37 67 967 AND
2 1 38 67 968 AND
2 1 39 67 969 AND
2 1 40 67 970 AND
2 1 41 67 971 AND
2 1 42 67 972 AND
2 1 43 67 973 AND
2 1 44 67 974 AND
2 1 45 67 975 AND
2 1 46 67 976 AND
2 1 47 67 977 AND
2 1 48 67 978 AND
2 1 49 67 979 AND
2 1 50 67 980 AND
2 1 51 67 981 AND
2 1 52 67 982 AND
2 1 53 67 983 AND
2 1 54 67 984 AND
2 1 55 67 985 AND
2 1 56 67 986 AND
2 1 57 67 987 AND
2 1 58 67 988 AND
2 1 59 67 989 AND
2 1 60 67 990 AND
2 1 630 930 991 XOR
2 1 630 930 992 AND
2 1 635 992 993 XOR
2 1 931 992 994 XOR
2 1 635 994 995 XOR
2 1 993 994 996 AND
2 1 992 996 997 XOR
2 1 640 997 998 XOR
2 1 932 997 999 XOR
2 1 640 999 1000 XOR
2 1 998 999 1001 AND
2 1 997 1001 1002 XOR
2 1 645 1002 1003 XOR
2 1 933 1002 1004 XOR
2 1 645 1004 1005 XOR
2 1 1003 1004 1006 AND
2 1 1002 1006 1007 XOR
2 1 650 1007 1008 XOR
2 1 934 1007 1009 XOR
2 1 650 1009 1010 XOR
2 1 1008 1009 1011 AND
2 1 1007 1011 1012 XOR
2 1 655 1012 1013 XOR
2 1 935 1012 1014 XOR
2 1 655 1014 1015 XOR
2 1 1013 1014 1016 AND
2 1 1012 1016 1017 XOR
2 1 660 1017 1018 XOR
2 1 936 1017 1019 XOR
2 1 660 1019 1020 XOR
2 1 1018 1019 1021 AND
2 1 1017 1021 1022 XOR
2 1 665 1022 1023 XOR
2 1 937 1022 1024 XOR
2 1 665 1024 1025 XOR
2 1 1023 1024 1026 AND
2 1 1022 1026 1027 XOR
2 1 670 1027 1028 XOR
2 1 938 1027 1029 XOR
2 1 670 1029 1030 XOR
2 1 1028 1029 1031 AND
2 1 1027 1031 1032 XOR
2 1 675 1032 1033 XOR
2 1 939 1032 1034 XOR
2 1 675 1034 1035 XOR
2 1 1033 1034 1036 AND
2 1 1032 1036 1037 XOR
2 1 680 1037 1038 XOR
2 1 940 1037 1039 XOR
2 1 680 1039 1040 XOR
2 1 1038 1039 1041 AND
2 1 1037 1041 1042 XOR
2 1 685 1042 1043 XOR
2 1 941 1042 1044 XOR
2 1 685 1044 1045 XOR
2 1 1043 1044 1046 AND
2 1 1042 1046 1047 XOR
2 1 690 1047 1048 XOR
2 1 942 1047 1049 XOR
2 1 690 1049 1050 XOR
2 1 1048 1049 1051 AND
2 1 1047 1051 1052 XOR
2 1 695 1052 1053 XOR
2 1 943 1052 1054 XOR
2 1 695 1054 1055 XOR
2 1 1053 1054 1056 AND
2 1 1052 1056 1057 XOR
2 1 700 1057 1058 XOR
2 1 944 1057 1059 XOR
2 1 700 1059 1060 XOR
2 1 1058 1059 1061 AND
2 1 1057 1061 1062 XOR
2 1 705 1062 1063 XOR
2 1 945 1062 1064 XOR
2 1 705 1064 1065 XOR
2 1 1063 1064 1066 AND
2 1 1062 1066 1067 XOR
2 1 710 1067 1068 XOR
2 1 946 1067 1069 XOR
2 1 710 1069 1070 XOR
2 1 1068 1069 1071 AND
2 1 1067 1071 1072 XOR
2 1 715 1072 1073 XOR
2 1 947 1072 1074 XOR
2 1 715 1074 1075 XOR
2 1 1073 1074 1076 AND
2 1 1072 1076 1077 XOR
2 1 720 1077 1078 XOR
2 1 948 1077 1079 XOR
2 1 720 1079 1080 XOR
2 1 1078 1079 1081 AND
2 1 1077 1081 1082 XOR
2 1 725 1082 1083 XOR
2 1 949 1082 1084 XOR
2 1 725 1084 1085 XOR
2 1 1083 1084 1086 AND
2 1 1082 1086 1087 XOR
2 1 730 1087 1088 XOR
2 1 950 1087 1089 XOR
2 1 730 1089 1090 XOR
2 1 1088 1089 1091 AND
2 1 1087 1091 1092 XOR
2 1 735 1092 1093 XOR
2 1 951 1092 1094 XOR
2 1 735 1094 1095 XOR
2 1 1093 1094 1096 AND
2 1 1092 1096 1097 XOR
2 1 740 1097 1098 XOR
2 1 952 1097 1099 XOR
2 1 740 1099 1100 XOR
2 1 1098 1099 1101 AND
2 1 1097 1101 1102 XOR
2 1 745 1102 1103 XOR
2 1 953 1102 1104 XOR
2 1 745 1104 1105 XOR
2 1 1103 1104 1106 AND
2 1 1102 1106 1107 XOR
2 1 750 1107 1108 XOR
2 1 954 1107 1109 XOR
2 1 750 1109 1110 XOR
2 1 1108 1109 1111 AND
2 1 1107 1111 1112 XOR
2 1 755 1112 1113 XOR
2 1 955 1112 1114 XOR
2 1 755 1114 1115 XOR
2 1 1113 1114 1116 AND
2 1 1112 1116 1117 XOR
2 1 760 1117 1118 XOR
2 1 956 1117 1119 XOR
2 1 760 1119 1120 XOR
2 1 1118 1119 1121 AND
2 1 1117 1121 1122 XOR
2 1 765 1122 1123 XOR
2 1 957 1122 1124 XOR
2 1 765 1124 1125 XOR
2 1 1123 1124 1126 AND
2 1 1122 1126 1127 XOR
2 1 770 1127 1128 XOR
2 1 958 1127 1129 XOR
2 1 770 1129 1130 XOR
2 1 1128 1129 1131 AND
2 1 1127 1131 1132 XOR
2 1 775 1132 1133 XOR
2 1 959 1132 1134 XOR
2 1 775 1134 1135 XOR
2 1 1133 1134 1136 AND
2 1 1132 1136 1137 XOR
2 1 780 1137 1138 XOR
2 1 960 1137 1139 XOR
2 1 780 1139 1140 XOR
2 1 1138 1139 1141 AND
2 1 1137 1141 1142 XOR
2 1 785 1142 1143 XOR
2 1 961 1142 1144 XOR
2 1 785 1144 1145 XOR
2 1 1143 1144 1146 AND
2 1 1142 1146 1147 XOR
2 1 790 1147 1148 XOR
2 1 962 1147 1149 XOR
2 1 790 1149 1150 XOR
2 1 1148 1149 1151 AND
2 1 1147 1151 1152 XOR
2 1 795 1152 1153 XOR
2 1 963 1152 1154 XOR
2 1 795 1154 1155 XOR
2 1 1153 1154 1156 AND
2 1 1152 1156 1157 XOR
2 1 800 1157 1158 XOR
2 1 964 1157 1159 XOR
2 1 800 1159 1160 XOR
2 1 1158 1159 1161 AND
2 1 1157 1161 1162 XOR
2 1 805 1162 1163 XOR
2 1 965 1162 1164 XOR
2 1 805 1164 1165 XOR
2 1 1163 1164 1166 AND
2 1 1162 1166 1167 XOR
2 1 810 1167 1168 XOR
2 1 966 1167 1169 XOR
2 1 810 1169 1170 XOR
2 1 1168 1169 1171 AND
2 1 1167 1171 1172 XOR
2 1 815 1172 1173 XOR
2 1 967 1172 1174 XOR
2 1 815 1174 1175 XOR
2 1 1173 1174 1176 AND
2 1 1172 1176 1177 XOR
2 1 820 1177 1178 XOR
2 1 968 1177 1179 XOR
2 1 820 1179 1180 XOR
2 1 1178 1179 1181 AND
2 1 1177 1181 1182 XOR
2 1 825 1182 1183 XOR
2 1 969 1182 1184 XOR
2 1 825 1184 1185 XOR
2 1 1183 1184 1186 AND
2 1 1182 1186 1187 XOR
2 1 830 1187 1188 XOR
2 1 970 1187 1189 XOR
2 1 830 1189 1190 XOR
2 1 1188 1189 1191 AND
2 1 1187 1191 1192 XOR
2 1 835 1192 1193 XOR
2 1 971 1192 1194 XOR
2 1 835 1194 1195 XOR
2 1 1193 1194 1196 AND
2 1 1192 1196 1197 XOR
2 1 840 1197 1198 XOR
2 1 972 1197 1199 XOR
2 1 840 1199 1200 XOR
2 1 1198 1199 1201 AND
2 1 1197 1201 1202 XOR
2 1 845 1202 1203 XOR
2 1 973 1202 1204 XOR
2 1 845 1204 1205 XOR
2 1 1203 1204 1206 AND
2 1 1202 1206 1207 XOR
2 1 850 1207 1208 XOR
2 1 974 1207 1209 XOR
2 1 850 1209 1210 XOR
2 1 1208 1209 1211 AND
2 1 1207 1211 1212 XOR
2 1 855 1212 1213 XOR
2 1 975 1212 1214 XOR
2 1 855 1214 1215 XOR
2 1 1213 1214 1216 AND
2 1 1212 1216 1217 XOR
2 1 860 1217 1218 XOR
2 1 976 1217 1219 XOR
2 1 860 1219 1220 XOR
2 1 1218 1219 1221 AND
2 1 1217 1221 1222 XOR
2 1 865 1222 1223 XOR
2 1 977 1222 1224 XOR
2 1 865 1224 1225 XOR
2 1 1223 1224 1226 AND
2 1 1222 1226 1227 XOR
2 1 870 1227 1228 XOR
2 1 978 1227 1229 XOR
2 1 870 1229 1230 XOR
2 1 1228 1229 1231 AND
2 1 1227 1231 1232 XOR
2 1 875 1232 1233 XOR
2 1 979 1232 1234 XOR
2 1 875 1234 1235 XOR
2 1 1233 1234 1236 AND
2 1 1232 1236 1237 XOR
2 1 880 1237 1238 XOR
2 1 980 1237 1239 XOR
2 1 880 1239 1240 XOR
2 1 1238 1239 1241 AND
2 1 1237 1241 1242 XOR
2 1 885 1242 1243 XOR
2 1 981 1242 1244 XOR
2 1 885 1244 1245 XOR
2 1 1243 1244 1246 AND
2 1 1242 1246 1247 XOR
2 1 890 1247 1248 XOR
2 1 982 1247 1249 XOR
2 1 890 1249 1250 XOR
2 1 1248 1249 1251 AND
2 1 1247 1251 1252 XOR
2 1 895 1252 1253 XOR
2 1 983 1252 1254 XOR
2 1 895 1254 1255 XOR
2 1 1253 1254 1256 AND
2 1 1252 1256 1257 XOR
2 1 900 1257 1258 XOR
2 1 984 1257 1259 XOR
2 1 900 1259 1260 XOR
2 1 1258 1259 1261 AND
2 1 1257 1261 1262 XOR
2 1 905 1262 1263 XOR
2 1 985 1262 1264 XOR
2 1 905 1264 1265 XOR
2 1 1263 1264 1266 AND
2 1 1262 1266 1267 XOR
2 1 910 1267 1268 XOR
2 1 986 1267 1269 XOR
2 1 910 1269 1270 XOR
2 1 1268 1269 1271 AND
2 1 1267 1271 1272 XOR
2 1 915 1272 1273 XOR
2 1 987 1272 1274 XOR
2 1 915 1274 1275 XOR
2 1 1273 1274 1276 AND
2 1 1272 1276 1277 XOR
2 1 920 1277 1278 XOR
2 1 988 1277 1279 XOR
2 1 920 1279 1280 XOR
2 1 1278 1279 1281 AND
2 1 1277 1281 1282 XOR
2 1 925 1282 1283 XOR
2 1 989 1282 1284 XOR
2 1 925 1284 1285 XOR
2 1 1283 1284 1286 AND
2 1 1282 1286 1287 XOR
2 1 1287 990 1288 XOR
2 1 1288 929 1289 XOR
2 1 0 68 1290 AND
2 1 1 68 1291 AND
2 1 2 68 1292 AND
2 1 3 68 1293 AND
2 1 4 68 1294 AND
2 1 5 68 1295 AND
2 1 6 68 1296 AND
2 1 7 68 1297 AND
2 1 8 68 1298 AND
2 1 9 68 1299 AND
2 1 10 68 1300 AND
2 1 11 68 1301 AND
2 1 12 68 1302 AND
2 1 13 68 1303 AND
2 1 14 68 1304 AND
2 1 15 68 1305 AND
2 1 16 68 1306 AND
2 1 17 68 1307 AND
2 1 18 68 1308 AND
2 1 19 68 1309 AND
2 1 20 68 1310 AND
2 1 21 68 1311 AND
2 1 22 68 1312 AND
2 1 23 68 1313 AND
2 1 24 68 1314 AND
2 1 25 68 1315 AND
2 1 26 68 1316 AND
2 1 27 68 1317 AND
2 1 28 68 1318 AND
2 1 29 68 1319 AND
2 1 30 68 1320 AND
2 1 31 68 1321 AND
2 1 32 68 1322 AND
2 1 33 68 1323 AND
2 1 34 68 1324 AND
2 1 35 68 1325 AND
2 1 36 68 1326 AND
2 1 37 68 1327 AND
2 1 38 68 1328 AND
2 1 39 68 1329 AND
2 1 40 68 1330 AND
2 1 41 68 1331 AND
2 1 42 68 1332 AND
2 1 43 68 1333 AND
2 1 44 68 1334 AND
2 1 45 68 1335 AND
2 1 46 68 1336 AND
2 1 47 68 1337 AND
2 1 48 68 1338 AND
2 1 49 68 1339 AND
2 1 50 68 1340 AND
2 1 51 68 1341 AND
2 1 52 68 1342 AND
2 1 53 68 1343 AND
2 1 54 68 1344 AND
2 1 55 68 1345 AND
2 1 56 68 1346 AND
2 1 57 68 1347 AND
2 1 58 68 1348 AND
2 1 59 68 1349 AND
2 1 995 1290 1350 XOR
2 1 995 1290 1351 AND
2 1 1000 1351 1352 XOR
2 1 1291 1351 1353 XOR
2 1 1000 1353 1354 XOR
2 1 1352 1353 1355 AND
2 1 1351 1355 1356 XOR
2 1 1005 1356 1357 XOR
2 1 1292 1356 1358 XOR
2 1 1005 1358 1359 XOR
2 1 1357 1358 1360 AND
2 1 1356 1360 1361 XOR
2 1 1010 1361 1362 XOR
2 1 1293 1361 1363 XOR
2 1 1010 1363 1364 XOR
2 1 1362 1363 1365 AND
2 1 1361 1365 1366 XOR
2 1 1015 1366 1367 XOR
2 1 1294 1366 1368 XOR
2 1 1015 1368 1369 XOR
2 1 1367 1368 1370 AND
2 1 1366 1370 1371 XOR
2 1 1020 1371 1372 XOR
2 1 1295 1371 1373 XOR
2 1 1020 1373 1374 XOR
2 1 1372 1373 1375 AND
2 1 1371 1375 1376 XOR
2 1 1025 1376 1377 XOR
2 1 1296 1376 1378 XOR
2 1 1025 1378 1379 XOR
2 1 1377 1378 1380 AND
2 1 1376 1380 1381 XOR
2 1 1030 1381 1382 XOR
2 1 1297 1381 1383 XOR
2 1 1030 1383 1384 XOR
2 1 1382 1383 1385 AND
2 1 1381 1385 1386 XOR
2 1 1035 1386 1387 XOR
2 1 1298 1386 1388 XOR
2 1 1035 1388 1389 XOR
2 1 1387 1388 1390 AND
2 1 1386 1390 1391 XOR
2 1 1040 1391 1392 XOR
2 1 1299 1391 1393 XOR
2 1 1040 1393 1394 XOR
2 1 1392 1393 1395 AND
2 1 1391 1395 1396 XOR
2 1 1045 1396 1397 XOR
2 1 1300 1396 1398 XOR
2 1 1045 1398 1399 XOR
2 1 1397 1398 1400 AND
2 1 1396 1400 1401 XOR
2 1 1050 1401 1402 XOR
2 1 1301 1401 1403 XOR
2 1 1050 1403 1404 XOR
2 1 1402 1403 1405 AND
2 1 1401 1405 1406 XOR
2 1 1055 1406 1407 XOR
2 1 1302 1406 1408 XOR
2 1 1055 1408 1409 XOR
2 1 1407 1408 1410 AND
2 1 1406 1410 1411 XOR
2 1 1060 1411 1412 XOR
2 1 1303 1411 1413 XOR
2 1 1060 1413 1414 XOR
2 1 1412 1413 1415 AND
2 1 1411 1415 1416 XOR
2 1 1065 1416 1417 XOR
2 1 1304 1416 1418 XOR
2 1 1065 1418 1419 XOR
2 1 1417 1418 1420 AND
2 1 1416 1420 1421 XOR
2 1 1070 1421 1422 XOR
2 1 1305 1421 1423 XOR
2 1 1070 1423 1424 XOR
2 1 1422 1423 1425 AND
2 1 1421 1425 1426 XOR
2 1 1075 1426 1427 XOR
2 1 1306 1426 1428 XOR
2 1 1075 1428 1429 XOR
2 1 1427 1428 1430 AND
2 1 1426 1430 1431 XOR
2 1 1080 1431 1432 XOR
2 1 1307 1431 1433 XOR
2 1 1080 1433 1434 XOR
2 1 1432 1433 1435 AND
2 1 1431 1435 1436 XOR
2 1 1085 1436 1437 XOR
2 1 1308 1436 1438 XOR
2 1 1085 1438 1439 XOR
2 1 1437 1438 1440 AND
2 1 1436 1440 1441 XOR
2 1 1090 1441 1442 XOR
2 1 1309 1441 1443 XOR
2 1 1090 1443 1444 XOR
2 1 1442 1443 1445 AND
2 1 1441 1445 1446 XOR
2 1 1095 1446 1447 XOR
2 1 1310 1446 1448 XOR
2 1 1095 1448 1449 XOR
2 1 1447 1448 1450 AND
2 1 1446 1450 1451 XOR
2 1 1100 1451 1452 XOR
2 1 1311 1451 1453 XOR
2 1 1100 1453 1454 XOR
2 1 1452 1453 1455 AND
2 1 1451 1455 1456 XOR
2 1 1105 1456 1457 XOR
2 1 1312 1456 1458 XOR
2 1 1105 1458 1459 XOR
2 1 1457 1458 1460 AND
2 1 1456 1460 1461 XOR
2 1 1110 1461 1462 XOR
2 1 1313 1461 1463 XOR
2 1 1110 1463 1464 XOR
2 1 1462 1463 1465 AND
2 1 1461 1465 1466 XOR
2 1 1115 1466 1467 XOR
2 1 1314 1466 1468 XOR
2 1 1115 1468 1469 XOR
2 1 1467 1468 1470 AND
2 1 1466 1470 1471 XOR
2 1 1120 1471 1472 XOR
2 1 1315 1471 1473 XOR
2 1 1120 1473 1474 XOR
2 1 1472 1473 1475 AND
2 1 1471 1475 1476 XOR
2 1 1125 1476 1477 XOR
2 1 1316 1476 1478 XOR
2 1 1125 1478 1479 XOR
2 1 1477 1478 1480 AND
2 1 1476 1480 1481 XOR
2 1 1130 1481 1482 XOR
2 1 1317 1481 1483 XOR
2 1 1130 1483 1484 XOR
2 1 1482 1483 1485 AND
2 1 1481 1485 1486 XOR
2 1 1135 1486 1487 XOR
2 1 1318 1486 1488 XOR
2 1 1135 1488 1489 XOR
2 1 1487 1488 1490 AND
2 1 1486 1490 1491 XOR
2 1 1140 1491 1492 XOR
2 1 1319 1491 1493 XOR
2 1 1140 1493 1494 XOR
2 1 1492 1493 1495 AND
2 1 1491 1495 1496 XOR
2 1 1145 1496 1497 XOR
2 1 1320 1496 1498 XOR
2 1 1145 1498 1499 XOR
2 1 1497 1498 1500 AND
2 1 1496 1500 1501 XOR
2 1 1150 1501 1502 XOR
2 1 1321 1501 1503 XOR
2 1 1150 1503 1504 XOR
2 1 1502 1503 1505 AND
2 1 1501 1505 1506 XOR
2 1 1155 1506 1507 XOR
2 1 1322 1506 1508 XOR
2 1 1155 1508 1509 XOR
2 1 1507 1508 1510 AND
2 1 1506 1510 1511 XOR
2 1 1160 1511 1512 XOR
2 1 1323 1511 1513 XOR
2 1 1160 1513 1514 XOR
2 1 1512 1513 1515 AND
2 1 1511 1515 1516 XOR
2 1 1165 1516 1517 XOR
2 1 1324 1516 1518 XOR
2 1 1165 1518 1519 XOR
2 1 1517 1518 1520 AND
2 1 1516 1520 1521 XOR
2 1 1170 1521 1522 XOR
2 1 1325 1521 1523 XOR
2 1 1170 1523 1524 XOR
2 1 1522 1523 1525 AND
2 1 1521 1525 1526 XOR
2 1 1175 1526 1527 XOR
2 1 1326 1526 1528 XOR
2 1 1175 1528 1529 XOR
2 1 1527 1528 1530 AND
2 1 1526 1530 1531 XOR
2 1 1180 1531 1532 XOR
2 1 1327 1531 1533 XOR
2 1 1180 1533 1534 XOR
2 1 1532 1533 1535 AND
2 1 1531 1535 1536 XOR
2 1 1185 1536 1537 XOR
2 1 1328 1536 1538 XOR
2 1 1185 1538 1539 XOR
2 1 1537 1538 1540 AND
2 1 1536 1540 1541 XOR
2 1 1190 1541 1542 XOR
2 1 1329 1541 1543 XOR
2 1 1190 1543 1544 XOR
2 1 1542 1543 1545 AND
2 1 1541 1545 1546 XOR
2 1 1195 1546 1547 XOR
2 1 1330 1546 1548 XOR
2 1 1195 1548 1549 XOR
2 1 1547 1548 1550 AND
2 1 1546 1550 1551 XOR
2 1 1200 1551 1552 XOR
2 1 1331 1551 1553 XOR
2 1 1200 1553 1554 XOR
2 1 1552 1553 1555 AND
2 1 1551 1555 1556 XOR
2 1 1205 1556 1557 XOR
2 1 1332 1556 1558 XOR
2 1 1205 1558 1559 XOR
2 1 1557 1558 1560 AND
2 1 1556 1560 1561 XOR
2 1 1210 1561 1562 XOR
2 1 1333 1561 1563 XOR
2 1 1210 1563 1564 XOR
2 1 1562 1563 1565 AND
2 1 1561 1565 1566 XOR
2 1 1215 1566 1567 XOR
2 1 1334 1566 1568 XOR
2 1 1215 1568 1569 XOR
2 1 1567 1568 1570 AND
2 1 1566 1570 1571 XOR
2 1 1220 1571 1572 XOR
2 1 1335 1571 1573 XOR
2 1 1220 1573 1574 XOR
2 1 1572 1573 1575 AND
2 1 1571 1575 1576 XOR
2 1 1225 1576 1577 XOR
2 1 1336 1576 1578 XOR
2 1 1225 1578 1579 XOR
2 1 1577 1578 1580 AND
2 1 1576 1580 1581 XOR
2 1 1230 1581 1582 XOR
2 1 1337 1581 1583 XOR
2 1 1230 1583 1584 XOR
2 1 1582 1583 1585 AND
2 1 1581 1585 1586 XOR
2 1 1235 1586 1587 XOR
2 1 1338 1586 1588 XOR
2 1 1235 1588 1589 XOR
2 1 1587 1588 1590 AND
2 1 1586 1590 1591 XOR
2 1 1240 1591 1592 XOR
2 1 1339 1591 1593 XOR
2 1 1240 1593 1594 XOR
2 1 1592 1593 1595 AND
2 1 1591 1595 1596 XOR
2 1 1245 1596 1597 XOR
2 1 1340 1596 1598 XOR
2 1 1245 1598 1599 XOR
2 1 1597 1598 1600 AND
2 1 1596 1600 1601 XOR
2 1 1250 1601 1602 XOR
2 1 1341 1601 1603 XOR
2 1 1250 1603 1604 XOR
2 1 1602 1603 1605 AND
2 1 1601 1605 1606 XOR
2 1 1255 1606 1607 XOR
2 1 1342 1606 1608 XOR
2 1 1255 1608 1609 XOR
2 1 1607 1608 1610 AND
2 1 1606 1610 1611 XOR
2 1 1260 1611 1612 XOR
2 1 1343 1611 1613 XOR
2 1 1260 1613 1614 XOR
2 1 1612 1613 1615 AND
2 1 1611 1615 1616 XOR
2 1 1265 1616 1617 XOR
2 1 1344 1616 1618 XOR
2 1 1265 1618 1619 XOR
2 1 1617 1618 1620 AND
2 1 1616 1620 1621 XOR
2 1 1270 1621 1622 XOR
2 1 1345 1621 1623 XOR
2 1 1270 1623 1624 XOR
2 1 1622 1623 1625 AND
2 1 1621 1625 1626 XOR
2 1 1275 1626 1627 XOR
2 1 1346 1626 1628 XOR
2 1 1275 1628 1629 XOR
2 1 1627 1628 1630 AND
2 1 1626 1630 1631 XOR
2 1 1280 1631 1632 XOR
2 1 1347 1631 1633 XOR
2 1 1280 1633 1634 XOR
2 1 1632 1633 1635 AND
2 1 1631 1635 1636 XOR
2 1 1285 1636 1637 XOR
2 1 1348 1636 1638 XOR
2 1 1285 1638 1639 XOR
2 1 1637 1638 1640 AND
2 1 1636 1640 1641 XOR
2 1 1641 1349 1642 XOR
2 1 1642 1289 1643 XOR
2 1 0 69 1644 AND
2 1 1 69 1645 AND
2 1 2 69 1646 AND
2 1 3 69 1647 AND
2 1 4 69 1648 AND
2 1 5 69 1649 AND
2 1 6 69 1650 AND
2 1 7 69 1651 AND
2 1 8 69 1652 AND
2 1 9 69 1653 AND
2 1 10 69 1654 AND
2 1 11 69 1655 AND
2 1 12 69 1656 AND
2 1 13 69 1657 AND
2 1 14 69 1658 AND
2 1 15 69 1659 AND
2 1 16 69 1660 AND
2 1 17 69 1661 AND
2 1 18 69 1662 AND
2 1 19 69 1663 AND
2 1 20 69 1664 AND
2 1 21 69 1665 AND
2 1 22 69 1666 AND
2 1 23 69 1667 AND
2 1 24 69 1668 AND
2 1 25 69 1669 AND
2 1 26 69 1670 AND
2 1 27 69 1671 AND
2 1 28 69 1672 AND
2 1 29 69 1673 AND
2 1 30 69 1674 AND
2 1 31 69 1675 AND
2 1 32 69 1676 AND
2 1 33 69 1677 AND
2 1 34 69 1678 AND
2 1 35 69 1679 AND
2 1 36 69 1680 AND
2 1 37 69 1681 AND
2 1 38 69 1682 AND
2 1 39 69 1683 AND
2 1 40 69 1684 AND
2 1 41 69 1685 AND
2 1 42 69 1686 AND
2 1 43 69 1687 AND
2 1 44 69 1688 AND
2 1 45 69 1689 AND
2 1 46 69 1690 AND
2 1 47 69 1691 AND
2 1 48 69 1692 AND
2 1 49 69 1693 AND
2 1 50 69 1694 AND
2 1 51 69 1695 AND
2 1 52 69 1696 AND
2 1 53 69 1697 AND
2 1 54 69 1698 AND
2 1 55 69 1699 AND
2 1 56 69 1700 AND
2 1 57 69 1701 AND
2 1 58 69 1702 AND
2 1 1354 1644 1703 XOR
2 1 1354 1644 1704 AND
2 1 1359 1704 1705 XOR
2 1 1645 1704 1706 XOR
2 1 1359 1706 1707 XOR
2 1 1705 1706 1708 AND
2 1 1704 1708 1709 XOR
2 1 1364 1709 1710 XOR
2 1 1646 1709 1711 XOR
2 1 1364 1711 1712 XOR
2 1 1710 1711 1713 AND
2 1 1709 1713 1714 XOR
2 1 1369 1714 1715 XOR
2 1 1647 1714 1716 XOR
2 1 1369 1716 1717 XOR
2 1 1715 1716 1718 AND
2 1 1714 1718 1719 XOR
2 1 1374 1719 1720 XOR
2 1 1648 1719 1721 XOR
2 1 1374 1721 1722 XOR
2 1 1720 1721 1723 AND
2 1 1719 1723 1724 XOR
2 1 1379 1724 1725 XOR
2 1 1649 1724 1726 XOR
2 1 1379 1726 1727 XOR
2 1 1725 1726 1728 AND
2 1 1724 1728 1729 XOR
2 1 1384 1729 1730 XOR
2 1 1650 1729 1731 XOR
2 1 1384 1731 1732 XOR
2 1 1730 1731 1733 AND
2 1 1729 1733 1734 XOR
2 1 1389 1734 1735 XOR
2 1 1651 1734 1736 XOR
2 1 1389 1736 1737 XOR
2 1 1735 1736 1738 AND
2 1 1734 1738 1739 XOR
2 1 1394 1739 1740 XOR
2 1 1652 1739 1741 XOR
2 1 1394 1741 1742 XOR
2 1 1740 1741 1743 AND
2 1 1739 1743 1744 XOR
2 1 1399 1744 1745 XOR
2 1 1653 1744 1746 XOR
2 1 1399 1746 1747 XOR
2 1 1745 1746 1748 AND
2 1 1744 1748 1749 XOR
2 1 1404 1749 1750 XOR
2 1 1654 1749 1751 XOR
2 1 1404 1751 1752 XOR
2 1 1750 1751 1753 AND
2 1 1749 1753 1754 XOR
2 1 1409 1754 1755 XOR
2 1 1655 1754 1756 XOR
2 1 1409 1756 1757 XOR
2 1 1755 1756 1758 AND
2 1 1754 1758 1759 XOR
2 1 1414 1759 1760 XOR
2 1 1656 1759 1761 XOR
2 1 1414 1761 1762 XOR
2 1 1760 1761 1763 AND
2 1 1759 1763 1764 XOR
2 1 1419 1764 1765 XOR
2 1 1657 1764 1766 XOR
2 1 1419 1766 1767 XOR
2 1 1765 1766 1768 AND
2 1 1764 1768 1769 XOR
2 1 1424 1769 1770 XOR
2 1 1658 1769 1771 XOR
2 1 1424 1771 1772 XOR
2 1 1770 1771 1773 AND
2 1 1769 1773 1774 XOR
2 1 1429 1774 1775 XOR
2 1 1659 1774 1776 XOR
2 1 1429 1776 1777 XOR
2 1 1775 1776 1778 AND
2 1 1774 1778 1779 XOR
2 1 1434 1779 1780 XOR
2 1 1660 1779 1781 XOR
2 1 1434 1781 1782 XOR
2 1 1780 1781 1783 AND
2 1 1779 1783 1784 XOR
2 1 1439 1784 1785 XOR
2 1 1661 1784 1786 XOR
2 1 1439 1786 1787 XOR
2 1 1785 1786 1788 AND
2 1 1784 1788 1789 XOR
2 1 1444 1789 1790 XOR
2 1 1662 1789 1791 XOR
2 1 1444 1791 1792 XOR
2 1 1790 1791 1793 AND
2 1 1789 1793 1794 XOR
2 1 1449 1794 1795 XOR
2 1 1663 1794 1796 XOR
2 1 1449 1796 1797 XOR
2 1 1795 1796 1798 AND
2 1 1794 1798 1799 XOR
2 1 1454 1799 1800 XOR
2 1 1664 1799 1801 XOR
2 1 1454 1801 1802 XOR
2 1 1800 1801 1803 AND
2 1 1799 1803 1804 XOR
2 1 1459 1804 1805 XOR
2 1 1665 1804 1806 XOR
2 1 1459 1806 1807 XOR
2 1 1805 1806 1808 AND
2 1 1804 1808 1809 XOR
2 1 1464 1809 1810 XOR
2 1 1666 1809 1811 XOR
2 1 1464 1811 1812 XOR
2 1 1810 1811 1813 AND
2 1 1809 1813 1814 XOR
2 1 1469 1814 1815 XOR
2 1 1667 1814 1816 XOR
2 1 1469 1816 1817 XOR
2 1 1815 1816 1818 AND
2 1 1814 1818 1819 XOR
2 1 1474 1819 1820 XOR
2 1 1668 1819 1821 XOR
2 1 1474 1821 1822 XOR
2 1 1820 1821 1823 AND
2 1 1819 1823 1824 XOR
2 1 1479 1824 1825 XOR
2 1 1669 1824 1826 XOR
2 1 1479 1826 1827 XOR
2 1 1825 1826 1828 AND
2 1 1824 1828 1829 XOR
2 1 1484 1829 1830 XOR
2 1 1670 1829 1831 XOR
2 1 1484 1831 1832 XOR
2 1 1830 1831 1833 AND
2 1 1829 1833 1834 XOR
2 1 1489 1834 1835 XOR
2 1 1671 1834 1836 XOR
2 1 1489 1836 1837 XOR
2 1 1835 1836 1838 AND
2 1 1834 1838 1839 XOR
2 1 1494 1839 1840 XOR
2 1 1672 1839 1841 XOR
2 1 1494 1841 1842 XOR
2 1 1840 1841 1843 AND
2 1 1839 1843 1844 XOR
2 1 1499 1844 1845 XOR
2 1 1673 1844 1846 XOR
2 1 1499 1846 1847 XOR
2 1 1845 1846 1848 AND
2 1 1844 1848 1849 XOR
2 1 1504 1849 1850 XOR
2 1 1674 1849 1851 XOR
2 1 1504 1851 1852 XOR
2 1 1850 1851 1853 AND
2 1 1849 1853 1854 XOR
2 1 1509 1854 1855 XOR
2 1 1675 1854 1856 XOR
2 1 1509 1856 1857 XOR
2 1 1855 1856 1858 AND
2 1 1854 1858 1859 XOR
2 1 1514 1859 1860 XOR
2 1 1676 1859 1861 XOR
2 1 1514 1861 1862 XOR
2 1 1860 1861 1863 AND
2 1 1859 1863 1864 XOR
2 1 1519 1864 1865 XOR
2 1 1677 1864 1866 XOR
2 1 1519 1866 1867 XOR
2 1 1865 1866 1868 AND
2 1 1864 1868 1869 XOR
2 1 1524 1869 1870 XOR
2 1 1678 1869 1871 XOR
2 1 1524 1871 1872 XOR
2 1 1870 1871 1873 AND
2 1 1869 1873 1874 XOR
2 1 1529 1874 1875 XOR
2 1 1679 1874 1876 XOR
2 1 1529 1876 1877 XOR
2 1 1875 1876 1878 AND
2 1 1874 1878 1879 XOR
2 1 1534 1879 1880 XOR
2 1 1680 1879 1881 XOR
2 1 1534 1881 1882 XOR
2 1 1880 1881 1883 AND
2 1 1879 1883 1884 XOR
2 1 1539 1884 1885 XOR
2 1 1681 1884 1886 XOR
2 1 1539 1886 1887 XOR
2 1 1885 1886 1888 AND
2 1 1884 1888 1889 XOR
2 1 1544 1889 1890 XOR
2 1 1682 1889 1891 XOR
2 1 1544 1891 1892 XOR
2 1 1890 1891 1893 AND
2 1 1889 1893 1894 XOR
2 1 1549 1894 1895 XOR
2 1 1683 1894 1896 XOR
2 1 1549 1896 1897 XOR
2 1 1895 1896 1898 AND
2 1 1894 1898 1899 XOR
2 1 1554 1899 1900 XOR
2 1 1684 1899 1901 XOR
2 1 1554 1901 1902 XOR
2 1 1900 1901 1903 AND
2 1 1899 1903 1904 XOR
2 1 1559 1904 1905 XOR
2 1 1685 1904 1906 XOR
2 1 1559 1906 1907 XOR
2 1 1905 1906 1908 AND
2 1 1904 1908 1909 XOR
2 1 1564 1909 1910 XOR
2 1 1686 1909 1911 XOR
2 1 1564 1911 1912 XOR
2 1 1910 1911 1913 AND
2 1 1909 1913 1914 XOR
2 1 1569 1914 1915 XOR
2 1 1687 1914 1916 XOR
2 1 1569 1916 1917 XOR
2 1 1915 1916 1918 AND
2 1 1914 1918 1919 XOR
2 1 1574 1919 1920 XOR
2 1 1688 1919 1921 XOR
2 1 1574 1921 1922 XOR
2 1 1920 1921 1923 AND
2 1 1919 1923 1924 XOR
2 1 1579 1924 1925 XOR
2 1 1689 1924 1926 XOR
2 1 1579 1926 1927 XOR
2 1 1925 1926 1928 AND
2 1 1924 1928 1929 XOR
2 1 1584 1929 1930 XOR
2 1 1690 1929 1931 XOR
2 1 1584 1931 1932 XOR
2 1 1930 1931 1933 AND
2 1 1929 1933 1934 XOR
2 1 1589 1934 1935 XOR
2 1 1691 1934 1936 XOR
2 1 1589 1936 1937 XOR
2 1 1935 1936 1938 AND
2 1 1934 1938 1939 XOR
2 1 1594 1939 1940 XOR
2 1 1692 1939 1941 XOR
2 1 1594 1941 1942 XOR
2 1 1940 1941 1943 AND
2 1 1939 1943 1944 XOR
2 1 1599 1944 1945 XOR
2 1 1693 1944 1946 XOR
2 1 1599 1946 1947 XOR
2 1 1945 1946 1948 AND
2 1 1944 1948 1949 XOR
2 1 1604 1949 1950 XOR
2 1 1694 1949 1951 XOR
2 1 1604 1951 1952 XOR
2 1 1950 1951 1953 AND
2 1 1949 1953 1954 XOR
2 1 1609 1954 1955 XOR
2 1 1695 1954 1956 XOR
2 1 1609 1956 1957 XOR
2 1 1955 1956 1958 AND
2 1 1954 1958 1959 XOR
2 1 1614 1959 1960 XOR
2 1 1696 1959 1961 XOR
2 1 1614 1961 1962 XOR
2 1 1960 1961 1963 AND
2 1 1959 1963 1964 XOR
2 1 1619 1964 1965 XOR
2 1 1697 1964 1966 XOR
2 1 1619 1966 1967 XOR
2 1 1965 1966 1968 AND
2 1 1964 1968 1969 XOR
2 1 1624 1969 1970 XOR
2 1 1698 1969 1971 XOR
2 1 1624 1971 1972 XOR
2 1 1970 1971 1973 AND
2 1 1969 1973 1974 XOR
2 1 1629 1974 1975 XOR
2 1 1699 1974 1976 XOR
2 1 1629 1976 1977 XOR
2 1 1975 1976 1978 AND
2 1 1974 1978 1979 XOR
2 1 1634 1979 1980 XOR
2 1 1700 1979 1981 XOR
2 1 1634 1981 1982 XOR
2 1 1980 1981 1983 AND
2 1 1979 1983 1984 XOR
2 1 1639 1984 1985 XOR
2 1 1701 1984 1986 XOR
2 1 1639 1986 1987 XOR
2 1 1985 1986 1988 AND
2 1 1984 1988 1989 XOR
2 1 1989 1702 1990 XOR
2 1 1990 1643 1991 XOR
2 1 0 70 1992 AND
2 1 1 70 1993 AND
2 1 2 70 1994 AND
2 1 3 70 1995 AND
2 1 4 70 1996 AND
2 1 5 70 1997 AND
2 1 6 70 1998 AND
2 1 7 70 1999 AND
2 1 8 70 2000 AND
2 1 9 70 2001 AND
2 1 10 70 2002 AND
2 1 11 70 2003 AND
2 1 12 70 2004 AND
2 1 13 70 2005 AND
2 1 14 70 2006 AND
2 1 15 70 2007 AND
2 1 16 70 2008 AND
2 1 17 70 2009 AND
2 1 18 70 2010 AND
2 1 19 70 2011 AND
2 1 20 70 2012 AND
2 1 21 70 2013 AND
2 1 22 70 2014 AND
2 1 23 70 2015 AND
2 1 24 70 2016 AND
2 1 25 70 2017 AND
2 1 26 70 2018 AND
2 1 27 70 2019 AND
2 1 28 70 2020 AND
2 1 29 70 2021 AND
2 1 30 70 2022 AND
2 1 31 70 2023 AND
2 1 32 70 2024 AND
2 1 33 70 2025 AND
2 1 34 70 2026 AND
2 1 35 70 2027 AND
2 1 36 70 2028 AND
2 1 37 70 2029 AND
2 1 38 70 2030 AND
2 1 39 70 2031 AND
2 1 40 70 2032 AND
2 1 41 70 2033 AND
2 1 42 70 2034 AND
2 1 43 70 2035 AND
2 1 44 70 2036 AND
2 1 45 70 2037 AND
2 1 46 70 2038 AND
2 1 47 70 2039 AND
2 1 48 70 2040 AND
2 1 49 70 2041 AND
2 1 50 70 2042 AND
2 1 51 70 2043 AND
2 1 52 70 2044 AND
2 1 53 70 2045 AND
2 1 54 70 2046 AND
2 1 55 70 2047 AND
2 1 56 70 2048 AND
2 1 57 70 2049 AND
2 1 1707 1992 2050 XOR
2 1 1707 1992 2051 AND
2 1 1712 2051 2052 XOR
2 1 1993 2051 2053 XOR
2 1 1712 2053 2054 XOR
2 1 2052 2053 2055 AND
2 1 2051 2055 2056 XOR
2 1 1717 2056 2057 XOR
2 1 1994 2056 2058 XOR
2 1 1717 2058 2059 XOR
2 1 2057 2058 2060 AND
2 1 2056 2060 2061 XOR
2 1 1722 2061 2062 XOR
2 1 1995 2061 2063 XOR
2 1 1722 2063 2064 XOR
2 1 2062 2063 2065 AND
2 1 2061 2065 2066 XOR
2 1 1727 2066 2067 XOR
2 1 1996 2066 2068 XOR
2 1 1727 2068 2069 XOR
2 1 2067 2068 2070 AND
2 1 2066 2070 2071 XOR
2 1 1732 2071 2072 XOR
2 1 1997 2071 2073 XOR
2 1 1732 2073 2074 XOR
2 1 2072 2073 2075 AND
2 1 2071 2075 2076 XOR
2 1 1737 2076 2077 XOR
2 1 1998 2076 2078 XOR
2 1 1737 2078 2079 XOR
2 1 2077 2078 2080 AND
2 1 2076 2080 2081 XOR
2 1 1742 2081 2082 XOR
2 1 1999 2081 2083 XOR
2 1 1742 2083 2084 XOR
2 1 2082 2083 2085 AND
2 1 2081 2085 2086 XOR
2 1 1747 2086 2087 XOR
2 1 2000 2086 2088 XOR
2 1 1747 2088 2089 XOR
2 1 2087 2088 2090 AND
2 1 2086 2090 2091 XOR
2 1 1752 2091 2092 XOR
2 1 2001 2091 2093 XOR
2 1 1752 2093 2094 XOR
2 1 2092 2093 2095 AND
2 1 2091 2095 2096 XOR
2 1 1757 2096 2097 XOR
2 1 2002 2096 2098 XOR
2 1 1757 2098 2099 XOR
2 1 2097 2098 2100 AND
2 1 2096 2100 2101 XOR
2 1 1762 2101 2102 XOR
2 1 2003 2101 2103 XOR
2 1 1762 2103 2104 XOR
2 1 2102 2103 2105 AND
2 1 2101 2105 2106 XOR
2 1 1767 2106 2107 XOR
2 1 2004 2106 2108 XOR
2 1 1767 2108 2109 XOR
2 1 2107 2108 2110 AND
2 1 2106 2110 2111 XOR
2 1 1772 2111 2112 XOR
2 1 2005 2111 2113 XOR
2 1 1772 2113 2114 XOR
2 1 2112 2113 2115 AND
2 1 2111 2115 2116 XOR
2 1 1777 2116 2117 XOR
2 1 2006 2116 2118 XOR
2 1 1777 2118 2119 XOR
2 1 2117 2118 2120 AND
2 1 2116 2120 2121 XOR
2 1 1782 2121 2122 XOR
2 1 2007 2121 2123 XOR
2 1 1782 2123 2124 XOR
2 1 2122 2123 2125 AND
2 1 2121 2125 2126 XOR
2 1 1787 2126 2127 XOR
2 1 2008 2126 2128 XOR
2 1 1787 2128 2129 XOR
2 1 2127 2128 2130 AND
2 1 2126 2130 2131 XOR
2 1 1792 2131 2132 XOR
2 1 2009 2131 2133 XOR
2 1 1792 2133 2134 XOR
2 1 2132 2133 2135 AND
2 1 2131 2135 2136 XOR
2 1 1797 2136 2137 XOR
2 1 2010 2136 2138 XOR
2 1 1797 2138 2139 XOR
2 1 2137 2138 2140 AND
2 1 2136 2140 2141 XOR
2 1 1802 2141 2142 XOR
2 1 2011 2141 2143 XOR
2 1 1802 2143 2144 XOR
2 1 2142 2143 2145 AND
2 1 2141 2145 2146 XOR
2 1 1807 2146 2147 XOR
2 1 2012 2146 2148 XOR
2 1 1807 2148 2149 XOR
2 1 2147 2148 2150 AND
2 1 2146 2150 2151 XOR
2 1 1812 2151 2152 XOR
2 1 2013 2151 2153 XOR
2 1 1812 2153 2154 XOR
2 1 2152 2153 2155 AND
2 1 2151 2155 2156 XOR
2 1 1817 2156 2157 XOR
2 1 2014 2156 2158 XOR
2 1 1817 2158 2159 XOR
2 1 2157 2158 2160 AND
2 1 2156 2160 2161 XOR
2 1 1822 2161 2162 XOR
2 1 2015 2161 2163 XOR
2 1 1822 2163 2164 XOR
2 1 2162 2163 2165 AND
2 1 2161 2165 2166 XOR
2 1 1827 2166 2167 XOR
2 1 2016 2166 2168 XOR
2 1 1827 2168 2169 XOR
2 1 2167 2168 2170 AND
2 1 2166 2170 2171 XOR
2 1 1832 2171 2172 XOR
2 1 2017 2171 2173 XOR
2 1 1832 2173 2174 XOR
2 1 2172 2173 2175 AND
2 1 2171 2175 2176 XOR
2 1 1837 2176 2177 XOR
2 1 2018 2176 2178 XOR
2 1 1837 2178 2179 XOR
2 1 2177 2178 2180 AND
2 1 2176 2180 2181 XOR
2 1 1842 2181 2182 XOR
2 1 2019 2181 2183 XOR
2 1 1842 2183 2184 XOR
2 1 2182 2183 2185 AND
2 1 2181 2185 2186 XOR
2 1 1847 2186 2187 XOR
2 1 2020 2186 2188 XOR
2 1 1847 2188 2189 XOR
2 1 2187 2188 2190 AND
2 1 2186 2190 2191 XOR
2 1 1852 2191 2192 XOR
2 1 2021 2191 2193 XOR
2 1 1852 2193 2194 XOR
2 1 2192 2193 2195 AND
2 1 2191 2195 2196 XOR
2 1 1857 2196 2197 XOR
2 1 2022 2196 2198 XOR
2 1 1857 2198 2199 XOR
2 1 2197 2198 2200 AND
2 1 2196 2200 2201 XOR
2 1 1862 2201 2202 XOR
2 1 2023 2201 2203 XOR
2 1 1862 2203 2204 XOR
2 1 2202 2203 2205 AND
2 1 2201 2205 2206 XOR
2 1 1867 2206 2207 XOR
2 1 2024 2206 2208 XOR
2 1 1867 2208 2209 XOR
2 1 2207 2208 2210 AND
2 1 2206 2210 2211 XOR
2 1 1872 2211 2212 XOR
2 1 2025 2211 2213 XOR
2 1 1872 2213 2214 XOR
2 1 2212 2213 2215 AND
2 1 2211 2215 2216 XOR
2 1 1877 2216 2217 XOR
2 1 2026 2216 2218 XOR
2 1 1877 2218 2219 XOR
2 1 2217 2218 2220 AND
2 1 2216 2220 2221 XOR
2 1 1882 2221 2222 XOR
2 1 2027 2221 2223 XOR
2 1 1882 2223 2224 XOR
2 1 2222 2223 2225 AND
2 1 2221 2225 2226 XOR
2 1 1887 2226 2227 XOR
2 1 2028 2226 2228 XOR
2 1 1887 2228 2229 XOR
2 1 2227 2228 2230 AND
2 1 2226 2230 2231 XOR
2 1 1892 2231 2232 XOR
2 1 2029 2231 2233 XOR
2 1 1892 2233 2234 XOR
2 1 2232 2233 2235 AND
2 1 2231 2235 2236 XOR
2 1 1897 2236 2237 XOR
2 1 2030 2236 2238 XOR
2 1 1897 2238 2239 XOR
2 1 2237 2238 2240 AND
2 1 2236 2240 2241 XOR
2 1 1902 2241 2242 XOR
2 1 2031 2241 2243 XOR
2 1 1902 2243 2244 XOR
2 1 2242 2243 2245 AND
2 1 2241 2245 2246 XOR
2 1 1907 2246 2247 XOR
2 1 2032 2246 2248 XOR
2 1 1907 2248 2249 XOR
2 1 2247 2248 2250 AND
2 1 2246 2250 2251 XOR
2 1 1912 2251 2252 XOR
2 1 2033 2251 2253 XOR
2 1 1912 2253 2254 XOR
2 1 2252 2253 2255 AND
2 1 2251 2255 2256 XOR
2 1 1917 2256 2257 XOR
2 1 2034 2256 2258 XOR
2 1 1917 2258 2259 XOR
2 1 2257 2258 2260 AND
2 1 2256 2260 2261 XOR
2 1 1922 2261 2262 XOR
2 1 2035 2261 2263 XOR
2 1 1922 2263 2264 XOR
2 1 2262 2263 2265 AND
2 1 2261 2265 2266 XOR
2 1 1927 2266 2267 XOR
2 1 2036 2266 2268 XOR
2 1 1927 2268 2269 XOR
2 1 2267 2268 2270 AND
2 1 2266 2270 2271 XOR
2 1 1932 2271 2272 XOR
2 1 2037 2271 2273 XOR
2 1 1932 2273 2274 XOR
2 1 2272 2273 2275 AND
2 1 2271 2275 2276 XOR
2 1 1937 2276 2277 XOR
2 1 2038 2276 2278 XOR
2 1 1937 2278 2279 XOR
2 1 2277 2278 2280 AND
2 1 2276 2280 2281 XOR
2 1 1942 2281 2282 XOR
2 1 2039 2281 2283 XOR
2 1 1942 2283 2284 XOR
2 1 2282 2283 2285 AND
2 1 2281 2285 2286 XOR
2 1 1947 2286 2287 XOR
2 1 2040 2286 2288 XOR
2 1 1947 2288 2289 XOR
2 1 2287 2288 2290 AND
2 1 2286 2290 2291 XOR
2 1 1952 2291 2292 XOR
2 1 2041 2291 2293 XOR
2 1 1952 2293 2294 XOR
2 1 2292 2293 2295 AND
2 1 2291 2295 2296 XOR
2 1 1957 2296 2297 XOR
2 1 2042 2296 2298 XOR
2 1 1957 2298 2299 XOR
2 1 2297 2298 2300 AND
2 1 2296 2300 2301 XOR
2 1 1962 2301 2302 XOR
2 1 2043 2301 2303 XOR
2 1 1962 2303 2304 XOR
2 1 2302 2303 2305 AND
2 1 2301 2305 2306 XOR
2 1 1967 2306 2307 XOR
2 1 2044 2306 2308 XOR
2 1 1967 2308 2309 XOR
2 1 2307 2308 2310 AND
2 1 2306 2310 2311 XOR
2 1 1972 2311 2312 XOR
2 1 2045 2311 2313 XOR
2 1 1972 2313 2314 XOR
2 1 2312 2313 2315 AND
2 1 2311 2315 2316 XOR
2 1 1977 2316 2317 XOR
2 1 2046 2316 2318 XOR
2 1 1977 2318 2319 XOR
2 1 2317 2318 2320 AND
2 1 2316 2320 2321 XOR
2 1 1982 2321 2322 XOR
2 1 2047 2321 2323 XOR
2 1 1982 2323 2324 XOR
2 1 2322 2323 2325 AND
2 1 2321 2325 2326 XOR
2 1 1987 2326 2327 XOR
2 1 2048 2326 2328 XOR
2 1 1987 2328 2329 XOR
2 1 2327 2328 2330 AND
2 1 2326 2330 2331 XOR
2 1 2331 2049 2332 XOR
2 1 2332 1991 2333 XOR
2 1 0 71 2334 AND
2 1 1 71 2335 AND
2 1 2 71 2336 AND
2 1 3 71 2337 AND
2 1 4 71 2338 AND
2 1 5 71 2339 AND
2 1 6 71 2340 AND
2 1 7 71 2341 AND
2 1 8 71 2342 AND
2 1 9 71 2343 AND
2 1 10 71 2344 AND
2 1 11 71 2345 AND
2 1 12 71 2346 AND
2 1 13 71 2347 AND
2 1 14 71 2348 AND
2 1 15 71 2349 AND
2 1 16 71 2350 AND
2 1 17 71 2351 AND
2 1 18 71 2352 AND
2 1 19 71 2353 AND
2 1 20 71 2354 AND
2 1 21 71 2355 AND
2 1 22 71 2356 AND
2 1 23 71 2357 AND
2 1 24 71 2358 AND
2 1 25 71 2359 AND
2 1 26 71 2360 AND
2 1 27 71 2361 AND
2 1 28 71 2362 AND
2 1 29 71 2363 AND
2 1 30 71 2364 AND
2 1 31 71 2365 AND
2 1 32 71 2366 AND
2 1 33 71 2367 AND
2 1 34 71 2368 AND
2 1 35 71 2369 AND
2 1 36 71 2370 AND
2 1 37 71 2371 AND
2 1 38 71 2372 AND
2 1 39 71 2373 AND
2 1 40 71 2374 AND
2 1 41 71 2375 AND
2 1 42 71 2376 AND
2 1 43 71 2377 AND
2 1 44 71 2378 AND
2 1 45 71 2379 AND
2 1 46 71 2380 AND
2 1 47 71 2381 AND
2 1 48 71 2382 AND
2 1 49 71 2383 AND
2 1 50 71 2384 AND
2 1 51 71 2385 AND
2 1 52 71 2386 AND
2 1 53 71 2387 AND
2 1 54 71 2388 AND
2 1 55 71 2389 AND
2 1 56 71 2390 AND
2 1 2054 2334 2391 XOR
2 1 2054 2334 2392 AND
2 1 2059 2392 2393 XOR
2 1 2335 2392 2394 XOR
2 1 2059 2394 2395 XOR
2 1 2393 2394 2396 AND
2 1 2392 2396 2397 XOR
2 1 2064 2397 2398 XOR
2 1 2336 2397 2399 XOR
2 1 2064 2399 2400 XOR
2 1 2398 2399 2401 AND
2 1 2397 2401 2402 XOR
2 1 2069 2402 2403 XOR
2 1 2337 2402 2404 XOR
2 1 2069 2404 2405 XOR
2 1 2403 2404 2406 AND
2 1 2402 2406 2407 XOR
2 1 2074 2407 2408 XOR
2 1 2338 2407 2409 XOR
2 1 2074 2409 2410 XOR
2 1 2408 2409 2411 AND
2 1 2407 2411 2412 XOR
2 1 2079 2412 2413 XOR
2 1 2339 2412 2414 XOR
2 1 2079 2414 2415 XOR
2 1 2413 2414 2416 AND
2 1 2412 2416 2417 XOR
2 1 2084 2417 2418 XOR
2 1 2340 2417 2419 XOR
2 1 2084 2419 2420 XOR
2 1 2418 2419 2421 AND
2 1 2417 2421 2422 XOR
2 1 2089 2422 2423 XOR
2 1 2341 2422 2424 XOR
2 1 2089 2424 2425 XOR
2 1 2423 2424 2426 AND
2 1 2422 2426 2427 XOR
2 1 2094 2427 2428 XOR
2 1 2342 2427 2429 XOR
2 1 2094 2429 2430 XOR
2 1 2428 2429 2431 AND
2 1 2427 2431 2432 XOR
2 1 2099 2432 2433 XOR
2 1 2343 2432 2434 XOR
2 1 2099 2434 2435 XOR
2 1 2433 2434 2436 AND
2 1 2432 2436 2437 XOR
2 1 2104 2437 2438 XOR
2 1 2344 2437 2439 XOR
2 1 2104 2439 2440 XOR
2 1 2438 2439 2441 AND
2 1 2437 2441 2442 XOR
2 1 2109 2442 2443 XOR
2 1 2345 2442 2444 XOR
2 1 2109 2444 2445 XOR
2 1 2443 2444 2446 AND
2 1 2442 2446 2447 XOR
2 1 2114 2447 2448 XOR
2 1 2346 2447 2449 XOR
2 1 2114 2449 2450 XOR
2 1 2448 2449 2451 AND
2 1 2447 2451 2452 XOR
2 1 2119 2452 2453 XOR
2 1 2347 2452 2454 XOR
2 1 2119 2454 2455 XOR
2 1 2453 2454 2456 AND
2 1 2452 2456 2457 XOR
2 1 2124 2457 2458 XOR
2 1 2348 2457 2459 XOR
2 1 2124 2459 2460 XOR
2 1 2458 2459 2461 AND
2 1 2457 2461 2462 XOR
2 1 2129 2462 2463 XOR
2 1 2349 2462 2464 XOR
2 1 2129 2464 2465 XOR
2 1 2463 2464 2466 AND
2 1 2462 2466 2467 XOR
2 1 2134 2467 2468 XOR
2 1 2350 2467 2469 XOR
2 1 2134 2469 2470 XOR
2 1 2468 2469 2471 AND
2 1 2467 2471 2472 XOR
2 1 2139 2472 2473 XOR
2 1 2351 2472 2474 XOR
2 1 2139 2474 2475 XOR
2 1 2473 2474 2476 AND
2 1 2472 2476 2477 XOR
2 1 2144 2477 2478 XOR
2 1 2352 2477 2479 XOR
2 1 2144 2479 2480 XOR
2 1 2478 2479 2481 AND
2 1 2477 2481 2482 XOR
2 1 2149 2482 2483 XOR
2 1 2353 2482 2484 XOR
2 1 2149 2484 2485 XOR
2 1 2483 2484 2486 AND
2 1 2482 2486 2487 XOR
2 1 2154 2487 2488 XOR
2 1 2354 2487 2489 XOR
2 1 2154 2489 2490 XOR
2 1 2488 2489 2491 AND
2 1 2487 2491 2492 XOR
2 1 2159 2492 2493 XOR
2 1 2355 2492 2494 XOR
2 1 2159 2494 2495 XOR
2 1 2493 2494 2496 AND
2 1 2492 2496 2497 XOR
2 1 2164 2497 2498 XOR
2 1 2356 2497 2499 XOR
2 1 2164 2499 2500 XOR
2 1 2498 2499 2501 AND
2 1 2497 2501 2502 XOR
2 1 2169 2502 2503 XOR
2 1 2357 2502 2504 XOR
2 1 2169 2504 2505 XOR
2 1 2503 2504 2506 AND
2 1 2502 2506 2507 XOR
2 1 2174 2507 2508 XOR
2 1 2358 2507 2509 XOR
2 1 2174 2509 2510 XOR
2 1 2508 2509 2511 AND
2 1 2507 2511 2512 XOR
2 1 2179 2512 2513 XOR
2 1 2359 2512 2514 XOR
2 1 2179 2514 2515 XOR
2 1 2513 2514 2516 AND
2 1 2512 2516 2517 XOR
2 1 2184 2517 2518 XOR
2 1 2360 2517 2519 XOR
2 1 2184 2519 2520 XOR
2 1 2518 2519 2521 AND
2 1 2517 2521 2522 XOR
2 1 2189 2522 2523 XOR
2 1 2361 2522 2524 XOR
2 1 2189 2524 2525 XOR
2 1 2523 2524 2526 AND
2 1 2522 2526 2527 XOR
2 1 2194 2527 2528 XOR
2 1 2362 2527 2529 XOR
2 1 2194 2529 2530 XOR
2 1 2528 2529 2531 AND
2 1 2527 2531 2532 XOR
2 1 2199 2532 2533 XOR
2 1 2363 2532 2534 XOR
2 1 2199 2534 2535 XOR
2 1 2533 2534 2536 AND
2 1 2532 2536 2537 XOR
2 1 2204 2537 2538 XOR
2 1 2364 2537 2539 XOR
2 1 2204 2539 2540 XOR
2 1 2538 2539 2541 AND
2 1 2537 2541 2542 XOR
2 1 2209 2542 2543 XOR
2 1 2365 2542 2544 XOR
2 1 2209 2544 2545 XOR
2 1 2543 2544 2546 AND
2 1 2542 2546 2547 XOR
2 1 2214 2547 2548 XOR
2 1 2366 2547 2549 XOR
2 1 2214 2549 2550 XOR
2 1 2548 2549 2551 AND
2 1 2547 2551 2552 XOR
2 1 2219 2552 2553 XOR
2 1 2367 2552 2554 XOR
2 1 2219 2554 2555 XOR
2 1 2553 2554 2556 AND
2 1 2552 2556 2557 XOR
2 1 2224 2557 2558 XOR
2 1 2368 2557 2559 XOR
2 1 2224 2559 2560 XOR
2 1 2558 2559 2561 AND
2 1 2557 2561 2562 XOR
2 1 2229 2562 2563 XOR
2 1 2369 2562 2564 XOR
2 1 2229 2564 2565 XOR
2 1 2563 2564 2566 AND
2 1 2562 2566 2567 XOR
2 1 2234 2567 2568 XOR
2 1 2370 2567 2569 XOR
2 1 2234 2569 2570 XOR
2 1 2568 2569 2571 AND
2 1 2567 2571 2572 XOR
2 1 2239 2572 2573 XOR
2 1 2371 2572 2574 XOR
2 1 2239 2574 2575 XOR
2 1 2573 2574 2576 AND
2 1 2572 2576 2577 XOR
2 1 2244 2577 2578 XOR
2 1 2372 2577 2579 XOR
2 1 2244 2579 2580 XOR
2 1 2578 2579 2581 AND
2 1 2577 2581 2582 XOR
2 1 2249 2582 2583 XOR
2 1 2373 2582 2584 XOR
2 1 2249 2584 2585 XOR
2 1 2583 2584 2586 AND
2 1 2582 2586 2587 XOR
2 1 2254 2587 2588 XOR
2 1 2374 2587 2589 XOR
2 1 2254 2589 2590 XOR
2 1 2588 2589 2591 AND
2 1 2587 2591 2592 XOR
2 1 2259 2592 2593 XOR
2 1 2375 2592 2594 XOR
2 1 2259 2594 2595 XOR
2 1 2593 2594 2596 AND
2 1 2592 2596 2597 XOR
2 1 2264 2597 2598 XOR
2 1 2376 2597 2599 XOR
2 1 2264 2599 2600 XOR
2 1 2598 2599 2601 AND
2 1 2597 2601 2602 XOR
2 1 2269 2602 2603 XOR
2 1 2377 2602 2604 XOR
2 1 2269 2604 2605 XOR
2 1 2603 2604 2606 AND
2 1 2602 2606 2607 XOR
2 1 2274 2607 2608 XOR
2 1 2378 2607 2609 XOR
2 1 2274 2609 2610 XOR
2 1 2608 2609 2611 AND
2 1 2607 2611 2612 XOR
2 1 2279 2612 2613 XOR
2 1 2379 2612 2614 XOR
2 1 2279 2614 2615 XOR
2 1 2613 2614 2616 AND
2 1 2612 2616 2617 XOR
2 1 2284 2617 2618 XOR
2 1 2380 2617 2619 XOR
2 1 2284 2619 2620 XOR
2 1 2618 2619 2621 AND
2 1 2617 2621 2622 XOR
2 1 2289 2622 2623 XOR
2 1 2381 2622 2624 XOR
2 1 2289 2624 2625 XOR
2 1 2623 2624 2626 AND
2 1 2622 2626 2627 XOR
2 1 2294 2627 2628 XOR
2 1 2382 2627 2629 XOR
2 1 2294 2629 2630 XOR
2 1 2628 2629 2631 AND
2 1 2627 2631 2632 XOR
2 1 2299 2632 2633 XOR
2 1 2383 2632 2634 XOR
2 1 2299 2634 2635 XOR
2 1 2633 2634 2636 AND
2 1 2632 2636 2637 XOR
2 1 2304 2637 2638 XOR
2 1 2384 2637 2639 XOR
2 1 2304 2639 2640 XOR
2 1 2638 2639 2641 AND
2 1 2637 2641 2642 XOR
2 1 2309 2642 2643 XOR
2 1 2385 2642 2644 XOR
2 1 2309 2644 2645 XOR
2 1 2643 2644 2646 AND
2 1 2642 2646 2647 XOR
2 1 2314 2647 2648 XOR
2 1 2386 2647 2649 XOR
2 1 2314 2649 2650 XOR
2 1 2648 2649 2651 AND
2 1 2647 2651 2652 XOR
2 1 2319 2652 2653 XOR
2 1 2387 2652 2654 XOR
2 1 2319 2654 2655 XOR
2 1 2653 2654 2656 AND
2 1 2652 2656 2657 XOR
2 1 2324 2657 2658 XOR
2 1 2388 2657 2659 XOR
2 1 2324 2659 2660 XOR
2 1 2658 2659 2661 AND
2 1 2657 2661 2662 XOR
2 1 2329 2662 2663 XOR
2 1 2389 2662 2664 XOR
2 1 2329 2664 2665 XOR
2 1 2663 2664 2666 AND
2 1 2662 2666 2667 XOR
2 1 2667 2390 2668 XOR
2 1 2668 2333 2669 XOR
2 1 0 72 2670 AND
2 1 1 72 2671 AND
2 1 2 72 2672 AND
2 1 3 72 2673 AND
2 1 4 72 2674 AND
2 1 5 72 2675 AND
2 1 6 72 2676 AND
2 1 7 72 2677 AND
2 1 8 72 2678 AND
2 1 9 72 2679 AND
2 1 10 72 2680 AND
2 1 11 72 2681 AND
2 1 12 72 2682 AND
2 1 13 72 2683 AND
2 1 14 72 2684 AND
2 1 15 72 2685 AND
2 1 16 72 2686 AND
2 1 17 72 2687 AND
2 1 18 72 2688 AND
2 1 19 72 2689 AND
2 1 20 72 2690 AND
2 1 21 72 2691 AND
2 1 22 72 2692 AND
2 1 23 72 2693 AND
2 1 24 72 2694 AND
2 1 25 72 2695 AND
2 1 26 72 2696 AND
2 1 27 72 2697 AND
2 1 28 72 2698 AND
2 1 29 72 2699 AND
2 1 30 72 2700 AND
2 1 31 72 2701 AND
2 1 32 72 2702 AND
2 1 33 72 2703 AND
2 1 34 72 2704 AND
2 1 35 72 2705 AND
2 1 36 72 2706 AND
2 1 37 72 2707 AND
2 1 38 72 2708 AND
2 1 39 72 2709 AND
2 1 40 72 2710 AND
2 1 41 72 2711 AND
2 1 42 72 2712 AND
2 1 43 72 2713 AND
2 1 44 72 2714 AND
2 1 45 72 2715 AND
2 1 46 72 2716 AND
2 1 47 72 2717 AND
2 1 48 72 2718 AND
2 1 49 72 2719 AND
2 1 50 72 2720 AND
2 1 51 72 2721 AND
2 1 52 72 2722 AND
2 1 53 72 2723 AND
2 1 54 72 2724 AND
2 1 55 72 2725 AND
2 1 2395 2670 2726 XOR
2 1 2395 2670 2727 AND
2 1 2400 2727 2728 XOR
2 1 2671 2727 2729 XOR
2 1 2400 2729 2730 XOR
2 1 2728 2729 2731 AND
2 1 2727 2731 2732 XOR
2 1 2405 2732 2733 XOR
2 1 2672 2732 2734 XOR
2 1 2405 2734 2735 XOR
2 1 2733 2734 2736 AND
2 1 2732 2736 2737 XOR
2 1 2410 2737 2738 XOR
2 1 2673 2737 2739 XOR
2 1 2410 2739 2740 XOR
2 1 2738 2739 2741 AND
2 1 2737 2741 2742 XOR
2 1 2415 2742 2743 XOR
2 1 2674 2742 2744 XOR
2 1 2415 2744 2745 XOR
2 1 2743 2744 2746 AND
2 1 2742 2746 2747 XOR
2 1 2420 2747 2748 XOR
2 1 2675 2747 2749 XOR
2 1 2420 2749 2750 XOR
2 1 2748 2749 2751 AND
2 1 2747 2751 2752 XOR
2 1 2425 2752 2753 XOR
2 1 2676 2752 2754 XOR
2 1 2425 2754 2755 XOR
2 1 2753 2754 2756 AND
2 1 2752 2756 2757 XOR
2 1 2430 2757 2758 XOR
2 1 2677 2757 2759 XOR
2 1 2430 2759 2760 XOR
2 1 2758 2759 2761 AND
2 1 2757 2761 2762 XOR
2 1 2435 2762 2763 XOR
2 1 2678 2762 2764 XOR
2 1 2435 2764 2765 XOR
2 1 2763 2764 2766 AND
2 1 2762 2766 2767 XOR
2 1 2440 2767 2768 XOR
2 1 2679 2767 2769 XOR
2 1 2440 2769 2770 XOR
2 1 2768 2769 2771 AND
2 1 2767 2771 2772 XOR
2 1 2445 2772 2773 XOR
2 1 2680 2772 2774 XOR
2 1 2445 2774 2775 XOR
2 1 2773 2774 2776 AND
2 1 2772 2776 2777 XOR
2 1 2450 2777 2778 XOR
2 1 2681 2777 2779 XOR
2 1 2450 2779 2780 XOR
2 1 2778 2779 2781 AND
2 1 2777 2781 2782 XOR
2 1 2455 2782 2783 XOR
2 1 2682 2782 2784 XOR
2 1 2455 2784 2785 XOR
2 1 2783 2784 2786 AND
2 1 2782 2786 2787 XOR
2 1 2460 2787 2788 XOR
2 1 2683 2787 2789 XOR
2 1 2460 2789 2790 XOR
2 1 2788 2789 2791 AND
2 1 2787 2791 2792 XOR
2 1 2465 2792 2793 XOR
2 1 2684 2792 2794 XOR
2 1 2465 2794 2795 XOR
2 1 2793 2794 2796 AND
2 1 2792 2796 2797 XOR
2 1 2470 2797 2798 XOR
2 1 2685 2797 2799 XOR
2 1 2470 2799 2800 XOR
2 1 2798 2799 2801 AND
2 1 2797 2801 2802 XOR
2 1 2475 2802 2803 XOR
2 1 2686 2802 2804 XOR
2 1 2475 2804 2805 XOR
2 1 2803 2804 2806 AND
2 1 2802 2806 2807 XOR
2 1 2480 2807 2808 XOR
2 1 2687 2807 2809 XOR
2 1 2480 2809 2810 XOR
2 1 2808 2809 2811 AND
2 1 2807 2811 2812 XOR
2 1 2485 2812 2813 XOR
2 1 2688 2812 2814 XOR
2 1 2485 2814 2815 XOR
2 1 2813 2814 2816 AND
2 1 2812 2816 2817 XOR
2 1 2490 2817 2818 XOR
2 1 2689 2817 2819 XOR
2 1 2490 2819 2820 XOR
2 1 2818 2819 2821 AND
2 1 2817 2821 2822 XOR
2 1 2495 2822 2823 XOR
2 1 2690 2822 2824 XOR
2 1 2495 2824 2825 XOR
2 1 2823 2824 2826 AND
2 1 2822 2826 2827 XOR
2 1 2500 2827 2828 XOR
2 1 2691 2827 2829 XOR
2 1 2500 2829 2830 XOR
2 1 2828 2829 2831 AND
2 1 2827 2831 2832 XOR
2 1 2505 2832 2833 XOR
2 1 2692 2832 2834 XOR
2 1 2505 2834 2835 XOR
2 1 2833 2834 2836 AND
2 1 2832 2836 2837 XOR
2 1 2510 2837 2838 XOR
2 1 2693 2837 2839 XOR
2 1 2510 2839 2840 XOR
2 1 2838 2839 2841 AND
2 1 2837 2841 2842 XOR
2 1 2515 2842 2843 XOR
2 1 2694 2842 2844 XOR
2 1 2515 2844 2845 XOR
2 1 2843 2844 2846 AND
2 1 2842 2846 2847 XOR
2 1 2520 2847 2848 XOR
2 1 2695 2847 2849 XOR
2 1 2520 2849 2850 XOR
2 1 2848 2849 2851 AND
2 1 2847 2851 2852 XOR
2 1 2525 2852 2853 XOR
2 1 2696 2852 2854 XOR
2 1 2525 2854 2855 XOR
2 1 2853 2854 2856 AND
2 1 2852 2856 2857 XOR
2 1 2530 2857 2858 XOR
2 1 2697 2857 2859 XOR
2 1 2530 2859 2860 XOR
2 1 2858 2859 2861 AND
2 1 2857 2861 2862 XOR
2 1 2535 2862 2863 XOR
2 1 2698 2862 2864 XOR
2 1 2535 2864 2865 XOR
2 1 2863 2864 2866 AND
2 1 2862 2866 2867 XOR
2 1 2540 2867 2868 XOR
2 1 2699 2867 2869 XOR
2 1 2540 2869 2870 XOR
2 1 2868 2869 2871 AND
2 1 2867 2871 2872 XOR
2 1 2545 2872 2873 XOR
2 1 2700 2872 2874 XOR
2 1 2545 2874 2875 XOR
2 1 2873 2874 2876 AND
2 1 2872 2876 2877 XOR
2 1 2550 2877 2878 XOR
2 1 2701 2877 2879 XOR
2 1 2550 2879 2880 XOR
2 1 2878 2879 2881 AND
2 1 2877 2881 2882 XOR
2 1 2555 2882 2883 XOR
2 1 2702 2882 2884 XOR
2 1 2555 2884 2885 XOR
2 1 2883 2884 2886 AND
2 1 2882 2886 2887 XOR
2 1 2560 2887 2888 XOR
2 1 2703 2887 2889 XOR
2 1 2560 2889 2890 XOR
2 1 2888 2889 2891 AND
2 1 2887 2891 2892 XOR
2 1 2565 2892 2893 XOR
2 1 2704 2892 2894 XOR
2 1 2565 2894 2895 XOR
2 1 2893 2894 2896 AND
2 1 2892 2896 2897 XOR
2 1 2570 2897 2898 XOR
2 1 2705 2897 2899 XOR
2 1 2570 2899 2900 XOR
2 1 2898 2899 2901 AND
2 1 2897 2901 2902 XOR
2 1 2575 2902 2903 XOR
2 1 2706 2902 2904 XOR
2 1 2575 2904 2905 XOR
2 1 2903 2904 2906 AND
2 1 2902 2906 2907 XOR
2 1 2580 2907 2908 XOR
2 1 2707 2907 2909 XOR
2 1 2580 2909 2910 XOR
2 1 2908 2909 2911 AND
2 1 2907 2911 2912 XOR
2 1 2585 2912 2913 XOR
2 1 2708 2912 2914 XOR
2 1 2585 2914 2915 XOR
2 1 2913 2914 2916 AND
2 1 2912 2916 2917 XOR
2 1 2590 2917 2918 XOR
2 1 2709 2917 2919 XOR
2 1 2590 2919 2920 XOR
2 1 2918 2919 2921 AND
2 1 2917 2921 2922 XOR
2 1 2595 2922 2923 XOR
2 1 2710 2922 2924 XOR
2 1 2595 2924 2925 XOR
2 1 2923 2924 2926 AND
2 1 2922 2926 2927 XOR
2 1 2600 2927 2928 XOR
2 1 2711 2927 2929 XOR
2 1 2600 2929 2930 XOR
2 1 2928 2929 2931 AND
2 1 2927 2931 2932 XOR
2 1 2605 2932 2933 XOR
2 1 2712 2932 2934 XOR
2 1 2605 2934 2935 XOR
2 1 2933 2934 2936 AND
2 1 2932 2936 2937 XOR
2 1 2610 2937 2938 XOR
2 1 2713 2937 2939 XOR
2 1 2610 2939 2940 XOR
2 1 2938 2939 2941 AND
2 1 2937 2941 2942 XOR
2 1 2615 2942 2943 XOR
2 1 2714 2942 2944 XOR
2 1 2615 2944 2945 XOR
2 1 2943 2944 2946 AND
2 1 2942 2946 2947 XOR
2 1 2620 2947 2948 XOR
2 1 2715 2947 2949 XOR
2 1 2620 2949 2950 XOR
2 1 2948 2949 2951 AND
2 1 2947 2951 2952 XOR
2 1 2625 2952 2953 XOR
2 1 2716 2952 2954 XOR
2 1 2625 2954 2955 XOR
2 1 2953 2954 2956 AND
2 1 2952 2956 2957 XOR
2 1 2630 2957 2958 XOR
2 1 2717 2957 2959 XOR
2 1 2630 2959 2960 XOR
2 1 2958 2959 2961 AND
2 1 2957 2961 2962 XOR
2 1 2635 2962 2963 XOR
2 1 2718 2962 2964 XOR
2 1 2635 2964 2965 XOR
2 1 2963 2964 2966 AND
2 1 2962 2966 2967 XOR
2 1 2640 2967 2968 XOR
2 1 2719 2967 2969 XOR
2 1 2640 2969 2970 XOR
2 1 2968 2969 2971 AND
2 1 2967 2971 2972 XOR
2 1 2645 2972 2973 XOR
2 1 2720 2972 2974 XOR
2 1 2645 2974 2975 XOR
2 1 2973 2974 2976 AND
2 1 2972 2976 2977 XOR
2 1 2650 2977 2978 XOR
2 1 2721 2977 2979 XOR
2 1 2650 2979 2980 XOR
2 1 2978 2979 2981 AND
2 1 2977 2981 2982 XOR
2 1 2655 2982 2983 XOR
2 1 2722 2982 2984 XOR
2 1 2655 2984 2985 XOR
2 1 2983 2984 2986 AND
2 1 2982 2986 2987 XOR
2 1 2660 2987 2988 XOR
2 1 2723 2987 2989 XOR
2 1 2660 2989 2990 XOR
2 1 2988 2989 2991 AND
2 1 2987 2991 2992 XOR
2 1 2665 2992 2993 XOR
2 1 2724 2992 2994 XOR
2 1 2665 2994 2995 XOR
2 1 2993 2994 2996 AND
2 1 2992 2996 2997 XOR
2 1 2997 2725 2998 XOR
2 1 2998 2669 2999 XOR
2 1 0 73 3000 AND
2 1 1 73 3001 AND
2 1 2 73 3002 AND
2 1 3 73 3003 AND
2 1 4 73 3004 AND
2 1 5 73 3005 AND
2 1 6 73 3006 AND
2 1 7 73 3007 AND
2 1 8 73 3008 AND
2 1 9 73 3009 AND
2 1 10 73 3010 AND
2 1 11 73 3011 AND
2 1 12 73 3012 AND
2 1 13 73 3013 AND
2 1 14 73 3014 AND
2 1 15 73 3015 AND
2 1 16 73 3016 AND
2 1 17 73 3017 AND
2 1 18 73 3018 AND
2 1 19 73 3019 AND
2 1 20 73 3020 AND
2 1 21 73 3021 AND
2 1 22 73 3022 AND
2 1 23 73 3023 AND
2 1 24 73 3024 AND
2 1 25 73 3025 AND
2 1 26 73 3026 AND
2 1 27 73 3027 AND
2 1 28 73 3028 AND
2 1 29 73 3029 AND
2 1 30 73 3030 AND
2 1 31 73 3031 AND
2 1 32 73 3032 AND
2 1 33 73 3033 AND
2 1 34 73 3034 AND
2 1 35 73 3035 AND
2 1 36 73 3036 AND
2 1 37 73 3037 AND
2 1 38 73 3038 AND
2 1 39 73 3039 AND
2 1 40 73 3040 AND
2 1 41 73 3041 AND
2 1 42 73 3042 AND
2 1 43 73 3043 AND
2 1 44 73 3044 AND
2 1 45 73 3045 AND
2 1 46 73 3046 AND
2 1 47 73 3047 AND
2 1 48 73 3048 AND
2 1 49 73 3049 AND
2 1 50 73 3050 AND
2 1 51 73 3051 AND
2 1 52 73 3052 AND
2 1 53 73 3053 AND
2 1 54 73 3054 AND
2 1 2730 3000 3055 XOR
2 1 2730 3000 3056 AND
2 1 2735 3056 3057 XOR
2 1 3001 3056 3058 XOR
2 1 2735 3058 3059 XOR
2 1 3057 3058 3060 AND
2 1 3056 3060 3061 XOR
2 1 2740 3061 3062 XOR
2 1 3002 3061 3063 XOR
2 1 2740 3063 3064 XOR
2 1 3062 3063 3065 AND
2 1 3061 3065 3066 XOR
2 1 2745 3066 3067 XOR
2 1 3003 3066 3068 XOR
2 1 2745 3068 3069 XOR
2 1 3067 3068 3070 AND
2 1 3066 3070 3071 XOR
2 1 2750 3071 3072 XOR
2 1 3004 3071 3073 XOR
2 1 2750 3073 3074 XOR
2 1 3072 3073 3075 AND
2 1 3071 3075 3076 XOR
2 1 2755 3076 3077 XOR
2 1 3005 3076 3078 XOR
2 1 2755 3078 3079 XOR
2 1 3077 3078 3080 AND
2 1 3076 3080 3081 XOR
2 1 2760 3081 3082 XOR
2 1 3006 3081 3083 XOR
2 1 2760 3083 3084 XOR
2 1 3082 3083 3085 AND
2 1 3081 3085 3086 XOR
2 1 2765 3086 3087 XOR
2 1 3007 3086 3088 XOR
2 1 2765 3088 3089 XOR
2 1 3087 3088 3090 AND
2 1 3086 3090 3091 XOR
2 1 2770 3091 3092 XOR
2 1 3008 3091 3093 XOR
2 1 2770 3093 3094 XOR
2 1 3092 3093 3095 AND
2 1 3091 3095 3096 XOR
2 1 2775 3096 3097 XOR
2 1 3009 3096 3098 XOR
2 1 2775 3098 3099 XOR
2 1 3097 3098 3100 AND
2 1 3096 3100 3101 XOR
2 1 2780 3101 3102 XOR
2 1 3010 3101 3103 XOR
2 1 2780 3103 3104 XOR
2 1 3102 3103 3105 AND
2 1 3101 3105 3106 XOR
2 1 2785 3106 3107 XOR
2 1 3011 3106 3108 XOR
2 1 2785 3108 3109 XOR
2 1 3107 3108 3110 AND
2 1 3106 3110 3111 XOR
2 1 2790 3111 3112 XOR
2 1 3012 3111 3113 XOR
2 1 2790 3113 3114 XOR
2 1 3112 3113 3115 AND
2 1 3111 3115 3116 XOR
2 1 2795 3116 3117 XOR
2 1 3013 3116 3118 XOR
2 1 2795 3118 3119 XOR
2 1 3117 3118 3120 AND
2 1 3116 3120 3121 XOR
2 1 2800 3121 3122 XOR
2 1 3014 3121 3123 XOR
2 1 2800 3123 3124 XOR
2 1 3122 3123 3125 AND
2 1 3121 3125 3126 XOR
2 1 2805 3126 3127 XOR
2 1 3015 3126 3128 XOR
2 1 2805 3128 3129 XOR
2 1 3127 3128 3130 AND
2 1 3126 3130 3131 XOR
2 1 2810 3131 3132 XOR
2 1 3016 3131 3133 XOR
2 1 2810 3133 3134 XOR
2 1 3132 3133 3135 AND
2 1 3131 3135 3136 XOR
2 1 2815 3136 3137 XOR
2 1 3017 3136 3138 XOR
2 1 2815 3138 3139 XOR
2 1 3137 3138 3140 AND
2 1 3136 3140 3141 XOR
2 1 2820 3141 3142 XOR
2 1 3018 3141 3143 XOR
2 1 2820 3143 3144 XOR
2 1 3142 3143 3145 AND
2 1 3141 3145 3146 XOR
2 1 2825 3146 3147 XOR
2 1 3019 3146 3148 XOR
2 1 2825 3148 3149 XOR
2 1 3147 3148 3150 AND
2 1 3146 3150 3151 XOR
2 1 2830 3151 3152 XOR
2 1 3020 3151 3153 XOR
2 1 2830 3153 3154 XOR
2 1 3152 3153 3155 AND
2 1 3151 3155 3156 XOR
2 1 2835 3156 3157 XOR
2 1 3021 3156 3158 XOR
2 1 2835 3158 3159 XOR
2 1 3157 3158 3160 AND
2 1 3156 3160 3161 XOR
2 1 2840 3161 3162 XOR
2 1 3022 3161 3163 XOR
2 1 2840 3163 3164 XOR
2 1 3162 3163 3165 AND
2 1 3161 3165 3166 XOR
2 1 2845 3166 3167 XOR
2 1 3023 3166 3168 XOR
2 1 2845 3168 3169 XOR
2 1 3167 3168 3170 AND
2 1 3166 3170 3171 XOR
2 1 2850 3171 3172 XOR
2 1 3024 3171 3173 XOR
2 1 2850 3173 3174 XOR
2 1 3172 3173 3175 AND
2 1 3171 3175 3176 XOR
2 1 2855 3176 3177 XOR
2 1 3025 3176 3178 XOR
2 1 2855 3178 3179 XOR
2 1 3177 3178 3180 AND
2 1 3176 3180 3181 XOR
2 1 2860 3181 3182 XOR
2 1 3026 3181 3183 XOR
2 1 2860 3183 3184 XOR
2 1 3182 3183 3185 AND
2 1 3181 3185 3186 XOR
2 1 2865 3186 3187 XOR
2 1 3027 3186 3188 XOR
2 1 2865 3188 3189 XOR
2 1 3187 3188 3190 AND
2 1 3186 3190 3191 XOR
2 1 2870 3191 3192 XOR
2 1 3028 3191 3193 XOR
2 1 2870 3193 3194 XOR
2 1 3192 3193 3195 AND
2 1 3191 3195 3196 XOR
2 1 2875 3196 3197 XOR
2 1 3029 3196 3198 XOR
2 1 2875 3198 3199 XOR
2 1 3197 3198 3200 AND
2 1 3196 3200 3201 XOR
2 1 2880 3201 3202 XOR
2 1 3030 3201 3203 XOR
2 1 2880 3203 3204 XOR
2 1 3202 3203 3205 AND
2 1 3201 3205 3206 XOR
2 1 2885 3206 3207 XOR
2 1 3031 3206 3208 XOR
2 1 2885 3208 3209 XOR
2 1 3207 3208 3210 AND
2 1 3206 3210 3211 XOR
2 1 2890 3211 3212 XOR
2 1 3032 3211 3213 XOR
2 1 2890 3213 3214 XOR
2 1 3212 3213 3215 AND
2 1 3211 3215 3216 XOR
2 1 2895 3216 3217 XOR
2 1 3033 3216 3218 XOR
2 1 2895 3218 3219 XOR
2 1 3217 3218 3220 AND
2 1 3216 3220 3221 XOR
2 1 2900 3221 3222 XOR
2 1 3034 3221 3223 XOR
2 1 2900 3223 3224 XOR
2 1 3222 3223 3225 AND
2 1 3221 3225 3226 XOR
2 1 2905 3226 3227 XOR
2 1 3035 3226 3228 XOR
2 1 2905 3228 3229 XOR
2 1 3227 3228 3230 AND
2 1 3226 3230 3231 XOR
2 1 2910 3231 3232 XOR
2 1 3036 3231 3233 XOR
2 1 2910 3233 3234 XOR
2 1 3232 3233 3235 AND
2 1 3231 3235 3236 XOR
2 1 2915 3236 3237 XOR
2 1 3037 3236 3238 XOR
2 1 2915 3238 3239 XOR
2 1 3237 3238 3240 AND
2 1 3236 3240 3241 XOR
2 1 2920 3241 3242 XOR
2 1 3038 3241 3243 XOR
2 1 2920 3243 3244 XOR
2 1 3242 3243 3245 AND
2 1 3241 3245 3246 XOR
2 1 2925 3246 3247 XOR
2 1 3039 3246 3248 XOR
2 1 2925 3248 3249 XOR
2 1 3247 3248 3250 AND
2 1 3246 3250 3251 XOR
2 1 2930 3251 3252 XOR
2 1 3040 3251 3253 XOR
2 1 2930 3253 3254 XOR
2 1 3252 3253 3255 AND
2 1 3251 3255 3256 XOR
2 1 2935 3256 3257 XOR
2 1 3041 3256 3258 XOR
2 1 2935 3258 3259 XOR
2 1 3257 3258 3260 AND
2 1 3256 3260 3261 XOR
2 1 2940 3261 3262 XOR
2 1 3042 3261 3263 XOR
2 1 2940 3263 3264 XOR
2 1 3262 3263 3265 AND
2 1 3261 3265 3266 XOR
2 1 2945 3266 3267 XOR
2 1 3043 3266 3268 XOR
2 1 2945 3268 3269 XOR
2 1 3267 3268 3270 AND
2 1 3266 3270 3271 XOR
2 1 2950 3271 3272 XOR
2 1 3044 3271 3273 XOR
2 1 2950 3273 3274 XOR
2 1 3272 3273 3275 AND
2 1 3271 3275 3276 XOR
2 1 2955 3276 3277 XOR
2 1 3045 3276 3278 XOR
2 1 2955 3278 3279 XOR
2 1 3277 3278 3280 AND
2 1 3276 3280 3281 XOR
2 1 2960 3281 3282 XOR
2 1 3046 3281 3283 XOR
2 1 2960 3283 3284 XOR
2 1 3282 3283 3285 AND
2 1 3281 3285 3286 XOR
2 1 2965 3286 3287 XOR
2 1 3047 3286 3288 XOR
2 1 2965 3288 3289 XOR
2 1 3287 3288 3290 AND
2 1 3286 3290 3291 XOR
2 1 2970 3291 3292 XOR
2 1 3048 3291 3293 XOR
2 1 2970 3293 3294 XOR
2 1 3292 3293 3295 AND
2 1 3291 3295 3296 XOR
2 1 2975 3296 3297 XOR
2 1 3049 3296 3298 XOR
2 1 2975 3298 3299 XOR
2 1 3297 3298 3300 AND
2 1 3296 3300 3301 XOR
2 1 2980 3301 3302 XOR
2 1 3050 3301 3303 XOR
2 1 2980 3303 3304 XOR
2 1 3302 3303 3305 AND
2 1 3301 3305 3306 XOR
2 1 2985 3306 3307 XOR
2 1 3051 3306 3308 XOR
2 1 2985 3308 3309 XOR
2 1 3307 3308 3310 AND
2 1 3306 3310 3311 XOR
2 1 2990 3311 3312 XOR
2 1 3052 3311 3313 XOR
2 1 2990 3313 3314 XOR
2 1 3312 3313 3315 AND
2 1 3311 3315 3316 XOR
2 1 2995 3316 3317 XOR
2 1 3053 3316 3318 XOR
2 1 2995 3318 3319 XOR
2 1 3317 3318 3320 AND
2 1 3316 3320 3321 XOR
2 1 3321 3054 3322 XOR
2 1 3322 2999 3323 XOR
2 1 0 74 3324 AND
2 1 1 74 3325 AND
2 1 2 74 3326 AND
2 1 3 74 3327 AND
2 1 4 74 3328 AND
2 1 5 74 3329 AND
2 1 6 74 3330 AND
2 1 7 74 3331 AND
2 1 8 74 3332 AND
2 1 9 74 3333 AND
2 1 10 74 3334 AND
2 1 11 74 3335 AND
2 1 12 74 3336 AND
2 1 13 74 3337 AND
2 1 14 74 3338 AND
2 1 15 74 3339 AND
2 1 16 74 3340 AND
2 1 17 74 3341 AND
2 1 18 74 3342 AND
2 1 19 74 3343 AND
2 1 20 74 3344 AND
2 1 21 74 3345 AND
2 1 22 74 3346 AND
2 1 23 74 3347 AND
2 1 24 74 3348 AND
2 1 25 74 3349 AND
2 1 26 74 3350 AND
2 1 27 74 3351 AND
2 1 28 74 3352 AND
2 1 29 74 3353 AND
2 1 30 74 3354 AND
2 1 31 74 3355 AND
2 1 32 74 3356 AND
2 1 33 74 3357 AND
2 1 34 74 3358 AND
2 1 35 74 3359 AND
2 1 36 74 3360 AND
2 1 37 74 3361 AND
2 1 38 74 3362 AND
2 1 39 74 3363 AND
2 1 40 74 3364 AND
2 1 41 74 3365 AND
2 1 42 74 3366 AND
2 1 43 74 3367 AND
2 1 44 74 3368 AND
2 1 45 74 3369 AND
2 1 46 74 3370 AND
2 1 47 74 3371 AND
2 1 48 74 3372 AND
2 1 49 74 3373 AND
2 1 50 74 3374 AND
2 1 51 74 3375 AND
2 1 52 74 3376 AND
2 1 53 74 3377 AND
2 1 3059 3324 3378 XOR
2 1 3059 3324 3379 AND
2 1 3064 3379 3380 XOR
2 1 3325 3379 3381 XOR
2 1 3064 3381 3382 XOR
2 1 3380 3381 3383 AND
2 1 3379 3383 3384 XOR
2 1 3069 3384 3385 XOR
2 1 3326 3384 3386 XOR
2 1 3069 3386 3387 XOR
2 1 3385 3386 3388 AND
2 1 3384 3388 3389 XOR
2 1 3074 3389 3390 XOR
2 1 3327 3389 3391 XOR
2 1 3074 3391 3392 XOR
2 1 3390 3391 3393 AND
2 1 3389 3393 3394 XOR
2 1 3079 3394 3395 XOR
2 1 3328 3394 3396 XOR
2 1 3079 3396 3397 XOR
2 1 3395 3396 3398 AND
2 1 3394 3398 3399 XOR
2 1 3084 3399 3400 XOR
2 1 3329 3399 3401 XOR
2 1 3084 3401 3402 XOR
2 1 3400 3401 3403 AND
2 1 3399 3403 3404 XOR
2 1 3089 3404 3405 XOR
2 1 3330 3404 3406 XOR
2 1 3089 3406 3407 XOR
2 1 3405 3406 3408 AND
2 1 3404 3408 3409 XOR
2 1 3094 3409 3410 XOR
2 1 3331 3409 3411 XOR
2 1 3094 3411 3412 XOR
2 1 3410 3411 3413 AND
2 1 3409 3413 3414 XOR
2 1 3099 3414 3415 XOR
2 1 3332 3414 3416 XOR
2 1 3099 3416 3417 XOR
2 1 3415 3416 3418 AND
2 1 3414 3418 3419 XOR
2 1 3104 3419 3420 XOR
2 1 3333 3419 3421 XOR
2 1 3104 3421 3422 XOR
2 1 3420 3421 3423 AND
2 1 3419 3423 3424 XOR
2 1 3109 3424 3425 XOR
2 1 3334 3424 3426 XOR
2 1 3109 3426 3427 XOR
2 1 3425 3426 3428 AND
2 1 3424 3428 3429 XOR
2 1 3114 3429 3430 XOR
2 1 3335 3429 3431 XOR
2 1 3114 3431 3432 XOR
2 1 3430 3431 3433 AND
2 1 3429 3433 3434 XOR
2 1 3119 3434 3435 XOR
2 1 3336 3434 3436 XOR
2 1 3119 3436 3437 XOR
2 1 3435 3436 3438 AND
2 1 3434 3438 3439 XOR
2 1 3124 3439 3440 XOR
2 1 3337 3439 3441 XOR
2 1 3124 3441 3442 XOR
2 1 3440 3441 3443 AND
2 1 3439 3443 3444 XOR
2 1 3129 3444 3445 XOR
2 1 3338 3444 3446 XOR
2 1 3129 3446 3447 XOR
2 1 3445 3446 3448 AND
2 1 3444 3448 3449 XOR
2 1 3134 3449 3450 XOR
2 1 3339 3449 3451 XOR
2 1 3134 3451 3452 XOR
2 1 3450 3451 3453 AND
2 1 3449 3453 3454 XOR
2 1 3139 3454 3455 XOR
2 1 3340 3454 3456 XOR
2 1 3139 3456 3457 XOR
2 1 3455 3456 3458 AND
2 1 3454 3458 3459 XOR
2 1 3144 3459 3460 XOR
2 1 3341 3459 3461 XOR
2 1 3144 3461 3462 XOR
2 1 3460 3461 3463 AND
2 1 3459 3463 3464 XOR
2 1 3149 3464 3465 XOR
2 1 3342 3464 3466 XOR
2 1 3149 3466 3467 XOR
2 1 3465 3466 3468 AND
2 1 3464 3468 3469 XOR
2 1 3154 3469 3470 XOR
2 1 3343 3469 3471 XOR
2 1 3154 3471 3472 XOR
2 1 3470 3471 3473 AND
2 1 3469 3473 3474 XOR
2 1 3159 3474 3475 XOR
2 1 3344 3474 3476 XOR
2 1 3159 3476 3477 XOR
2 1 3475 3476 3478 AND
2 1 3474 3478 3479 XOR
2 1 3164 3479 3480 XOR
2 1 3345 3479 3481 XOR
2 1 3164 3481 3482 XOR
2 1 3480 3481 3483 AND
2 1 3479 3483 3484 XOR
2 1 3169 3484 3485 XOR
2 1 3346 3484 3486 XOR
2 1 3169 3486 3487 XOR
2 1 3485 3486 3488 AND
2 1 3484 3488 3489 XOR
2 1 3174 3489 3490 XOR
2 1 3347 3489 3491 XOR
2 1 3174 3491 3492 XOR
2 1 3490 3491 3493 AND
2 1 3489 3493 3494 XOR
2 1 3179 3494 3495 XOR
2 1 3348 3494 3496 XOR
2 1 3179 3496 3497 XOR
2 1 3495 3496 3498 AND
2 1 3494 3498 3499 XOR
2 1 3184 3499 3500 XOR
2 1 3349 3499 3501 XOR
2 1 3184 3501 3502 XOR
2 1 3500 3501 3503 AND
2 1 3499 3503 3504 XOR
2 1 3189 3504 3505 XOR
2 1 3350 3504 3506 XOR
2 1 3189 3506 3507 XOR
2 1 3505 3506 3508 AND
2 1 3504 3508 3509 XOR
2 1 3194 3509 3510 XOR
2 1 3351 3509 3511 XOR
2 1 3194 3511 3512 XOR
2 1 3510 3511 3513 AND
2 1 3509 3513 3514 XOR
2 1 3199 3514 3515 XOR
2 1 3352 3514 3516 XOR
2 1 3199 3516 3517 XOR
2 1 3515 3516 3518 AND
2 1 3514 3518 3519 XOR
2 1 3204 3519 3520 XOR
2 1 3353 3519 3521 XOR
2 1 3204 3521 3522 XOR
2 1 3520 3521 3523 AND
2 1 3519 3523 3524 XOR
2 1 3209 3524 3525 XOR
2 1 3354 3524 3526 XOR
2 1 3209 3526 3527 XOR
2 1 3525 3526 3528 AND
2 1 3524 3528 3529 XOR
2 1 3214 3529 3530 XOR
2 1 3355 3529 3531 XOR
2 1 3214 3531 3532 XOR
2 1 3530 3531 3533 AND
2 1 3529 3533 3534 XOR
2 1 3219 3534 3535 XOR
2 1 3356 3534 3536 XOR
2 1 3219 3536 3537 XOR
2 1 3535 3536 3538 AND
2 1 3534 3538 3539 XOR
2 1 3224 3539 3540 XOR
2 1 3357 3539 3541 XOR
2 1 3224 3541 3542 XOR
2 1 3540 3541 3543 AND
2 1 3539 3543 3544 XOR
2 1 3229 3544 3545 XOR
2 1 3358 3544 3546 XOR
2 1 3229 3546 3547 XOR
2 1 3545 3546 3548 AND
2 1 3544 3548 3549 XOR
2 1 3234 3549 3550 XOR
2 1 3359 3549 3551 XOR
2 1 3234 3551 3552 XOR
2 1 3550 3551 3553 AND
2 1 3549 3553 3554 XOR
2 1 3239 3554 3555 XOR
2 1 3360 3554 3556 XOR
2 1 3239 3556 3557 XOR
2 1 3555 3556 3558 AND
2 1 3554 3558 3559 XOR
2 1 3244 3559 3560 XOR
2 1 3361 3559 3561 XOR
2 1 3244 3561 3562 XOR
2 1 3560 3561 3563 AND
2 1 3559 3563 3564 XOR
2 1 3249 3564 3565 XOR
2 1 3362 3564 3566 XOR
2 1 3249 3566 3567 XOR
2 1 3565 3566 3568 AND
2 1 3564 3568 3569 XOR
2 1 3254 3569 3570 XOR
2 1 3363 3569 3571 XOR
2 1 3254 3571 3572 XOR
2 1 3570 3571 3573 AND
2 1 3569 3573 3574 XOR
2 1 3259 3574 3575 XOR
2 1 3364 3574 3576 XOR
2 1 3259 3576 3577 XOR
2 1 3575 3576 3578 AND
2 1 3574 3578 3579 XOR
2 1 3264 3579 3580 XOR
2 1 3365 3579 3581 XOR
2 1 3264 3581 3582 XOR
2 1 3580 3581 3583 AND
2 1 3579 3583 3584 XOR
2 1 3269 3584 3585 XOR
2 1 3366 3584 3586 XOR
2 1 3269 3586 3587 XOR
2 1 3585 3586 3588 AND
2 1 3584 3588 3589 XOR
2 1 3274 3589 3590 XOR
2 1 3367 3589 3591 XOR
2 1 3274 3591 3592 XOR
2 1 3590 3591 3593 AND
2 1 3589 3593 3594 XOR
2 1 3279 3594 3595 XOR
2 1 3368 3594 3596 XOR
2 1 3279 3596 3597 XOR
2 1 3595 3596 3598 AND
2 1 3594 3598 3599 XOR
2 1 3284 3599 3600 XOR
2 1 3369 3599 3601 XOR
2 1 3284 3601 3602 XOR
2 1 3600 3601 3603 AND
2 1 3599 3603 3604 XOR
2 1 3289 3604 3605 XOR
2 1 3370 3604 3606 XOR
2 1 3289 3606 3607 XOR
2 1 3605 3606 3608 AND
2 1 3604 3608 3609 XOR
2 1 3294 3609 3610 XOR
2 1 3371 3609 3611 XOR
2 1 3294 3611 3612 XOR
2 1 3610 3611 3613 AND
2 1 3609 3613 3614 XOR
2 1 3299 3614 3615 XOR
2 1 3372 3614 3616 XOR
2 1 3299 3616 3617 XOR
2 1 3615 3616 3618 AND
2 1 3614 3618 3619 XOR
2 1 3304 3619 3620 XOR
2 1 3373 3619 3621 XOR
2 1 3304 3621 3622 XOR
2 1 3620 3621 3623 AND
2 1 3619 3623 3624 XOR
2 1 3309 3624 3625 XOR
2 1 3374 3624 3626 XOR
2 1 3309 3626 3627 XOR
2 1 3625 3626 3628 AND
2 1 3624 3628 3629 XOR
2 1 3314 3629 3630 XOR
2 1 3375 3629 3631 XOR
2 1 3314 3631 3632 XOR
2 1 3630 3631 3633 AND
2 1 3629 3633 3634 XOR
2 1 3319 3634 3635 XOR
2 1 3376 3634 3636 XOR
2 1 3319 3636 3637 XOR
2 1 3635 3636 3638 AND
2 1 3634 3638 3639 XOR
2 1 3639 3377 3640 XOR
2 1 3640 3323 3641 XOR
2 1 0 75 3642 AND
2 1 1 75 3643 AND
2 1 2 75 3644 AND
2 1 3 75 3645 AND
2 1 4 75 3646 AND
2 1 5 75 3647 AND
2 1 6 75 3648 AND
2 1 7 75 3649 AND
2 1 8 75 3650 AND
2 1 9 75 3651 AND
2 1 10 75 3652 AND
2 1 11 75 3653 AND
2 1 12 75 3654 AND
2 1 13 75 3655 AND
2 1 14 75 3656 AND
2 1 15 75 3657 AND
2 1 16 75 3658 AND
2 1 17 75 3659 AND
2 1 18 75 3660 AND
2 1 19 75 3661 AND
2 1 20 75 3662 AND
2 1 21 75 3663 AND
2 1 22 75 3664 AND
2 1 23 75 3665 AND
2 1 24 75 3666 AND
2 1 25 75 3667 AND
2 1 26 75 3668 AND
2 1 27 75 3669 AND
2 1 28 75 3670 AND
2 1 29 75 3671 AND
2 1 30 75 3672 AND
2 1 31 75 3673 AND
2 1 32 75 3674 AND
2 1 33 75 3675 AND
2 1 34 75 3676 AND
2 1 35 75 3677 AND
2 1 36 75 3678 AND
2 1 37 75 3679 AND
2 1 38 75 3680 AND
2 1 39 75 3681 AND
2 1 40 75 3682 AND
2 1 41 75 3683 AND
2 1 42 75 3684 AND
2 1 43 75 3685 AND
2 1 44 75 3686 AND
2 1 45 75 3687 AND
2 1 46 75 3688 AND
2 1 47 75 3689 AND
2 1 48 75 3690 AND
2 1 49 75 3691 AND
2 1 50 75 3692 AND
2 1 51 75 3693 AND
2 1 52 75 3694 AND
2 1 3382 3642 3695 XOR
2 1 3382 3642 3696 AND
2 1 3387 3696 3697 XOR
2 1 3643 3696 3698 XOR
2 1 3387 3698 3699 XOR
2 1 3697 3698 3700 AND
2 1 3696 3700 3701 XOR
2 1 3392 3701 3702 XOR
2 1 3644 3701 3703 XOR
2 1 3392 3703 3704 XOR
2 1 3702 3703 3705 AND
2 1 3701 3705 3706 XOR
2 1 3397 3706 3707 XOR
2 1 3645 3706 3708 XOR
2 1 3397 3708 3709 XOR
2 1 3707 3708 3710 AND
2 1 3706 3710 3711 XOR
2 1 3402 3711 3712 XOR
2 1 3646 3711 3713 XOR
2 1 3402 3713 3714 XOR
2 1 3712 3713 3715 AND
2 1 3711 3715 3716 XOR
2 1 3407 3716 3717 XOR
2 1 3647 3716 3718 XOR
2 1 3407 3718 3719 XOR
2 1 3717 3718 3720 AND
2 1 3716 3720 3721 XOR
2 1 3412 3721 3722 XOR
2 1 3648 3721 3723 XOR
2 1 3412 3723 3724 XOR
2 1 3722 3723 3725 AND
2 1 3721 3725 3726 XOR
2 1 3417 3726 3727 XOR
2 1 3649 3726 3728 XOR
2 1 3417 3728 3729 XOR
2 1 3727 3728 3730 AND
2 1 3726 3730 3731 XOR
2 1 3422 3731 3732 XOR
2 1 3650 3731 3733 XOR
2 1 3422 3733 3734 XOR
2 1 3732 3733 3735 AND
2 1 3731 3735 3736 XOR
2 1 3427 3736 3737 XOR
2 1 3651 3736 3738 XOR
2 1 3427 3738 3739 XOR
2 1 3737 3738 3740 AND
2 1 3736 3740 3741 XOR
2 1 3432 3741 3742 XOR
2 1 3652 3741 3743 XOR
2 1 3432 3743 3744 XOR
2 1 3742 3743 3745 AND
2 1 3741 3745 3746 XOR
2 1 3437 3746 3747 XOR
2 1 3653 3746 3748 XOR
2 1 3437 3748 3749 XOR
2 1 3747 3748 3750 AND
2 1 3746 3750 3751 XOR
2 1 3442 3751 3752 XOR
2 1 3654 3751 3753 XOR
2 1 3442 3753 3754 XOR
2 1 3752 3753 3755 AND
2 1 3751 3755 3756 XOR
2 1 3447 3756 3757 XOR
2 1 3655 3756 3758 XOR
2 1 3447 3758 3759 XOR
2 1 3757 3758 3760 AND
2 1 3756 3760 3761 XOR
2 1 3452 3761 3762 XOR
2 1 3656 3761 3763 XOR
2 1 3452 3763 3764 XOR
2 1 3762 3763 3765 AND
2 1 3761 3765 3766 XOR
2 1 3457 3766 3767 XOR
2 1 3657 3766 3768 XOR
2 1 3457 3768 3769 XOR
2 1 3767 3768 3770 AND
2 1 3766 3770 3771 XOR
2 1 3462 3771 3772 XOR
2 1 3658 3771 3773 XOR
2 1 3462 3773 3774 XOR
2 1 3772 3773 3775 AND
2 1 3771 3775 3776 XOR
2 1 3467 3776 3777 XOR
2 1 3659 3776 3778 XOR
2 1 3467 3778 3779 XOR
2 1 3777 3778 3780 AND
2 1 3776 3780 3781 XOR
2 1 3472 3781 3782 XOR
2 1 3660 3781 3783 XOR
2 1 3472 3783 3784 XOR
2 1 3782 3783 3785 AND
2 1 3781 3785 3786 XOR
2 1 3477 3786 3787 XOR
2 1 3661 3786 3788 XOR
2 1 3477 3788 3789 XOR
2 1 3787 3788 3790 AND
2 1 3786 3790 3791 XOR
2 1 3482 3791 3792 XOR
2 1 3662 3791 3793 XOR
2 1 3482 3793 3794 XOR
2 1 3792 3793 3795 AND
2 1 3791 3795 3796 XOR
2 1 3487 3796 3797 XOR
2 1 3663 3796 3798 XOR
2 1 3487 3798 3799 XOR
2 1 3797 3798 3800 AND
2 1 3796 3800 3801 XOR
2 1 3492 3801 3802 XOR
2 1 3664 3801 3803 XOR
2 1 3492 3803 3804 XOR
2 1 3802 3803 3805 AND
2 1 3801 3805 3806 XOR
2 1 3497 3806 3807 XOR
2 1 3665 3806 3808 XOR
2 1 3497 3808 3809 XOR
2 1 3807 3808 3810 AND
2 1 3806 3810 3811 XOR
2 1 3502 3811 3812 XOR
2 1 3666 3811 3813 XOR
2 1 3502 3813 3814 XOR
2 1 3812 3813 3815 AND
2 1 3811 3815 3816 XOR
2 1 3507 3816 3817 XOR
2 1 3667 3816 3818 XOR
2 1 3507 3818 3819 XOR
2 1 3817 3818 3820 AND
2 1 3816 3820 3821 XOR
2 1 3512 3821 3822 XOR
2 1 3668 3821 3823 XOR
2 1 3512 3823 3824 XOR
2 1 3822 3823 3825 AND
2 1 3821 3825 3826 XOR
2 1 3517 3826 3827 XOR
2 1 3669 3826 3828 XOR
2 1 3517 3828 3829 XOR
2 1 3827 3828 3830 AND
2 1 3826 3830 3831 XOR
2 1 3522 3831 3832 XOR
2 1 3670 3831 3833 XOR
2 1 3522 3833 3834 XOR
2 1 3832 3833 3835 AND
2 1 3831 3835 3836 XOR
2 1 3527 3836 3837 XOR
2 1 3671 3836 3838 XOR
2 1 3527 3838 3839 XOR
2 1 3837 3838 3840 AND
2 1 3836 3840 3841 XOR
2 1 3532 3841 3842 XOR
2 1 3672 3841 3843 XOR
2 1 3532 3843 3844 XOR
2 1 3842 3843 3845 AND
2 1 3841 3845 3846 XOR
2 1 3537 3846 3847 XOR
2 1 3673 3846 3848 XOR
2 1 3537 3848 3849 XOR
2 1 3847 3848 3850 AND
2 1 3846 3850 3851 XOR
2 1 3542 3851 3852 XOR
2 1 3674 3851 3853 XOR
2 1 3542 3853 3854 XOR
2 1 3852 3853 3855 AND
2 1 3851 3855 3856 XOR
2 1 3547 3856 3857 XOR
2 1 3675 3856 3858 XOR
2 1 3547 3858 3859 XOR
2 1 3857 3858 3860 AND
2 1 3856 3860 3861 XOR
2 1 3552 3861 3862 XOR
2 1 3676 3861 3863 XOR
2 1 3552 3863 3864 XOR
2 1 3862 3863 3865 AND
2 1 3861 3865 3866 XOR
2 1 3557 3866 3867 XOR
2 1 3677 3866 3868 XOR
2 1 3557 3868 3869 XOR
2 1 3867 3868 3870 AND
2 1 3866 3870 3871 XOR
2 1 3562 3871 3872 XOR
2 1 3678 3871 3873 XOR
2 1 3562 3873 3874 XOR
2 1 3872 3873 3875 AND
2 1 3871 3875 3876 XOR
2 1 3567 3876 3877 XOR
2 1 3679 3876 3878 XOR
2 1 3567 3878 3879 XOR
2 1 3877 3878 3880 AND
2 1 3876 3880 3881 XOR
2 1 3572 3881 3882 XOR
2 1 3680 3881 3883 XOR
2 1 3572 3883 3884 XOR
2 1 3882 3883 3885 AND
2 1 3881 3885 3886 XOR
2 1 3577 3886 3887 XOR
2 1 3681 3886 3888 XOR
2 1 3577 3888 3889 XOR
2 1 3887 3888 3890 AND
2 1 3886 3890 3891 XOR
2 1 3582 3891 3892 XOR
2 1 3682 3891 3893 XOR
2 1 3582 3893 3894 XOR
2 1 3892 3893 3895 AND
2 1 3891 3895 3896 XOR
2 1 3587 3896 3897 XOR
2 1 3683 3896 3898 XOR
2 1 3587 3898 3899 XOR
2 1 3897 3898 3900 AND
2 1 3896 3900 3901 XOR
2 1 3592 3901 3902 XOR
2 1 3684 3901 3903 XOR
2 1 3592 3903 3904 XOR
2 1 3902 3903 3905 AND
2 1 3901 3905 3906 XOR
2 1 3597 3906 3907 XOR
2 1 3685 3906 3908 XOR
2 1 3597 3908 3909 XOR
2 1 3907 3908 3910 AND
2 1 3906 3910 3911 XOR
2 1 3602 3911 3912 XOR
2 1 3686 3911 3913 XOR
2 1 3602 3913 3914 XOR
2 1 3912 3913 3915 AND
2 1 3911 3915 3916 XOR
2 1 3607 3916 3917 XOR
2 1 3687 3916 3918 XOR
2 1 3607 3918 3919 XOR
2 1 3917 3918 3920 AND
2 1 3916 3920 3921 XOR
2 1 3612 3921 3922 XOR
2 1 3688 3921 3923 XOR
2 1 3612 3923 3924 XOR
2 1 3922 3923 3925 AND
2 1 3921 3925 3926 XOR
2 1 3617 3926 3927 XOR
2 1 3689 3926 3928 XOR
2 1 3617 3928 3929 XOR
2 1 3927 3928 3930 AND
2 1 3926 3930 3931 XOR
2 1 3622 3931 3932 XOR
2 1 3690 3931 3933 XOR
2 1 3622 3933 3934 XOR
2 1 3932 3933 3935 AND
2 1 3931 3935 3936 XOR
2 1 3627 3936 3937 XOR
2 1 3691 3936 3938 XOR
2 1 3627 3938 3939 XOR
2 1 3937 3938 3940 AND
2 1 3936 3940 3941 XOR
2 1 3632 3941 3942 XOR
2 1 3692 3941 3943 XOR
2 1 3632 3943 3944 XOR
2 1 3942 3943 3945 AND
2 1 3941 3945 3946 XOR
2 1 3637 3946 3947 XOR
2 1 3693 3946 3948 XOR
2 1 3637 3948 3949 XOR
2 1 3947 3948 3950 AND
2 1 3946 3950 3951 XOR
2 1 3951 3694 3952 XOR
2 1 3952 3641 3953 XOR
2 1 0 76 3954 AND
2 1 1 76 3955 AND
2 1 2 76 3956 AND
2 1 3 76 3957 AND
2 1 4 76 3958 AND
2 1 5 76 3959 AND
2 1 6 76 3960 AND
2 1 7 76 3961 AND
2 1 8 76 3962 AND
2 1 9 76 3963 AND
2 1 10 76 3964 AND
2 1 11 76 3965 AND
2 1 12 76 3966 AND
2 1 13 76 3967 AND
2 1 14 76 3968 AND
2 1 15 76 3969 AND
2 1 16 76 3970 AND
2 1 17 76 3971 AND
2 1 18 76 3972 AND
2 1 19 76 3973 AND
2 1 20 76 3974 AND
2 1 21 76 3975 AND
2 1 22 76 3976 AND
2 1 23 76 3977 AND
2 1 24 76 3978 AND
2 1 25 76 3979 AND
2 1 26 76 3980 AND
2 1 27 76 3981 AND
2 1 28 76 3982 AND
2 1 29 76 3983 AND
2 1 30 76 3984 AND
2 1 31 76 3985 AND
2 1 32 76 3986 AND
2 1 33 76 3987 AND
2 1 34 76 3988 AND
2 1 35 76 3989 AND
2 1 36 76 3990 AND
2 1 37 76 3991 AND
2 1 38 76 3992 AND
2 1 39 76 3993 AND
2 1 40 76 3994 AND
2 1 41 76 3995 AND
2 1 42 76 3996 AND
2 1 43 76 3997 AND
2 1 44 76 3998 AND
2 1 45 76 3999 AND
2 1 46 76 4000 AND
2 1 47 76 4001 AND
2 1 48 76 4002 AND
2 1 49 76 4003 AND
2 1 50 76 4004 AND
2 1 51 76 4005 AND
2 1 3699 3954 4006 XOR
2 1 3699 3954 4007 AND
2 1 3704 4007 4008 XOR
2 1 3955 4007 4009 XOR
2 1 3704 4009 4010 XOR
2 1 4008 4009 4011 AND
2 1 4007 4011 4012 XOR
2 1 3709 4012 4013 XOR
2 1 3956 4012 4014 XOR
2 1 3709 4014 4015 XOR
2 1 4013 4014 4016 AND
2 1 4012 4016 4017 XOR
2 1 3714 4017 4018 XOR
2 1 3957 4017 4019 XOR
2 1 3714 4019 4020 XOR
2 1 4018 4019 4021 AND
2 1 4017 4021 4022 XOR
2 1 3719 4022 4023 XOR
2 1 3958 4022 4024 XOR
2 1 3719 4024 4025 XOR
2 1 4023 4024 4026 AND
2 1 4022 4026 4027 XOR
2 1 3724 4027 4028 XOR
2 1 3959 4027 4029 XOR
2 1 3724 4029 4030 XOR
2 1 4028 4029 4031 AND
2 1 4027 4031 4032 XOR
2 1 3729 4032 4033 XOR
2 1 3960 4032 4034 XOR
2 1 3729 4034 4035 XOR
2 1 4033 4034 4036 AND
2 1 4032 4036 4037 XOR
2 1 3734 4037 4038 XOR
2 1 3961 4037 4039 XOR
2 1 3734 4039 4040 XOR
2 1 4038 4039 4041 AND
2 1 4037 4041 4042 XOR
2 1 3739 4042 4043 XOR
2 1 3962 4042 4044 XOR
2 1 3739 4044 4045 XOR
2 1 4043 4044 4046 AND
2 1 4042 4046 4047 XOR
2 1 3744 4047 4048 XOR
2 1 3963 4047 4049 XOR
2 1 3744 4049 4050 XOR
2 1 4048 4049 4051 AND
2 1 4047 4051 4052 XOR
2 1 3749 4052 4053 XOR
2 1 3964 4052 4054 XOR
2 1 3749 4054 4055 XOR
2 1 4053 4054 4056 AND
2 1 4052 4056 4057 XOR
2 1 3754 4057 4058 XOR
2 1 3965 4057 4059 XOR
2 1 3754 4059 4060 XOR
2 1 4058 4059 4061 AND
2 1 4057 4061 4062 XOR
2 1 3759 4062 4063 XOR
2 1 3966 4062 4064 XOR
2 1 3759 4064 4065 XOR
2 1 4063 4064 4066 AND
2 1 4062 4066 4067 XOR
2 1 3764 4067 4068 XOR
2 1 3967 4067 4069 XOR
2 1 3764 4069 4070 XOR
2 1 4068 4069 4071 AND
2 1 4067 4071 4072 XOR
2 1 3769 4072 4073 XOR
2 1 3968 4072 4074 XOR
2 1 3769 4074 4075 XOR
2 1 4073 4074 4076 AND
2 1 4072 4076 4077 XOR
2 1 3774 4077 4078 XOR
2 1 3969 4077 4079 XOR
2 1 3774 4079 4080 XOR
2 1 4078 4079 4081 AND
2 1 4077 4081 4082 XOR
2 1 3779 4082 4083 XOR
2 1 3970 4082 4084 XOR
2 1 3779 4084 4085 XOR
2 1 4083 4084 4086 AND
2 1 4082 4086 4087 XOR
2 1 3784 4087 4088 XOR
2 1 3971 4087 4089 XOR
2 1 3784 4089 4090 XOR
2 1 4088 4089 4091 AND
2 1 4087 4091 4092 XOR
2 1 3789 4092 4093 XOR
2 1 3972 4092 4094 XOR
2 1 3789 4094 4095 XOR
2 1 4093 4094 4096 AND
2 1 4092 4096 4097 XOR
2 1 3794 4097 4098 XOR
2 1 3973 4097 4099 XOR
2 1 3794 4099 4100 XOR
2 1 4098 4099 4101 AND
2 1 4097 4101 4102 XOR
2 1 3799 4102 4103 XOR
2 1 3974 4102 4104 XOR
2 1 3799 4104 4105 XOR
2 1 4103 4104 4106 AND
2 1 4102 4106 4107 XOR
2 1 3804 4107 4108 XOR
2 1 3975 4107 4109 XOR
2 1 3804 4109 4110 XOR
2 1 4108 4109 4111 AND
2 1 4107 4111 4112 XOR
2 1 3809 4112 4113 XOR
2 1 3976 4112 4114 XOR
2 1 3809 4114 4115 XOR
2 1 4113 4114 4116 AND
2 1 4112 4116 4117 XOR
2 1 3814 4117 4118 XOR
2 1 3977 4117 4119 XOR
2 1 3814 4119 4120 XOR
2 1 4118 4119 4121 AND
2 1 4117 4121 4122 XOR
2 1 3819 4122 4123 XOR
2 1 3978 4122 4124 XOR
2 1 3819 4124 4125 XOR
2 1 4123 4124 4126 AND
2 1 4122 4126 4127 XOR
2 1 3824 4127 4128 XOR
2 1 3979 4127 4129 XOR
2 1 3824 4129 4130 XOR
2 1 4128 4129 4131 AND
2 1 4127 4131 4132 XOR
2 1 3829 4132 4133 XOR
2 1 3980 4132 4134 XOR
2 1 3829 4134 4135 XOR
2 1 4133 4134 4136 AND
2 1 4132 4136 4137 XOR
2 1 3834 4137 4138 XOR
2 1 3981 4137 4139 XOR
2 1 3834 4139 4140 XOR
2 1 4138 4139 4141 AND
2 1 4137 4141 4142 XOR
2 1 3839 4142 4143 XOR
2 1 3982 4142 4144 XOR
2 1 3839 4144 4145 XOR
2 1 4143 4144 4146 AND
2 1 4142 4146 4147 XOR
2 1 3844 4147 4148 XOR
2 1 3983 4147 4149 XOR
2 1 3844 4149 4150 XOR
2 1 4148 4149 4151 AND
2 1 4147 4151 4152 XOR
2 1 3849 4152 4153 XOR
2 1 3984 4152 4154 XOR
2 1 3849 4154 4155 XOR
2 1 4153 4154 4156 AND
2 1 4152 4156 4157 XOR
2 1 3854 4157 4158 XOR
2 1 3985 4157 4159 XOR
2 1 3854 4159 4160 XOR
2 1 4158 4159 4161 AND
2 1 4157 4161 4162 XOR
2 1 3859 4162 4163 XOR
2 1 3986 4162 4164 XOR
2 1 3859 4164 4165 XOR
2 1 4163 4164 4166 AND
2 1 4162 4166 4167 XOR
2 1 3864 4167 4168 XOR
2 1 3987 4167 4169 XOR
2 1 3864 4169 4170 XOR
2 1 4168 4169 4171 AND
2 1 4167 4171 4172 XOR
2 1 3869 4172 4173 XOR
2 1 3988 4172 4174 XOR
2 1 3869 4174 4175 XOR
2 1 4173 4174 4176 AND
2 1 4172 4176 4177 XOR
2 1 3874 4177 4178 XOR
2 1 3989 4177 4179 XOR
2 1 3874 4179 4180 XOR
2 1 4178 4179 4181 AND
2 1 4177 4181 4182 XOR
2 1 3879 4182 4183 XOR
2 1 3990 4182 4184 XOR
2 1 3879 4184 4185 XOR
2 1 4183 4184 4186 AND
2 1 4182 4186 4187 XOR
2 1 3884 4187 4188 XOR
2 1 3991 4187 4189 XOR
2 1 3884 4189 4190 XOR
2 1 4188 4189 4191 AND
2 1 4187 4191 4192 XOR
2 1 3889 4192 4193 XOR
2 1 3992 4192 4194 XOR
2 1 3889 4194 4195 XOR
2 1 4193 4194 4196 AND
2 1 4192 4196 4197 XOR
2 1 3894 4197 4198 XOR
2 1 3993 4197 4199 XOR
2 1 3894 4199 4200 XOR
2 1 4198 4199 4201 AND
2 1 4197 4201 4202 XOR
2 1 3899 4202 4203 XOR
2 1 3994 4202 4204 XOR
2 1 3899 4204 4205 XOR
2 1 4203 4204 4206 AND
2 1 4202 4206 4207 XOR
2 1 3904 4207 4208 XOR
2 1 3995 4207 4209 XOR
2 1 3904 4209 4210 XOR
2 1 4208 4209 4211 AND
2 1 4207 4211 4212 XOR
2 1 3909 4212 4213 XOR
2 1 3996 4212 4214 XOR
2 1 3909 4214 4215 XOR
2 1 4213 4214 4216 AND
2 1 4212 4216 4217 XOR
2 1 3914 4217 4218 XOR
2 1 3997 4217 4219 XOR
2 1 3914 4219 4220 XOR
2 1 4218 4219 4221 AND
2 1 4217 4221 4222 XOR
2 1 3919 4222 4223 XOR
2 1 3998 4222 4224 XOR
2 1 3919 4224 4225 XOR
2 1 4223 4224 4226 AND
2 1 4222 4226 4227 XOR
2 1 3924 4227 4228 XOR
2 1 3999 4227 4229 XOR
2 1 3924 4229 4230 XOR
2 1 4228 4229 4231 AND
2 1 4227 4231 4232 XOR
2 1 3929 4232 4233 XOR
2 1 4000 4232 4234 XOR
2 1 3929 4234 4235 XOR
2 1 4233 4234 4236 AND
2 1 4232 4236 4237 XOR
2 1 3934 4237 4238 XOR
2 1 4001 4237 4239 XOR
2 1 3934 4239 4240 XOR
2 1 4238 4239 4241 AND
2 1 4237 4241 4242 XOR
2 1 3939 4242 4243 XOR
2 1 4002 4242 4244 XOR
2 1 3939 4244 4245 XOR
2 1 4243 4244 4246 AND
2 1 4242 4246 4247 XOR
2 1 3944 4247 4248 XOR
2 1 4003 4247 4249 XOR
2 1 3944 4249 4250 XOR
2 1 4248 4249 4251 AND
2 1 4247 4251 4252 XOR
2 1 3949 4252 4253 XOR
2 1 4004 4252 4254 XOR
2 1 3949 4254 4255 XOR
2 1 4253 4254 4256 AND
2 1 4252 4256 4257 XOR
2 1 4257 4005 4258 XOR
2 1 4258 3953 4259 XOR
2 1 0 77 4260 AND
2 1 1 77 4261 AND
2 1 2 77 4262 AND
2 1 3 77 4263 AND
2 1 4 77 4264 AND
2 1 5 77 4265 AND
2 1 6 77 4266 AND
2 1 7 77 4267 AND
2 1 8 77 4268 AND
2 1 9 77 4269 AND
2 1 10 77 4270 AND
2 1 11 77 4271 AND
2 1 12 77 4272 AND
2 1 13 77 4273 AND
2 1 14 77 4274 AND
2 1 15 77 4275 AND
2 1 16 77 4276 AND
2 1 17 77 4277 AND
2 1 18 77 4278 AND
2 1 19 77 4279 AND
2 1 20 77 4280 AND
2 1 21 77 4281 AND
2 1 22 77 4282 AND
2 1 23 77 4283 AND
2 1 24 77 4284 AND
2 1 25 77 4285 AND
2 1 26 77 4286 AND
2 1 27 77 4287 AND
2 1 28 77 4288 AND
2 1 29 77 4289 AND
2 1 30 77 4290 AND
2 1 31 77 4291 AND
2 1 32 77 4292 AND
2 1 33 77 4293 AND
2 1 34 77 4294 AND
2 1 35 77 4295 AND
2 1 36 77 4296 AND
2 1 37 77 4297 AND
2 1 38 77 4298 AND
2 1 39 77 4299 AND
2 1 40 77 4300 AND
2 1 41 77 4301 AND
2 1 42 77 4302 AND
2 1 43 77 4303 AND
2 1 44 77 4304 AND
2 1 45 77 4305 AND
2 1 46 77 4306 AND
2 1 47 77 4307 AND
2 1 48 77 4308 AND
2 1 49 77 4309 AND
2 1 50 77 4310 AND
2 1 4010 4260 4311 XOR
2 1 4010 4260 4312 AND
2 1 4015 4312 4313 XOR
2 1 4261 4312 4314 XOR
2 1 4015 4314 4315 XOR
2 1 4313 4314 4316 AND
2 1 4312 4316 4317 XOR
2 1 4020 4317 4318 XOR
2 1 4262 4317 4319 XOR
2 1 4020 4319 4320 XOR
2 1 4318 4319 4321 AND
2 1 4317 4321 4322 XOR
2 1 4025 4322 4323 XOR
2 1 4263 4322 4324 XOR
2 1 4025 4324 4325 XOR
2 1 4323 4324 4326 AND
2 1 4322 4326 4327 XOR
2 1 4030 4327 4328 XOR
2 1 4264 4327 4329 XOR
2 1 4030 4329 4330 XOR
2 1 4328 4329 4331 AND
2 1 4327 4331 4332 XOR
2 1 4035 4332 4333 XOR
2 1 4265 4332 4334 XOR
2 1 4035 4334 4335 XOR
2 1 4333 4334 4336 AND
2 1 4332 4336 4337 XOR
2 1 4040 4337 4338 XOR
2 1 4266 4337 4339 XOR
2 1 4040 4339 4340 XOR
2 1 4338 4339 4341 AND
2 1 4337 4341 4342 XOR
2 1 4045 4342 4343 XOR
2 1 4267 4342 4344 XOR
2 1 4045 4344 4345 XOR
2 1 4343 4344 4346 AND
2 1 4342 4346 4347 XOR
2 1 4050 4347 4348 XOR
2 1 4268 4347 4349 XOR
2 1 4050 4349 4350 XOR
2 1 4348 4349 4351 AND
2 1 4347 4351 4352 XOR
2 1 4055 4352 4353 XOR
2 1 4269 4352 4354 XOR
2 1 4055 4354 4355 XOR
2 1 4353 4354 4356 AND
2 1 4352 4356 4357 XOR
2 1 4060 4357 4358 XOR
2 1 4270 4357 4359 XOR
2 1 4060 4359 4360 XOR
2 1 4358 4359 4361 AND
2 1 4357 4361 4362 XOR
2 1 4065 4362 4363 XOR
2 1 4271 4362 4364 XOR
2 1 4065 4364 4365 XOR
2 1 4363 4364 4366 AND
2 1 4362 4366 4367 XOR
2 1 4070 4367 4368 XOR
2 1 4272 4367 4369 XOR
2 1 4070 4369 4370 XOR
2 1 4368 4369 4371 AND
2 1 4367 4371 4372 XOR
2 1 4075 4372 4373 XOR
2 1 4273 4372 4374 XOR
2 1 4075 4374 4375 XOR
2 1 4373 4374 4376 AND
2 1 4372 4376 4377 XOR
2 1 4080 4377 4378 XOR
2 1 4274 4377 4379 XOR
2 1 4080 4379 4380 XOR
2 1 4378 4379 4381 AND
2 1 4377 4381 4382 XOR
2 1 4085 4382 4383 XOR
2 1 4275 4382 4384 XOR
2 1 4085 4384 4385 XOR
2 1 4383 4384 4386 AND
2 1 4382 4386 4387 XOR
2 1 4090 4387 4388 XOR
2 1 4276 4387 4389 XOR
2 1 4090 4389 4390 XOR
2 1 4388 4389 4391 AND
2 1 4387 4391 4392 XOR
2 1 4095 4392 4393 XOR
2 1 4277 4392 4394 XOR
2 1 4095 4394 4395 XOR
2 1 4393 4394 4396 AND
2 1 4392 4396 4397 XOR
2 1 4100 4397 4398 XOR
2 1 4278 4397 4399 XOR
2 1 4100 4399 4400 XOR
2 1 4398 4399 4401 AND
2 1 4397 4401 4402 XOR
2 1 4105 4402 4403 XOR
2 1 4279 4402 4404 XOR
2 1 4105 4404 4405 XOR
2 1 4403 4404 4406 AND
2 1 4402 4406 4407 XOR
2 1 4110 4407 4408 XOR
2 1 4280 4407 4409 XOR
2 1 4110 4409 4410 XOR
2 1 4408 4409 4411 AND
2 1 4407 4411 4412 XOR
2 1 4115 4412 4413 XOR
2 1 4281 4412 4414 XOR
2 1 4115 4414 4415 XOR
2 1 4413 4414 4416 AND
2 1 4412 4416 4417 XOR
2 1 4120 4417 4418 XOR
2 1 4282 4417 4419 XOR
2 1 4120 4419 4420 XOR
2 1 4418 4419 4421 AND
2 1 4417 4421 4422 XOR
2 1 4125 4422 4423 XOR
2 1 4283 4422 4424 XOR
2 1 4125 4424 4425 XOR
2 1 4423 4424 4426 AND
2 1 4422 4426 4427 XOR
2 1 4130 4427 4428 XOR
2 1 4284 4427 4429 XOR
2 1 4130 4429 4430 XOR
2 1 4428 4429 4431 AND
2 1 4427 4431 4432 XOR
2 1 4135 4432 4433 XOR
2 1 4285 4432 4434 XOR
2 1 4135 4434 4435 XOR
2 1 4433 4434 4436 AND
2 1 4432 4436 4437 XOR
2 1 4140 4437 4438 XOR
2 1 4286 4437 4439 XOR
2 1 4140 4439 4440 XOR
2 1 4438 4439 4441 AND
2 1 4437 4441 4442 XOR
2 1 4145 4442 4443 XOR
2 1 4287 4442 4444 XOR
2 1 4145 4444 4445 XOR
2 1 4443 4444 4446 AND
2 1 4442 4446 4447 XOR
2 1 4150 4447 4448 XOR
2 1 4288 4447 4449 XOR
2 1 4150 4449 4450 XOR
2 1 4448 4449 4451 AND
2 1 4447 4451 4452 XOR
2 1 4155 4452 4453 XOR
2 1 4289 4452 4454 XOR
2 1 4155 4454 4455 XOR
2 1 4453 4454 4456 AND
2 1 4452 4456 4457 XOR
2 1 4160 4457 4458 XOR
2 1 4290 4457 4459 XOR
2 1 4160 4459 4460 XOR
2 1 4458 4459 4461 AND
2 1 4457 4461 4462 XOR
2 1 4165 4462 4463 XOR
2 1 4291 4462 4464 XOR
2 1 4165 4464 4465 XOR
2 1 4463 4464 4466 AND
2 1 4462 4466 4467 XOR
2 1 4170 4467 4468 XOR
2 1 4292 4467 4469 XOR
2 1 4170 4469 4470 XOR
2 1 4468 4469 4471 AND
2 1 4467 4471 4472 XOR
2 1 4175 4472 4473 XOR
2 1 4293 4472 4474 XOR
2 1 4175 4474 4475 XOR
2 1 4473 4474 4476 AND
2 1 4472 4476 4477 XOR
2 1 4180 4477 4478 XOR
2 1 4294 4477 4479 XOR
2 1 4180 4479 4480 XOR
2 1 4478 4479 4481 AND
2 1 4477 4481 4482 XOR
2 1 4185 4482 4483 XOR
2 1 4295 4482 4484 XOR
2 1 4185 4484 4485 XOR
2 1 4483 4484 4486 AND
2 1 4482 4486 4487 XOR
2 1 4190 4487 4488 XOR
2 1 4296 4487 4489 XOR
2 1 4190 4489 4490 XOR
2 1 4488 4489 4491 AND
2 1 4487 4491 4492 XOR
2 1 4195 4492 4493 XOR
2 1 4297 4492 4494 XOR
2 1 4195 4494 4495 XOR
2 1 4493 4494 4496 AND
2 1 4492 4496 4497 XOR
2 1 4200 4497 4498 XOR
2 1 4298 4497 4499 XOR
2 1 4200 4499 4500 XOR
2 1 4498 4499 4501 AND
2 1 4497 4501 4502 XOR
2 1 4205 4502 4503 XOR
2 1 4299 4502 4504 XOR
2 1 4205 4504 4505 XOR
2 1 4503 4504 4506 AND
2 1 4502 4506 4507 XOR
2 1 4210 4507 4508 XOR
2 1 4300 4507 4509 XOR
2 1 4210 4509 4510 XOR
2 1 4508 4509 4511 AND
2 1 4507 4511 4512 XOR
2 1 4215 4512 4513 XOR
2 1 4301 4512 4514 XOR
2 1 4215 4514 4515 XOR
2 1 4513 4514 4516 AND
2 1 4512 4516 4517 XOR
2 1 4220 4517 4518 XOR
2 1 4302 4517 4519 XOR
2 1 4220 4519 4520 XOR
2 1 4518 4519 4521 AND
2 1 4517 4521 4522 XOR
2 1 4225 4522 4523 XOR
2 1 4303 4522 4524 XOR
2 1 4225 4524 4525 XOR
2 1 4523 4524 4526 AND
2 1 4522 4526 4527 XOR
2 1 4230 4527 4528 XOR
2 1 4304 4527 4529 XOR
2 1 4230 4529 4530 XOR
2 1 4528 4529 4531 AND
2 1 4527 4531 4532 XOR
2 1 4235 4532 4533 XOR
2 1 4305 4532 4534 XOR
2 1 4235 4534 4535 XOR
2 1 4533 4534 4536 AND
2 1 4532 4536 4537 XOR
2 1 4240 4537 4538 XOR
2 1 4306 4537 4539 XOR
2 1 4240 4539 4540 XOR
2 1 4538 4539 4541 AND
2 1 4537 4541 4542 XOR
2 1 4245 4542 4543 XOR
2 1 4307 4542 4544 XOR
2 1 4245 4544 4545 XOR
2 1 4543 4544 4546 AND
2 1 4542 4546 4547 XOR
2 1 4250 4547 4548 XOR
2 1 4308 4547 4549 XOR
2 1 4250 4549 4550 XOR
2 1 4548 4549 4551 AND
2 1 4547 4551 4552 XOR
2 1 4255 4552 4553 XOR
2 1 4309 4552 4554 XOR
2 1 4255 4554 4555 XOR
2 1 4553 4554 4556 AND
2 1 4552 4556 4557 XOR
2 1 4557 4310 4558 XOR
2 1 4558 4259 4559 XOR
2 1 0 78 4560 AND
2 1 1 78 4561 AND
2 1 2 78 4562 AND
2 1 3 78 4563 AND
2 1 4 78 4564 AND
2 1 5 78 4565 AND
2 1 6 78 4566 AND
2 1 7 78 4567 AND
2 1 8 78 4568 AND
2 1 9 78 4569 AND
2 1 10 78 4570 AND
2 1 11 78 4571 AND
2 1 12 78 4572 AND
2 1 13 78 4573 AND
2 1 14 78 4574 AND
2 1 15 78 4575 AND
2 1 16 78 4576 AND
2 1 17 78 4577 AND
2 1 18 78 4578 AND
2 1 19 78 4579 AND
2 1 20 78 4580 AND
2 1 21 78 4581 AND
2 1 22 78 4582 AND
2 1 23 78 4583 AND
2 1 24 78 4584 AND
2 1 25 78 4585 AND
2 1 26 78 4586 AND
2 1 27 78 4587 AND
2 1 28 78 4588 AND
2 1 29 78 4589 AND
2 1 30 78 4590 AND
2 1 31 78 4591 AND
2 1 32 78 4592 AND
2 1 33 78 4593 AND
2 1 34 78 4594 AND
2 1 35 78 4595 AND
2 1 36 78 4596 AND
2 1 37 78 4597 AND
2 1 38 78 4598 AND
2 1 39 78 4599 AND
2 1 40 78 4600 AND
2 1 41 78 4601 AND
2 1 42 78 4602 AND
2 1 43 78 4603 AND
2 1 44 78 4604 AND
2 1 45 78 4605 AND
2 1 46 78 4606 AND
2 1 47 78 4607 AND
2 1 48 78 4608 AND
2 1 49 78 4609 AND
2 1 4315 4560 4610 XOR
2 1 4315 4560 4611 AND
2 1 4320 4611 4612 XOR
2 1 4561 4611 4613 XOR
2 1 4320 4613 4614 XOR
2 1 4612 4613 4615 AND
2 1 4611 4615 4616 XOR
2 1 4325 4616 4617 XOR
2 1 4562 4616 4618 XOR
2 1 4325 4618 4619 XOR
2 1 4617 4618 4620 AND
2 1 4616 4620 4621 XOR
2 1 4330 4621 4622 XOR
2 1 4563 4621 4623 XOR
2 1 4330 4623 4624 XOR
2 1 4622 4623 4625 AND
2 1 4621 4625 4626 XOR
2 1 4335 4626 4627 XOR
2 1 4564 4626 4628 XOR
2 1 4335 4628 4629 XOR
2 1 4627 4628 4630 AND
2 1 4626 4630 4631 XOR
2 1 4340 4631 4632 XOR
2 1 4565 4631 4633 XOR
2 1 4340 4633 4634 XOR
2 1 4632 4633 4635 AND
2 1 4631 4635 4636 XOR
2 1 4345 4636 4637 XOR
2 1 4566 4636 4638 XOR
2 1 4345 4638 4639 XOR
2 1 4637 4638 4640 AND
2 1 4636 4640 4641 XOR
2 1 4350 4641 4642 XOR
2 1 4567 4641 4643 XOR
2 1 4350 4643 4644 XOR
2 1 4642 4643 4645 AND
2 1 4641 4645 4646 XOR
2 1 4355 4646 4647 XOR
2 1 4568 4646 4648 XOR
2 1 4355 4648 4649 XOR
2 1 4647 4648 4650 AND
2 1 4646 4650 4651 XOR
2 1 4360 4651 4652 XOR
2 1 4569 4651 4653 XOR
2 1 4360 4653 4654 XOR
2 1 4652 4653 4655 AND
2 1 4651 4655 4656 XOR
2 1 4365 4656 4657 XOR
2 1 4570 4656 4658 XOR
2 1 4365 4658 4659 XOR
2 1 4657 4658 4660 AND
2 1 4656 4660 4661 XOR
2 1 4370 4661 4662 XOR
2 1 4571 4661 4663 XOR
2 1 4370 4663 4664 XOR
2 1 4662 4663 4665 AND
2 1 4661 4665 4666 XOR
2 1 4375 4666 4667 XOR
2 1 4572 4666 4668 XOR
2 1 4375 4668 4669 XOR
2 1 4667 4668 4670 AND
2 1 4666 4670 4671 XOR
2 1 4380 4671 4672 XOR
2 1 4573 4671 4673 XOR
2 1 4380 4673 4674 XOR
2 1 4672 4673 4675 AND
2 1 4671 4675 4676 XOR
2 1 4385 4676 4677 XOR
2 1 4574 4676 4678 XOR
2 1 4385 4678 4679 XOR
2 1 4677 4678 4680 AND
2 1 4676 4680 4681 XOR
2 1 4390 4681 4682 XOR
2 1 4575 4681 4683 XOR
2 1 4390 4683 4684 XOR
2 1 4682 4683 4685 AND
2 1 4681 4685 4686 XOR
2 1 4395 4686 4687 XOR
2 1 4576 4686 4688 XOR
2 1 4395 4688 4689 XOR
2 1 4687 4688 4690 AND
2 1 4686 4690 4691 XOR
2 1 4400 4691 4692 XOR
2 1 4577 4691 4693 XOR
2 1 4400 4693 4694 XOR
2 1 4692 4693 4695 AND
2 1 4691 4695 4696 XOR
2 1 4405 4696 4697 XOR
2 1 4578 4696 4698 XOR
2 1 4405 4698 4699 XOR
2 1 4697 4698 4700 AND
2 1 4696 4700 4701 XOR
2 1 4410 4701 4702 XOR
2 1 4579 4701 4703 XOR
2 1 4410 4703 4704 XOR
2 1 4702 4703 4705 AND
2 1 4701 4705 4706 XOR
2 1 4415 4706 4707 XOR
2 1 4580 4706 4708 XOR
2 1 4415 4708 4709 XOR
2 1 4707 4708 4710 AND
2 1 4706 4710 4711 XOR
2 1 4420 4711 4712 XOR
2 1 4581 4711 4713 XOR
2 1 4420 4713 4714 XOR
2 1 4712 4713 4715 AND
2 1 4711 4715 4716 XOR
2 1 4425 4716 4717 XOR
2 1 4582 4716 4718 XOR
2 1 4425 4718 4719 XOR
2 1 4717 4718 4720 AND
2 1 4716 4720 4721 XOR
2 1 4430 4721 4722 XOR
2 1 4583 4721 4723 XOR
2 1 4430 4723 4724 XOR
2 1 4722 4723 4725 AND
2 1 4721 4725 4726 XOR
2 1 4435 4726 4727 XOR
2 1 4584 4726 4728 XOR
2 1 4435 4728 4729 XOR
2 1 4727 4728 4730 AND
2 1 4726 4730 4731 XOR
2 1 4440 4731 4732 XOR
2 1 4585 4731 4733 XOR
2 1 4440 4733 4734 XOR
2 1 4732 4733 4735 AND
2 1 4731 4735 4736 XOR
2 1 4445 4736 4737 XOR
2 1 4586 4736 4738 XOR
2 1 4445 4738 4739 XOR
2 1 4737 4738 4740 AND
2 1 4736 4740 4741 XOR
2 1 4450 4741 4742 XOR
2 1 4587 4741 4743 XOR
2 1 4450 4743 4744 XOR
2 1 4742 4743 4745 AND
2 1 4741 4745 4746 XOR
2 1 4455 4746 4747 XOR
2 1 4588 4746 4748 XOR
2 1 4455 4748 4749 XOR
2 1 4747 4748 4750 AND
2 1 4746 4750 4751 XOR
2 1 4460 4751 4752 XOR
2 1 4589 4751 4753 XOR
2 1 4460 4753 4754 XOR
2 1 4752 4753 4755 AND
2 1 4751 4755 4756 XOR
2 1 4465 4756 4757 XOR
2 1 4590 4756 4758 XOR
2 1 4465 4758 4759 XOR
2 1 4757 4758 4760 AND
2 1 4756 4760 4761 XOR
2 1 4470 4761 4762 XOR
2 1 4591 4761 4763 XOR
2 1 4470 4763 4764 XOR
2 1 4762 4763 4765 AND
2 1 4761 4765 4766 XOR
2 1 4475 4766 4767 XOR
2 1 4592 4766 4768 XOR
2 1 4475 4768 4769 XOR
2 1 4767 4768 4770 AND
2 1 4766 4770 4771 XOR
2 1 4480 4771 4772 XOR
2 1 4593 4771 4773 XOR
2 1 4480 4773 4774 XOR
2 1 4772 4773 4775 AND
2 1 4771 4775 4776 XOR
2 1 4485 4776 4777 XOR
2 1 4594 4776 4778 XOR
2 1 4485 4778 4779 XOR
2 1 4777 4778 4780 AND
2 1 4776 4780 4781 XOR
2 1 4490 4781 4782 XOR
2 1 4595 4781 4783 XOR
2 1 4490 4783 4784 XOR
2 1 4782 4783 4785 AND
2 1 4781 4785 4786 XOR
2 1 4495 4786 4787 XOR
2 1 4596 4786 4788 XOR
2 1 4495 4788 4789 XOR
2 1 4787 4788 4790 AND
2 1 4786 4790 4791 XOR
2 1 4500 4791 4792 XOR
2 1 4597 4791 4793 XOR
2 1 4500 4793 4794 XOR
2 1 4792 4793 4795 AND
2 1 4791 4795 4796 XOR
2 1 4505 4796 4797 XOR
2 1 4598 4796 4798 XOR
2 1 4505 4798 4799 XOR
2 1 4797 4798 4800 AND
2 1 4796 4800 4801 XOR
2 1 4510 4801 4802 XOR
2 1 4599 4801 4803 XOR
2 1 4510 4803 4804 XOR
2 1 4802 4803 4805 AND
2 1 4801 4805 4806 XOR
2 1 4515 4806 4807 XOR
2 1 4600 4806 4808 XOR
2 1 4515 4808 4809 XOR
2 1 4807 4808 4810 AND
2 1 4806 4810 4811 XOR
2 1 4520 4811 4812 XOR
2 1 4601 4811 4813 XOR
2 1 4520 4813 4814 XOR
2 1 4812 4813 4815 AND
2 1 4811 4815 4816 XOR
2 1 4525 4816 4817 XOR
2 1 4602 4816 4818 XOR
2 1 4525 4818 4819 XOR
2 1 4817 4818 4820 AND
2 1 4816 4820 4821 XOR
2 1 4530 4821 4822 XOR
2 1 4603 4821 4823 XOR
2 1 4530 4823 4824 XOR
2 1 4822 4823 4825 AND
2 1 4821 4825 4826 XOR
2 1 4535 4826 4827 XOR
2 1 4604 4826 4828 XOR
2 1 4535 4828 4829 XOR
2 1 4827 4828 4830 AND
2 1 4826 4830 4831 XOR
2 1 4540 4831 4832 XOR
2 1 4605 4831 4833 XOR
2 1 4540 4833 4834 XOR
2 1 4832 4833 4835 AND
2 1 4831 4835 4836 XOR
2 1 4545 4836 4837 XOR
2 1 4606 4836 4838 XOR
2 1 4545 4838 4839 XOR
2 1 4837 4838 4840 AND
2 1 4836 4840 4841 XOR
2 1 4550 4841 4842 XOR
2 1 4607 4841 4843 XOR
2 1 4550 4843 4844 XOR
2 1 4842 4843 4845 AND
2 1 4841 4845 4846 XOR
2 1 4555 4846 4847 XOR
2 1 4608 4846 4848 XOR
2 1 4555 4848 4849 XOR
2 1 4847 4848 4850 AND
2 1 4846 4850 4851 XOR
2 1 4851 4609 4852 XOR
2 1 4852 4559 4853 XOR
2 1 0 79 4854 AND
2 1 1 79 4855 AND
2 1 2 79 4856 AND
2 1 3 79 4857 AND
2 1 4 79 4858 AND
2 1 5 79 4859 AND
2 1 6 79 4860 AND
2 1 7 79 4861 AND
2 1 8 79 4862 AND
2 1 9 79 4863 AND
2 1 10 79 4864 AND
2 1 11 79 4865 AND
2 1 12 79 4866 AND
2 1 13 79 4867 AND
2 1 14 79 4868 AND
2 1 15 79 4869 AND
2 1 16 79 4870 AND
2 1 17 79 4871 AND
2 1 18 79 4872 AND
2 1 19 79 4873 AND
2 1 20 79 4874 AND
2 1 21 79 4875 AND
2 1 22 79 4876 AND
2 1 23 79 4877 AND
2 1 24 79 4878 AND
2 1 25 79 4879 AND
2 1 26 79 4880 AND
2 1 27 79 4881 AND
2 1 28 79 4882 AND
2 1 29 79 4883 AND
2 1 30 79 4884 AND
2 1 31 79 4885 AND
2 1 32 79 4886 AND
2 1 33 79 4887 AND
2 1 34 79 4888 AND
2 1 35 79 4889 AND
2 1 36 79 4890 AND
2 1 37 79 4891 AND
2 1 38 79 4892 AND
2 1 39 79 4893 AND
2 1 40 79 4894 AND
2 1 41 79 4895 AND
2 1 42 79 4896 AND
2 1 43 79 4897 AND
2 1 44 79 4898 AND
2 1 45 79 4899 AND
2 1 46 79 4900 AND
2 1 47 79 4901 AND
2 1 48 79 4902 AND
2 1 4614 4854 4903 XOR
2 1 4614 4854 4904 AND
2 1 4619 4904 4905 XOR
2 1 4855 4904 4906 XOR
2 1 4619 4906 4907 XOR
2 1 4905 4906 4908 AND
2 1 4904 4908 4909 XOR
2 1 4624 4909 4910 XOR
2 1 4856 4909 4911 XOR
2 1 4624 4911 4912 XOR
2 1 4910 4911 4913 AND
2 1 4909 4913 4914 XOR
2 1 4629 4914 4915 XOR
2 1 4857 4914 4916 XOR
2 1 4629 4916 4917 XOR
2 1 4915 4916 4918 AND
2 1 4914 4918 4919 XOR
2 1 4634 4919 4920 XOR
2 1 4858 4919 4921 XOR
2 1 4634 4921 4922 XOR
2 1 4920 4921 4923 AND
2 1 4919 4923 4924 XOR
2 1 4639 4924 4925 XOR
2 1 4859 4924 4926 XOR
2 1 4639 4926 4927 XOR
2 1 4925 4926 4928 AND
2 1 4924 4928 4929 XOR
2 1 4644 4929 4930 XOR
2 1 4860 4929 4931 XOR
2 1 4644 4931 4932 XOR
2 1 4930 4931 4933 AND
2 1 4929 4933 4934 XOR
2 1 4649 4934 4935 XOR
2 1 4861 4934 4936 XOR
2 1 4649 4936 4937 XOR
2 1 4935 4936 4938 AND
2 1 4934 4938 4939 XOR
2 1 4654 4939 4940 XOR
2 1 4862 4939 4941 XOR
2 1 4654 4941 4942 XOR
2 1 4940 4941 4943 AND
2 1 4939 4943 4944 XOR
2 1 4659 4944 4945 XOR
2 1 4863 4944 4946 XOR
2 1 4659 4946 4947 XOR
2 1 4945 4946 4948 AND
2 1 4944 4948 4949 XOR
2 1 4664 4949 4950 XOR
2 1 4864 4949 4951 XOR
2 1 4664 4951 4952 XOR
2 1 4950 4951 4953 AND
2 1 4949 4953 4954 XOR
2 1 4669 4954 4955 XOR
2 1 4865 4954 4956 XOR
2 1 4669 4956 4957 XOR
2 1 4955 4956 4958 AND
2 1 4954 4958 4959 XOR
2 1 4674 4959 4960 XOR
2 1 4866 4959 4961 XOR
2 1 4674 4961 4962 XOR
2 1 4960 4961 4963 AND
2 1 4959 4963 4964 XOR
2 1 4679 4964 4965 XOR
2 1 4867 4964 4966 XOR
2 1 4679 4966 4967 XOR
2 1 4965 4966 4968 AND
2 1 4964 4968 4969 XOR
2 1 4684 4969 4970 XOR
2 1 4868 4969 4971 XOR
2 1 4684 4971 4972 XOR
2 1 4970 4971 4973 AND
2 1 4969 4973 4974 XOR
2 1 4689 4974 4975 XOR
2 1 4869 4974 4976 XOR
2 1 4689 4976 4977 XOR
2 1 4975 4976 4978 AND
2 1 4974 4978 4979 XOR
2 1 4694 4979 4980 XOR
2 1 4870 4979 4981 XOR
2 1 4694 4981 4982 XOR
2 1 4980 4981 4983 AND
2 1 4979 4983 4984 XOR
2 1 4699 4984 4985 XOR
2 1 4871 4984 4986 XOR
2 1 4699 4986 4987 XOR
2 1 4985 4986 4988 AND
2 1 4984 4988 4989 XOR
2 1 4704 4989 4990 XOR
2 1 4872 4989 4991 XOR
2 1 4704 4991 4992 XOR
2 1 4990 4991 4993 AND
2 1 4989 4993 4994 XOR
2 1 4709 4994 4995 XOR
2 1 4873 4994 4996 XOR
2 1 4709 4996 4997 XOR
2 1 4995 4996 4998 AND
2 1 4994 4998 4999 XOR
2 1 4714 4999 5000 XOR
2 1 4874 4999 5001 XOR
2 1 4714 5001 5002 XOR
2 1 5000 5001 5003 AND
2 1 4999 5003 5004 XOR
2 1 4719 5004 5005 XOR
2 1 4875 5004 5006 XOR
2 1 4719 5006 5007 XOR
2 1 5005 5006 5008 AND
2 1 5004 5008 5009 XOR
2 1 4724 5009 5010 XOR
2 1 4876 5009 5011 XOR
2 1 4724 5011 5012 XOR
2 1 5010 5011 5013 AND
2 1 5009 5013 5014 XOR
2 1 4729 5014 5015 XOR
2 1 4877 5014 5016 XOR
2 1 4729 5016 5017 XOR
2 1 5015 5016 5018 AND
2 1 5014 5018 5019 XOR
2 1 4734 5019 5020 XOR
2 1 4878 5019 5021 XOR
2 1 4734 5021 5022 XOR
2 1 5020 5021 5023 AND
2 1 5019 5023 5024 XOR
2 1 4739 5024 5025 XOR
2 1 4879 5024 5026 XOR
2 1 4739 5026 5027 XOR
2 1 5025 5026 5028 AND
2 1 5024 5028 5029 XOR
2 1 4744 5029 5030 XOR
2 1 4880 5029 5031 XOR
2 1 4744 5031 5032 XOR
2 1 5030 5031 5033 AND
2 1 5029 5033 5034 XOR
2 1 4749 5034 5035 XOR
2 1 4881 5034 5036 XOR
2 1 4749 5036 5037 XOR
2 1 5035 5036 5038 AND
2 1 5034 5038 5039 XOR
2 1 4754 5039 5040 XOR
2 1 4882 5039 5041 XOR
2 1 4754 5041 5042 XOR
2 1 5040 5041 5043 AND
2 1 5039 5043 5044 XOR
2 1 4759 5044 5045 XOR
2 1 4883 5044 5046 XOR
2 1 4759 5046 5047 XOR
2 1 5045 5046 5048 AND
2 1 5044 5048 5049 XOR
2 1 4764 5049 5050 XOR
2 1 4884 5049 5051 XOR
2 1 4764 5051 5052 XOR
2 1 5050 5051 5053 AND
2 1 5049 5053 5054 XOR
2 1 4769 5054 5055 XOR
2 1 4885 5054 5056 XOR
2 1 4769 5056 5057 XOR
2 1 5055 5056 5058 AND
2 1 5054 5058 5059 XOR
2 1 4774 5059 5060 XOR
2 1 4886 5059 5061 XOR
2 1 4774 5061 5062 XOR
2 1 5060 5061 5063 AND
2 1 5059 5063 5064 XOR
2 1 4779 5064 5065 XOR
2 1 4887 5064 5066 XOR
2 1 4779 5066 5067 XOR
2 1 5065 5066 5068 AND
2 1 5064 5068 5069 XOR
2 1 4784 5069 5070 XOR
2 1 4888 5069 5071 XOR
2 1 4784 5071 5072 XOR
2 1 5070 5071 5073 AND
2 1 5069 5073 5074 XOR
2 1 4789 5074 5075 XOR
2 1 4889 5074 5076 XOR
2 1 4789 5076 5077 XOR
2 1 5075 5076 5078 AND
2 1 5074 5078 5079 XOR
2 1 4794 5079 5080 XOR
2 1 4890 5079 5081 XOR
2 1 4794 5081 5082 XOR
2 1 5080 5081 5083 AND
2 1 5079 5083 5084 XOR
2 1 4799 5084 5085 XOR
2 1 4891 5084 5086 XOR
2 1 4799 5086 5087 XOR
2 1 5085 5086 5088 AND
2 1 5084 5088 5089 XOR
2 1 4804 5089 5090 XOR
2 1 4892 5089 5091 XOR
2 1 4804 5091 5092 XOR
2 1 5090 5091 5093 AND
2 1 5089 5093 5094 XOR
2 1 4809 5094 5095 XOR
2 1 4893 5094 5096 XOR
2 1 4809 5096 5097 XOR
2 1 5095 5096 5098 AND
2 1 5094 5098 5099 XOR
2 1 4814 5099 5100 XOR
2 1 4894 5099 5101 XOR
2 1 4814 5101 5102 XOR
2 1 5100 5101 5103 AND
2 1 5099 5103 5104 XOR
2 1 4819 5104 5105 XOR
2 1 4895 5104 5106 XOR
2 1 4819 5106 5107 XOR
2 1 5105 5106 5108 AND
2 1 5104 5108 5109 XOR
2 1 4824 5109 5110 XOR
2 1 4896 5109 5111 XOR
2 1 4824 5111 5112 XOR
2 1 5110 5111 5113 AND
2 1 5109 5113 5114 XOR
2 1 4829 5114 5115 XOR
2 1 4897 5114 5116 XOR
2 1 4829 5116 5117 XOR
2 1 5115 5116 5118 AND
2 1 5114 5118 5119 XOR
2 1 4834 5119 5120 XOR
2 1 4898 5119 5121 XOR
2 1 4834 5121 5122 XOR
2 1 5120 5121 5123 AND
2 1 5119 5123 5124 XOR
2 1 4839 5124 5125 XOR
2 1 4899 5124 5126 XOR
2 1 4839 5126 5127 XOR
2 1 5125 5126 5128 AND
2 1 5124 5128 5129 XOR
2 1 4844 5129 5130 XOR
2 1 4900 5129 5131 XOR
2 1 4844 5131 5132 XOR
2 1 5130 5131 5133 AND
2 1 5129 5133 5134 XOR
2 1 4849 5134 5135 XOR
2 1 4901 5134 5136 XOR
2 1 4849 5136 5137 XOR
2 1 5135 5136 5138 AND
2 1 5134 5138 5139 XOR
2 1 5139 4902 5140 XOR
2 1 5140 4853 5141 XOR
2 1 0 80 5142 AND
2 1 1 80 5143 AND
2 1 2 80 5144 AND
2 1 3 80 5145 AND
2 1 4 80 5146 AND
2 1 5 80 5147 AND
2 1 6 80 5148 AND
2 1 7 80 5149 AND
2 1 8 80 5150 AND
2 1 9 80 5151 AND
2 1 10 80 5152 AND
2 1 11 80 5153 AND
2 1 12 80 5154 AND
2 1 13 80 5155 AND
2 1 14 80 5156 AND
2 1 15 80 5157 AND
2 1 16 80 5158 AND
2 1 17 80 5159 AND
2 1 18 80 5160 AND
2 1 19 80 5161 AND
2 1 20 80 5162 AND
2 1 21 80 5163 AND
2 1 22 80 5164 AND
2 1 23 80 5165 AND
2 1 24 80 5166 AND
2 1 25 80 5167 AND
2 1 26 80 5168 AND
2 1 27 80 5169 AND
2 1 28 80 5170 AND
2 1 29 80 5171 AND
2 1 30 80 5172 AND
2 1 31 80 5173 AND
2 1 32 80 5174 AND
2 1 33 80 5175 AND
2 1 34 80 5176 AND
2 1 35 80 5177 AND
2 1 36 80 5178 AND
2 1 37 80 5179 AND
2 1 38 80 5180 AND
2 1 39 80 5181 AND
2 1 40 80 5182 AND
2 1 41 80 5183 AND
2 1 42 80 5184 AND
2 1 43 80 5185 AND
2 1 44 80 5186 AND
2 1 45 80 5187 AND
2 1 46 80 5188 AND
2 1 47 80 5189 AND
2 1 4907 5142 5190 XOR
2 1 4907 5142 5191 AND
2 1 4912 5191 5192 XOR
2 1 5143 5191 5193 XOR
2 1 4912 5193 5194 XOR
2 1 5192 5193 5195 AND
2 1 5191 5195 5196 XOR
2 1 4917 5196 5197 XOR
2 1 5144 5196 5198 XOR
2 1 4917 5198 5199 XOR
2 1 5197 5198 5200 AND
2 1 5196 5200 5201 XOR
2 1 4922 5201 5202 XOR
2 1 5145 5201 5203 XOR
2 1 4922 5203 5204 XOR
2 1 5202 5203 5205 AND
2 1 5201 5205 5206 XOR
2 1 4927 5206 5207 XOR
2 1 5146 5206 5208 XOR
2 1 4927 5208 5209 XOR
2 1 5207 5208 5210 AND
2 1 5206 5210 5211 XOR
2 1 4932 5211 5212 XOR
2 1 5147 5211 5213 XOR
2 1 4932 5213 5214 XOR
2 1 5212 5213 5215 AND
2 1 5211 5215 5216 XOR
2 1 4937 5216 5217 XOR
2 1 5148 5216 5218 XOR
2 1 4937 5218 5219 XOR
2 1 5217 5218 5220 AND
2 1 5216 5220 5221 XOR
2 1 4942 5221 5222 XOR
2 1 5149 5221 5223 XOR
2 1 4942 5223 5224 XOR
2 1 5222 5223 5225 AND
2 1 5221 5225 5226 XOR
2 1 4947 5226 5227 XOR
2 1 5150 5226 5228 XOR
2 1 4947 5228 5229 XOR
2 1 5227 5228 5230 AND
2 1 5226 5230 5231 XOR
2 1 4952 5231 5232 XOR
2 1 5151 5231 5233 XOR
2 1 4952 5233 5234 XOR
2 1 5232 5233 5235 AND
2 1 5231 5235 5236 XOR
2 1 4957 5236 5237 XOR
2 1 5152 5236 5238 XOR
2 1 4957 5238 5239 XOR
2 1 5237 5238 5240 AND
2 1 5236 5240 5241 XOR
2 1 4962 5241 5242 XOR
2 1 5153 5241 5243 XOR
2 1 4962 5243 5244 XOR
2 1 5242 5243 5245 AND
2 1 5241 5245 5246 XOR
2 1 4967 5246 5247 XOR
2 1 5154 5246 5248 XOR
2 1 4967 5248 5249 XOR
2 1 5247 5248 5250 AND
2 1 5246 5250 5251 XOR
2 1 4972 5251 5252 XOR
2 1 5155 5251 5253 XOR
2 1 4972 5253 5254 XOR
2 1 5252 5253 5255 AND
2 1 5251 5255 5256 XOR
2 1 4977 5256 5257 XOR
2 1 5156 5256 5258 XOR
2 1 4977 5258 5259 XOR
2 1 5257 5258 5260 AND
2 1 5256 5260 5261 XOR
2 1 4982 5261 5262 XOR
2 1 5157 5261 5263 XOR
2 1 4982 5263 5264 XOR
2 1 5262 5263 5265 AND
2 1 5261 5265 5266 XOR
2 1 4987 5266 5267 XOR
2 1 5158 5266 5268 XOR
2 1 4987 5268 5269 XOR
2 1 5267 5268 5270 AND
2 1 5266 5270 5271 XOR
2 1 4992 5271 5272 XOR
2 1 5159 5271 5273 XOR
2 1 4992 5273 5274 XOR
2 1 5272 5273 5275 AND
2 1 5271 5275 5276 XOR
2 1 4997 5276 5277 XOR
2 1 5160 5276 5278 XOR
2 1 4997 5278 5279 XOR
2 1 5277 5278 5280 AND
2 1 5276 5280 5281 XOR
2 1 5002 5281 5282 XOR
2 1 5161 5281 5283 XOR
2 1 5002 5283 5284 XOR
2 1 5282 5283 5285 AND
2 1 5281 5285 5286 XOR
2 1 5007 5286 5287 XOR
2 1 5162 5286 5288 XOR
2 1 5007 5288 5289 XOR
2 1 5287 5288 5290 AND
2 1 5286 5290 5291 XOR
2 1 5012 5291 5292 XOR
2 1 5163 5291 5293 XOR
2 1 5012 5293 5294 XOR
2 1 5292 5293 5295 AND
2 1 5291 5295 5296 XOR
2 1 5017 5296 5297 XOR
2 1 5164 5296 5298 XOR
2 1 5017 5298 5299 XOR
2 1 5297 5298 5300 AND
2 1 5296 5300 5301 XOR
2 1 5022 5301 5302 XOR
2 1 5165 5301 5303 XOR
2 1 5022 5303 5304 XOR
2 1 5302 5303 5305 AND
2 1 5301 5305 5306 XOR
2 1 5027 5306 5307 XOR
2 1 5166 5306 5308 XOR
2 1 5027 5308 5309 XOR
2 1 5307 5308 5310 AND
2 1 5306 5310 5311 XOR
2 1 5032 5311 5312 XOR
2 1 5167 5311 5313 XOR
2 1 5032 5313 5314 XOR
2 1 5312 5313 5315 AND
2 1 5311 5315 5316 XOR
2 1 5037 5316 5317 XOR
2 1 5168 5316 5318 XOR
2 1 5037 5318 5319 XOR
2 1 5317 5318 5320 AND
2 1 5316 5320 5321 XOR
2 1 5042 5321 5322 XOR
2 1 5169 5321 5323 XOR
2 1 5042 5323 5324 XOR
2 1 5322 5323 5325 AND
2 1 5321 5325 5326 XOR
2 1 5047 5326 5327 XOR
2 1 5170 5326 5328 XOR
2 1 5047 5328 5329 XOR
2 1 5327 5328 5330 AND
2 1 5326 5330 5331 XOR
2 1 5052 5331 5332 XOR
2 1 5171 5331 5333 XOR
2 1 5052 5333 5334 XOR
2 1 5332 5333 5335 AND
2 1 5331 5335 5336 XOR
2 1 5057 5336 5337 XOR
2 1 5172 5336 5338 XOR
2 1 5057 5338 5339 XOR
2 1 5337 5338 5340 AND
2 1 5336 5340 5341 XOR
2 1 5062 5341 5342 XOR
2 1 5173 5341 5343 XOR
2 1 5062 5343 5344 XOR
2 1 5342 5343 5345 AND
2 1 5341 5345 5346 XOR
2 1 5067 5346 5347 XOR
2 1 5174 5346 5348 XOR
2 1 5067 5348 5349 XOR
2 1 5347 5348 5350 AND
2 1 5346 5350 5351 XOR
2 1 5072 5351 5352 XOR
2 1 5175 5351 5353 XOR
2 1 5072 5353 5354 XOR
2 1 5352 5353 5355 AND
2 1 5351 5355 5356 XOR
2 1 5077 5356 5357 XOR
2 1 5176 5356 5358 XOR
2 1 5077 5358 5359 XOR
2 1 5357 5358 5360 AND
2 1 5356 5360 5361 XOR
2 1 5082 5361 5362 XOR
2 1 5177 5361 5363 XOR
2 1 5082 5363 5364 XOR
2 1 5362 5363 5365 AND
2 1 5361 5365 5366 XOR
2 1 5087 5366 5367 XOR
2 1 5178 5366 5368 XOR
2 1 5087 5368 5369 XOR
2 1 5367 5368 5370 AND
2 1 5366 5370 5371 XOR
2 1 5092 5371 5372 XOR
2 1 5179 5371 5373 XOR
2 1 5092 5373 5374 XOR
2 1 5372 5373 5375 AND
2 1 5371 5375 5376 XOR
2 1 5097 5376 5377 XOR
2 1 5180 5376 5378 XOR
2 1 5097 5378 5379 XOR
2 1 5377 5378 5380 AND
2 1 5376 5380 5381 XOR
2 1 5102 5381 5382 XOR
2 1 5181 5381 5383 XOR
2 1 5102 5383 5384 XOR
2 1 5382 5383 5385 AND
2 1 5381 5385 5386 XOR
2 1 5107 5386 5387 XOR
2 1 5182 5386 5388 XOR
2 1 5107 5388 5389 XOR
2 1 5387 5388 5390 AND
2 1 5386 5390 5391 XOR
2 1 5112 5391 5392 XOR
2 1 5183 5391 5393 XOR
2 1 5112 5393 5394 XOR
2 1 5392 5393 5395 AND
2 1 5391 5395 5396 XOR
2 1 5117 5396 5397 XOR
2 1 5184 5396 5398 XOR
2 1 5117 5398 5399 XOR
2 1 5397 5398 5400 AND
2 1 5396 5400 5401 XOR
2 1 5122 5401 5402 XOR
2 1 5185 5401 5403 XOR
2 1 5122 5403 5404 XOR
2 1 5402 5403 5405 AND
2 1 5401 5405 5406 XOR
2 1 5127 5406 5407 XOR
2 1 5186 5406 5408 XOR
2 1 5127 5408 5409 XOR
2 1 5407 5408 5410 AND
2 1 5406 5410 5411 XOR
2 1 5132 5411 5412 XOR
2 1 5187 5411 5413 XOR
2 1 5132 5413 5414 XOR
2 1 5412 5413 5415 AND
2 1 5411 5415 5416 XOR
2 1 5137 5416 5417 XOR
2 1 5188 5416 5418 XOR
2 1 5137 5418 5419 XOR
2 1 5417 5418 5420 AND
2 1 5416 5420 5421 XOR
2 1 5421 5189 5422 XOR
2 1 5422 5141 5423 XOR
2 1 0 81 5424 AND
2 1 1 81 5425 AND
2 1 2 81 5426 AND
2 1 3 81 5427 AND
2 1 4 81 5428 AND
2 1 5 81 5429 AND
2 1 6 81 5430 AND
2 1 7 81 5431 AND
2 1 8 81 5432 AND
2 1 9 81 5433 AND
2 1 10 81 5434 AND
2 1 11 81 5435 AND
2 1 12 81 5436 AND
2 1 13 81 5437 AND
2 1 14 81 5438 AND
2 1 15 81 5439 AND
2 1 16 81 5440 AND
2 1 17 81 5441 AND
2 1 18 81 5442 AND
2 1 19 81 5443 AND
2 1 20 81 5444 AND
2 1 21 81 5445 AND
2 1 22 81 5446 AND
2 1 23 81 5447 AND
2 1 24 81 5448 AND
2 1 25 81 5449 AND
2 1 26 81 5450 AND
2 1 27 81 5451 AND
2 1 28 81 5452 AND
2 1 29 81 5453 AND
2 1 30 81 5454 AND
2 1 31 81 5455 AND
2 1 32 81 5456 AND
2 1 33 81 5457 AND
2 1 34 81 5458 AND
2 1 35 81 5459 AND
2 1 36 81 5460 AND
2 1 37 81 5461 AND
2 1 38 81 5462 AND
2 1 39 81 5463 AND
2 1 40 81 5464 AND
2 1 41 81 5465 AND
2 1 42 81 5466 AND
2 1 43 81 5467 AND
2 1 44 81 5468 AND
2 1 45 81 5469 AND
2 1 46 81 5470 AND
2 1 5194 5424 5471 XOR
2 1 5194 5424 5472 AND
2 1 5199 5472 5473 XOR
2 1 5425 5472 5474 XOR
2 1 5199 5474 5475 XOR
2 1 5473 5474 5476 AND
2 1 5472 5476 5477 XOR
2 1 5204 5477 5478 XOR
2 1 5426 5477 5479 XOR
2 1 5204 5479 5480 XOR
2 1 5478 5479 5481 AND
2 1 5477 5481 5482 XOR
2 1 5209 5482 5483 XOR
2 1 5427 5482 5484 XOR
2 1 5209 5484 5485 XOR
2 1 5483 5484 5486 AND
2 1 5482 5486 5487 XOR
2 1 5214 5487 5488 XOR
2 1 5428 5487 5489 XOR
2 1 5214 5489 5490 XOR
2 1 5488 5489 5491 AND
2 1 5487 5491 5492 XOR
2 1 5219 5492 5493 XOR
2 1 5429 5492 5494 XOR
2 1 5219 5494 5495 XOR
2 1 5493 5494 5496 AND
2 1 5492 5496 5497 XOR
2 1 5224 5497 5498 XOR
2 1 5430 5497 5499 XOR
2 1 5224 5499 5500 XOR
2 1 5498 5499 5501 AND
2 1 5497 5501 5502 XOR
2 1 5229 5502 5503 XOR
2 1 5431 5502 5504 XOR
2 1 5229 5504 5505 XOR
2 1 5503 5504 5506 AND
2 1 5502 5506 5507 XOR
2 1 5234 5507 5508 XOR
2 1 5432 5507 5509 XOR
2 1 5234 5509 5510 XOR
2 1 5508 5509 5511 AND
2 1 5507 5511 5512 XOR
2 1 5239 5512 5513 XOR
2 1 5433 5512 5514 XOR
2 1 5239 5514 5515 XOR
2 1 5513 5514 5516 AND
2 1 5512 5516 5517 XOR
2 1 5244 5517 5518 XOR
2 1 5434 5517 5519 XOR
2 1 5244 5519 5520 XOR
2 1 5518 5519 5521 AND
2 1 5517 5521 5522 XOR
2 1 5249 5522 5523 XOR
2 1 5435 5522 5524 XOR
2 1 5249 5524 5525 XOR
2 1 5523 5524 5526 AND
2 1 5522 5526 5527 XOR
2 1 5254 5527 5528 XOR
2 1 5436 5527 5529 XOR
2 1 5254 5529 5530 XOR
2 1 5528 5529 5531 AND
2 1 5527 5531 5532 XOR
2 1 5259 5532 5533 XOR
2 1 5437 5532 5534 XOR
2 1 5259 5534 5535 XOR
2 1 5533 5534 5536 AND
2 1 5532 5536 5537 XOR
2 1 5264 5537 5538 XOR
2 1 5438 5537 5539 XOR
2 1 5264 5539 5540 XOR
2 1 5538 5539 5541 AND
2 1 5537 5541 5542 XOR
2 1 5269 5542 5543 XOR
2 1 5439 5542 5544 XOR
2 1 5269 5544 5545 XOR
2 1 5543 5544 5546 AND
2 1 5542 5546 5547 XOR
2 1 5274 5547 5548 XOR
2 1 5440 5547 5549 XOR
2 1 5274 5549 5550 XOR
2 1 5548 5549 5551 AND
2 1 5547 5551 5552 XOR
2 1 5279 5552 5553 XOR
2 1 5441 5552 5554 XOR
2 1 5279 5554 5555 XOR
2 1 5553 5554 5556 AND
2 1 5552 5556 5557 XOR
2 1 5284 5557 5558 XOR
2 1 5442 5557 5559 XOR
2 1 5284 5559 5560 XOR
2 1 5558 5559 5561 AND
2 1 5557 5561 5562 XOR
2 1 5289 5562 5563 XOR
2 1 5443 5562 5564 XOR
2 1 5289 5564 5565 XOR
2 1 5563 5564 5566 AND
2 1 5562 5566 5567 XOR
2 1 5294 5567 5568 XOR
2 1 5444 5567 5569 XOR
2 1 5294 5569 5570 XOR
2 1 5568 5569 5571 AND
2 1 5567 5571 5572 XOR
2 1 5299 5572 5573 XOR
2 1 5445 5572 5574 XOR
2 1 5299 5574 5575 XOR
2 1 5573 5574 5576 AND
2 1 5572 5576 5577 XOR
2 1 5304 5577 5578 XOR
2 1 5446 5577 5579 XOR
2 1 5304 5579 5580 XOR
2 1 5578 5579 5581 AND
2 1 5577 5581 5582 XOR
2 1 5309 5582 5583 XOR
2 1 5447 5582 5584 XOR
2 1 5309 5584 5585 XOR
2 1 5583 5584 5586 AND
2 1 5582 5586 5587 XOR
2 1 5314 5587 5588 XOR
2 1 5448 5587 5589 XOR
2 1 5314 5589 5590 XOR
2 1 5588 5589 5591 AND
2 1 5587 5591 5592 XOR
2 1 5319 5592 5593 XOR
2 1 5449 5592 5594 XOR
2 1 5319 5594 5595 XOR
2 1 5593 5594 5596 AND
2 1 5592 5596 5597 XOR
2 1 5324 5597 5598 XOR
2 1 5450 5597 5599 XOR
2 1 5324 5599 5600 XOR
2 1 5598 5599 5601 AND
2 1 5597 5601 5602 XOR
2 1 5329 5602 5603 XOR
2 1 5451 5602 5604 XOR
2 1 5329 5604 5605 XOR
2 1 5603 5604 5606 AND
2 1 5602 5606 5607 XOR
2 1 5334 5607 5608 XOR
2 1 5452 5607 5609 XOR
2 1 5334 5609 5610 XOR
2 1 5608 5609 5611 AND
2 1 5607 5611 5612 XOR
2 1 5339 5612 5613 XOR
2 1 5453 5612 5614 XOR
2 1 5339 5614 5615 XOR
2 1 5613 5614 5616 AND
2 1 5612 5616 5617 XOR
2 1 5344 5617 5618 XOR
2 1 5454 5617 5619 XOR
2 1 5344 5619 5620 XOR
2 1 5618 5619 5621 AND
2 1 5617 5621 5622 XOR
2 1 5349 5622 5623 XOR
2 1 5455 5622 5624 XOR
2 1 5349 5624 5625 XOR
2 1 5623 5624 5626 AND
2 1 5622 5626 5627 XOR
2 1 5354 5627 5628 XOR
2 1 5456 5627 5629 XOR
2 1 5354 5629 5630 XOR
2 1 5628 5629 5631 AND
2 1 5627 5631 5632 XOR
2 1 5359 5632 5633 XOR
2 1 5457 5632 5634 XOR
2 1 5359 5634 5635 XOR
2 1 5633 5634 5636 AND
2 1 5632 5636 5637 XOR
2 1 5364 5637 5638 XOR
2 1 5458 5637 5639 XOR
2 1 5364 5639 5640 XOR
2 1 5638 5639 5641 AND
2 1 5637 5641 5642 XOR
2 1 5369 5642 5643 XOR
2 1 5459 5642 5644 XOR
2 1 5369 5644 5645 XOR
2 1 5643 5644 5646 AND
2 1 5642 5646 5647 XOR
2 1 5374 5647 5648 XOR
2 1 5460 5647 5649 XOR
2 1 5374 5649 5650 XOR
2 1 5648 5649 5651 AND
2 1 5647 5651 5652 XOR
2 1 5379 5652 5653 XOR
2 1 5461 5652 5654 XOR
2 1 5379 5654 5655 XOR
2 1 5653 5654 5656 AND
2 1 5652 5656 5657 XOR
2 1 5384 5657 5658 XOR
2 1 5462 5657 5659 XOR
2 1 5384 5659 5660 XOR
2 1 5658 5659 5661 AND
2 1 5657 5661 5662 XOR
2 1 5389 5662 5663 XOR
2 1 5463 5662 5664 XOR
2 1 5389 5664 5665 XOR
2 1 5663 5664 5666 AND
2 1 5662 5666 5667 XOR
2 1 5394 5667 5668 XOR
2 1 5464 5667 5669 XOR
2 1 5394 5669 5670 XOR
2 1 5668 5669 5671 AND
2 1 5667 5671 5672 XOR
2 1 5399 5672 5673 XOR
2 1 5465 5672 5674 XOR
2 1 5399 5674 5675 XOR
2 1 5673 5674 5676 AND
2 1 5672 5676 5677 XOR
2 1 5404 5677 5678 XOR
2 1 5466 5677 5679 XOR
2 1 5404 5679 5680 XOR
2 1 5678 5679 5681 AND
2 1 5677 5681 5682 XOR
2 1 5409 5682 5683 XOR
2 1 5467 5682 5684 XOR
2 1 5409 5684 5685 XOR
2 1 5683 5684 5686 AND
2 1 5682 5686 5687 XOR
2 1 5414 5687 5688 XOR
2 1 5468 5687 5689 XOR
2 1 5414 5689 5690 XOR
2 1 5688 5689 5691 AND
2 1 5687 5691 5692 XOR
2 1 5419 5692 5693 XOR
2 1 5469 5692 5694 XOR
2 1 5419 5694 5695 XOR
2 1 5693 5694 5696 AND
2 1 5692 5696 5697 XOR
2 1 5697 5470 5698 XOR
2 1 5698 5423 5699 XOR
2 1 0 82 5700 AND
2 1 1 82 5701 AND
2 1 2 82 5702 AND
2 1 3 82 5703 AND
2 1 4 82 5704 AND
2 1 5 82 5705 AND
2 1 6 82 5706 AND
2 1 7 82 5707 AND
2 1 8 82 5708 AND
2 1 9 82 5709 AND
2 1 10 82 5710 AND
2 1 11 82 5711 AND
2 1 12 82 5712 AND
2 1 13 82 5713 AND
2 1 14 82 5714 AND
2 1 15 82 5715 AND
2 1 16 82 5716 AND
2 1 17 82 5717 AND
2 1 18 82 5718 AND
2 1 19 82 5719 AND
2 1 20 82 5720 AND
2 1 21 82 5721 AND
2 1 22 82 5722 AND
2 1 23 82 5723 AND
2 1 24 82 5724 AND
2 1 25 82 5725 AND
2 1 26 82 5726 AND
2 1 27 82 5727 AND
2 1 28 82 5728 AND
2 1 29 82 5729 AND
2 1 30 82 5730 AND
2 1 31 82 5731 AND
2 1 32 82 5732 AND
2 1 33 82 5733 AND
2 1 34 82 5734 AND
2 1 35 82 5735 AND
2 1 36 82 5736 AND
2 1 37 82 5737 AND
2 1 38 82 5738 AND
2 1 39 82 5739 AND
2 1 40 82 5740 AND
2 1 41 82 5741 AND
2 1 42 82 5742 AND
2 1 43 82 5743 AND
2 1 44 82 5744 AND
2 1 45 82 5745 AND
2 1 5475 5700 5746 XOR
2 1 5475 5700 5747 AND
2 1 5480 5747 5748 XOR
2 1 5701 5747 5749 XOR
2 1 5480 5749 5750 XOR
2 1 5748 5749 5751 AND
2 1 5747 5751 5752 XOR
2 1 5485 5752 5753 XOR
2 1 5702 5752 5754 XOR
2 1 5485 5754 5755 XOR
2 1 5753 5754 5756 AND
2 1 5752 5756 5757 XOR
2 1 5490 5757 5758 XOR
2 1 5703 5757 5759 XOR
2 1 5490 5759 5760 XOR
2 1 5758 5759 5761 AND
2 1 5757 5761 5762 XOR
2 1 5495 5762 5763 XOR
2 1 5704 5762 5764 XOR
2 1 5495 5764 5765 XOR
2 1 5763 5764 5766 AND
2 1 5762 5766 5767 XOR
2 1 5500 5767 5768 XOR
2 1 5705 5767 5769 XOR
2 1 5500 5769 5770 XOR
2 1 5768 5769 5771 AND
2 1 5767 5771 5772 XOR
2 1 5505 5772 5773 XOR
2 1 5706 5772 5774 XOR
2 1 5505 5774 5775 XOR
2 1 5773 5774 5776 AND
2 1 5772 5776 5777 XOR
2 1 5510 5777 5778 XOR
2 1 5707 5777 5779 XOR
2 1 5510 5779 5780 XOR
2 1 5778 5779 5781 AND
2 1 5777 5781 5782 XOR
2 1 5515 5782 5783 XOR
2 1 5708 5782 5784 XOR
2 1 5515 5784 5785 XOR
2 1 5783 5784 5786 AND
2 1 5782 5786 5787 XOR
2 1 5520 5787 5788 XOR
2 1 5709 5787 5789 XOR
2 1 5520 5789 5790 XOR
2 1 5788 5789 5791 AND
2 1 5787 5791 5792 XOR
2 1 5525 5792 5793 XOR
2 1 5710 5792 5794 XOR
2 1 5525 5794 5795 XOR
2 1 5793 5794 5796 AND
2 1 5792 5796 5797 XOR
2 1 5530 5797 5798 XOR
2 1 5711 5797 5799 XOR
2 1 5530 5799 5800 XOR
2 1 5798 5799 5801 AND
2 1 5797 5801 5802 XOR
2 1 5535 5802 5803 XOR
2 1 5712 5802 5804 XOR
2 1 5535 5804 5805 XOR
2 1 5803 5804 5806 AND
2 1 5802 5806 5807 XOR
2 1 5540 5807 5808 XOR
2 1 5713 5807 5809 XOR
2 1 5540 5809 5810 XOR
2 1 5808 5809 5811 AND
2 1 5807 5811 5812 XOR
2 1 5545 5812 5813 XOR
2 1 5714 5812 5814 XOR
2 1 5545 5814 5815 XOR
2 1 5813 5814 5816 AND
2 1 5812 5816 5817 XOR
2 1 5550 5817 5818 XOR
2 1 5715 5817 5819 XOR
2 1 5550 5819 5820 XOR
2 1 5818 5819 5821 AND
2 1 5817 5821 5822 XOR
2 1 5555 5822 5823 XOR
2 1 5716 5822 5824 XOR
2 1 5555 5824 5825 XOR
2 1 5823 5824 5826 AND
2 1 5822 5826 5827 XOR
2 1 5560 5827 5828 XOR
2 1 5717 5827 5829 XOR
2 1 5560 5829 5830 XOR
2 1 5828 5829 5831 AND
2 1 5827 5831 5832 XOR
2 1 5565 5832 5833 XOR
2 1 5718 5832 5834 XOR
2 1 5565 5834 5835 XOR
2 1 5833 5834 5836 AND
2 1 5832 5836 5837 XOR
2 1 5570 5837 5838 XOR
2 1 5719 5837 5839 XOR
2 1 5570 5839 5840 XOR
2 1 5838 5839 5841 AND
2 1 5837 5841 5842 XOR
2 1 5575 5842 5843 XOR
2 1 5720 5842 5844 XOR
2 1 5575 5844 5845 XOR
2 1 5843 5844 5846 AND
2 1 5842 5846 5847 XOR
2 1 5580 5847 5848 XOR
2 1 5721 5847 5849 XOR
2 1 5580 5849 5850 XOR
2 1 5848 5849 5851 AND
2 1 5847 5851 5852 XOR
2 1 5585 5852 5853 XOR
2 1 5722 5852 5854 XOR
2 1 5585 5854 5855 XOR
2 1 5853 5854 5856 AND
2 1 5852 5856 5857 XOR
2 1 5590 5857 5858 XOR
2 1 5723 5857 5859 XOR
2 1 5590 5859 5860 XOR
2 1 5858 5859 5861 AND
2 1 5857 5861 5862 XOR
2 1 5595 5862 5863 XOR
2 1 5724 5862 5864 XOR
2 1 5595 5864 5865 XOR
2 1 5863 5864 5866 AND
2 1 5862 5866 5867 XOR
2 1 5600 5867 5868 XOR
2 1 5725 5867 5869 XOR
2 1 5600 5869 5870 XOR
2 1 5868 5869 5871 AND
2 1 5867 5871 5872 XOR
2 1 5605 5872 5873 XOR
2 1 5726 5872 5874 XOR
2 1 5605 5874 5875 XOR
2 1 5873 5874 5876 AND
2 1 5872 5876 5877 XOR
2 1 5610 5877 5878 XOR
2 1 5727 5877 5879 XOR
2 1 5610 5879 5880 XOR
2 1 5878 5879 5881 AND
2 1 5877 5881 5882 XOR
2 1 5615 5882 5883 XOR
2 1 5728 5882 5884 XOR
2 1 5615 5884 5885 XOR
2 1 5883 5884 5886 AND
2 1 5882 5886 5887 XOR
2 1 5620 5887 5888 XOR
2 1 5729 5887 5889 XOR
2 1 5620 5889 5890 XOR
2 1 5888 5889 5891 AND
2 1 5887 5891 5892 XOR
2 1 5625 5892 5893 XOR
2 1 5730 5892 5894 XOR
2 1 5625 5894 5895 XOR
2 1 5893 5894 5896 AND
2 1 5892 5896 5897 XOR
2 1 5630 5897 5898 XOR
2 1 5731 5897 5899 XOR
2 1 5630 5899 5900 XOR
2 1 5898 5899 5901 AND
2 1 5897 5901 5902 XOR
2 1 5635 5902 5903 XOR
2 1 5732 5902 5904 XOR
2 1 5635 5904 5905 XOR
2 1 5903 5904 5906 AND
2 1 5902 5906 5907 XOR
2 1 5640 5907 5908 XOR
2 1 5733 5907 5909 XOR
2 1 5640 5909 5910 XOR
2 1 5908 5909 5911 AND
2 1 5907 5911 5912 XOR
2 1 5645 5912 5913 XOR
2 1 5734 5912 5914 XOR
2 1 5645 5914 5915 XOR
2 1 5913 5914 5916 AND
2 1 5912 5916 5917 XOR
2 1 5650 5917 5918 XOR
2 1 5735 5917 5919 XOR
2 1 5650 5919 5920 XOR
2 1 5918 5919 5921 AND
2 1 5917 5921 5922 XOR
2 1 5655 5922 5923 XOR
2 1 5736 5922 5924 XOR
2 1 5655 5924 5925 XOR
2 1 5923 5924 5926 AND
2 1 5922 5926 5927 XOR
2 1 5660 5927 5928 XOR
2 1 5737 5927 5929 XOR
2 1 5660 5929 5930 XOR
2 1 5928 5929 5931 AND
2 1 5927 5931 5932 XOR
2 1 5665 5932 5933 XOR
2 1 5738 5932 5934 XOR
2 1 5665 5934 5935 XOR
2 1 5933 5934 5936 AND
2 1 5932 5936 5937 XOR
2 1 5670 5937 5938 XOR
2 1 5739 5937 5939 XOR
2 1 5670 5939 5940 XOR
2 1 5938 5939 5941 AND
2 1 5937 5941 5942 XOR
2 1 5675 5942 5943 XOR
2 1 5740 5942 5944 XOR
2 1 5675 5944 5945 XOR
2 1 5943 5944 5946 AND
2 1 5942 5946 5947 XOR
2 1 5680 5947 5948 XOR
2 1 5741 5947 5949 XOR
2 1 5680 5949 5950 XOR
2 1 5948 5949 5951 AND
2 1 5947 5951 5952 XOR
2 1 5685 5952 5953 XOR
2 1 5742 5952 5954 XOR
2 1 5685 5954 5955 XOR
2 1 5953 5954 5956 AND
2 1 5952 5956 5957 XOR
2 1 5690 5957 5958 XOR
2 1 5743 5957 5959 XOR
2 1 5690 5959 5960 XOR
2 1 5958 5959 5961 AND
2 1 5957 5961 5962 XOR
2 1 5695 5962 5963 XOR
2 1 5744 5962 5964 XOR
2 1 5695 5964 5965 XOR
2 1 5963 5964 5966 AND
2 1 5962 5966 5967 XOR
2 1 5967 5745 5968 XOR
2 1 5968 5699 5969 XOR
2 1 0 83 5970 AND
2 1 1 83 5971 AND
2 1 2 83 5972 AND
2 1 3 83 5973 AND
2 1 4 83 5974 AND
2 1 5 83 5975 AND
2 1 6 83 5976 AND
2 1 7 83 5977 AND
2 1 8 83 5978 AND
2 1 9 83 5979 AND
2 1 10 83 5980 AND
2 1 11 83 5981 AND
2 1 12 83 5982 AND
2 1 13 83 5983 AND
2 1 14 83 5984 AND
2 1 15 83 5985 AND
2 1 16 83 5986 AND
2 1 17 83 5987 AND
2 1 18 83 5988 AND
2 1 19 83 5989 AND
2 1 20 83 5990 AND
2 1 21 83 5991 AND
2 1 22 83 5992 AND
2 1 23 83 5993 AND
2 1 24 83 5994 AND
2 1 25 83 5995 AND
2 1 26 83 5996 AND
2 1 27 83 5997 AND
2 1 28 83 5998 AND
2 1 29 83 5999 AND
2 1 30 83 6000 AND
2 1 31 83 6001 AND
2 1 32 83 6002 AND
2 1 33 83 6003 AND
2 1 34 83 6004 AND
2 1 35 83 6005 AND
2 1 36 83 6006 AND
2 1 37 83 6007 AND
2 1 38 83 6008 AND
2 1 39 83 6009 AND
2 1 40 83 6010 AND
2 1 41 83 6011 AND
2 1 42 83 6012 AND
2 1 43 83 6013 AND
2 1 44 83 6014 AND
2 1 5750 5970 6015 XOR
2 1 5750 5970 6016 AND
2 1 5755 6016 6017 XOR
2 1 5971 6016 6018 XOR
2 1 5755 6018 6019 XOR
2 1 6017 6018 6020 AND
2 1 6016 6020 6021 XOR
2 1 5760 6021 6022 XOR
2 1 5972 6021 6023 XOR
2 1 5760 6023 6024 XOR
2 1 6022 6023 6025 AND
2 1 6021 6025 6026 XOR
2 1 5765 6026 6027 XOR
2 1 5973 6026 6028 XOR
2 1 5765 6028 6029 XOR
2 1 6027 6028 6030 AND
2 1 6026 6030 6031 XOR
2 1 5770 6031 6032 XOR
2 1 5974 6031 6033 XOR
2 1 5770 6033 6034 XOR
2 1 6032 6033 6035 AND
2 1 6031 6035 6036 XOR
2 1 5775 6036 6037 XOR
2 1 5975 6036 6038 XOR
2 1 5775 6038 6039 XOR
2 1 6037 6038 6040 AND
2 1 6036 6040 6041 XOR
2 1 5780 6041 6042 XOR
2 1 5976 6041 6043 XOR
2 1 5780 6043 6044 XOR
2 1 6042 6043 6045 AND
2 1 6041 6045 6046 XOR
2 1 5785 6046 6047 XOR
2 1 5977 6046 6048 XOR
2 1 5785 6048 6049 XOR
2 1 6047 6048 6050 AND
2 1 6046 6050 6051 XOR
2 1 5790 6051 6052 XOR
2 1 5978 6051 6053 XOR
2 1 5790 6053 6054 XOR
2 1 6052 6053 6055 AND
2 1 6051 6055 6056 XOR
2 1 5795 6056 6057 XOR
2 1 5979 6056 6058 XOR
2 1 5795 6058 6059 XOR
2 1 6057 6058 6060 AND
2 1 6056 6060 6061 XOR
2 1 5800 6061 6062 XOR
2 1 5980 6061 6063 XOR
2 1 5800 6063 6064 XOR
2 1 6062 6063 6065 AND
2 1 6061 6065 6066 XOR
2 1 5805 6066 6067 XOR
2 1 5981 6066 6068 XOR
2 1 5805 6068 6069 XOR
2 1 6067 6068 6070 AND
2 1 6066 6070 6071 XOR
2 1 5810 6071 6072 XOR
2 1 5982 6071 6073 XOR
2 1 5810 6073 6074 XOR
2 1 6072 6073 6075 AND
2 1 6071 6075 6076 XOR
2 1 5815 6076 6077 XOR
2 1 5983 6076 6078 XOR
2 1 5815 6078 6079 XOR
2 1 6077 6078 6080 AND
2 1 6076 6080 6081 XOR
2 1 5820 6081 6082 XOR
2 1 5984 6081 6083 XOR
2 1 5820 6083 6084 XOR
2 1 6082 6083 6085 AND
2 1 6081 6085 6086 XOR
2 1 5825 6086 6087 XOR
2 1 5985 6086 6088 XOR
2 1 5825 6088 6089 XOR
2 1 6087 6088 6090 AND
2 1 6086 6090 6091 XOR
2 1 5830 6091 6092 XOR
2 1 5986 6091 6093 XOR
2 1 5830 6093 6094 XOR
2 1 6092 6093 6095 AND
2 1 6091 6095 6096 XOR
2 1 5835 6096 6097 XOR
2 1 5987 6096 6098 XOR
2 1 5835 6098 6099 XOR
2 1 6097 6098 6100 AND
2 1 6096 6100 6101 XOR
2 1 5840 6101 6102 XOR
2 1 5988 6101 6103 XOR
2 1 5840 6103 6104 XOR
2 1 6102 6103 6105 AND
2 1 6101 6105 6106 XOR
2 1 5845 6106 6107 XOR
2 1 5989 6106 6108 XOR
2 1 5845 6108 6109 XOR
2 1 6107 6108 6110 AND
2 1 6106 6110 6111 XOR
2 1 5850 6111 6112 XOR
2 1 5990 6111 6113 XOR
2 1 5850 6113 6114 XOR
2 1 6112 6113 6115 AND
2 1 6111 6115 6116 XOR
2 1 5855 6116 6117 XOR
2 1 5991 6116 6118 XOR
2 1 5855 6118 6119 XOR
2 1 6117 6118 6120 AND
2 1 6116 6120 6121 XOR
2 1 5860 6121 6122 XOR
2 1 5992 6121 6123 XOR
2 1 5860 6123 6124 XOR
2 1 6122 6123 6125 AND
2 1 6121 6125 6126 XOR
2 1 5865 6126 6127 XOR
2 1 5993 6126 6128 XOR
2 1 5865 6128 6129 XOR
2 1 6127 6128 6130 AND
2 1 6126 6130 6131 XOR
2 1 5870 6131 6132 XOR
2 1 5994 6131 6133 XOR
2 1 5870 6133 6134 XOR
2 1 6132 6133 6135 AND
2 1 6131 6135 6136 XOR
2 1 5875 6136 6137 XOR
2 1 5995 6136 6138 XOR
2 1 5875 6138 6139 XOR
2 1 6137 6138 6140 AND
2 1 6136 6140 6141 XOR
2 1 5880 6141 6142 XOR
2 1 5996 6141 6143 XOR
2 1 5880 6143 6144 XOR
2 1 6142 6143 6145 AND
2 1 6141 6145 6146 XOR
2 1 5885 6146 6147 XOR
2 1 5997 6146 6148 XOR
2 1 5885 6148 6149 XOR
2 1 6147 6148 6150 AND
2 1 6146 6150 6151 XOR
2 1 5890 6151 6152 XOR
2 1 5998 6151 6153 XOR
2 1 5890 6153 6154 XOR
2 1 6152 6153 6155 AND
2 1 6151 6155 6156 XOR
2 1 5895 6156 6157 XOR
2 1 5999 6156 6158 XOR
2 1 5895 6158 6159 XOR
2 1 6157 6158 6160 AND
2 1 6156 6160 6161 XOR
2 1 5900 6161 6162 XOR
2 1 6000 6161 6163 XOR
2 1 5900 6163 6164 XOR
2 1 6162 6163 6165 AND
2 1 6161 6165 6166 XOR
2 1 5905 6166 6167 XOR
2 1 6001 6166 6168 XOR
2 1 5905 6168 6169 XOR
2 1 6167 6168 6170 AND
2 1 6166 6170 6171 XOR
2 1 5910 6171 6172 XOR
2 1 6002 6171 6173 XOR
2 1 5910 6173 6174 XOR
2 1 6172 6173 6175 AND
2 1 6171 6175 6176 XOR
2 1 5915 6176 6177 XOR
2 1 6003 6176 6178 XOR
2 1 5915 6178 6179 XOR
2 1 6177 6178 6180 AND
2 1 6176 6180 6181 XOR
2 1 5920 6181 6182 XOR
2 1 6004 6181 6183 XOR
2 1 5920 6183 6184 XOR
2 1 6182 6183 6185 AND
2 1 6181 6185 6186 XOR
2 1 5925 6186 6187 XOR
2 1 6005 6186 6188 XOR
2 1 5925 6188 6189 XOR
2 1 6187 6188 6190 AND
2 1 6186 6190 6191 XOR
2 1 5930 6191 6192 XOR
2 1 6006 6191 6193 XOR
2 1 5930 6193 6194 XOR
2 1 6192 6193 6195 AND
2 1 6191 6195 6196 XOR
2 1 5935 6196 6197 XOR
2 1 6007 6196 6198 XOR
2 1 5935 6198 6199 XOR
2 1 6197 6198 6200 AND
2 1 6196 6200 6201 XOR
2 1 5940 6201 6202 XOR
2 1 6008 6201 6203 XOR
2 1 5940 6203 6204 XOR
2 1 6202 6203 6205 AND
2 1 6201 6205 6206 XOR
2 1 5945 6206 6207 XOR
2 1 6009 6206 6208 XOR
2 1 5945 6208 6209 XOR
2 1 6207 6208 6210 AND
2 1 6206 6210 6211 XOR
2 1 5950 6211 6212 XOR
2 1 6010 6211 6213 XOR
2 1 5950 6213 6214 XOR
2 1 6212 6213 6215 AND
2 1 6211 6215 6216 XOR
2 1 5955 6216 6217 XOR
2 1 6011 6216 6218 XOR
2 1 5955 6218 6219 XOR
2 1 6217 6218 6220 AND
2 1 6216 6220 6221 XOR
2 1 5960 6221 6222 XOR
2 1 6012 6221 6223 XOR
2 1 5960 6223 6224 XOR
2 1 6222 6223 6225 AND
2 1 6221 6225 6226 XOR
2 1 5965 6226 6227 XOR
2 1 6013 6226 6228 XOR
2 1 5965 6228 6229 XOR
2 1 6227 6228 6230 AND
2 1 6226 6230 6231 XOR
2 1 6231 6014 6232 XOR
2 1 6232 5969 6233 XOR
2 1 0 84 6234 AND
2 1 1 84 6235 AND
2 1 2 84 6236 AND
2 1 3 84 6237 AND
2 1 4 84 6238 AND
2 1 5 84 6239 AND
2 1 6 84 6240 AND
2 1 7 84 6241 AND
2 1 8 84 6242 AND
2 1 9 84 6243 AND
2 1 10 84 6244 AND
2 1 11 84 6245 AND
2 1 12 84 6246 AND
2 1 13 84 6247 AND
2 1 14 84 6248 AND
2 1 15 84 6249 AND
2 1 16 84 6250 AND
2 1 17 84 6251 AND
2 1 18 84 6252 AND
2 1 19 84 6253 AND
2 1 20 84 6254 AND
2 1 21 84 6255 AND
2 1 22 84 6256 AND
2 1 23 84 6257 AND
2 1 24 84 6258 AND
2 1 25 84 6259 AND
2 1 26 84 6260 AND
2 1 27 84 6261 AND
2 1 28 84 6262 AND
2 1 29 84 6263 AND
2 1 30 84 6264 AND
2 1 31 84 6265 AND
2 1 32 84 6266 AND
2 1 33 84 6267 AND
2 1 34 84 6268 AND
2 1 35 84 6269 AND
2 1 36 84 6270 AND
2 1 37 84 6271 AND
2 1 38 84 6272 AND
2 1 39 84 6273 AND
2 1 40 84 6274 AND
2 1 41 84 6275 AND
2 1 42 84 6276 AND
2 1 43 84 6277 AND
2 1 6019 6234 6278 XOR
2 1 6019 6234 6279 AND
2 1 6024 6279 6280 XOR
2 1 6235 6279 6281 XOR
2 1 6024 6281 6282 XOR
2 1 6280 6281 6283 AND
2 1 6279 6283 6284 XOR
2 1 6029 6284 6285 XOR
2 1 6236 6284 6286 XOR
2 1 6029 6286 6287 XOR
2 1 6285 6286 6288 AND
2 1 6284 6288 6289 XOR
2 1 6034 6289 6290 XOR
2 1 6237 6289 6291 XOR
2 1 6034 6291 6292 XOR
2 1 6290 6291 6293 AND
2 1 6289 6293 6294 XOR
2 1 6039 6294 6295 XOR
2 1 6238 6294 6296 XOR
2 1 6039 6296 6297 XOR
2 1 6295 6296 6298 AND
2 1 6294 6298 6299 XOR
2 1 6044 6299 6300 XOR
2 1 6239 6299 6301 XOR
2 1 6044 6301 6302 XOR
2 1 6300 6301 6303 AND
2 1 6299 6303 6304 XOR
2 1 6049 6304 6305 XOR
2 1 6240 6304 6306 XOR
2 1 6049 6306 6307 XOR
2 1 6305 6306 6308 AND
2 1 6304 6308 6309 XOR
2 1 6054 6309 6310 XOR
2 1 6241 6309 6311 XOR
2 1 6054 6311 6312 XOR
2 1 6310 6311 6313 AND
2 1 6309 6313 6314 XOR
2 1 6059 6314 6315 XOR
2 1 6242 6314 6316 XOR
2 1 6059 6316 6317 XOR
2 1 6315 6316 6318 AND
2 1 6314 6318 6319 XOR
2 1 6064 6319 6320 XOR
2 1 6243 6319 6321 XOR
2 1 6064 6321 6322 XOR
2 1 6320 6321 6323 AND
2 1 6319 6323 6324 XOR
2 1 6069 6324 6325 XOR
2 1 6244 6324 6326 XOR
2 1 6069 6326 6327 XOR
2 1 6325 6326 6328 AND
2 1 6324 6328 6329 XOR
2 1 6074 6329 6330 XOR
2 1 6245 6329 6331 XOR
2 1 6074 6331 6332 XOR
2 1 6330 6331 6333 AND
2 1 6329 6333 6334 XOR
2 1 6079 6334 6335 XOR
2 1 6246 6334 6336 XOR
2 1 6079 6336 6337 XOR
2 1 6335 6336 6338 AND
2 1 6334 6338 6339 XOR
2 1 6084 6339 6340 XOR
2 1 6247 6339 6341 XOR
2 1 6084 6341 6342 XOR
2 1 6340 6341 6343 AND
2 1 6339 6343 6344 XOR
2 1 6089 6344 6345 XOR
2 1 6248 6344 6346 XOR
2 1 6089 6346 6347 XOR
2 1 6345 6346 6348 AND
2 1 6344 6348 6349 XOR
2 1 6094 6349 6350 XOR
2 1 6249 6349 6351 XOR
2 1 6094 6351 6352 XOR
2 1 6350 6351 6353 AND
2 1 6349 6353 6354 XOR
2 1 6099 6354 6355 XOR
2 1 6250 6354 6356 XOR
2 1 6099 6356 6357 XOR
2 1 6355 6356 6358 AND
2 1 6354 6358 6359 XOR
2 1 6104 6359 6360 XOR
2 1 6251 6359 6361 XOR
2 1 6104 6361 6362 XOR
2 1 6360 6361 6363 AND
2 1 6359 6363 6364 XOR
2 1 6109 6364 6365 XOR
2 1 6252 6364 6366 XOR
2 1 6109 6366 6367 XOR
2 1 6365 6366 6368 AND
2 1 6364 6368 6369 XOR
2 1 6114 6369 6370 XOR
2 1 6253 6369 6371 XOR
2 1 6114 6371 6372 XOR
2 1 6370 6371 6373 AND
2 1 6369 6373 6374 XOR
2 1 6119 6374 6375 XOR
2 1 6254 6374 6376 XOR
2 1 6119 6376 6377 XOR
2 1 6375 6376 6378 AND
2 1 6374 6378 6379 XOR
2 1 6124 6379 6380 XOR
2 1 6255 6379 6381 XOR
2 1 6124 6381 6382 XOR
2 1 6380 6381 6383 AND
2 1 6379 6383 6384 XOR
2 1 6129 6384 6385 XOR
2 1 6256 6384 6386 XOR
2 1 6129 6386 6387 XOR
2 1 6385 6386 6388 AND
2 1 6384 6388 6389 XOR
2 1 6134 6389 6390 XOR
2 1 6257 6389 6391 XOR
2 1 6134 6391 6392 XOR
2 1 6390 6391 6393 AND
2 1 6389 6393 6394 XOR
2 1 6139 6394 6395 XOR
2 1 6258 6394 6396 XOR
2 1 6139 6396 6397 XOR
2 1 6395 6396 6398 AND
2 1 6394 6398 6399 XOR
2 1 6144 6399 6400 XOR
2 1 6259 6399 6401 XOR
2 1 6144 6401 6402 XOR
2 1 6400 6401 6403 AND
2 1 6399 6403 6404 XOR
2 1 6149 6404 6405 XOR
2 1 6260 6404 6406 XOR
2 1 6149 6406 6407 XOR
2 1 6405 6406 6408 AND
2 1 6404 6408 6409 XOR
2 1 6154 6409 6410 XOR
2 1 6261 6409 6411 XOR
2 1 6154 6411 6412 XOR
2 1 6410 6411 6413 AND
2 1 6409 6413 6414 XOR
2 1 6159 6414 6415 XOR
2 1 6262 6414 6416 XOR
2 1 6159 6416 6417 XOR
2 1 6415 6416 6418 AND
2 1 6414 6418 6419 XOR
2 1 6164 6419 6420 XOR
2 1 6263 6419 6421 XOR
2 1 6164 6421 6422 XOR
2 1 6420 6421 6423 AND
2 1 6419 6423 6424 XOR
2 1 6169 6424 6425 XOR
2 1 6264 6424 6426 XOR
2 1 6169 6426 6427 XOR
2 1 6425 6426 6428 AND
2 1 6424 6428 6429 XOR
2 1 6174 6429 6430 XOR
2 1 6265 6429 6431 XOR
2 1 6174 6431 6432 XOR
2 1 6430 6431 6433 AND
2 1 6429 6433 6434 XOR
2 1 6179 6434 6435 XOR
2 1 6266 6434 6436 XOR
2 1 6179 6436 6437 XOR
2 1 6435 6436 6438 AND
2 1 6434 6438 6439 XOR
2 1 6184 6439 6440 XOR
2 1 6267 6439 6441 XOR
2 1 6184 6441 6442 XOR
2 1 6440 6441 6443 AND
2 1 6439 6443 6444 XOR
2 1 6189 6444 6445 XOR
2 1 6268 6444 6446 XOR
2 1 6189 6446 6447 XOR
2 1 6445 6446 6448 AND
2 1 6444 6448 6449 XOR
2 1 6194 6449 6450 XOR
2 1 6269 6449 6451 XOR
2 1 6194 6451 6452 XOR
2 1 6450 6451 6453 AND
2 1 6449 6453 6454 XOR
2 1 6199 6454 6455 XOR
2 1 6270 6454 6456 XOR
2 1 6199 6456 6457 XOR
2 1 6455 6456 6458 AND
2 1 6454 6458 6459 XOR
2 1 6204 6459 6460 XOR
2 1 6271 6459 6461 XOR
2 1 6204 6461 6462 XOR
2 1 6460 6461 6463 AND
2 1 6459 6463 6464 XOR
2 1 6209 6464 6465 XOR
2 1 6272 6464 6466 XOR
2 1 6209 6466 6467 XOR
2 1 6465 6466 6468 AND
2 1 6464 6468 6469 XOR
2 1 6214 6469 6470 XOR
2 1 6273 6469 6471 XOR
2 1 6214 6471 6472 XOR
2 1 6470 6471 6473 AND
2 1 6469 6473 6474 XOR
2 1 6219 6474 6475 XOR
2 1 6274 6474 6476 XOR
2 1 6219 6476 6477 XOR
2 1 6475 6476 6478 AND
2 1 6474 6478 6479 XOR
2 1 6224 6479 6480 XOR
2 1 6275 6479 6481 XOR
2 1 6224 6481 6482 XOR
2 1 6480 6481 6483 AND
2 1 6479 6483 6484 XOR
2 1 6229 6484 6485 XOR
2 1 6276 6484 6486 XOR
2 1 6229 6486 6487 XOR
2 1 6485 6486 6488 AND
2 1 6484 6488 6489 XOR
2 1 6489 6277 6490 XOR
2 1 6490 6233 6491 XOR
2 1 0 85 6492 AND
2 1 1 85 6493 AND
2 1 2 85 6494 AND
2 1 3 85 6495 AND
2 1 4 85 6496 AND
2 1 5 85 6497 AND
2 1 6 85 6498 AND
2 1 7 85 6499 AND
2 1 8 85 6500 AND
2 1 9 85 6501 AND
2 1 10 85 6502 AND
2 1 11 85 6503 AND
2 1 12 85 6504 AND
2 1 13 85 6505 AND
2 1 14 85 6506 AND
2 1 15 85 6507 AND
2 1 16 85 6508 AND
2 1 17 85 6509 AND
2 1 18 85 6510 AND
2 1 19 85 6511 AND
2 1 20 85 6512 AND
2 1 21 85 6513 AND
2 1 22 85 6514 AND
2 1 23 85 6515 AND
2 1 24 85 6516 AND
2 1 25 85 6517 AND
2 1 26 85 6518 AND
2 1 27 85 6519 AND
2 1 28 85 6520 AND
2 1 29 85 6521 AND
2 1 30 85 6522 AND
2 1 31 85 6523 AND
2 1 32 85 6524 AND
2 1 33 85 6525 AND
2 1 34 85 6526 AND
2 1 35 85 6527 AND
2 1 36 85 6528 AND
2 1 37 85 6529 AND
2 1 38 85 6530 AND
2 1 39 85 6531 AND
2 1 40 85 6532 AND
2 1 41 85 6533 AND
2 1 42 85 6534 AND
2 1 6282 6492 6535 XOR
2 1 6282 6492 6536 AND
2 1 6287 6536 6537 XOR
2 1 6493 6536 6538 XOR
2 1 6287 6538 6539 XOR
2 1 6537 6538 6540 AND
2 1 6536 6540 6541 XOR
2 1 6292 6541 6542 XOR
2 1 6494 6541 6543 XOR
2 1 6292 6543 6544 XOR
2 1 6542 6543 6545 AND
2 1 6541 6545 6546 XOR
2 1 6297 6546 6547 XOR
2 1 6495 6546 6548 XOR
2 1 6297 6548 6549 XOR
2 1 6547 6548 6550 AND
2 1 6546 6550 6551 XOR
2 1 6302 6551 6552 XOR
2 1 6496 6551 6553 XOR
2 1 6302 6553 6554 XOR
2 1 6552 6553 6555 AND
2 1 6551 6555 6556 XOR
2 1 6307 6556 6557 XOR
2 1 6497 6556 6558 XOR
2 1 6307 6558 6559 XOR
2 1 6557 6558 6560 AND
2 1 6556 6560 6561 XOR
2 1 6312 6561 6562 XOR
2 1 6498 6561 6563 XOR
2 1 6312 6563 6564 XOR
2 1 6562 6563 6565 AND
2 1 6561 6565 6566 XOR
2 1 6317 6566 6567 XOR
2 1 6499 6566 6568 XOR
2 1 6317 6568 6569 XOR
2 1 6567 6568 6570 AND
2 1 6566 6570 6571 XOR
2 1 6322 6571 6572 XOR
2 1 6500 6571 6573 XOR
2 1 6322 6573 6574 XOR
2 1 6572 6573 6575 AND
2 1 6571 6575 6576 XOR
2 1 6327 6576 6577 XOR
2 1 6501 6576 6578 XOR
2 1 6327 6578 6579 XOR
2 1 6577 6578 6580 AND
2 1 6576 6580 6581 XOR
2 1 6332 6581 6582 XOR
2 1 6502 6581 6583 XOR
2 1 6332 6583 6584 XOR
2 1 6582 6583 6585 AND
2 1 6581 6585 6586 XOR
2 1 6337 6586 6587 XOR
2 1 6503 6586 6588 XOR
2 1 6337 6588 6589 XOR
2 1 6587 6588 6590 AND
2 1 6586 6590 6591 XOR
2 1 6342 6591 6592 XOR
2 1 6504 6591 6593 XOR
2 1 6342 6593 6594 XOR
2 1 6592 6593 6595 AND
2 1 6591 6595 6596 XOR
2 1 6347 6596 6597 XOR
2 1 6505 6596 6598 XOR
2 1 6347 6598 6599 XOR
2 1 6597 6598 6600 AND
2 1 6596 6600 6601 XOR
2 1 6352 6601 6602 XOR
2 1 6506 6601 6603 XOR
2 1 6352 6603 6604 XOR
2 1 6602 6603 6605 AND
2 1 6601 6605 6606 XOR
2 1 6357 6606 6607 XOR
2 1 6507 6606 6608 XOR
2 1 6357 6608 6609 XOR
2 1 6607 6608 6610 AND
2 1 6606 6610 6611 XOR
2 1 6362 6611 6612 XOR
2 1 6508 6611 6613 XOR
2 1 6362 6613 6614 XOR
2 1 6612 6613 6615 AND
2 1 6611 6615 6616 XOR
2 1 6367 6616 6617 XOR
2 1 6509 6616 6618 XOR
2 1 6367 6618 6619 XOR
2 1 6617 6618 6620 AND
2 1 6616 6620 6621 XOR
2 1 6372 6621 6622 XOR
2 1 6510 6621 6623 XOR
2 1 6372 6623 6624 XOR
2 1 6622 6623 6625 AND
2 1 6621 6625 6626 XOR
2 1 6377 6626 6627 XOR
2 1 6511 6626 6628 XOR
2 1 6377 6628 6629 XOR
2 1 6627 6628 6630 AND
2 1 6626 6630 6631 XOR
2 1 6382 6631 6632 XOR
2 1 6512 6631 6633 XOR
2 1 6382 6633 6634 XOR
2 1 6632 6633 6635 AND
2 1 6631 6635 6636 XOR
2 1 6387 6636 6637 XOR
2 1 6513 6636 6638 XOR
2 1 6387 6638 6639 XOR
2 1 6637 6638 6640 AND
2 1 6636 6640 6641 XOR
2 1 6392 6641 6642 XOR
2 1 6514 6641 6643 XOR
2 1 6392 6643 6644 XOR
2 1 6642 6643 6645 AND
2 1 6641 6645 6646 XOR
2 1 6397 6646 6647 XOR
2 1 6515 6646 6648 XOR
2 1 6397 6648 6649 XOR
2 1 6647 6648 6650 AND
2 1 6646 6650 6651 XOR
2 1 6402 6651 6652 XOR
2 1 6516 6651 6653 XOR
2 1 6402 6653 6654 XOR
2 1 6652 6653 6655 AND
2 1 6651 6655 6656 XOR
2 1 6407 6656 6657 XOR
2 1 6517 6656 6658 XOR
2 1 6407 6658 6659 XOR
2 1 6657 6658 6660 AND
2 1 6656 6660 6661 XOR
2 1 6412 6661 6662 XOR
2 1 6518 6661 6663 XOR
2 1 6412 6663 6664 XOR
2 1 6662 6663 6665 AND
2 1 6661 6665 6666 XOR
2 1 6417 6666 6667 XOR
2 1 6519 6666 6668 XOR
2 1 6417 6668 6669 XOR
2 1 6667 6668 6670 AND
2 1 6666 6670 6671 XOR
2 1 6422 6671 6672 XOR
2 1 6520 6671 6673 XOR
2 1 6422 6673 6674 XOR
2 1 6672 6673 6675 AND
2 1 6671 6675 6676 XOR
2 1 6427 6676 6677 XOR
2 1 6521 6676 6678 XOR
2 1 6427 6678 6679 XOR
2 1 6677 6678 6680 AND
2 1 6676 6680 6681 XOR
2 1 6432 6681 6682 XOR
2 1 6522 6681 6683 XOR
2 1 6432 6683 6684 XOR
2 1 6682 6683 6685 AND
2 1 6681 6685 6686 XOR
2 1 6437 6686 6687 XOR
2 1 6523 6686 6688 XOR
2 1 6437 6688 6689 XOR
2 1 6687 6688 6690 AND
2 1 6686 6690 6691 XOR
2 1 6442 6691 6692 XOR
2 1 6524 6691 6693 XOR
2 1 6442 6693 6694 XOR
2 1 6692 6693 6695 AND
2 1 6691 6695 6696 XOR
2 1 6447 6696 6697 XOR
2 1 6525 6696 6698 XOR
2 1 6447 6698 6699 XOR
2 1 6697 6698 6700 AND
2 1 6696 6700 6701 XOR
2 1 6452 6701 6702 XOR
2 1 6526 6701 6703 XOR
2 1 6452 6703 6704 XOR
2 1 6702 6703 6705 AND
2 1 6701 6705 6706 XOR
2 1 6457 6706 6707 XOR
2 1 6527 6706 6708 XOR
2 1 6457 6708 6709 XOR
2 1 6707 6708 6710 AND
2 1 6706 6710 6711 XOR
2 1 6462 6711 6712 XOR
2 1 6528 6711 6713 XOR
2 1 6462 6713 6714 XOR
2 1 6712 6713 6715 AND
2 1 6711 6715 6716 XOR
2 1 6467 6716 6717 XOR
2 1 6529 6716 6718 XOR
2 1 6467 6718 6719 XOR
2 1 6717 6718 6720 AND
2 1 6716 6720 6721 XOR
2 1 6472 6721 6722 XOR
2 1 6530 6721 6723 XOR
2 1 6472 6723 6724 XOR
2 1 6722 6723 6725 AND
2 1 6721 6725 6726 XOR
2 1 6477 6726 6727 XOR
2 1 6531 6726 6728 XOR
2 1 6477 6728 6729 XOR
2 1 6727 6728 6730 AND
2 1 6726 6730 6731 XOR
2 1 6482 6731 6732 XOR
2 1 6532 6731 6733 XOR
2 1 6482 6733 6734 XOR
2 1 6732 6733 6735 AND
2 1 6731 6735 6736 XOR
2 1 6487 6736 6737 XOR
2 1 6533 6736 6738 XOR
2 1 6487 6738 6739 XOR
2 1 6737 6738 6740 AND
2 1 6736 6740 6741 XOR
2 1 6741 6534 6742 XOR
2 1 6742 6491 6743 XOR
2 1 0 86 6744 AND
2 1 1 86 6745 AND
2 1 2 86 6746 AND
2 1 3 86 6747 AND
2 1 4 86 6748 AND
2 1 5 86 6749 AND
2 1 6 86 6750 AND
2 1 7 86 6751 AND
2 1 8 86 6752 AND
2 1 9 86 6753 AND
2 1 10 86 6754 AND
2 1 11 86 6755 AND
2 1 12 86 6756 AND
2 1 13 86 6757 AND
2 1 14 86 6758 AND
2 1 15 86 6759 AND
2 1 16 86 6760 AND
2 1 17 86 6761 AND
2 1 18 86 6762 AND
2 1 19 86 6763 AND
2 1 20 86 6764 AND
2 1 21 86 6765 AND
2 1 22 86 6766 AND
2 1 23 86 6767 AND
2 1 24 86 6768 AND
2 1 25 86 6769 AND
2 1 26 86 6770 AND
2 1 27 86 6771 AND
2 1 28 86 6772 AND
2 1 29 86 6773 AND
2 1 30 86 6774 AND
2 1 31 86 6775 AND
2 1 32 86 6776 AND
2 1 33 86 6777 AND
2 1 34 86 6778 AND
2 1 35 86 6779 AND
2 1 36 86 6780 AND
2 1 37 86 6781 AND
2 1 38 86 6782 AND
2 1 39 86 6783 AND
2 1 40 86 6784 AND
2 1 41 86 6785 AND
2 1 6539 6744 6786 XOR
2 1 6539 6744 6787 AND
2 1 6544 6787 6788 XOR
2 1 6745 6787 6789 XOR
2 1 6544 6789 6790 XOR
2 1 6788 6789 6791 AND
2 1 6787 6791 6792 XOR
2 1 6549 6792 6793 XOR
2 1 6746 6792 6794 XOR
2 1 6549 6794 6795 XOR
2 1 6793 6794 6796 AND
2 1 6792 6796 6797 XOR
2 1 6554 6797 6798 XOR
2 1 6747 6797 6799 XOR
2 1 6554 6799 6800 XOR
2 1 6798 6799 6801 AND
2 1 6797 6801 6802 XOR
2 1 6559 6802 6803 XOR
2 1 6748 6802 6804 XOR
2 1 6559 6804 6805 XOR
2 1 6803 6804 6806 AND
2 1 6802 6806 6807 XOR
2 1 6564 6807 6808 XOR
2 1 6749 6807 6809 XOR
2 1 6564 6809 6810 XOR
2 1 6808 6809 6811 AND
2 1 6807 6811 6812 XOR
2 1 6569 6812 6813 XOR
2 1 6750 6812 6814 XOR
2 1 6569 6814 6815 XOR
2 1 6813 6814 6816 AND
2 1 6812 6816 6817 XOR
2 1 6574 6817 6818 XOR
2 1 6751 6817 6819 XOR
2 1 6574 6819 6820 XOR
2 1 6818 6819 6821 AND
2 1 6817 6821 6822 XOR
2 1 6579 6822 6823 XOR
2 1 6752 6822 6824 XOR
2 1 6579 6824 6825 XOR
2 1 6823 6824 6826 AND
2 1 6822 6826 6827 XOR
2 1 6584 6827 6828 XOR
2 1 6753 6827 6829 XOR
2 1 6584 6829 6830 XOR
2 1 6828 6829 6831 AND
2 1 6827 6831 6832 XOR
2 1 6589 6832 6833 XOR
2 1 6754 6832 6834 XOR
2 1 6589 6834 6835 XOR
2 1 6833 6834 6836 AND
2 1 6832 6836 6837 XOR
2 1 6594 6837 6838 XOR
2 1 6755 6837 6839 XOR
2 1 6594 6839 6840 XOR
2 1 6838 6839 6841 AND
2 1 6837 6841 6842 XOR
2 1 6599 6842 6843 XOR
2 1 6756 6842 6844 XOR
2 1 6599 6844 6845 XOR
2 1 6843 6844 6846 AND
2 1 6842 6846 6847 XOR
2 1 6604 6847 6848 XOR
2 1 6757 6847 6849 XOR
2 1 6604 6849 6850 XOR
2 1 6848 6849 6851 AND
2 1 6847 6851 6852 XOR
2 1 6609 6852 6853 XOR
2 1 6758 6852 6854 XOR
2 1 6609 6854 6855 XOR
2 1 6853 6854 6856 AND
2 1 6852 6856 6857 XOR
2 1 6614 6857 6858 XOR
2 1 6759 6857 6859 XOR
2 1 6614 6859 6860 XOR
2 1 6858 6859 6861 AND
2 1 6857 6861 6862 XOR
2 1 6619 6862 6863 XOR
2 1 6760 6862 6864 XOR
2 1 6619 6864 6865 XOR
2 1 6863 6864 6866 AND
2 1 6862 6866 6867 XOR
2 1 6624 6867 6868 XOR
2 1 6761 6867 6869 XOR
2 1 6624 6869 6870 XOR
2 1 6868 6869 6871 AND
2 1 6867 6871 6872 XOR
2 1 6629 6872 6873 XOR
2 1 6762 6872 6874 XOR
2 1 6629 6874 6875 XOR
2 1 6873 6874 6876 AND
2 1 6872 6876 6877 XOR
2 1 6634 6877 6878 XOR
2 1 6763 6877 6879 XOR
2 1 6634 6879 6880 XOR
2 1 6878 6879 6881 AND
2 1 6877 6881 6882 XOR
2 1 6639 6882 6883 XOR
2 1 6764 6882 6884 XOR
2 1 6639 6884 6885 XOR
2 1 6883 6884 6886 AND
2 1 6882 6886 6887 XOR
2 1 6644 6887 6888 XOR
2 1 6765 6887 6889 XOR
2 1 6644 6889 6890 XOR
2 1 6888 6889 6891 AND
2 1 6887 6891 6892 XOR
2 1 6649 6892 6893 XOR
2 1 6766 6892 6894 XOR
2 1 6649 6894 6895 XOR
2 1 6893 6894 6896 AND
2 1 6892 6896 6897 XOR
2 1 6654 6897 6898 XOR
2 1 6767 6897 6899 XOR
2 1 6654 6899 6900 XOR
2 1 6898 6899 6901 AND
2 1 6897 6901 6902 XOR
2 1 6659 6902 6903 XOR
2 1 6768 6902 6904 XOR
2 1 6659 6904 6905 XOR
2 1 6903 6904 6906 AND
2 1 6902 6906 6907 XOR
2 1 6664 6907 6908 XOR
2 1 6769 6907 6909 XOR
2 1 6664 6909 6910 XOR
2 1 6908 6909 6911 AND
2 1 6907 6911 6912 XOR
2 1 6669 6912 6913 XOR
2 1 6770 6912 6914 XOR
2 1 6669 6914 6915 XOR
2 1 6913 6914 6916 AND
2 1 6912 6916 6917 XOR
2 1 6674 6917 6918 XOR
2 1 6771 6917 6919 XOR
2 1 6674 6919 6920 XOR
2 1 6918 6919 6921 AND
2 1 6917 6921 6922 XOR
2 1 6679 6922 6923 XOR
2 1 6772 6922 6924 XOR
2 1 6679 6924 6925 XOR
2 1 6923 6924 6926 AND
2 1 6922 6926 6927 XOR
2 1 6684 6927 6928 XOR
2 1 6773 6927 6929 XOR
2 1 6684 6929 6930 XOR
2 1 6928 6929 6931 AND
2 1 6927 6931 6932 XOR
2 1 6689 6932 6933 XOR
2 1 6774 6932 6934 XOR
2 1 6689 6934 6935 XOR
2 1 6933 6934 6936 AND
2 1 6932 6936 6937 XOR
2 1 6694 6937 6938 XOR
2 1 6775 6937 6939 XOR
2 1 6694 6939 6940 XOR
2 1 6938 6939 6941 AND
2 1 6937 6941 6942 XOR
2 1 6699 6942 6943 XOR
2 1 6776 6942 6944 XOR
2 1 6699 6944 6945 XOR
2 1 6943 6944 6946 AND
2 1 6942 6946 6947 XOR
2 1 6704 6947 6948 XOR
2 1 6777 6947 6949 XOR
2 1 6704 6949 6950 XOR
2 1 6948 6949 6951 AND
2 1 6947 6951 6952 XOR
2 1 6709 6952 6953 XOR
2 1 6778 6952 6954 XOR
2 1 6709 6954 6955 XOR
2 1 6953 6954 6956 AND
2 1 6952 6956 6957 XOR
2 1 6714 6957 6958 XOR
2 1 6779 6957 6959 XOR
2 1 6714 6959 6960 XOR
2 1 6958 6959 6961 AND
2 1 6957 6961 6962 XOR
2 1 6719 6962 6963 XOR
2 1 6780 6962 6964 XOR
2 1 6719 6964 6965 XOR
2 1 6963 6964 6966 AND
2 1 6962 6966 6967 XOR
2 1 6724 6967 6968 XOR
2 1 6781 6967 6969 XOR
2 1 6724 6969 6970 XOR
2 1 6968 6969 6971 AND
2 1 6967 6971 6972 XOR
2 1 6729 6972 6973 XOR
2 1 6782 6972 6974 XOR
2 1 6729 6974 6975 XOR
2 1 6973 6974 6976 AND
2 1 6972 6976 6977 XOR
2 1 6734 6977 6978 XOR
2 1 6783 6977 6979 XOR
2 1 6734 6979 6980 XOR
2 1 6978 6979 6981 AND
2 1 6977 6981 6982 XOR
2 1 6739 6982 6983 XOR
2 1 6784 6982 6984 XOR
2 1 6739 6984 6985 XOR
2 1 6983 6984 6986 AND
2 1 6982 6986 6987 XOR
2 1 6987 6785 6988 XOR
2 1 6988 6743 6989 XOR
2 1 0 87 6990 AND
2 1 1 87 6991 AND
2 1 2 87 6992 AND
2 1 3 87 6993 AND
2 1 4 87 6994 AND
2 1 5 87 6995 AND
2 1 6 87 6996 AND
2 1 7 87 6997 AND
2 1 8 87 6998 AND
2 1 9 87 6999 AND
2 1 10 87 7000 AND
2 1 11 87 7001 AND
2 1 12 87 7002 AND
2 1 13 87 7003 AND
2 1 14 87 7004 AND
2 1 15 87 7005 AND
2 1 16 87 7006 AND
2 1 17 87 7007 AND
2 1 18 87 7008 AND
2 1 19 87 7009 AND
2 1 20 87 7010 AND
2 1 21 87 7011 AND
2 1 22 87 7012 AND
2 1 23 87 7013 AND
2 1 24 87 7014 AND
2 1 25 87 7015 AND
2 1 26 87 7016 AND
2 1 27 87 7017 AND
2 1 28 87 7018 AND
2 1 29 87 7019 AND
2 1 30 87 7020 AND
2 1 31 87 7021 AND
2 1 32 87 7022 AND
2 1 33 87 7023 AND
2 1 34 87 7024 AND
2 1 35 87 7025 AND
2 1 36 87 7026 AND
2 1 37 87 7027 AND
2 1 38 87 7028 AND
2 1 39 87 7029 AND
2 1 40 87 7030 AND
2 1 6790 6990 7031 XOR
2 1 6790 6990 7032 AND
2 1 6795 7032 7033 XOR
2 1 6991 7032 7034 XOR
2 1 6795 7034 7035 XOR
2 1 7033 7034 7036 AND
2 1 7032 7036 7037 XOR
2 1 6800 7037 7038 XOR
2 1 6992 7037 7039 XOR
2 1 6800 7039 7040 XOR
2 1 7038 7039 7041 AND
2 1 7037 7041 7042 XOR
2 1 6805 7042 7043 XOR
2 1 6993 7042 7044 XOR
2 1 6805 7044 7045 XOR
2 1 7043 7044 7046 AND
2 1 7042 7046 7047 XOR
2 1 6810 7047 7048 XOR
2 1 6994 7047 7049 XOR
2 1 6810 7049 7050 XOR
2 1 7048 7049 7051 AND
2 1 7047 7051 7052 XOR
2 1 6815 7052 7053 XOR
2 1 6995 7052 7054 XOR
2 1 6815 7054 7055 XOR
2 1 7053 7054 7056 AND
2 1 7052 7056 7057 XOR
2 1 6820 7057 7058 XOR
2 1 6996 7057 7059 XOR
2 1 6820 7059 7060 XOR
2 1 7058 7059 7061 AND
2 1 7057 7061 7062 XOR
2 1 6825 7062 7063 XOR
2 1 6997 7062 7064 XOR
2 1 6825 7064 7065 XOR
2 1 7063 7064 7066 AND
2 1 7062 7066 7067 XOR
2 1 6830 7067 7068 XOR
2 1 6998 7067 7069 XOR
2 1 6830 7069 7070 XOR
2 1 7068 7069 7071 AND
2 1 7067 7071 7072 XOR
2 1 6835 7072 7073 XOR
2 1 6999 7072 7074 XOR
2 1 6835 7074 7075 XOR
2 1 7073 7074 7076 AND
2 1 7072 7076 7077 XOR
2 1 6840 7077 7078 XOR
2 1 7000 7077 7079 XOR
2 1 6840 7079 7080 XOR
2 1 7078 7079 7081 AND
2 1 7077 7081 7082 XOR
2 1 6845 7082 7083 XOR
2 1 7001 7082 7084 XOR
2 1 6845 7084 7085 XOR
2 1 7083 7084 7086 AND
2 1 7082 7086 7087 XOR
2 1 6850 7087 7088 XOR
2 1 7002 7087 7089 XOR
2 1 6850 7089 7090 XOR
2 1 7088 7089 7091 AND
2 1 7087 7091 7092 XOR
2 1 6855 7092 7093 XOR
2 1 7003 7092 7094 XOR
2 1 6855 7094 7095 XOR
2 1 7093 7094 7096 AND
2 1 7092 7096 7097 XOR
2 1 6860 7097 7098 XOR
2 1 7004 7097 7099 XOR
2 1 6860 7099 7100 XOR
2 1 7098 7099 7101 AND
2 1 7097 7101 7102 XOR
2 1 6865 7102 7103 XOR
2 1 7005 7102 7104 XOR
2 1 6865 7104 7105 XOR
2 1 7103 7104 7106 AND
2 1 7102 7106 7107 XOR
2 1 6870 7107 7108 XOR
2 1 7006 7107 7109 XOR
2 1 6870 7109 7110 XOR
2 1 7108 7109 7111 AND
2 1 7107 7111 7112 XOR
2 1 6875 7112 7113 XOR
2 1 7007 7112 7114 XOR
2 1 6875 7114 7115 XOR
2 1 7113 7114 7116 AND
2 1 7112 7116 7117 XOR
2 1 6880 7117 7118 XOR
2 1 7008 7117 7119 XOR
2 1 6880 7119 7120 XOR
2 1 7118 7119 7121 AND
2 1 7117 7121 7122 XOR
2 1 6885 7122 7123 XOR
2 1 7009 7122 7124 XOR
2 1 6885 7124 7125 XOR
2 1 7123 7124 7126 AND
2 1 7122 7126 7127 XOR
2 1 6890 7127 7128 XOR
2 1 7010 7127 7129 XOR
2 1 6890 7129 7130 XOR
2 1 7128 7129 7131 AND
2 1 7127 7131 7132 XOR
2 1 6895 7132 7133 XOR
2 1 7011 7132 7134 XOR
2 1 6895 7134 7135 XOR
2 1 7133 7134 7136 AND
2 1 7132 7136 7137 XOR
2 1 6900 7137 7138 XOR
2 1 7012 7137 7139 XOR
2 1 6900 7139 7140 XOR
2 1 7138 7139 7141 AND
2 1 7137 7141 7142 XOR
2 1 6905 7142 7143 XOR
2 1 7013 7142 7144 XOR
2 1 6905 7144 7145 XOR
2 1 7143 7144 7146 AND
2 1 7142 7146 7147 XOR
2 1 6910 7147 7148 XOR
2 1 7014 7147 7149 XOR
2 1 6910 7149 7150 XOR
2 1 7148 7149 7151 AND
2 1 7147 7151 7152 XOR
2 1 6915 7152 7153 XOR
2 1 7015 7152 7154 XOR
2 1 6915 7154 7155 XOR
2 1 7153 7154 7156 AND
2 1 7152 7156 7157 XOR
2 1 6920 7157 7158 XOR
2 1 7016 7157 7159 XOR
2 1 6920 7159 7160 XOR
2 1 7158 7159 7161 AND
2 1 7157 7161 7162 XOR
2 1 6925 7162 7163 XOR
2 1 7017 7162 7164 XOR
2 1 6925 7164 7165 XOR
2 1 7163 7164 7166 AND
2 1 7162 7166 7167 XOR
2 1 6930 7167 7168 XOR
2 1 7018 7167 7169 XOR
2 1 6930 7169 7170 XOR
2 1 7168 7169 7171 AND
2 1 7167 7171 7172 XOR
2 1 6935 7172 7173 XOR
2 1 7019 7172 7174 XOR
2 1 6935 7174 7175 XOR
2 1 7173 7174 7176 AND
2 1 7172 7176 7177 XOR
2 1 6940 7177 7178 XOR
2 1 7020 7177 7179 XOR
2 1 6940 7179 7180 XOR
2 1 7178 7179 7181 AND
2 1 7177 7181 7182 XOR
2 1 6945 7182 7183 XOR
2 1 7021 7182 7184 XOR
2 1 6945 7184 7185 XOR
2 1 7183 7184 7186 AND
2 1 7182 7186 7187 XOR
2 1 6950 7187 7188 XOR
2 1 7022 7187 7189 XOR
2 1 6950 7189 7190 XOR
2 1 7188 7189 7191 AND
2 1 7187 7191 7192 XOR
2 1 6955 7192 7193 XOR
2 1 7023 7192 7194 XOR
2 1 6955 7194 7195 XOR
2 1 7193 7194 7196 AND
2 1 7192 7196 7197 XOR
2 1 6960 7197 7198 XOR
2 1 7024 7197 7199 XOR
2 1 6960 7199 7200 XOR
2 1 7198 7199 7201 AND
2 1 7197 7201 7202 XOR
2 1 6965 7202 7203 XOR
2 1 7025 7202 7204 XOR
2 1 6965 7204 7205 XOR
2 1 7203 7204 7206 AND
2 1 7202 7206 7207 XOR
2 1 6970 7207 7208 XOR
2 1 7026 7207 7209 XOR
2 1 6970 7209 7210 XOR
2 1 7208 7209 7211 AND
2 1 7207 7211 7212 XOR
2 1 6975 7212 7213 XOR
2 1 7027 7212 7214 XOR
2 1 6975 7214 7215 XOR
2 1 7213 7214 7216 AND
2 1 7212 7216 7217 XOR
2 1 6980 7217 7218 XOR
2 1 7028 7217 7219 XOR
2 1 6980 7219 7220 XOR
2 1 7218 7219 7221 AND
2 1 7217 7221 7222 XOR
2 1 6985 7222 7223 XOR
2 1 7029 7222 7224 XOR
2 1 6985 7224 7225 XOR
2 1 7223 7224 7226 AND
2 1 7222 7226 7227 XOR
2 1 7227 7030 7228 XOR
2 1 7228 6989 7229 XOR
2 1 0 88 7230 AND
2 1 1 88 7231 AND
2 1 2 88 7232 AND
2 1 3 88 7233 AND
2 1 4 88 7234 AND
2 1 5 88 7235 AND
2 1 6 88 7236 AND
2 1 7 88 7237 AND
2 1 8 88 7238 AND
2 1 9 88 7239 AND
2 1 10 88 7240 AND
2 1 11 88 7241 AND
2 1 12 88 7242 AND
2 1 13 88 7243 AND
2 1 14 88 7244 AND
2 1 15 88 7245 AND
2 1 16 88 7246 AND
2 1 17 88 7247 AND
2 1 18 88 7248 AND
2 1 19 88 7249 AND
2 1 20 88 7250 AND
2 1 21 88 7251 AND
2 1 22 88 7252 AND
2 1 23 88 7253 AND
2 1 24 88 7254 AND
2 1 25 88 7255 AND
2 1 26 88 7256 AND
2 1 27 88 7257 AND
2 1 28 88 7258 AND
2 1 29 88 7259 AND
2 1 30 88 7260 AND
2 1 31 88 7261 AND
2 1 32 88 7262 AND
2 1 33 88 7263 AND
2 1 34 88 7264 AND
2 1 35 88 7265 AND
2 1 36 88 7266 AND
2 1 37 88 7267 AND
2 1 38 88 7268 AND
2 1 39 88 7269 AND
2 1 7035 7230 7270 XOR
2 1 7035 7230 7271 AND
2 1 7040 7271 7272 XOR
2 1 7231 7271 7273 XOR
2 1 7040 7273 7274 XOR
2 1 7272 7273 7275 AND
2 1 7271 7275 7276 XOR
2 1 7045 7276 7277 XOR
2 1 7232 7276 7278 XOR
2 1 7045 7278 7279 XOR
2 1 7277 7278 7280 AND
2 1 7276 7280 7281 XOR
2 1 7050 7281 7282 XOR
2 1 7233 7281 7283 XOR
2 1 7050 7283 7284 XOR
2 1 7282 7283 7285 AND
2 1 7281 7285 7286 XOR
2 1 7055 7286 7287 XOR
2 1 7234 7286 7288 XOR
2 1 7055 7288 7289 XOR
2 1 7287 7288 7290 AND
2 1 7286 7290 7291 XOR
2 1 7060 7291 7292 XOR
2 1 7235 7291 7293 XOR
2 1 7060 7293 7294 XOR
2 1 7292 7293 7295 AND
2 1 7291 7295 7296 XOR
2 1 7065 7296 7297 XOR
2 1 7236 7296 7298 XOR
2 1 7065 7298 7299 XOR
2 1 7297 7298 7300 AND
2 1 7296 7300 7301 XOR
2 1 7070 7301 7302 XOR
2 1 7237 7301 7303 XOR
2 1 7070 7303 7304 XOR
2 1 7302 7303 7305 AND
2 1 7301 7305 7306 XOR
2 1 7075 7306 7307 XOR
2 1 7238 7306 7308 XOR
2 1 7075 7308 7309 XOR
2 1 7307 7308 7310 AND
2 1 7306 7310 7311 XOR
2 1 7080 7311 7312 XOR
2 1 7239 7311 7313 XOR
2 1 7080 7313 7314 XOR
2 1 7312 7313 7315 AND
2 1 7311 7315 7316 XOR
2 1 7085 7316 7317 XOR
2 1 7240 7316 7318 XOR
2 1 7085 7318 7319 XOR
2 1 7317 7318 7320 AND
2 1 7316 7320 7321 XOR
2 1 7090 7321 7322 XOR
2 1 7241 7321 7323 XOR
2 1 7090 7323 7324 XOR
2 1 7322 7323 7325 AND
2 1 7321 7325 7326 XOR
2 1 7095 7326 7327 XOR
2 1 7242 7326 7328 XOR
2 1 7095 7328 7329 XOR
2 1 7327 7328 7330 AND
2 1 7326 7330 7331 XOR
2 1 7100 7331 7332 XOR
2 1 7243 7331 7333 XOR
2 1 7100 7333 7334 XOR
2 1 7332 7333 7335 AND
2 1 7331 7335 7336 XOR
2 1 7105 7336 7337 XOR
2 1 7244 7336 7338 XOR
2 1 7105 7338 7339 XOR
2 1 7337 7338 7340 AND
2 1 7336 7340 7341 XOR
2 1 7110 7341 7342 XOR
2 1 7245 7341 7343 XOR
2 1 7110 7343 7344 XOR
2 1 7342 7343 7345 AND
2 1 7341 7345 7346 XOR
2 1 7115 7346 7347 XOR
2 1 7246 7346 7348 XOR
2 1 7115 7348 7349 XOR
2 1 7347 7348 7350 AND
2 1 7346 7350 7351 XOR
2 1 7120 7351 7352 XOR
2 1 7247 7351 7353 XOR
2 1 7120 7353 7354 XOR
2 1 7352 7353 7355 AND
2 1 7351 7355 7356 XOR
2 1 7125 7356 7357 XOR
2 1 7248 7356 7358 XOR
2 1 7125 7358 7359 XOR
2 1 7357 7358 7360 AND
2 1 7356 7360 7361 XOR
2 1 7130 7361 7362 XOR
2 1 7249 7361 7363 XOR
2 1 7130 7363 7364 XOR
2 1 7362 7363 7365 AND
2 1 7361 7365 7366 XOR
2 1 7135 7366 7367 XOR
2 1 7250 7366 7368 XOR
2 1 7135 7368 7369 XOR
2 1 7367 7368 7370 AND
2 1 7366 7370 7371 XOR
2 1 7140 7371 7372 XOR
2 1 7251 7371 7373 XOR
2 1 7140 7373 7374 XOR
2 1 7372 7373 7375 AND
2 1 7371 7375 7376 XOR
2 1 7145 7376 7377 XOR
2 1 7252 7376 7378 XOR
2 1 7145 7378 7379 XOR
2 1 7377 7378 7380 AND
2 1 7376 7380 7381 XOR
2 1 7150 7381 7382 XOR
2 1 7253 7381 7383 XOR
2 1 7150 7383 7384 XOR
2 1 7382 7383 7385 AND
2 1 7381 7385 7386 XOR
2 1 7155 7386 7387 XOR
2 1 7254 7386 7388 XOR
2 1 7155 7388 7389 XOR
2 1 7387 7388 7390 AND
2 1 7386 7390 7391 XOR
2 1 7160 7391 7392 XOR
2 1 7255 7391 7393 XOR
2 1 7160 7393 7394 XOR
2 1 7392 7393 7395 AND
2 1 7391 7395 7396 XOR
2 1 7165 7396 7397 XOR
2 1 7256 7396 7398 XOR
2 1 7165 7398 7399 XOR
2 1 7397 7398 7400 AND
2 1 7396 7400 7401 XOR
2 1 7170 7401 7402 XOR
2 1 7257 7401 7403 XOR
2 1 7170 7403 7404 XOR
2 1 7402 7403 7405 AND
2 1 7401 7405 7406 XOR
2 1 7175 7406 7407 XOR
2 1 7258 7406 7408 XOR
2 1 7175 7408 7409 XOR
2 1 7407 7408 7410 AND
2 1 7406 7410 7411 XOR
2 1 7180 7411 7412 XOR
2 1 7259 7411 7413 XOR
2 1 7180 7413 7414 XOR
2 1 7412 7413 7415 AND
2 1 7411 7415 7416 XOR
2 1 7185 7416 7417 XOR
2 1 7260 7416 7418 XOR
2 1 7185 7418 7419 XOR
2 1 7417 7418 7420 AND
2 1 7416 7420 7421 XOR
2 1 7190 7421 7422 XOR
2 1 7261 7421 7423 XOR
2 1 7190 7423 7424 XOR
2 1 7422 7423 7425 AND
2 1 7421 7425 7426 XOR
2 1 7195 7426 7427 XOR
2 1 7262 7426 7428 XOR
2 1 7195 7428 7429 XOR
2 1 7427 7428 7430 AND
2 1 7426 7430 7431 XOR
2 1 7200 7431 7432 XOR
2 1 7263 7431 7433 XOR
2 1 7200 7433 7434 XOR
2 1 7432 7433 7435 AND
2 1 7431 7435 7436 XOR
2 1 7205 7436 7437 XOR
2 1 7264 7436 7438 XOR
2 1 7205 7438 7439 XOR
2 1 7437 7438 7440 AND
2 1 7436 7440 7441 XOR
2 1 7210 7441 7442 XOR
2 1 7265 7441 7443 XOR
2 1 7210 7443 7444 XOR
2 1 7442 7443 7445 AND
2 1 7441 7445 7446 XOR
2 1 7215 7446 7447 XOR
2 1 7266 7446 7448 XOR
2 1 7215 7448 7449 XOR
2 1 7447 7448 7450 AND
2 1 7446 7450 7451 XOR
2 1 7220 7451 7452 XOR
2 1 7267 7451 7453 XOR
2 1 7220 7453 7454 XOR
2 1 7452 7453 7455 AND
2 1 7451 7455 7456 XOR
2 1 7225 7456 7457 XOR
2 1 7268 7456 7458 XOR
2 1 7225 7458 7459 XOR
2 1 7457 7458 7460 AND
2 1 7456 7460 7461 XOR
2 1 7461 7269 7462 XOR
2 1 7462 7229 7463 XOR
2 1 0 89 7464 AND
2 1 1 89 7465 AND
2 1 2 89 7466 AND
2 1 3 89 7467 AND
2 1 4 89 7468 AND
2 1 5 89 7469 AND
2 1 6 89 7470 AND
2 1 7 89 7471 AND
2 1 8 89 7472 AND
2 1 9 89 7473 AND
2 1 10 89 7474 AND
2 1 11 89 7475 AND
2 1 12 89 7476 AND
2 1 13 89 7477 AND
2 1 14 89 7478 AND
2 1 15 89 7479 AND
2 1 16 89 7480 AND
2 1 17 89 7481 AND
2 1 18 89 7482 AND
2 1 19 89 7483 AND
2 1 20 89 7484 AND
2 1 21 89 7485 AND
2 1 22 89 7486 AND
2 1 23 89 7487 AND
2 1 24 89 7488 AND
2 1 25 89 7489 AND
2 1 26 89 7490 AND
2 1 27 89 7491 AND
2 1 28 89 7492 AND
2 1 29 89 7493 AND
2 1 30 89 7494 AND
2 1 31 89 7495 AND
2 1 32 89 7496 AND
2 1 33 89 7497 AND
2 1 34 89 7498 AND
2 1 35 89 7499 AND
2 1 36 89 7500 AND
2 1 37 89 7501 AND
2 1 38 89 7502 AND
2 1 7274 7464 7503 XOR
2 1 7274 7464 7504 AND
2 1 7279 7504 7505 XOR
2 1 7465 7504 7506 XOR
2 1 7279 7506 7507 XOR
2 1 7505 7506 7508 AND
2 1 7504 7508 7509 XOR
2 1 7284 7509 7510 XOR
2 1 7466 7509 7511 XOR
2 1 7284 7511 7512 XOR
2 1 7510 7511 7513 AND
2 1 7509 7513 7514 XOR
2 1 7289 7514 7515 XOR
2 1 7467 7514 7516 XOR
2 1 7289 7516 7517 XOR
2 1 7515 7516 7518 AND
2 1 7514 7518 7519 XOR
2 1 7294 7519 7520 XOR
2 1 7468 7519 7521 XOR
2 1 7294 7521 7522 XOR
2 1 7520 7521 7523 AND
2 1 7519 7523 7524 XOR
2 1 7299 7524 7525 XOR
2 1 7469 7524 7526 XOR
2 1 7299 7526 7527 XOR
2 1 7525 7526 7528 AND
2 1 7524 7528 7529 XOR
2 1 7304 7529 7530 XOR
2 1 7470 7529 7531 XOR
2 1 7304 7531 7532 XOR
2 1 7530 7531 7533 AND
2 1 7529 7533 7534 XOR
2 1 7309 7534 7535 XOR
2 1 7471 7534 7536 XOR
2 1 7309 7536 7537 XOR
2 1 7535 7536 7538 AND
2 1 7534 7538 7539 XOR
2 1 7314 7539 7540 XOR
2 1 7472 7539 7541 XOR
2 1 7314 7541 7542 XOR
2 1 7540 7541 7543 AND
2 1 7539 7543 7544 XOR
2 1 7319 7544 7545 XOR
2 1 7473 7544 7546 XOR
2 1 7319 7546 7547 XOR
2 1 7545 7546 7548 AND
2 1 7544 7548 7549 XOR
2 1 7324 7549 7550 XOR
2 1 7474 7549 7551 XOR
2 1 7324 7551 7552 XOR
2 1 7550 7551 7553 AND
2 1 7549 7553 7554 XOR
2 1 7329 7554 7555 XOR
2 1 7475 7554 7556 XOR
2 1 7329 7556 7557 XOR
2 1 7555 7556 7558 AND
2 1 7554 7558 7559 XOR
2 1 7334 7559 7560 XOR
2 1 7476 7559 7561 XOR
2 1 7334 7561 7562 XOR
2 1 7560 7561 7563 AND
2 1 7559 7563 7564 XOR
2 1 7339 7564 7565 XOR
2 1 7477 7564 7566 XOR
2 1 7339 7566 7567 XOR
2 1 7565 7566 7568 AND
2 1 7564 7568 7569 XOR
2 1 7344 7569 7570 XOR
2 1 7478 7569 7571 XOR
2 1 7344 7571 7572 XOR
2 1 7570 7571 7573 AND
2 1 7569 7573 7574 XOR
2 1 7349 7574 7575 XOR
2 1 7479 7574 7576 XOR
2 1 7349 7576 7577 XOR
2 1 7575 7576 7578 AND
2 1 7574 7578 7579 XOR
2 1 7354 7579 7580 XOR
2 1 7480 7579 7581 XOR
2 1 7354 7581 7582 XOR
2 1 7580 7581 7583 AND
2 1 7579 7583 7584 XOR
2 1 7359 7584 7585 XOR
2 1 7481 7584 7586 XOR
2 1 7359 7586 7587 XOR
2 1 7585 7586 7588 AND
2 1 7584 7588 7589 XOR
2 1 7364 7589 7590 XOR
2 1 7482 7589 7591 XOR
2 1 7364 7591 7592 XOR
2 1 7590 7591 7593 AND
2 1 7589 7593 7594 XOR
2 1 7369 7594 7595 XOR
2 1 7483 7594 7596 XOR
2 1 7369 7596 7597 XOR
2 1 7595 7596 7598 AND
2 1 7594 7598 7599 XOR
2 1 7374 7599 7600 XOR
2 1 7484 7599 7601 XOR
2 1 7374 7601 7602 XOR
2 1 7600 7601 7603 AND
2 1 7599 7603 7604 XOR
2 1 7379 7604 7605 XOR
2 1 7485 7604 7606 XOR
2 1 7379 7606 7607 XOR
2 1 7605 7606 7608 AND
2 1 7604 7608 7609 XOR
2 1 7384 7609 7610 XOR
2 1 7486 7609 7611 XOR
2 1 7384 7611 7612 XOR
2 1 7610 7611 7613 AND
2 1 7609 7613 7614 XOR
2 1 7389 7614 7615 XOR
2 1 7487 7614 7616 XOR
2 1 7389 7616 7617 XOR
2 1 7615 7616 7618 AND
2 1 7614 7618 7619 XOR
2 1 7394 7619 7620 XOR
2 1 7488 7619 7621 XOR
2 1 7394 7621 7622 XOR
2 1 7620 7621 7623 AND
2 1 7619 7623 7624 XOR
2 1 7399 7624 7625 XOR
2 1 7489 7624 7626 XOR
2 1 7399 7626 7627 XOR
2 1 7625 7626 7628 AND
2 1 7624 7628 7629 XOR
2 1 7404 7629 7630 XOR
2 1 7490 7629 7631 XOR
2 1 7404 7631 7632 XOR
2 1 7630 7631 7633 AND
2 1 7629 7633 7634 XOR
2 1 7409 7634 7635 XOR
2 1 7491 7634 7636 XOR
2 1 7409 7636 7637 XOR
2 1 7635 7636 7638 AND
2 1 7634 7638 7639 XOR
2 1 7414 7639 7640 XOR
2 1 7492 7639 7641 XOR
2 1 7414 7641 7642 XOR
2 1 7640 7641 7643 AND
2 1 7639 7643 7644 XOR
2 1 7419 7644 7645 XOR
2 1 7493 7644 7646 XOR
2 1 7419 7646 7647 XOR
2 1 7645 7646 7648 AND
2 1 7644 7648 7649 XOR
2 1 7424 7649 7650 XOR
2 1 7494 7649 7651 XOR
2 1 7424 7651 7652 XOR
2 1 7650 7651 7653 AND
2 1 7649 7653 7654 XOR
2 1 7429 7654 7655 XOR
2 1 7495 7654 7656 XOR
2 1 7429 7656 7657 XOR
2 1 7655 7656 7658 AND
2 1 7654 7658 7659 XOR
2 1 7434 7659 7660 XOR
2 1 7496 7659 7661 XOR
2 1 7434 7661 7662 XOR
2 1 7660 7661 7663 AND
2 1 7659 7663 7664 XOR
2 1 7439 7664 7665 XOR
2 1 7497 7664 7666 XOR
2 1 7439 7666 7667 XOR
2 1 7665 7666 7668 AND
2 1 7664 7668 7669 XOR
2 1 7444 7669 7670 XOR
2 1 7498 7669 7671 XOR
2 1 7444 7671 7672 XOR
2 1 7670 7671 7673 AND
2 1 7669 7673 7674 XOR
2 1 7449 7674 7675 XOR
2 1 7499 7674 7676 XOR
2 1 7449 7676 7677 XOR
2 1 7675 7676 7678 AND
2 1 7674 7678 7679 XOR
2 1 7454 7679 7680 XOR
2 1 7500 7679 7681 XOR
2 1 7454 7681 7682 XOR
2 1 7680 7681 7683 AND
2 1 7679 7683 7684 XOR
2 1 7459 7684 7685 XOR
2 1 7501 7684 7686 XOR
2 1 7459 7686 7687 XOR
2 1 7685 7686 7688 AND
2 1 7684 7688 7689 XOR
2 1 7689 7502 7690 XOR
2 1 7690 7463 7691 XOR
2 1 0 90 7692 AND
2 1 1 90 7693 AND
2 1 2 90 7694 AND
2 1 3 90 7695 AND
2 1 4 90 7696 AND
2 1 5 90 7697 AND
2 1 6 90 7698 AND
2 1 7 90 7699 AND
2 1 8 90 7700 AND
2 1 9 90 7701 AND
2 1 10 90 7702 AND
2 1 11 90 7703 AND
2 1 12 90 7704 AND
2 1 13 90 7705 AND
2 1 14 90 7706 AND
2 1 15 90 7707 AND
2 1 16 90 7708 AND
2 1 17 90 7709 AND
2 1 18 90 7710 AND
2 1 19 90 7711 AND
2 1 20 90 7712 AND
2 1 21 90 7713 AND
2 1 22 90 7714 AND
2 1 23 90 7715 AND
2 1 24 90 7716 AND
2 1 25 90 7717 AND
2 1 26 90 7718 AND
2 1 27 90 7719 AND
2 1 28 90 7720 AND
2 1 29 90 7721 AND
2 1 30 90 7722 AND
2 1 31 90 7723 AND
2 1 32 90 7724 AND
2 1 33 90 7725 AND
2 1 34 90 7726 AND
2 1 35 90 7727 AND
2 1 36 90 7728 AND
2 1 37 90 7729 AND
2 1 7507 7692 7730 XOR
2 1 7507 7692 7731 AND
2 1 7512 7731 7732 XOR
2 1 7693 7731 7733 XOR
2 1 7512 7733 7734 XOR
2 1 7732 7733 7735 AND
2 1 7731 7735 7736 XOR
2 1 7517 7736 7737 XOR
2 1 7694 7736 7738 XOR
2 1 7517 7738 7739 XOR
2 1 7737 7738 7740 AND
2 1 7736 7740 7741 XOR
2 1 7522 7741 7742 XOR
2 1 7695 7741 7743 XOR
2 1 7522 7743 7744 XOR
2 1 7742 7743 7745 AND
2 1 7741 7745 7746 XOR
2 1 7527 7746 7747 XOR
2 1 7696 7746 7748 XOR
2 1 7527 7748 7749 XOR
2 1 7747 7748 7750 AND
2 1 7746 7750 7751 XOR
2 1 7532 7751 7752 XOR
2 1 7697 7751 7753 XOR
2 1 7532 7753 7754 XOR
2 1 7752 7753 7755 AND
2 1 7751 7755 7756 XOR
2 1 7537 7756 7757 XOR
2 1 7698 7756 7758 XOR
2 1 7537 7758 7759 XOR
2 1 7757 7758 7760 AND
2 1 7756 7760 7761 XOR
2 1 7542 7761 7762 XOR
2 1 7699 7761 7763 XOR
2 1 7542 7763 7764 XOR
2 1 7762 7763 7765 AND
2 1 7761 7765 7766 XOR
2 1 7547 7766 7767 XOR
2 1 7700 7766 7768 XOR
2 1 7547 7768 7769 XOR
2 1 7767 7768 7770 AND
2 1 7766 7770 7771 XOR
2 1 7552 7771 7772 XOR
2 1 7701 7771 7773 XOR
2 1 7552 7773 7774 XOR
2 1 7772 7773 7775 AND
2 1 7771 7775 7776 XOR
2 1 7557 7776 7777 XOR
2 1 7702 7776 7778 XOR
2 1 7557 7778 7779 XOR
2 1 7777 7778 7780 AND
2 1 7776 7780 7781 XOR
2 1 7562 7781 7782 XOR
2 1 7703 7781 7783 XOR
2 1 7562 7783 7784 XOR
2 1 7782 7783 7785 AND
2 1 7781 7785 7786 XOR
2 1 7567 7786 7787 XOR
2 1 7704 7786 7788 XOR
2 1 7567 7788 7789 XOR
2 1 7787 7788 7790 AND
2 1 7786 7790 7791 XOR
2 1 7572 7791 7792 XOR
2 1 7705 7791 7793 XOR
2 1 7572 7793 7794 XOR
2 1 7792 7793 7795 AND
2 1 7791 7795 7796 XOR
2 1 7577 7796 7797 XOR
2 1 7706 7796 7798 XOR
2 1 7577 7798 7799 XOR
2 1 7797 7798 7800 AND
2 1 7796 7800 7801 XOR
2 1 7582 7801 7802 XOR
2 1 7707 7801 7803 XOR
2 1 7582 7803 7804 XOR
2 1 7802 7803 7805 AND
2 1 7801 7805 7806 XOR
2 1 7587 7806 7807 XOR
2 1 7708 7806 7808 XOR
2 1 7587 7808 7809 XOR
2 1 7807 7808 7810 AND
2 1 7806 7810 7811 XOR
2 1 7592 7811 7812 XOR
2 1 7709 7811 7813 XOR
2 1 7592 7813 7814 XOR
2 1 7812 7813 7815 AND
2 1 7811 7815 7816 XOR
2 1 7597 7816 7817 XOR
2 1 7710 7816 7818 XOR
2 1 7597 7818 7819 XOR
2 1 7817 7818 7820 AND
2 1 7816 7820 7821 XOR
2 1 7602 7821 7822 XOR
2 1 7711 7821 7823 XOR
2 1 7602 7823 7824 XOR
2 1 7822 7823 7825 AND
2 1 7821 7825 7826 XOR
2 1 7607 7826 7827 XOR
2 1 7712 7826 7828 XOR
2 1 7607 7828 7829 XOR
2 1 7827 7828 7830 AND
2 1 7826 7830 7831 XOR
2 1 7612 7831 7832 XOR
2 1 7713 7831 7833 XOR
2 1 7612 7833 7834 XOR
2 1 7832 7833 7835 AND
2 1 7831 7835 7836 XOR
2 1 7617 7836 7837 XOR
2 1 7714 7836 7838 XOR
2 1 7617 7838 7839 XOR
2 1 7837 7838 7840 AND
2 1 7836 7840 7841 XOR
2 1 7622 7841 7842 XOR
2 1 7715 7841 7843 XOR
2 1 7622 7843 7844 XOR
2 1 7842 7843 7845 AND
2 1 7841 7845 7846 XOR
2 1 7627 7846 7847 XOR
2 1 7716 7846 7848 XOR
2 1 7627 7848 7849 XOR
2 1 7847 7848 7850 AND
2 1 7846 7850 7851 XOR
2 1 7632 7851 7852 XOR
2 1 7717 7851 7853 XOR
2 1 7632 7853 7854 XOR
2 1 7852 7853 7855 AND
2 1 7851 7855 7856 XOR
2 1 7637 7856 7857 XOR
2 1 7718 7856 7858 XOR
2 1 7637 7858 7859 XOR
2 1 7857 7858 7860 AND
2 1 7856 7860 7861 XOR
2 1 7642 7861 7862 XOR
2 1 7719 7861 7863 XOR
2 1 7642 7863 7864 XOR
2 1 7862 7863 7865 AND
2 1 7861 7865 7866 XOR
2 1 7647 7866 7867 XOR
2 1 7720 7866 7868 XOR
2 1 7647 7868 7869 XOR
2 1 7867 7868 7870 AND
2 1 7866 7870 7871 XOR
2 1 7652 7871 7872 XOR
2 1 7721 7871 7873 XOR
2 1 7652 7873 7874 XOR
2 1 7872 7873 7875 AND
2 1 7871 7875 7876 XOR
2 1 7657 7876 7877 XOR
2 1 7722 7876 7878 XOR
2 1 7657 7878 7879 XOR
2 1 7877 7878 7880 AND
2 1 7876 7880 7881 XOR
2 1 7662 7881 7882 XOR
2 1 7723 7881 7883 XOR
2 1 7662 7883 7884 XOR
2 1 7882 7883 7885 AND
2 1 7881 7885 7886 XOR
2 1 7667 7886 7887 XOR
2 1 7724 7886 7888 XOR
2 1 7667 7888 7889 XOR
2 1 7887 7888 7890 AND
2 1 7886 7890 7891 XOR
2 1 7672 7891 7892 XOR
2 1 7725 7891 7893 XOR
2 1 7672 7893 7894 XOR
2 1 7892 7893 7895 AND
2 1 7891 7895 7896 XOR
2 1 7677 7896 7897 XOR
2 1 7726 7896 7898 XOR
2 1 7677 7898 7899 XOR
2 1 7897 7898 7900 AND
2 1 7896 7900 7901 XOR
2 1 7682 7901 7902 XOR
2 1 7727 7901 7903 XOR
2 1 7682 7903 7904 XOR
2 1 7902 7903 7905 AND
2 1 7901 7905 7906 XOR
2 1 7687 7906 7907 XOR
2 1 7728 7906 7908 XOR
2 1 7687 7908 7909 XOR
2 1 7907 7908 7910 AND
2 1 7906 7910 7911 XOR
2 1 7911 7729 7912 XOR
2 1 7912 7691 7913 XOR
2 1 0 91 7914 AND
2 1 1 91 7915 AND
2 1 2 91 7916 AND
2 1 3 91 7917 AND
2 1 4 91 7918 AND
2 1 5 91 7919 AND
2 1 6 91 7920 AND
2 1 7 91 7921 AND
2 1 8 91 7922 AND
2 1 9 91 7923 AND
2 1 10 91 7924 AND
2 1 11 91 7925 AND
2 1 12 91 7926 AND
2 1 13 91 7927 AND
2 1 14 91 7928 AND
2 1 15 91 7929 AND
2 1 16 91 7930 AND
2 1 17 91 7931 AND
2 1 18 91 7932 AND
2 1 19 91 7933 AND
2 1 20 91 7934 AND
2 1 21 91 7935 AND
2 1 22 91 7936 AND
2 1 23 91 7937 AND
2 1 24 91 7938 AND
2 1 25 91 7939 AND
2 1 26 91 7940 AND
2 1 27 91 7941 AND
2 1 28 91 7942 AND
2 1 29 91 7943 AND
2 1 30 91 7944 AND
2 1 31 91 7945 AND
2 1 32 91 7946 AND
2 1 33 91 7947 AND
2 1 34 91 7948 AND
2 1 35 91 7949 AND
2 1 36 91 7950 AND
2 1 7734 7914 7951 XOR
2 1 7734 7914 7952 AND
2 1 7739 7952 7953 XOR
2 1 7915 7952 7954 XOR
2 1 7739 7954 7955 XOR
2 1 7953 7954 7956 AND
2 1 7952 7956 7957 XOR
2 1 7744 7957 7958 XOR
2 1 7916 7957 7959 XOR
2 1 7744 7959 7960 XOR
2 1 7958 7959 7961 AND
2 1 7957 7961 7962 XOR
2 1 7749 7962 7963 XOR
2 1 7917 7962 7964 XOR
2 1 7749 7964 7965 XOR
2 1 7963 7964 7966 AND
2 1 7962 7966 7967 XOR
2 1 7754 7967 7968 XOR
2 1 7918 7967 7969 XOR
2 1 7754 7969 7970 XOR
2 1 7968 7969 7971 AND
2 1 7967 7971 7972 XOR
2 1 7759 7972 7973 XOR
2 1 7919 7972 7974 XOR
2 1 7759 7974 7975 XOR
2 1 7973 7974 7976 AND
2 1 7972 7976 7977 XOR
2 1 7764 7977 7978 XOR
2 1 7920 7977 7979 XOR
2 1 7764 7979 7980 XOR
2 1 7978 7979 7981 AND
2 1 7977 7981 7982 XOR
2 1 7769 7982 7983 XOR
2 1 7921 7982 7984 XOR
2 1 7769 7984 7985 XOR
2 1 7983 7984 7986 AND
2 1 7982 7986 7987 XOR
2 1 7774 7987 7988 XOR
2 1 7922 7987 7989 XOR
2 1 7774 7989 7990 XOR
2 1 7988 7989 7991 AND
2 1 7987 7991 7992 XOR
2 1 7779 7992 7993 XOR
2 1 7923 7992 7994 XOR
2 1 7779 7994 7995 XOR
2 1 7993 7994 7996 AND
2 1 7992 7996 7997 XOR
2 1 7784 7997 7998 XOR
2 1 7924 7997 7999 XOR
2 1 7784 7999 8000 XOR
2 1 7998 7999 8001 AND
2 1 7997 8001 8002 XOR
2 1 7789 8002 8003 XOR
2 1 7925 8002 8004 XOR
2 1 7789 8004 8005 XOR
2 1 8003 8004 8006 AND
2 1 8002 8006 8007 XOR
2 1 7794 8007 8008 XOR
2 1 7926 8007 8009 XOR
2 1 7794 8009 8010 XOR
2 1 8008 8009 8011 AND
2 1 8007 8011 8012 XOR
2 1 7799 8012 8013 XOR
2 1 7927 8012 8014 XOR
2 1 7799 8014 8015 XOR
2 1 8013 8014 8016 AND
2 1 8012 8016 8017 XOR
2 1 7804 8017 8018 XOR
2 1 7928 8017 8019 XOR
2 1 7804 8019 8020 XOR
2 1 8018 8019 8021 AND
2 1 8017 8021 8022 XOR
2 1 7809 8022 8023 XOR
2 1 7929 8022 8024 XOR
2 1 7809 8024 8025 XOR
2 1 8023 8024 8026 AND
2 1 8022 8026 8027 XOR
2 1 7814 8027 8028 XOR
2 1 7930 8027 8029 XOR
2 1 7814 8029 8030 XOR
2 1 8028 8029 8031 AND
2 1 8027 8031 8032 XOR
2 1 7819 8032 8033 XOR
2 1 7931 8032 8034 XOR
2 1 7819 8034 8035 XOR
2 1 8033 8034 8036 AND
2 1 8032 8036 8037 XOR
2 1 7824 8037 8038 XOR
2 1 7932 8037 8039 XOR
2 1 7824 8039 8040 XOR
2 1 8038 8039 8041 AND
2 1 8037 8041 8042 XOR
2 1 7829 8042 8043 XOR
2 1 7933 8042 8044 XOR
2 1 7829 8044 8045 XOR
2 1 8043 8044 8046 AND
2 1 8042 8046 8047 XOR
2 1 7834 8047 8048 XOR
2 1 7934 8047 8049 XOR
2 1 7834 8049 8050 XOR
2 1 8048 8049 8051 AND
2 1 8047 8051 8052 XOR
2 1 7839 8052 8053 XOR
2 1 7935 8052 8054 XOR
2 1 7839 8054 8055 XOR
2 1 8053 8054 8056 AND
2 1 8052 8056 8057 XOR
2 1 7844 8057 8058 XOR
2 1 7936 8057 8059 XOR
2 1 7844 8059 8060 XOR
2 1 8058 8059 8061 AND
2 1 8057 8061 8062 XOR
2 1 7849 8062 8063 XOR
2 1 7937 8062 8064 XOR
2 1 7849 8064 8065 XOR
2 1 8063 8064 8066 AND
2 1 8062 8066 8067 XOR
2 1 7854 8067 8068 XOR
2 1 7938 8067 8069 XOR
2 1 7854 8069 8070 XOR
2 1 8068 8069 8071 AND
2 1 8067 8071 8072 XOR
2 1 7859 8072 8073 XOR
2 1 7939 8072 8074 XOR
2 1 7859 8074 8075 XOR
2 1 8073 8074 8076 AND
2 1 8072 8076 8077 XOR
2 1 7864 8077 8078 XOR
2 1 7940 8077 8079 XOR
2 1 7864 8079 8080 XOR
2 1 8078 8079 8081 AND
2 1 8077 8081 8082 XOR
2 1 7869 8082 8083 XOR
2 1 7941 8082 8084 XOR
2 1 7869 8084 8085 XOR
2 1 8083 8084 8086 AND
2 1 8082 8086 8087 XOR
2 1 7874 8087 8088 XOR
2 1 7942 8087 8089 XOR
2 1 7874 8089 8090 XOR
2 1 8088 8089 8091 AND
2 1 8087 8091 8092 XOR
2 1 7879 8092 8093 XOR
2 1 7943 8092 8094 XOR
2 1 7879 8094 8095 XOR
2 1 8093 8094 8096 AND
2 1 8092 8096 8097 XOR
2 1 7884 8097 8098 XOR
2 1 7944 8097 8099 XOR
2 1 7884 8099 8100 XOR
2 1 8098 8099 8101 AND
2 1 8097 8101 8102 XOR
2 1 7889 8102 8103 XOR
2 1 7945 8102 8104 XOR
2 1 7889 8104 8105 XOR
2 1 8103 8104 8106 AND
2 1 8102 8106 8107 XOR
2 1 7894 8107 8108 XOR
2 1 7946 8107 8109 XOR
2 1 7894 8109 8110 XOR
2 1 8108 8109 8111 AND
2 1 8107 8111 8112 XOR
2 1 7899 8112 8113 XOR
2 1 7947 8112 8114 XOR
2 1 7899 8114 8115 XOR
2 1 8113 8114 8116 AND
2 1 8112 8116 8117 XOR
2 1 7904 8117 8118 XOR
2 1 7948 8117 8119 XOR
2 1 7904 8119 8120 XOR
2 1 8118 8119 8121 AND
2 1 8117 8121 8122 XOR
2 1 7909 8122 8123 XOR
2 1 7949 8122 8124 XOR
2 1 7909 8124 8125 XOR
2 1 8123 8124 8126 AND
2 1 8122 8126 8127 XOR
2 1 8127 7950 8128 XOR
2 1 8128 7913 8129 XOR
2 1 0 92 8130 AND
2 1 1 92 8131 AND
2 1 2 92 8132 AND
2 1 3 92 8133 AND
2 1 4 92 8134 AND
2 1 5 92 8135 AND
2 1 6 92 8136 AND
2 1 7 92 8137 AND
2 1 8 92 8138 AND
2 1 9 92 8139 AND
2 1 10 92 8140 AND
2 1 11 92 8141 AND
2 1 12 92 8142 AND
2 1 13 92 8143 AND
2 1 14 92 8144 AND
2 1 15 92 8145 AND
2 1 16 92 8146 AND
2 1 17 92 8147 AND
2 1 18 92 8148 AND
2 1 19 92 8149 AND
2 1 20 92 8150 AND
2 1 21 92 8151 AND
2 1 22 92 8152 AND
2 1 23 92 8153 AND
2 1 24 92 8154 AND
2 1 25 92 8155 AND
2 1 26 92 8156 AND
2 1 27 92 8157 AND
2 1 28 92 8158 AND
2 1 29 92 8159 AND
2 1 30 92 8160 AND
2 1 31 92 8161 AND
2 1 32 92 8162 AND
2 1 33 92 8163 AND
2 1 34 92 8164 AND
2 1 35 92 8165 AND
2 1 7955 8130 8166 XOR
2 1 7955 8130 8167 AND
2 1 7960 8167 8168 XOR
2 1 8131 8167 8169 XOR
2 1 7960 8169 8170 XOR
2 1 8168 8169 8171 AND
2 1 8167 8171 8172 XOR
2 1 7965 8172 8173 XOR
2 1 8132 8172 8174 XOR
2 1 7965 8174 8175 XOR
2 1 8173 8174 8176 AND
2 1 8172 8176 8177 XOR
2 1 7970 8177 8178 XOR
2 1 8133 8177 8179 XOR
2 1 7970 8179 8180 XOR
2 1 8178 8179 8181 AND
2 1 8177 8181 8182 XOR
2 1 7975 8182 8183 XOR
2 1 8134 8182 8184 XOR
2 1 7975 8184 8185 XOR
2 1 8183 8184 8186 AND
2 1 8182 8186 8187 XOR
2 1 7980 8187 8188 XOR
2 1 8135 8187 8189 XOR
2 1 7980 8189 8190 XOR
2 1 8188 8189 8191 AND
2 1 8187 8191 8192 XOR
2 1 7985 8192 8193 XOR
2 1 8136 8192 8194 XOR
2 1 7985 8194 8195 XOR
2 1 8193 8194 8196 AND
2 1 8192 8196 8197 XOR
2 1 7990 8197 8198 XOR
2 1 8137 8197 8199 XOR
2 1 7990 8199 8200 XOR
2 1 8198 8199 8201 AND
2 1 8197 8201 8202 XOR
2 1 7995 8202 8203 XOR
2 1 8138 8202 8204 XOR
2 1 7995 8204 8205 XOR
2 1 8203 8204 8206 AND
2 1 8202 8206 8207 XOR
2 1 8000 8207 8208 XOR
2 1 8139 8207 8209 XOR
2 1 8000 8209 8210 XOR
2 1 8208 8209 8211 AND
2 1 8207 8211 8212 XOR
2 1 8005 8212 8213 XOR
2 1 8140 8212 8214 XOR
2 1 8005 8214 8215 XOR
2 1 8213 8214 8216 AND
2 1 8212 8216 8217 XOR
2 1 8010 8217 8218 XOR
2 1 8141 8217 8219 XOR
2 1 8010 8219 8220 XOR
2 1 8218 8219 8221 AND
2 1 8217 8221 8222 XOR
2 1 8015 8222 8223 XOR
2 1 8142 8222 8224 XOR
2 1 8015 8224 8225 XOR
2 1 8223 8224 8226 AND
2 1 8222 8226 8227 XOR
2 1 8020 8227 8228 XOR
2 1 8143 8227 8229 XOR
2 1 8020 8229 8230 XOR
2 1 8228 8229 8231 AND
2 1 8227 8231 8232 XOR
2 1 8025 8232 8233 XOR
2 1 8144 8232 8234 XOR
2 1 8025 8234 8235 XOR
2 1 8233 8234 8236 AND
2 1 8232 8236 8237 XOR
2 1 8030 8237 8238 XOR
2 1 8145 8237 8239 XOR
2 1 8030 8239 8240 XOR
2 1 8238 8239 8241 AND
2 1 8237 8241 8242 XOR
2 1 8035 8242 8243 XOR
2 1 8146 8242 8244 XOR
2 1 8035 8244 8245 XOR
2 1 8243 8244 8246 AND
2 1 8242 8246 8247 XOR
2 1 8040 8247 8248 XOR
2 1 8147 8247 8249 XOR
2 1 8040 8249 8250 XOR
2 1 8248 8249 8251 AND
2 1 8247 8251 8252 XOR
2 1 8045 8252 8253 XOR
2 1 8148 8252 8254 XOR
2 1 8045 8254 8255 XOR
2 1 8253 8254 8256 AND
2 1 8252 8256 8257 XOR
2 1 8050 8257 8258 XOR
2 1 8149 8257 8259 XOR
2 1 8050 8259 8260 XOR
2 1 8258 8259 8261 AND
2 1 8257 8261 8262 XOR
2 1 8055 8262 8263 XOR
2 1 8150 8262 8264 XOR
2 1 8055 8264 8265 XOR
2 1 8263 8264 8266 AND
2 1 8262 8266 8267 XOR
2 1 8060 8267 8268 XOR
2 1 8151 8267 8269 XOR
2 1 8060 8269 8270 XOR
2 1 8268 8269 8271 AND
2 1 8267 8271 8272 XOR
2 1 8065 8272 8273 XOR
2 1 8152 8272 8274 XOR
2 1 8065 8274 8275 XOR
2 1 8273 8274 8276 AND
2 1 8272 8276 8277 XOR
2 1 8070 8277 8278 XOR
2 1 8153 8277 8279 XOR
2 1 8070 8279 8280 XOR
2 1 8278 8279 8281 AND
2 1 8277 8281 8282 XOR
2 1 8075 8282 8283 XOR
2 1 8154 8282 8284 XOR
2 1 8075 8284 8285 XOR
2 1 8283 8284 8286 AND
2 1 8282 8286 8287 XOR
2 1 8080 8287 8288 XOR
2 1 8155 8287 8289 XOR
2 1 8080 8289 8290 XOR
2 1 8288 8289 8291 AND
2 1 8287 8291 8292 XOR
2 1 8085 8292 8293 XOR
2 1 8156 8292 8294 XOR
2 1 8085 8294 8295 XOR
2 1 8293 8294 8296 AND
2 1 8292 8296 8297 XOR
2 1 8090 8297 8298 XOR
2 1 8157 8297 8299 XOR
2 1 8090 8299 8300 XOR
2 1 8298 8299 8301 AND
2 1 8297 8301 8302 XOR
2 1 8095 8302 8303 XOR
2 1 8158 8302 8304 XOR
2 1 8095 8304 8305 XOR
2 1 8303 8304 8306 AND
2 1 8302 8306 8307 XOR
2 1 8100 8307 8308 XOR
2 1 8159 8307 8309 XOR
2 1 8100 8309 8310 XOR
2 1 8308 8309 8311 AND
2 1 8307 8311 8312 XOR
2 1 8105 8312 8313 XOR
2 1 8160 8312 8314 XOR
2 1 8105 8314 8315 XOR
2 1 8313 8314 8316 AND
2 1 8312 8316 8317 XOR
2 1 8110 8317 8318 XOR
2 1 8161 8317 8319 XOR
2 1 8110 8319 8320 XOR
2 1 8318 8319 8321 AND
2 1 8317 8321 8322 XOR
2 1 8115 8322 8323 XOR
2 1 8162 8322 8324 XOR
2 1 8115 8324 8325 XOR
2 1 8323 8324 8326 AND
2 1 8322 8326 8327 XOR
2 1 8120 8327 8328 XOR
2 1 8163 8327 8329 XOR
2 1 8120 8329 8330 XOR
2 1 8328 8329 8331 AND
2 1 8327 8331 8332 XOR
2 1 8125 8332 8333 XOR
2 1 8164 8332 8334 XOR
2 1 8125 8334 8335 XOR
2 1 8333 8334 8336 AND
2 1 8332 8336 8337 XOR
2 1 8337 8165 8338 XOR
2 1 8338 8129 8339 XOR
2 1 0 93 8340 AND
2 1 1 93 8341 AND
2 1 2 93 8342 AND
2 1 3 93 8343 AND
2 1 4 93 8344 AND
2 1 5 93 8345 AND
2 1 6 93 8346 AND
2 1 7 93 8347 AND
2 1 8 93 8348 AND
2 1 9 93 8349 AND
2 1 10 93 8350 AND
2 1 11 93 8351 AND
2 1 12 93 8352 AND
2 1 13 93 8353 AND
2 1 14 93 8354 AND
2 1 15 93 8355 AND
2 1 16 93 8356 AND
2 1 17 93 8357 AND
2 1 18 93 8358 AND
2 1 19 93 8359 AND
2 1 20 93 8360 AND
2 1 21 93 8361 AND
2 1 22 93 8362 AND
2 1 23 93 8363 AND
2 1 24 93 8364 AND
2 1 25 93 8365 AND
2 1 26 93 8366 AND
2 1 27 93 8367 AND
2 1 28 93 8368 AND
2 1 29 93 8369 AND
2 1 30 93 8370 AND
2 1 31 93 8371 AND
2 1 32 93 8372 AND
2 1 33 93 8373 AND
2 1 34 93 8374 AND
2 1 8170 8340 8375 XOR
2 1 8170 8340 8376 AND
2 1 8175 8376 8377 XOR
2 1 8341 8376 8378 XOR
2 1 8175 8378 8379 XOR
2 1 8377 8378 8380 AND
2 1 8376 8380 8381 XOR
2 1 8180 8381 8382 XOR
2 1 8342 8381 8383 XOR
2 1 8180 8383 8384 XOR
2 1 8382 8383 8385 AND
2 1 8381 8385 8386 XOR
2 1 8185 8386 8387 XOR
2 1 8343 8386 8388 XOR
2 1 8185 8388 8389 XOR
2 1 8387 8388 8390 AND
2 1 8386 8390 8391 XOR
2 1 8190 8391 8392 XOR
2 1 8344 8391 8393 XOR
2 1 8190 8393 8394 XOR
2 1 8392 8393 8395 AND
2 1 8391 8395 8396 XOR
2 1 8195 8396 8397 XOR
2 1 8345 8396 8398 XOR
2 1 8195 8398 8399 XOR
2 1 8397 8398 8400 AND
2 1 8396 8400 8401 XOR
2 1 8200 8401 8402 XOR
2 1 8346 8401 8403 XOR
2 1 8200 8403 8404 XOR
2 1 8402 8403 8405 AND
2 1 8401 8405 8406 XOR
2 1 8205 8406 8407 XOR
2 1 8347 8406 8408 XOR
2 1 8205 8408 8409 XOR
2 1 8407 8408 8410 AND
2 1 8406 8410 8411 XOR
2 1 8210 8411 8412 XOR
2 1 8348 8411 8413 XOR
2 1 8210 8413 8414 XOR
2 1 8412 8413 8415 AND
2 1 8411 8415 8416 XOR
2 1 8215 8416 8417 XOR
2 1 8349 8416 8418 XOR
2 1 8215 8418 8419 XOR
2 1 8417 8418 8420 AND
2 1 8416 8420 8421 XOR
2 1 8220 8421 8422 XOR
2 1 8350 8421 8423 XOR
2 1 8220 8423 8424 XOR
2 1 8422 8423 8425 AND
2 1 8421 8425 8426 XOR
2 1 8225 8426 8427 XOR
2 1 8351 8426 8428 XOR
2 1 8225 8428 8429 XOR
2 1 8427 8428 8430 AND
2 1 8426 8430 8431 XOR
2 1 8230 8431 8432 XOR
2 1 8352 8431 8433 XOR
2 1 8230 8433 8434 XOR
2 1 8432 8433 8435 AND
2 1 8431 8435 8436 XOR
2 1 8235 8436 8437 XOR
2 1 8353 8436 8438 XOR
2 1 8235 8438 8439 XOR
2 1 8437 8438 8440 AND
2 1 8436 8440 8441 XOR
2 1 8240 8441 8442 XOR
2 1 8354 8441 8443 XOR
2 1 8240 8443 8444 XOR
2 1 8442 8443 8445 AND
2 1 8441 8445 8446 XOR
2 1 8245 8446 8447 XOR
2 1 8355 8446 8448 XOR
2 1 8245 8448 8449 XOR
2 1 8447 8448 8450 AND
2 1 8446 8450 8451 XOR
2 1 8250 8451 8452 XOR
2 1 8356 8451 8453 XOR
2 1 8250 8453 8454 XOR
2 1 8452 8453 8455 AND
2 1 8451 8455 8456 XOR
2 1 8255 8456 8457 XOR
2 1 8357 8456 8458 XOR
2 1 8255 8458 8459 XOR
2 1 8457 8458 8460 AND
2 1 8456 8460 8461 XOR
2 1 8260 8461 8462 XOR
2 1 8358 8461 8463 XOR
2 1 8260 8463 8464 XOR
2 1 8462 8463 8465 AND
2 1 8461 8465 8466 XOR
2 1 8265 8466 8467 XOR
2 1 8359 8466 8468 XOR
2 1 8265 8468 8469 XOR
2 1 8467 8468 8470 AND
2 1 8466 8470 8471 XOR
2 1 8270 8471 8472 XOR
2 1 8360 8471 8473 XOR
2 1 8270 8473 8474 XOR
2 1 8472 8473 8475 AND
2 1 8471 8475 8476 XOR
2 1 8275 8476 8477 XOR
2 1 8361 8476 8478 XOR
2 1 8275 8478 8479 XOR
2 1 8477 8478 8480 AND
2 1 8476 8480 8481 XOR
2 1 8280 8481 8482 XOR
2 1 8362 8481 8483 XOR
2 1 8280 8483 8484 XOR
2 1 8482 8483 8485 AND
2 1 8481 8485 8486 XOR
2 1 8285 8486 8487 XOR
2 1 8363 8486 8488 XOR
2 1 8285 8488 8489 XOR
2 1 8487 8488 8490 AND
2 1 8486 8490 8491 XOR
2 1 8290 8491 8492 XOR
2 1 8364 8491 8493 XOR
2 1 8290 8493 8494 XOR
2 1 8492 8493 8495 AND
2 1 8491 8495 8496 XOR
2 1 8295 8496 8497 XOR
2 1 8365 8496 8498 XOR
2 1 8295 8498 8499 XOR
2 1 8497 8498 8500 AND
2 1 8496 8500 8501 XOR
2 1 8300 8501 8502 XOR
2 1 8366 8501 8503 XOR
2 1 8300 8503 8504 XOR
2 1 8502 8503 8505 AND
2 1 8501 8505 8506 XOR
2 1 8305 8506 8507 XOR
2 1 8367 8506 8508 XOR
2 1 8305 8508 8509 XOR
2 1 8507 8508 8510 AND
2 1 8506 8510 8511 XOR
2 1 8310 8511 8512 XOR
2 1 8368 8511 8513 XOR
2 1 8310 8513 8514 XOR
2 1 8512 8513 8515 AND
2 1 8511 8515 8516 XOR
2 1 8315 8516 8517 XOR
2 1 8369 8516 8518 XOR
2 1 8315 8518 8519 XOR
2 1 8517 8518 8520 AND
2 1 8516 8520 8521 XOR
2 1 8320 8521 8522 XOR
2 1 8370 8521 8523 XOR
2 1 8320 8523 8524 XOR
2 1 8522 8523 8525 AND
2 1 8521 8525 8526 XOR
2 1 8325 8526 8527 XOR
2 1 8371 8526 8528 XOR
2 1 8325 8528 8529 XOR
2 1 8527 8528 8530 AND
2 1 8526 8530 8531 XOR
2 1 8330 8531 8532 XOR
2 1 8372 8531 8533 XOR
2 1 8330 8533 8534 XOR
2 1 8532 8533 8535 AND
2 1 8531 8535 8536 XOR
2 1 8335 8536 8537 XOR
2 1 8373 8536 8538 XOR
2 1 8335 8538 8539 XOR
2 1 8537 8538 8540 AND
2 1 8536 8540 8541 XOR
2 1 8541 8374 8542 XOR
2 1 8542 8339 8543 XOR
2 1 0 94 8544 AND
2 1 1 94 8545 AND
2 1 2 94 8546 AND
2 1 3 94 8547 AND
2 1 4 94 8548 AND
2 1 5 94 8549 AND
2 1 6 94 8550 AND
2 1 7 94 8551 AND
2 1 8 94 8552 AND
2 1 9 94 8553 AND
2 1 10 94 8554 AND
2 1 11 94 8555 AND
2 1 12 94 8556 AND
2 1 13 94 8557 AND
2 1 14 94 8558 AND
2 1 15 94 8559 AND
2 1 16 94 8560 AND
2 1 17 94 8561 AND
2 1 18 94 8562 AND
2 1 19 94 8563 AND
2 1 20 94 8564 AND
2 1 21 94 8565 AND
2 1 22 94 8566 AND
2 1 23 94 8567 AND
2 1 24 94 8568 AND
2 1 25 94 8569 AND
2 1 26 94 8570 AND
2 1 27 94 8571 AND
2 1 28 94 8572 AND
2 1 29 94 8573 AND
2 1 30 94 8574 AND
2 1 31 94 8575 AND
2 1 32 94 8576 AND
2 1 33 94 8577 AND
2 1 8379 8544 8578 XOR
2 1 8379 8544 8579 AND
2 1 8384 8579 8580 XOR
2 1 8545 8579 8581 XOR
2 1 8384 8581 8582 XOR
2 1 8580 8581 8583 AND
2 1 8579 8583 8584 XOR
2 1 8389 8584 8585 XOR
2 1 8546 8584 8586 XOR
2 1 8389 8586 8587 XOR
2 1 8585 8586 8588 AND
2 1 8584 8588 8589 XOR
2 1 8394 8589 8590 XOR
2 1 8547 8589 8591 XOR
2 1 8394 8591 8592 XOR
2 1 8590 8591 8593 AND
2 1 8589 8593 8594 XOR
2 1 8399 8594 8595 XOR
2 1 8548 8594 8596 XOR
2 1 8399 8596 8597 XOR
2 1 8595 8596 8598 AND
2 1 8594 8598 8599 XOR
2 1 8404 8599 8600 XOR
2 1 8549 8599 8601 XOR
2 1 8404 8601 8602 XOR
2 1 8600 8601 8603 AND
2 1 8599 8603 8604 XOR
2 1 8409 8604 8605 XOR
2 1 8550 8604 8606 XOR
2 1 8409 8606 8607 XOR
2 1 8605 8606 8608 AND
2 1 8604 8608 8609 XOR
2 1 8414 8609 8610 XOR
2 1 8551 8609 8611 XOR
2 1 8414 8611 8612 XOR
2 1 8610 8611 8613 AND
2 1 8609 8613 8614 XOR
2 1 8419 8614 8615 XOR
2 1 8552 8614 8616 XOR
2 1 8419 8616 8617 XOR
2 1 8615 8616 8618 AND
2 1 8614 8618 8619 XOR
2 1 8424 8619 8620 XOR
2 1 8553 8619 8621 XOR
2 1 8424 8621 8622 XOR
2 1 8620 8621 8623 AND
2 1 8619 8623 8624 XOR
2 1 8429 8624 8625 XOR
2 1 8554 8624 8626 XOR
2 1 8429 8626 8627 XOR
2 1 8625 8626 8628 AND
2 1 8624 8628 8629 XOR
2 1 8434 8629 8630 XOR
2 1 8555 8629 8631 XOR
2 1 8434 8631 8632 XOR
2 1 8630 8631 8633 AND
2 1 8629 8633 8634 XOR
2 1 8439 8634 8635 XOR
2 1 8556 8634 8636 XOR
2 1 8439 8636 8637 XOR
2 1 8635 8636 8638 AND
2 1 8634 8638 8639 XOR
2 1 8444 8639 8640 XOR
2 1 8557 8639 8641 XOR
2 1 8444 8641 8642 XOR
2 1 8640 8641 8643 AND
2 1 8639 8643 8644 XOR
2 1 8449 8644 8645 XOR
2 1 8558 8644 8646 XOR
2 1 8449 8646 8647 XOR
2 1 8645 8646 8648 AND
2 1 8644 8648 8649 XOR
2 1 8454 8649 8650 XOR
2 1 8559 8649 8651 XOR
2 1 8454 8651 8652 XOR
2 1 8650 8651 8653 AND
2 1 8649 8653 8654 XOR
2 1 8459 8654 8655 XOR
2 1 8560 8654 8656 XOR
2 1 8459 8656 8657 XOR
2 1 8655 8656 8658 AND
2 1 8654 8658 8659 XOR
2 1 8464 8659 8660 XOR
2 1 8561 8659 8661 XOR
2 1 8464 8661 8662 XOR
2 1 8660 8661 8663 AND
2 1 8659 8663 8664 XOR
2 1 8469 8664 8665 XOR
2 1 8562 8664 8666 XOR
2 1 8469 8666 8667 XOR
2 1 8665 8666 8668 AND
2 1 8664 8668 8669 XOR
2 1 8474 8669 8670 XOR
2 1 8563 8669 8671 XOR
2 1 8474 8671 8672 XOR
2 1 8670 8671 8673 AND
2 1 8669 8673 8674 XOR
2 1 8479 8674 8675 XOR
2 1 8564 8674 8676 XOR
2 1 8479 8676 8677 XOR
2 1 8675 8676 8678 AND
2 1 8674 8678 8679 XOR
2 1 8484 8679 8680 XOR
2 1 8565 8679 8681 XOR
2 1 8484 8681 8682 XOR
2 1 8680 8681 8683 AND
2 1 8679 8683 8684 XOR
2 1 8489 8684 8685 XOR
2 1 8566 8684 8686 XOR
2 1 8489 8686 8687 XOR
2 1 8685 8686 8688 AND
2 1 8684 8688 8689 XOR
2 1 8494 8689 8690 XOR
2 1 8567 8689 8691 XOR
2 1 8494 8691 8692 XOR
2 1 8690 8691 8693 AND
2 1 8689 8693 8694 XOR
2 1 8499 8694 8695 XOR
2 1 8568 8694 8696 XOR
2 1 8499 8696 8697 XOR
2 1 8695 8696 8698 AND
2 1 8694 8698 8699 XOR
2 1 8504 8699 8700 XOR
2 1 8569 8699 8701 XOR
2 1 8504 8701 8702 XOR
2 1 8700 8701 8703 AND
2 1 8699 8703 8704 XOR
2 1 8509 8704 8705 XOR
2 1 8570 8704 8706 XOR
2 1 8509 8706 8707 XOR
2 1 8705 8706 8708 AND
2 1 8704 8708 8709 XOR
2 1 8514 8709 8710 XOR
2 1 8571 8709 8711 XOR
2 1 8514 8711 8712 XOR
2 1 8710 8711 8713 AND
2 1 8709 8713 8714 XOR
2 1 8519 8714 8715 XOR
2 1 8572 8714 8716 XOR
2 1 8519 8716 8717 XOR
2 1 8715 8716 8718 AND
2 1 8714 8718 8719 XOR
2 1 8524 8719 8720 XOR
2 1 8573 8719 8721 XOR
2 1 8524 8721 8722 XOR
2 1 8720 8721 8723 AND
2 1 8719 8723 8724 XOR
2 1 8529 8724 8725 XOR
2 1 8574 8724 8726 XOR
2 1 8529 8726 8727 XOR
2 1 8725 8726 8728 AND
2 1 8724 8728 8729 XOR
2 1 8534 8729 8730 XOR
2 1 8575 8729 8731 XOR
2 1 8534 8731 8732 XOR
2 1 8730 8731 8733 AND
2 1 8729 8733 8734 XOR
2 1 8539 8734 8735 XOR
2 1 8576 8734 8736 XOR
2 1 8539 8736 8737 XOR
2 1 8735 8736 8738 AND
2 1 8734 8738 8739 XOR
2 1 8739 8577 8740 XOR
2 1 8740 8543 8741 XOR
2 1 0 95 8742 AND
2 1 1 95 8743 AND
2 1 2 95 8744 AND
2 1 3 95 8745 AND
2 1 4 95 8746 AND
2 1 5 95 8747 AND
2 1 6 95 8748 AND
2 1 7 95 8749 AND
2 1 8 95 8750 AND
2 1 9 95 8751 AND
2 1 10 95 8752 AND
2 1 11 95 8753 AND
2 1 12 95 8754 AND
2 1 13 95 8755 AND
2 1 14 95 8756 AND
2 1 15 95 8757 AND
2 1 16 95 8758 AND
2 1 17 95 8759 AND
2 1 18 95 8760 AND
2 1 19 95 8761 AND
2 1 20 95 8762 AND
2 1 21 95 8763 AND
2 1 22 95 8764 AND
2 1 23 95 8765 AND
2 1 24 95 8766 AND
2 1 25 95 8767 AND
2 1 26 95 8768 AND
2 1 27 95 8769 AND
2 1 28 95 8770 AND
2 1 29 95 8771 AND
2 1 30 95 8772 AND
2 1 31 95 8773 AND
2 1 32 95 8774 AND
2 1 8582 8742 8775 XOR
2 1 8582 8742 8776 AND
2 1 8587 8776 8777 XOR
2 1 8743 8776 8778 XOR
2 1 8587 8778 8779 XOR
2 1 8777 8778 8780 AND
2 1 8776 8780 8781 XOR
2 1 8592 8781 8782 XOR
2 1 8744 8781 8783 XOR
2 1 8592 8783 8784 XOR
2 1 8782 8783 8785 AND
2 1 8781 8785 8786 XOR
2 1 8597 8786 8787 XOR
2 1 8745 8786 8788 XOR
2 1 8597 8788 8789 XOR
2 1 8787 8788 8790 AND
2 1 8786 8790 8791 XOR
2 1 8602 8791 8792 XOR
2 1 8746 8791 8793 XOR
2 1 8602 8793 8794 XOR
2 1 8792 8793 8795 AND
2 1 8791 8795 8796 XOR
2 1 8607 8796 8797 XOR
2 1 8747 8796 8798 XOR
2 1 8607 8798 8799 XOR
2 1 8797 8798 8800 AND
2 1 8796 8800 8801 XOR
2 1 8612 8801 8802 XOR
2 1 8748 8801 8803 XOR
2 1 8612 8803 8804 XOR
2 1 8802 8803 8805 AND
2 1 8801 8805 8806 XOR
2 1 8617 8806 8807 XOR
2 1 8749 8806 8808 XOR
2 1 8617 8808 8809 XOR
2 1 8807 8808 8810 AND
2 1 8806 8810 8811 XOR
2 1 8622 8811 8812 XOR
2 1 8750 8811 8813 XOR
2 1 8622 8813 8814 XOR
2 1 8812 8813 8815 AND
2 1 8811 8815 8816 XOR
2 1 8627 8816 8817 XOR
2 1 8751 8816 8818 XOR
2 1 8627 8818 8819 XOR
2 1 8817 8818 8820 AND
2 1 8816 8820 8821 XOR
2 1 8632 8821 8822 XOR
2 1 8752 8821 8823 XOR
2 1 8632 8823 8824 XOR
2 1 8822 8823 8825 AND
2 1 8821 8825 8826 XOR
2 1 8637 8826 8827 XOR
2 1 8753 8826 8828 XOR
2 1 8637 8828 8829 XOR
2 1 8827 8828 8830 AND
2 1 8826 8830 8831 XOR
2 1 8642 8831 8832 XOR
2 1 8754 8831 8833 XOR
2 1 8642 8833 8834 XOR
2 1 8832 8833 8835 AND
2 1 8831 8835 8836 XOR
2 1 8647 8836 8837 XOR
2 1 8755 8836 8838 XOR
2 1 8647 8838 8839 XOR
2 1 8837 8838 8840 AND
2 1 8836 8840 8841 XOR
2 1 8652 8841 8842 XOR
2 1 8756 8841 8843 XOR
2 1 8652 8843 8844 XOR
2 1 8842 8843 8845 AND
2 1 8841 8845 8846 XOR
2 1 8657 8846 8847 XOR
2 1 8757 8846 8848 XOR
2 1 8657 8848 8849 XOR
2 1 8847 8848 8850 AND
2 1 8846 8850 8851 XOR
2 1 8662 8851 8852 XOR
2 1 8758 8851 8853 XOR
2 1 8662 8853 8854 XOR
2 1 8852 8853 8855 AND
2 1 8851 8855 8856 XOR
2 1 8667 8856 8857 XOR
2 1 8759 8856 8858 XOR
2 1 8667 8858 8859 XOR
2 1 8857 8858 8860 AND
2 1 8856 8860 8861 XOR
2 1 8672 8861 8862 XOR
2 1 8760 8861 8863 XOR
2 1 8672 8863 8864 XOR
2 1 8862 8863 8865 AND
2 1 8861 8865 8866 XOR
2 1 8677 8866 8867 XOR
2 1 8761 8866 8868 XOR
2 1 8677 8868 8869 XOR
2 1 8867 8868 8870 AND
2 1 8866 8870 8871 XOR
2 1 8682 8871 8872 XOR
2 1 8762 8871 8873 XOR
2 1 8682 8873 8874 XOR
2 1 8872 8873 8875 AND
2 1 8871 8875 8876 XOR
2 1 8687 8876 8877 XOR
2 1 8763 8876 8878 XOR
2 1 8687 8878 8879 XOR
2 1 8877 8878 8880 AND
2 1 8876 8880 8881 XOR
2 1 8692 8881 8882 XOR
2 1 8764 8881 8883 XOR
2 1 8692 8883 8884 XOR
2 1 8882 8883 8885 AND
2 1 8881 8885 8886 XOR
2 1 8697 8886 8887 XOR
2 1 8765 8886 8888 XOR
2 1 8697 8888 8889 XOR
2 1 8887 8888 8890 AND
2 1 8886 8890 8891 XOR
2 1 8702 8891 8892 XOR
2 1 8766 8891 8893 XOR
2 1 8702 8893 8894 XOR
2 1 8892 8893 8895 AND
2 1 8891 8895 8896 XOR
2 1 8707 8896 8897 XOR
2 1 8767 8896 8898 XOR
2 1 8707 8898 8899 XOR
2 1 8897 8898 8900 AND
2 1 8896 8900 8901 XOR
2 1 8712 8901 8902 XOR
2 1 8768 8901 8903 XOR
2 1 8712 8903 8904 XOR
2 1 8902 8903 8905 AND
2 1 8901 8905 8906 XOR
2 1 8717 8906 8907 XOR
2 1 8769 8906 8908 XOR
2 1 8717 8908 8909 XOR
2 1 8907 8908 8910 AND
2 1 8906 8910 8911 XOR
2 1 8722 8911 8912 XOR
2 1 8770 8911 8913 XOR
2 1 8722 8913 8914 XOR
2 1 8912 8913 8915 AND
2 1 8911 8915 8916 XOR
2 1 8727 8916 8917 XOR
2 1 8771 8916 8918 XOR
2 1 8727 8918 8919 XOR
2 1 8917 8918 8920 AND
2 1 8916 8920 8921 XOR
2 1 8732 8921 8922 XOR
2 1 8772 8921 8923 XOR
2 1 8732 8923 8924 XOR
2 1 8922 8923 8925 AND
2 1 8921 8925 8926 XOR
2 1 8737 8926 8927 XOR
2 1 8773 8926 8928 XOR
2 1 8737 8928 8929 XOR
2 1 8927 8928 8930 AND
2 1 8926 8930 8931 XOR
2 1 8931 8774 8932 XOR
2 1 8932 8741 8933 XOR
2 1 0 96 8934 AND
2 1 1 96 8935 AND
2 1 2 96 8936 AND
2 1 3 96 8937 AND
2 1 4 96 8938 AND
2 1 5 96 8939 AND
2 1 6 96 8940 AND
2 1 7 96 8941 AND
2 1 8 96 8942 AND
2 1 9 96 8943 AND
2 1 10 96 8944 AND
2 1 11 96 8945 AND
2 1 12 96 8946 AND
2 1 13 96 8947 AND
2 1 14 96 8948 AND
2 1 15 96 8949 AND
2 1 16 96 8950 AND
2 1 17 96 8951 AND
2 1 18 96 8952 AND
2 1 19 96 8953 AND
2 1 20 96 8954 AND
2 1 21 96 8955 AND
2 1 22 96 8956 AND
2 1 23 96 8957 AND
2 1 24 96 8958 AND
2 1 25 96 8959 AND
2 1 26 96 8960 AND
2 1 27 96 8961 AND
2 1 28 96 8962 AND
2 1 29 96 8963 AND
2 1 30 96 8964 AND
2 1 31 96 8965 AND
2 1 8779 8934 8966 XOR
2 1 8779 8934 8967 AND
2 1 8784 8967 8968 XOR
2 1 8935 8967 8969 XOR
2 1 8784 8969 8970 XOR
2 1 8968 8969 8971 AND
2 1 8967 8971 8972 XOR
2 1 8789 8972 8973 XOR
2 1 8936 8972 8974 XOR
2 1 8789 8974 8975 XOR
2 1 8973 8974 8976 AND
2 1 8972 8976 8977 XOR
2 1 8794 8977 8978 XOR
2 1 8937 8977 8979 XOR
2 1 8794 8979 8980 XOR
2 1 8978 8979 8981 AND
2 1 8977 8981 8982 XOR
2 1 8799 8982 8983 XOR
2 1 8938 8982 8984 XOR
2 1 8799 8984 8985 XOR
2 1 8983 8984 8986 AND
2 1 8982 8986 8987 XOR
2 1 8804 8987 8988 XOR
2 1 8939 8987 8989 XOR
2 1 8804 8989 8990 XOR
2 1 8988 8989 8991 AND
2 1 8987 8991 8992 XOR
2 1 8809 8992 8993 XOR
2 1 8940 8992 8994 XOR
2 1 8809 8994 8995 XOR
2 1 8993 8994 8996 AND
2 1 8992 8996 8997 XOR
2 1 8814 8997 8998 XOR
2 1 8941 8997 8999 XOR
2 1 8814 8999 9000 XOR
2 1 8998 8999 9001 AND
2 1 8997 9001 9002 XOR
2 1 8819 9002 9003 XOR
2 1 8942 9002 9004 XOR
2 1 8819 9004 9005 XOR
2 1 9003 9004 9006 AND
2 1 9002 9006 9007 XOR
2 1 8824 9007 9008 XOR
2 1 8943 9007 9009 XOR
2 1 8824 9009 9010 XOR
2 1 9008 9009 9011 AND
2 1 9007 9011 9012 XOR
2 1 8829 9012 9013 XOR
2 1 8944 9012 9014 XOR
2 1 8829 9014 9015 XOR
2 1 9013 9014 9016 AND
2 1 9012 9016 9017 XOR
2 1 8834 9017 9018 XOR
2 1 8945 9017 9019 XOR
2 1 8834 9019 9020 XOR
2 1 9018 9019 9021 AND
2 1 9017 9021 9022 XOR
2 1 8839 9022 9023 XOR
2 1 8946 9022 9024 XOR
2 1 8839 9024 9025 XOR
2 1 9023 9024 9026 AND
2 1 9022 9026 9027 XOR
2 1 8844 9027 9028 XOR
2 1 8947 9027 9029 XOR
2 1 8844 9029 9030 XOR
2 1 9028 9029 9031 AND
2 1 9027 9031 9032 XOR
2 1 8849 9032 9033 XOR
2 1 8948 9032 9034 XOR
2 1 8849 9034 9035 XOR
2 1 9033 9034 9036 AND
2 1 9032 9036 9037 XOR
2 1 8854 9037 9038 XOR
2 1 8949 9037 9039 XOR
2 1 8854 9039 9040 XOR
2 1 9038 9039 9041 AND
2 1 9037 9041 9042 XOR
2 1 8859 9042 9043 XOR
2 1 8950 9042 9044 XOR
2 1 8859 9044 9045 XOR
2 1 9043 9044 9046 AND
2 1 9042 9046 9047 XOR
2 1 8864 9047 9048 XOR
2 1 8951 9047 9049 XOR
2 1 8864 9049 9050 XOR
2 1 9048 9049 9051 AND
2 1 9047 9051 9052 XOR
2 1 8869 9052 9053 XOR
2 1 8952 9052 9054 XOR
2 1 8869 9054 9055 XOR
2 1 9053 9054 9056 AND
2 1 9052 9056 9057 XOR
2 1 8874 9057 9058 XOR
2 1 8953 9057 9059 XOR
2 1 8874 9059 9060 XOR
2 1 9058 9059 9061 AND
2 1 9057 9061 9062 XOR
2 1 8879 9062 9063 XOR
2 1 8954 9062 9064 XOR
2 1 8879 9064 9065 XOR
2 1 9063 9064 9066 AND
2 1 9062 9066 9067 XOR
2 1 8884 9067 9068 XOR
2 1 8955 9067 9069 XOR
2 1 8884 9069 9070 XOR
2 1 9068 9069 9071 AND
2 1 9067 9071 9072 XOR
2 1 8889 9072 9073 XOR
2 1 8956 9072 9074 XOR
2 1 8889 9074 9075 XOR
2 1 9073 9074 9076 AND
2 1 9072 9076 9077 XOR
2 1 8894 9077 9078 XOR
2 1 8957 9077 9079 XOR
2 1 8894 9079 9080 XOR
2 1 9078 9079 9081 AND
2 1 9077 9081 9082 XOR
2 1 8899 9082 9083 XOR
2 1 8958 9082 9084 XOR
2 1 8899 9084 9085 XOR
2 1 9083 9084 9086 AND
2 1 9082 9086 9087 XOR
2 1 8904 9087 9088 XOR
2 1 8959 9087 9089 XOR
2 1 8904 9089 9090 XOR
2 1 9088 9089 9091 AND
2 1 9087 9091 9092 XOR
2 1 8909 9092 9093 XOR
2 1 8960 9092 9094 XOR
2 1 8909 9094 9095 XOR
2 1 9093 9094 9096 AND
2 1 9092 9096 9097 XOR
2 1 8914 9097 9098 XOR
2 1 8961 9097 9099 XOR
2 1 8914 9099 9100 XOR
2 1 9098 9099 9101 AND
2 1 9097 9101 9102 XOR
2 1 8919 9102 9103 XOR
2 1 8962 9102 9104 XOR
2 1 8919 9104 9105 XOR
2 1 9103 9104 9106 AND
2 1 9102 9106 9107 XOR
2 1 8924 9107 9108 XOR
2 1 8963 9107 9109 XOR
2 1 8924 9109 9110 XOR
2 1 9108 9109 9111 AND
2 1 9107 9111 9112 XOR
2 1 8929 9112 9113 XOR
2 1 8964 9112 9114 XOR
2 1 8929 9114 9115 XOR
2 1 9113 9114 9116 AND
2 1 9112 9116 9117 XOR
2 1 9117 8965 9118 XOR
2 1 9118 8933 9119 XOR
2 1 0 97 9120 AND
2 1 1 97 9121 AND
2 1 2 97 9122 AND
2 1 3 97 9123 AND
2 1 4 97 9124 AND
2 1 5 97 9125 AND
2 1 6 97 9126 AND
2 1 7 97 9127 AND
2 1 8 97 9128 AND
2 1 9 97 9129 AND
2 1 10 97 9130 AND
2 1 11 97 9131 AND
2 1 12 97 9132 AND
2 1 13 97 9133 AND
2 1 14 97 9134 AND
2 1 15 97 9135 AND
2 1 16 97 9136 AND
2 1 17 97 9137 AND
2 1 18 97 9138 AND
2 1 19 97 9139 AND
2 1 20 97 9140 AND
2 1 21 97 9141 AND
2 1 22 97 9142 AND
2 1 23 97 9143 AND
2 1 24 97 9144 AND
2 1 25 97 9145 AND
2 1 26 97 9146 AND
2 1 27 97 9147 AND
2 1 28 97 9148 AND
2 1 29 97 9149 AND
2 1 30 97 9150 AND
2 1 8970 9120 9151 XOR
2 1 8970 9120 9152 AND
2 1 8975 9152 9153 XOR
2 1 9121 9152 9154 XOR
2 1 8975 9154 9155 XOR
2 1 9153 9154 9156 AND
2 1 9152 9156 9157 XOR
2 1 8980 9157 9158 XOR
2 1 9122 9157 9159 XOR
2 1 8980 9159 9160 XOR
2 1 9158 9159 9161 AND
2 1 9157 9161 9162 XOR
2 1 8985 9162 9163 XOR
2 1 9123 9162 9164 XOR
2 1 8985 9164 9165 XOR
2 1 9163 9164 9166 AND
2 1 9162 9166 9167 XOR
2 1 8990 9167 9168 XOR
2 1 9124 9167 9169 XOR
2 1 8990 9169 9170 XOR
2 1 9168 9169 9171 AND
2 1 9167 9171 9172 XOR
2 1 8995 9172 9173 XOR
2 1 9125 9172 9174 XOR
2 1 8995 9174 9175 XOR
2 1 9173 9174 9176 AND
2 1 9172 9176 9177 XOR
2 1 9000 9177 9178 XOR
2 1 9126 9177 9179 XOR
2 1 9000 9179 9180 XOR
2 1 9178 9179 9181 AND
2 1 9177 9181 9182 XOR
2 1 9005 9182 9183 XOR
2 1 9127 9182 9184 XOR
2 1 9005 9184 9185 XOR
2 1 9183 9184 9186 AND
2 1 9182 9186 9187 XOR
2 1 9010 9187 9188 XOR
2 1 9128 9187 9189 XOR
2 1 9010 9189 9190 XOR
2 1 9188 9189 9191 AND
2 1 9187 9191 9192 XOR
2 1 9015 9192 9193 XOR
2 1 9129 9192 9194 XOR
2 1 9015 9194 9195 XOR
2 1 9193 9194 9196 AND
2 1 9192 9196 9197 XOR
2 1 9020 9197 9198 XOR
2 1 9130 9197 9199 XOR
2 1 9020 9199 9200 XOR
2 1 9198 9199 9201 AND
2 1 9197 9201 9202 XOR
2 1 9025 9202 9203 XOR
2 1 9131 9202 9204 XOR
2 1 9025 9204 9205 XOR
2 1 9203 9204 9206 AND
2 1 9202 9206 9207 XOR
2 1 9030 9207 9208 XOR
2 1 9132 9207 9209 XOR
2 1 9030 9209 9210 XOR
2 1 9208 9209 9211 AND
2 1 9207 9211 9212 XOR
2 1 9035 9212 9213 XOR
2 1 9133 9212 9214 XOR
2 1 9035 9214 9215 XOR
2 1 9213 9214 9216 AND
2 1 9212 9216 9217 XOR
2 1 9040 9217 9218 XOR
2 1 9134 9217 9219 XOR
2 1 9040 9219 9220 XOR
2 1 9218 9219 9221 AND
2 1 9217 9221 9222 XOR
2 1 9045 9222 9223 XOR
2 1 9135 9222 9224 XOR
2 1 9045 9224 9225 XOR
2 1 9223 9224 9226 AND
2 1 9222 9226 9227 XOR
2 1 9050 9227 9228 XOR
2 1 9136 9227 9229 XOR
2 1 9050 9229 9230 XOR
2 1 9228 9229 9231 AND
2 1 9227 9231 9232 XOR
2 1 9055 9232 9233 XOR
2 1 9137 9232 9234 XOR
2 1 9055 9234 9235 XOR
2 1 9233 9234 9236 AND
2 1 9232 9236 9237 XOR
2 1 9060 9237 9238 XOR
2 1 9138 9237 9239 XOR
2 1 9060 9239 9240 XOR
2 1 9238 9239 9241 AND
2 1 9237 9241 9242 XOR
2 1 9065 9242 9243 XOR
2 1 9139 9242 9244 XOR
2 1 9065 9244 9245 XOR
2 1 9243 9244 9246 AND
2 1 9242 9246 9247 XOR
2 1 9070 9247 9248 XOR
2 1 9140 9247 9249 XOR
2 1 9070 9249 9250 XOR
2 1 9248 9249 9251 AND
2 1 9247 9251 9252 XOR
2 1 9075 9252 9253 XOR
2 1 9141 9252 9254 XOR
2 1 9075 9254 9255 XOR
2 1 9253 9254 9256 AND
2 1 9252 9256 9257 XOR
2 1 9080 9257 9258 XOR
2 1 9142 9257 9259 XOR
2 1 9080 9259 9260 XOR
2 1 9258 9259 9261 AND
2 1 9257 9261 9262 XOR
2 1 9085 9262 9263 XOR
2 1 9143 9262 9264 XOR
2 1 9085 9264 9265 XOR
2 1 9263 9264 9266 AND
2 1 9262 9266 9267 XOR
2 1 9090 9267 9268 XOR
2 1 9144 9267 9269 XOR
2 1 9090 9269 9270 XOR
2 1 9268 9269 9271 AND
2 1 9267 9271 9272 XOR
2 1 9095 9272 9273 XOR
2 1 9145 9272 9274 XOR
2 1 9095 9274 9275 XOR
2 1 9273 9274 9276 AND
2 1 9272 9276 9277 XOR
2 1 9100 9277 9278 XOR
2 1 9146 9277 9279 XOR
2 1 9100 9279 9280 XOR
2 1 9278 9279 9281 AND
2 1 9277 9281 9282 XOR
2 1 9105 9282 9283 XOR
2 1 9147 9282 9284 XOR
2 1 9105 9284 9285 XOR
2 1 9283 9284 9286 AND
2 1 9282 9286 9287 XOR
2 1 9110 9287 9288 XOR
2 1 9148 9287 9289 XOR
2 1 9110 9289 9290 XOR
2 1 9288 9289 9291 AND
2 1 9287 9291 9292 XOR
2 1 9115 9292 9293 XOR
2 1 9149 9292 9294 XOR
2 1 9115 9294 9295 XOR
2 1 9293 9294 9296 AND
2 1 9292 9296 9297 XOR
2 1 9297 9150 9298 XOR
2 1 9298 9119 9299 XOR
2 1 0 98 9300 AND
2 1 1 98 9301 AND
2 1 2 98 9302 AND
2 1 3 98 9303 AND
2 1 4 98 9304 AND
2 1 5 98 9305 AND
2 1 6 98 9306 AND
2 1 7 98 9307 AND
2 1 8 98 9308 AND
2 1 9 98 9309 AND
2 1 10 98 9310 AND
2 1 11 98 9311 AND
2 1 12 98 9312 AND
2 1 13 98 9313 AND
2 1 14 98 9314 AND
2 1 15 98 9315 AND
2 1 16 98 9316 AND
2 1 17 98 9317 AND
2 1 18 98 9318 AND
2 1 19 98 9319 AND
2 1 20 98 9320 AND
2 1 21 98 9321 AND
2 1 22 98 9322 AND
2 1 23 98 9323 AND
2 1 24 98 9324 AND
2 1 25 98 9325 AND
2 1 26 98 9326 AND
2 1 27 98 9327 AND
2 1 28 98 9328 AND
2 1 29 98 9329 AND
2 1 9155 9300 9330 XOR
2 1 9155 9300 9331 AND
2 1 9160 9331 9332 XOR
2 1 9301 9331 9333 XOR
2 1 9160 9333 9334 XOR
2 1 9332 9333 9335 AND
2 1 9331 9335 9336 XOR
2 1 9165 9336 9337 XOR
2 1 9302 9336 9338 XOR
2 1 9165 9338 9339 XOR
2 1 9337 9338 9340 AND
2 1 9336 9340 9341 XOR
2 1 9170 9341 9342 XOR
2 1 9303 9341 9343 XOR
2 1 9170 9343 9344 XOR
2 1 9342 9343 9345 AND
2 1 9341 9345 9346 XOR
2 1 9175 9346 9347 XOR
2 1 9304 9346 9348 XOR
2 1 9175 9348 9349 XOR
2 1 9347 9348 9350 AND
2 1 9346 9350 9351 XOR
2 1 9180 9351 9352 XOR
2 1 9305 9351 9353 XOR
2 1 9180 9353 9354 XOR
2 1 9352 9353 9355 AND
2 1 9351 9355 9356 XOR
2 1 9185 9356 9357 XOR
2 1 9306 9356 9358 XOR
2 1 9185 9358 9359 XOR
2 1 9357 9358 9360 AND
2 1 9356 9360 9361 XOR
2 1 9190 9361 9362 XOR
2 1 9307 9361 9363 XOR
2 1 9190 9363 9364 XOR
2 1 9362 9363 9365 AND
2 1 9361 9365 9366 XOR
2 1 9195 9366 9367 XOR
2 1 9308 9366 9368 XOR
2 1 9195 9368 9369 XOR
2 1 9367 9368 9370 AND
2 1 9366 9370 9371 XOR
2 1 9200 9371 9372 XOR
2 1 9309 9371 9373 XOR
2 1 9200 9373 9374 XOR
2 1 9372 9373 9375 AND
2 1 9371 9375 9376 XOR
2 1 9205 9376 9377 XOR
2 1 9310 9376 9378 XOR
2 1 9205 9378 9379 XOR
2 1 9377 9378 9380 AND
2 1 9376 9380 9381 XOR
2 1 9210 9381 9382 XOR
2 1 9311 9381 9383 XOR
2 1 9210 9383 9384 XOR
2 1 9382 9383 9385 AND
2 1 9381 9385 9386 XOR
2 1 9215 9386 9387 XOR
2 1 9312 9386 9388 XOR
2 1 9215 9388 9389 XOR
2 1 9387 9388 9390 AND
2 1 9386 9390 9391 XOR
2 1 9220 9391 9392 XOR
2 1 9313 9391 9393 XOR
2 1 9220 9393 9394 XOR
2 1 9392 9393 9395 AND
2 1 9391 9395 9396 XOR
2 1 9225 9396 9397 XOR
2 1 9314 9396 9398 XOR
2 1 9225 9398 9399 XOR
2 1 9397 9398 9400 AND
2 1 9396 9400 9401 XOR
2 1 9230 9401 9402 XOR
2 1 9315 9401 9403 XOR
2 1 9230 9403 9404 XOR
2 1 9402 9403 9405 AND
2 1 9401 9405 9406 XOR
2 1 9235 9406 9407 XOR
2 1 9316 9406 9408 XOR
2 1 9235 9408 9409 XOR
2 1 9407 9408 9410 AND
2 1 9406 9410 9411 XOR
2 1 9240 9411 9412 XOR
2 1 9317 9411 9413 XOR
2 1 9240 9413 9414 XOR
2 1 9412 9413 9415 AND
2 1 9411 9415 9416 XOR
2 1 9245 9416 9417 XOR
2 1 9318 9416 9418 XOR
2 1 9245 9418 9419 XOR
2 1 9417 9418 9420 AND
2 1 9416 9420 9421 XOR
2 1 9250 9421 9422 XOR
2 1 9319 9421 9423 XOR
2 1 9250 9423 9424 XOR
2 1 9422 9423 9425 AND
2 1 9421 9425 9426 XOR
2 1 9255 9426 9427 XOR
2 1 9320 9426 9428 XOR
2 1 9255 9428 9429 XOR
2 1 9427 9428 9430 AND
2 1 9426 9430 9431 XOR
2 1 9260 9431 9432 XOR
2 1 9321 9431 9433 XOR
2 1 9260 9433 9434 XOR
2 1 9432 9433 9435 AND
2 1 9431 9435 9436 XOR
2 1 9265 9436 9437 XOR
2 1 9322 9436 9438 XOR
2 1 9265 9438 9439 XOR
2 1 9437 9438 9440 AND
2 1 9436 9440 9441 XOR
2 1 9270 9441 9442 XOR
2 1 9323 9441 9443 XOR
2 1 9270 9443 9444 XOR
2 1 9442 9443 9445 AND
2 1 9441 9445 9446 XOR
2 1 9275 9446 9447 XOR
2 1 9324 9446 9448 XOR
2 1 9275 9448 9449 XOR
2 1 9447 9448 9450 AND
2 1 9446 9450 9451 XOR
2 1 9280 9451 9452 XOR
2 1 9325 9451 9453 XOR
2 1 9280 9453 9454 XOR
2 1 9452 9453 9455 AND
2 1 9451 9455 9456 XOR
2 1 9285 9456 9457 XOR
2 1 9326 9456 9458 XOR
2 1 9285 9458 9459 XOR
2 1 9457 9458 9460 AND
2 1 9456 9460 9461 XOR
2 1 9290 9461 9462 XOR
2 1 9327 9461 9463 XOR
2 1 9290 9463 9464 XOR
2 1 9462 9463 9465 AND
2 1 9461 9465 9466 XOR
2 1 9295 9466 9467 XOR
2 1 9328 9466 9468 XOR
2 1 9295 9468 9469 XOR
2 1 9467 9468 9470 AND
2 1 9466 9470 9471 XOR
2 1 9471 9329 9472 XOR
2 1 9472 9299 9473 XOR
2 1 0 99 9474 AND
2 1 1 99 9475 AND
2 1 2 99 9476 AND
2 1 3 99 9477 AND
2 1 4 99 9478 AND
2 1 5 99 9479 AND
2 1 6 99 9480 AND
2 1 7 99 9481 AND
2 1 8 99 9482 AND
2 1 9 99 9483 AND
2 1 10 99 9484 AND
2 1 11 99 9485 AND
2 1 12 99 9486 AND
2 1 13 99 9487 AND
2 1 14 99 9488 AND
2 1 15 99 9489 AND
2 1 16 99 9490 AND
2 1 17 99 9491 AND
2 1 18 99 9492 AND
2 1 19 99 9493 AND
2 1 20 99 9494 AND
2 1 21 99 9495 AND
2 1 22 99 9496 AND
2 1 23 99 9497 AND
2 1 24 99 9498 AND
2 1 25 99 9499 AND
2 1 26 99 9500 AND
2 1 27 99 9501 AND
2 1 28 99 9502 AND
2 1 9334 9474 9503 XOR
2 1 9334 9474 9504 AND
2 1 9339 9504 9505 XOR
2 1 9475 9504 9506 XOR
2 1 9339 9506 9507 XOR
2 1 9505 9506 9508 AND
2 1 9504 9508 9509 XOR
2 1 9344 9509 9510 XOR
2 1 9476 9509 9511 XOR
2 1 9344 9511 9512 XOR
2 1 9510 9511 9513 AND
2 1 9509 9513 9514 XOR
2 1 9349 9514 9515 XOR
2 1 9477 9514 9516 XOR
2 1 9349 9516 9517 XOR
2 1 9515 9516 9518 AND
2 1 9514 9518 9519 XOR
2 1 9354 9519 9520 XOR
2 1 9478 9519 9521 XOR
2 1 9354 9521 9522 XOR
2 1 9520 9521 9523 AND
2 1 9519 9523 9524 XOR
2 1 9359 9524 9525 XOR
2 1 9479 9524 9526 XOR
2 1 9359 9526 9527 XOR
2 1 9525 9526 9528 AND
2 1 9524 9528 9529 XOR
2 1 9364 9529 9530 XOR
2 1 9480 9529 9531 XOR
2 1 9364 9531 9532 XOR
2 1 9530 9531 9533 AND
2 1 9529 9533 9534 XOR
2 1 9369 9534 9535 XOR
2 1 9481 9534 9536 XOR
2 1 9369 9536 9537 XOR
2 1 9535 9536 9538 AND
2 1 9534 9538 9539 XOR
2 1 9374 9539 9540 XOR
2 1 9482 9539 9541 XOR
2 1 9374 9541 9542 XOR
2 1 9540 9541 9543 AND
2 1 9539 9543 9544 XOR
2 1 9379 9544 9545 XOR
2 1 9483 9544 9546 XOR
2 1 9379 9546 9547 XOR
2 1 9545 9546 9548 AND
2 1 9544 9548 9549 XOR
2 1 9384 9549 9550 XOR
2 1 9484 9549 9551 XOR
2 1 9384 9551 9552 XOR
2 1 9550 9551 9553 AND
2 1 9549 9553 9554 XOR
2 1 9389 9554 9555 XOR
2 1 9485 9554 9556 XOR
2 1 9389 9556 9557 XOR
2 1 9555 9556 9558 AND
2 1 9554 9558 9559 XOR
2 1 9394 9559 9560 XOR
2 1 9486 9559 9561 XOR
2 1 9394 9561 9562 XOR
2 1 9560 9561 9563 AND
2 1 9559 9563 9564 XOR
2 1 9399 9564 9565 XOR
2 1 9487 9564 9566 XOR
2 1 9399 9566 9567 XOR
2 1 9565 9566 9568 AND
2 1 9564 9568 9569 XOR
2 1 9404 9569 9570 XOR
2 1 9488 9569 9571 XOR
2 1 9404 9571 9572 XOR
2 1 9570 9571 9573 AND
2 1 9569 9573 9574 XOR
2 1 9409 9574 9575 XOR
2 1 9489 9574 9576 XOR
2 1 9409 9576 9577 XOR
2 1 9575 9576 9578 AND
2 1 9574 9578 9579 XOR
2 1 9414 9579 9580 XOR
2 1 9490 9579 9581 XOR
2 1 9414 9581 9582 XOR
2 1 9580 9581 9583 AND
2 1 9579 9583 9584 XOR
2 1 9419 9584 9585 XOR
2 1 9491 9584 9586 XOR
2 1 9419 9586 9587 XOR
2 1 9585 9586 9588 AND
2 1 9584 9588 9589 XOR
2 1 9424 9589 9590 XOR
2 1 9492 9589 9591 XOR
2 1 9424 9591 9592 XOR
2 1 9590 9591 9593 AND
2 1 9589 9593 9594 XOR
2 1 9429 9594 9595 XOR
2 1 9493 9594 9596 XOR
2 1 9429 9596 9597 XOR
2 1 9595 9596 9598 AND
2 1 9594 9598 9599 XOR
2 1 9434 9599 9600 XOR
2 1 9494 9599 9601 XOR
2 1 9434 9601 9602 XOR
2 1 9600 9601 9603 AND
2 1 9599 9603 9604 XOR
2 1 9439 9604 9605 XOR
2 1 9495 9604 9606 XOR
2 1 9439 9606 9607 XOR
2 1 9605 9606 9608 AND
2 1 9604 9608 9609 XOR
2 1 9444 9609 9610 XOR
2 1 9496 9609 9611 XOR
2 1 9444 9611 9612 XOR
2 1 9610 9611 9613 AND
2 1 9609 9613 9614 XOR
2 1 9449 9614 9615 XOR
2 1 9497 9614 9616 XOR
2 1 9449 9616 9617 XOR
2 1 9615 9616 9618 AND
2 1 9614 9618 9619 XOR
2 1 9454 9619 9620 XOR
2 1 9498 9619 9621 XOR
2 1 9454 9621 9622 XOR
2 1 9620 9621 9623 AND
2 1 9619 9623 9624 XOR
2 1 9459 9624 9625 XOR
2 1 9499 9624 9626 XOR
2 1 9459 9626 9627 XOR
2 1 9625 9626 9628 AND
2 1 9624 9628 9629 XOR
2 1 9464 9629 9630 XOR
2 1 9500 9629 9631 XOR
2 1 9464 9631 9632 XOR
2 1 9630 9631 9633 AND
2 1 9629 9633 9634 XOR
2 1 9469 9634 9635 XOR
2 1 9501 9634 9636 XOR
2 1 9469 9636 9637 XOR
2 1 9635 9636 9638 AND
2 1 9634 9638 9639 XOR
2 1 9639 9502 9640 XOR
2 1 9640 9473 9641 XOR
2 1 0 100 9642 AND
2 1 1 100 9643 AND
2 1 2 100 9644 AND
2 1 3 100 9645 AND
2 1 4 100 9646 AND
2 1 5 100 9647 AND
2 1 6 100 9648 AND
2 1 7 100 9649 AND
2 1 8 100 9650 AND
2 1 9 100 9651 AND
2 1 10 100 9652 AND
2 1 11 100 9653 AND
2 1 12 100 9654 AND
2 1 13 100 9655 AND
2 1 14 100 9656 AND
2 1 15 100 9657 AND
2 1 16 100 9658 AND
2 1 17 100 9659 AND
2 1 18 100 9660 AND
2 1 19 100 9661 AND
2 1 20 100 9662 AND
2 1 21 100 9663 AND
2 1 22 100 9664 AND
2 1 23 100 9665 AND
2 1 24 100 9666 AND
2 1 25 100 9667 AND
2 1 26 100 9668 AND
2 1 27 100 9669 AND
2 1 9507 9642 9670 XOR
2 1 9507 9642 9671 AND
2 1 9512 9671 9672 XOR
2 1 9643 9671 9673 XOR
2 1 9512 9673 9674 XOR
2 1 9672 9673 9675 AND
2 1 9671 9675 9676 XOR
2 1 9517 9676 9677 XOR
2 1 9644 9676 9678 XOR
2 1 9517 9678 9679 XOR
2 1 9677 9678 9680 AND
2 1 9676 9680 9681 XOR
2 1 9522 9681 9682 XOR
2 1 9645 9681 9683 XOR
2 1 9522 9683 9684 XOR
2 1 9682 9683 9685 AND
2 1 9681 9685 9686 XOR
2 1 9527 9686 9687 XOR
2 1 9646 9686 9688 XOR
2 1 9527 9688 9689 XOR
2 1 9687 9688 9690 AND
2 1 9686 9690 9691 XOR
2 1 9532 9691 9692 XOR
2 1 9647 9691 9693 XOR
2 1 9532 9693 9694 XOR
2 1 9692 9693 9695 AND
2 1 9691 9695 9696 XOR
2 1 9537 9696 9697 XOR
2 1 9648 9696 9698 XOR
2 1 9537 9698 9699 XOR
2 1 9697 9698 9700 AND
2 1 9696 9700 9701 XOR
2 1 9542 9701 9702 XOR
2 1 9649 9701 9703 XOR
2 1 9542 9703 9704 XOR
2 1 9702 9703 9705 AND
2 1 9701 9705 9706 XOR
2 1 9547 9706 9707 XOR
2 1 9650 9706 9708 XOR
2 1 9547 9708 9709 XOR
2 1 9707 9708 9710 AND
2 1 9706 9710 9711 XOR
2 1 9552 9711 9712 XOR
2 1 9651 9711 9713 XOR
2 1 9552 9713 9714 XOR
2 1 9712 9713 9715 AND
2 1 9711 9715 9716 XOR
2 1 9557 9716 9717 XOR
2 1 9652 9716 9718 XOR
2 1 9557 9718 9719 XOR
2 1 9717 9718 9720 AND
2 1 9716 9720 9721 XOR
2 1 9562 9721 9722 XOR
2 1 9653 9721 9723 XOR
2 1 9562 9723 9724 XOR
2 1 9722 9723 9725 AND
2 1 9721 9725 9726 XOR
2 1 9567 9726 9727 XOR
2 1 9654 9726 9728 XOR
2 1 9567 9728 9729 XOR
2 1 9727 9728 9730 AND
2 1 9726 9730 9731 XOR
2 1 9572 9731 9732 XOR
2 1 9655 9731 9733 XOR
2 1 9572 9733 9734 XOR
2 1 9732 9733 9735 AND
2 1 9731 9735 9736 XOR
2 1 9577 9736 9737 XOR
2 1 9656 9736 9738 XOR
2 1 9577 9738 9739 XOR
2 1 9737 9738 9740 AND
2 1 9736 9740 9741 XOR
2 1 9582 9741 9742 XOR
2 1 9657 9741 9743 XOR
2 1 9582 9743 9744 XOR
2 1 9742 9743 9745 AND
2 1 9741 9745 9746 XOR
2 1 9587 9746 9747 XOR
2 1 9658 9746 9748 XOR
2 1 9587 9748 9749 XOR
2 1 9747 9748 9750 AND
2 1 9746 9750 9751 XOR
2 1 9592 9751 9752 XOR
2 1 9659 9751 9753 XOR
2 1 9592 9753 9754 XOR
2 1 9752 9753 9755 AND
2 1 9751 9755 9756 XOR
2 1 9597 9756 9757 XOR
2 1 9660 9756 9758 XOR
2 1 9597 9758 9759 XOR
2 1 9757 9758 9760 AND
2 1 9756 9760 9761 XOR
2 1 9602 9761 9762 XOR
2 1 9661 9761 9763 XOR
2 1 9602 9763 9764 XOR
2 1 9762 9763 9765 AND
2 1 9761 9765 9766 XOR
2 1 9607 9766 9767 XOR
2 1 9662 9766 9768 XOR
2 1 9607 9768 9769 XOR
2 1 9767 9768 9770 AND
2 1 9766 9770 9771 XOR
2 1 9612 9771 9772 XOR
2 1 9663 9771 9773 XOR
2 1 9612 9773 9774 XOR
2 1 9772 9773 9775 AND
2 1 9771 9775 9776 XOR
2 1 9617 9776 9777 XOR
2 1 9664 9776 9778 XOR
2 1 9617 9778 9779 XOR
2 1 9777 9778 9780 AND
2 1 9776 9780 9781 XOR
2 1 9622 9781 9782 XOR
2 1 9665 9781 9783 XOR
2 1 9622 9783 9784 XOR
2 1 9782 9783 9785 AND
2 1 9781 9785 9786 XOR
2 1 9627 9786 9787 XOR
2 1 9666 9786 9788 XOR
2 1 9627 9788 9789 XOR
2 1 9787 9788 9790 AND
2 1 9786 9790 9791 XOR
2 1 9632 9791 9792 XOR
2 1 9667 9791 9793 XOR
2 1 9632 9793 9794 XOR
2 1 9792 9793 9795 AND
2 1 9791 9795 9796 XOR
2 1 9637 9796 9797 XOR
2 1 9668 9796 9798 XOR
2 1 9637 9798 9799 XOR
2 1 9797 9798 9800 AND
2 1 9796 9800 9801 XOR
2 1 9801 9669 9802 XOR
2 1 9802 9641 9803 XOR
2 1 0 101 9804 AND
2 1 1 101 9805 AND
2 1 2 101 9806 AND
2 1 3 101 9807 AND
2 1 4 101 9808 AND
2 1 5 101 9809 AND
2 1 6 101 9810 AND
2 1 7 101 9811 AND
2 1 8 101 9812 AND
2 1 9 101 9813 AND
2 1 10 101 9814 AND
2 1 11 101 9815 AND
2 1 12 101 9816 AND
2 1 13 101 9817 AND
2 1 14 101 9818 AND
2 1 15 101 9819 AND
2 1 16 101 9820 AND
2 1 17 101 9821 AND
2 1 18 101 9822 AND
2 1 19 101 9823 AND
2 1 20 101 9824 AND
2 1 21 101 9825 AND
2 1 22 101 9826 AND
2 1 23 101 9827 AND
2 1 24 101 9828 AND
2 1 25 101 9829 AND
2 1 26 101 9830 AND
2 1 9674 9804 9831 XOR
2 1 9674 9804 9832 AND
2 1 9679 9832 9833 XOR
2 1 9805 9832 9834 XOR
2 1 9679 9834 9835 XOR
2 1 9833 9834 9836 AND
2 1 9832 9836 9837 XOR
2 1 9684 9837 9838 XOR
2 1 9806 9837 9839 XOR
2 1 9684 9839 9840 XOR
2 1 9838 9839 9841 AND
2 1 9837 9841 9842 XOR
2 1 9689 9842 9843 XOR
2 1 9807 9842 9844 XOR
2 1 9689 9844 9845 XOR
2 1 9843 9844 9846 AND
2 1 9842 9846 9847 XOR
2 1 9694 9847 9848 XOR
2 1 9808 9847 9849 XOR
2 1 9694 9849 9850 XOR
2 1 9848 9849 9851 AND
2 1 9847 9851 9852 XOR
2 1 9699 9852 9853 XOR
2 1 9809 9852 9854 XOR
2 1 9699 9854 9855 XOR
2 1 9853 9854 9856 AND
2 1 9852 9856 9857 XOR
2 1 9704 9857 9858 XOR
2 1 9810 9857 9859 XOR
2 1 9704 9859 9860 XOR
2 1 9858 9859 9861 AND
2 1 9857 9861 9862 XOR
2 1 9709 9862 9863 XOR
2 1 9811 9862 9864 XOR
2 1 9709 9864 9865 XOR
2 1 9863 9864 9866 AND
2 1 9862 9866 9867 XOR
2 1 9714 9867 9868 XOR
2 1 9812 9867 9869 XOR
2 1 9714 9869 9870 XOR
2 1 9868 9869 9871 AND
2 1 9867 9871 9872 XOR
2 1 9719 9872 9873 XOR
2 1 9813 9872 9874 XOR
2 1 9719 9874 9875 XOR
2 1 9873 9874 9876 AND
2 1 9872 9876 9877 XOR
2 1 9724 9877 9878 XOR
2 1 9814 9877 9879 XOR
2 1 9724 9879 9880 XOR
2 1 9878 9879 9881 AND
2 1 9877 9881 9882 XOR
2 1 9729 9882 9883 XOR
2 1 9815 9882 9884 XOR
2 1 9729 9884 9885 XOR
2 1 9883 9884 9886 AND
2 1 9882 9886 9887 XOR
2 1 9734 9887 9888 XOR
2 1 9816 9887 9889 XOR
2 1 9734 9889 9890 XOR
2 1 9888 9889 9891 AND
2 1 9887 9891 9892 XOR
2 1 9739 9892 9893 XOR
2 1 9817 9892 9894 XOR
2 1 9739 9894 9895 XOR
2 1 9893 9894 9896 AND
2 1 9892 9896 9897 XOR
2 1 9744 9897 9898 XOR
2 1 9818 9897 9899 XOR
2 1 9744 9899 9900 XOR
2 1 9898 9899 9901 AND
2 1 9897 9901 9902 XOR
2 1 9749 9902 9903 XOR
2 1 9819 9902 9904 XOR
2 1 9749 9904 9905 XOR
2 1 9903 9904 9906 AND
2 1 9902 9906 9907 XOR
2 1 9754 9907 9908 XOR
2 1 9820 9907 9909 XOR
2 1 9754 9909 9910 XOR
2 1 9908 9909 9911 AND
2 1 9907 9911 9912 XOR
2 1 9759 9912 9913 XOR
2 1 9821 9912 9914 XOR
2 1 9759 9914 9915 XOR
2 1 9913 9914 9916 AND
2 1 9912 9916 9917 XOR
2 1 9764 9917 9918 XOR
2 1 9822 9917 9919 XOR
2 1 9764 9919 9920 XOR
2 1 9918 9919 9921 AND
2 1 9917 9921 9922 XOR
2 1 9769 9922 9923 XOR
2 1 9823 9922 9924 XOR
2 1 9769 9924 9925 XOR
2 1 9923 9924 9926 AND
2 1 9922 9926 9927 XOR
2 1 9774 9927 9928 XOR
2 1 9824 9927 9929 XOR
2 1 9774 9929 9930 XOR
2 1 9928 9929 9931 AND
2 1 9927 9931 9932 XOR
2 1 9779 9932 9933 XOR
2 1 9825 9932 9934 XOR
2 1 9779 9934 9935 XOR
2 1 9933 9934 9936 AND
2 1 9932 9936 9937 XOR
2 1 9784 9937 9938 XOR
2 1 9826 9937 9939 XOR
2 1 9784 9939 9940 XOR
2 1 9938 9939 9941 AND
2 1 9937 9941 9942 XOR
2 1 9789 9942 9943 XOR
2 1 9827 9942 9944 XOR
2 1 9789 9944 9945 XOR
2 1 9943 9944 9946 AND
2 1 9942 9946 9947 XOR
2 1 9794 9947 9948 XOR
2 1 9828 9947 9949 XOR
2 1 9794 9949 9950 XOR
2 1 9948 9949 9951 AND
2 1 9947 9951 9952 XOR
2 1 9799 9952 9953 XOR
2 1 9829 9952 9954 XOR
2 1 9799 9954 9955 XOR
2 1 9953 9954 9956 AND
2 1 9952 9956 9957 XOR
2 1 9957 9830 9958 XOR
2 1 9958 9803 9959 XOR
2 1 0 102 9960 AND
2 1 1 102 9961 AND
2 1 2 102 9962 AND
2 1 3 102 9963 AND
2 1 4 102 9964 AND
2 1 5 102 9965 AND
2 1 6 102 9966 AND
2 1 7 102 9967 AND
2 1 8 102 9968 AND
2 1 9 102 9969 AND
2 1 10 102 9970 AND
2 1 11 102 9971 AND
2 1 12 102 9972 AND
2 1 13 102 9973 AND
2 1 14 102 9974 AND
2 1 15 102 9975 AND
2 1 16 102 9976 AND
2 1 17 102 9977 AND
2 1 18 102 9978 AND
2 1 19 102 9979 AND
2 1 20 102 9980 AND
2 1 21 102 9981 AND
2 1 22 102 9982 AND
2 1 23 102 9983 AND
2 1 24 102 9984 AND
2 1 25 102 9985 AND
2 1 9835 9960 9986 XOR
2 1 9835 9960 9987 AND
2 1 9840 9987 9988 XOR
2 1 9961 9987 9989 XOR
2 1 9840 9989 9990 XOR
2 1 9988 9989 9991 AND
2 1 9987 9991 9992 XOR
2 1 9845 9992 9993 XOR
2 1 9962 9992 9994 XOR
2 1 9845 9994 9995 XOR
2 1 9993 9994 9996 AND
2 1 9992 9996 9997 XOR
2 1 9850 9997 9998 XOR
2 1 9963 9997 9999 XOR
2 1 9850 9999 10000 XOR
2 1 9998 9999 10001 AND
2 1 9997 10001 10002 XOR
2 1 9855 10002 10003 XOR
2 1 9964 10002 10004 XOR
2 1 9855 10004 10005 XOR
2 1 10003 10004 10006 AND
2 1 10002 10006 10007 XOR
2 1 9860 10007 10008 XOR
2 1 9965 10007 10009 XOR
2 1 9860 10009 10010 XOR
2 1 10008 10009 10011 AND
2 1 10007 10011 10012 XOR
2 1 9865 10012 10013 XOR
2 1 9966 10012 10014 XOR
2 1 9865 10014 10015 XOR
2 1 10013 10014 10016 AND
2 1 10012 10016 10017 XOR
2 1 9870 10017 10018 XOR
2 1 9967 10017 10019 XOR
2 1 9870 10019 10020 XOR
2 1 10018 10019 10021 AND
2 1 10017 10021 10022 XOR
2 1 9875 10022 10023 XOR
2 1 9968 10022 10024 XOR
2 1 9875 10024 10025 XOR
2 1 10023 10024 10026 AND
2 1 10022 10026 10027 XOR
2 1 9880 10027 10028 XOR
2 1 9969 10027 10029 XOR
2 1 9880 10029 10030 XOR
2 1 10028 10029 10031 AND
2 1 10027 10031 10032 XOR
2 1 9885 10032 10033 XOR
2 1 9970 10032 10034 XOR
2 1 9885 10034 10035 XOR
2 1 10033 10034 10036 AND
2 1 10032 10036 10037 XOR
2 1 9890 10037 10038 XOR
2 1 9971 10037 10039 XOR
2 1 9890 10039 10040 XOR
2 1 10038 10039 10041 AND
2 1 10037 10041 10042 XOR
2 1 9895 10042 10043 XOR
2 1 9972 10042 10044 XOR
2 1 9895 10044 10045 XOR
2 1 10043 10044 10046 AND
2 1 10042 10046 10047 XOR
2 1 9900 10047 10048 XOR
2 1 9973 10047 10049 XOR
2 1 9900 10049 10050 XOR
2 1 10048 10049 10051 AND
2 1 10047 10051 10052 XOR
2 1 9905 10052 10053 XOR
2 1 9974 10052 10054 XOR
2 1 9905 10054 10055 XOR
2 1 10053 10054 10056 AND
2 1 10052 10056 10057 XOR
2 1 9910 10057 10058 XOR
2 1 9975 10057 10059 XOR
2 1 9910 10059 10060 XOR
2 1 10058 10059 10061 AND
2 1 10057 10061 10062 XOR
2 1 9915 10062 10063 XOR
2 1 9976 10062 10064 XOR
2 1 9915 10064 10065 XOR
2 1 10063 10064 10066 AND
2 1 10062 10066 10067 XOR
2 1 9920 10067 10068 XOR
2 1 9977 10067 10069 XOR
2 1 9920 10069 10070 XOR
2 1 10068 10069 10071 AND
2 1 10067 10071 10072 XOR
2 1 9925 10072 10073 XOR
2 1 9978 10072 10074 XOR
2 1 9925 10074 10075 XOR
2 1 10073 10074 10076 AND
2 1 10072 10076 10077 XOR
2 1 9930 10077 10078 XOR
2 1 9979 10077 10079 XOR
2 1 9930 10079 10080 XOR
2 1 10078 10079 10081 AND
2 1 10077 10081 10082 XOR
2 1 9935 10082 10083 XOR
2 1 9980 10082 10084 XOR
2 1 9935 10084 10085 XOR
2 1 10083 10084 10086 AND
2 1 10082 10086 10087 XOR
2 1 9940 10087 10088 XOR
2 1 9981 10087 10089 XOR
2 1 9940 10089 10090 XOR
2 1 10088 10089 10091 AND
2 1 10087 10091 10092 XOR
2 1 9945 10092 10093 XOR
2 1 9982 10092 10094 XOR
2 1 9945 10094 10095 XOR
2 1 10093 10094 10096 AND
2 1 10092 10096 10097 XOR
2 1 9950 10097 10098 XOR
2 1 9983 10097 10099 XOR
2 1 9950 10099 10100 XOR
2 1 10098 10099 10101 AND
2 1 10097 10101 10102 XOR
2 1 9955 10102 10103 XOR
2 1 9984 10102 10104 XOR
2 1 9955 10104 10105 XOR
2 1 10103 10104 10106 AND
2 1 10102 10106 10107 XOR
2 1 10107 9985 10108 XOR
2 1 10108 9959 10109 XOR
2 1 0 103 10110 AND
2 1 1 103 10111 AND
2 1 2 103 10112 AND
2 1 3 103 10113 AND
2 1 4 103 10114 AND
2 1 5 103 10115 AND
2 1 6 103 10116 AND
2 1 7 103 10117 AND
2 1 8 103 10118 AND
2 1 9 103 10119 AND
2 1 10 103 10120 AND
2 1 11 103 10121 AND
2 1 12 103 10122 AND
2 1 13 103 10123 AND
2 1 14 103 10124 AND
2 1 15 103 10125 AND
2 1 16 103 10126 AND
2 1 17 103 10127 AND
2 1 18 103 10128 AND
2 1 19 103 10129 AND
2 1 20 103 10130 AND
2 1 21 103 10131 AND
2 1 22 103 10132 AND
2 1 23 103 10133 AND
2 1 24 103 10134 AND
2 1 9990 10110 10135 XOR
2 1 9990 10110 10136 AND
2 1 9995 10136 10137 XOR
2 1 10111 10136 10138 XOR
2 1 9995 10138 10139 XOR
2 1 10137 10138 10140 AND
2 1 10136 10140 10141 XOR
2 1 10000 10141 10142 XOR
2 1 10112 10141 10143 XOR
2 1 10000 10143 10144 XOR
2 1 10142 10143 10145 AND
2 1 10141 10145 10146 XOR
2 1 10005 10146 10147 XOR
2 1 10113 10146 10148 XOR
2 1 10005 10148 10149 XOR
2 1 10147 10148 10150 AND
2 1 10146 10150 10151 XOR
2 1 10010 10151 10152 XOR
2 1 10114 10151 10153 XOR
2 1 10010 10153 10154 XOR
2 1 10152 10153 10155 AND
2 1 10151 10155 10156 XOR
2 1 10015 10156 10157 XOR
2 1 10115 10156 10158 XOR
2 1 10015 10158 10159 XOR
2 1 10157 10158 10160 AND
2 1 10156 10160 10161 XOR
2 1 10020 10161 10162 XOR
2 1 10116 10161 10163 XOR
2 1 10020 10163 10164 XOR
2 1 10162 10163 10165 AND
2 1 10161 10165 10166 XOR
2 1 10025 10166 10167 XOR
2 1 10117 10166 10168 XOR
2 1 10025 10168 10169 XOR
2 1 10167 10168 10170 AND
2 1 10166 10170 10171 XOR
2 1 10030 10171 10172 XOR
2 1 10118 10171 10173 XOR
2 1 10030 10173 10174 XOR
2 1 10172 10173 10175 AND
2 1 10171 10175 10176 XOR
2 1 10035 10176 10177 XOR
2 1 10119 10176 10178 XOR
2 1 10035 10178 10179 XOR
2 1 10177 10178 10180 AND
2 1 10176 10180 10181 XOR
2 1 10040 10181 10182 XOR
2 1 10120 10181 10183 XOR
2 1 10040 10183 10184 XOR
2 1 10182 10183 10185 AND
2 1 10181 10185 10186 XOR
2 1 10045 10186 10187 XOR
2 1 10121 10186 10188 XOR
2 1 10045 10188 10189 XOR
2 1 10187 10188 10190 AND
2 1 10186 10190 10191 XOR
2 1 10050 10191 10192 XOR
2 1 10122 10191 10193 XOR
2 1 10050 10193 10194 XOR
2 1 10192 10193 10195 AND
2 1 10191 10195 10196 XOR
2 1 10055 10196 10197 XOR
2 1 10123 10196 10198 XOR
2 1 10055 10198 10199 XOR
2 1 10197 10198 10200 AND
2 1 10196 10200 10201 XOR
2 1 10060 10201 10202 XOR
2 1 10124 10201 10203 XOR
2 1 10060 10203 10204 XOR
2 1 10202 10203 10205 AND
2 1 10201 10205 10206 XOR
2 1 10065 10206 10207 XOR
2 1 10125 10206 10208 XOR
2 1 10065 10208 10209 XOR
2 1 10207 10208 10210 AND
2 1 10206 10210 10211 XOR
2 1 10070 10211 10212 XOR
2 1 10126 10211 10213 XOR
2 1 10070 10213 10214 XOR
2 1 10212 10213 10215 AND
2 1 10211 10215 10216 XOR
2 1 10075 10216 10217 XOR
2 1 10127 10216 10218 XOR
2 1 10075 10218 10219 XOR
2 1 10217 10218 10220 AND
2 1 10216 10220 10221 XOR
2 1 10080 10221 10222 XOR
2 1 10128 10221 10223 XOR
2 1 10080 10223 10224 XOR
2 1 10222 10223 10225 AND
2 1 10221 10225 10226 XOR
2 1 10085 10226 10227 XOR
2 1 10129 10226 10228 XOR
2 1 10085 10228 10229 XOR
2 1 10227 10228 10230 AND
2 1 10226 10230 10231 XOR
2 1 10090 10231 10232 XOR
2 1 10130 10231 10233 XOR
2 1 10090 10233 10234 XOR
2 1 10232 10233 10235 AND
2 1 10231 10235 10236 XOR
2 1 10095 10236 10237 XOR
2 1 10131 10236 10238 XOR
2 1 10095 10238 10239 XOR
2 1 10237 10238 10240 AND
2 1 10236 10240 10241 XOR
2 1 10100 10241 10242 XOR
2 1 10132 10241 10243 XOR
2 1 10100 10243 10244 XOR
2 1 10242 10243 10245 AND
2 1 10241 10245 10246 XOR
2 1 10105 10246 10247 XOR
2 1 10133 10246 10248 XOR
2 1 10105 10248 10249 XOR
2 1 10247 10248 10250 AND
2 1 10246 10250 10251 XOR
2 1 10251 10134 10252 XOR
2 1 10252 10109 10253 XOR
2 1 0 104 10254 AND
2 1 1 104 10255 AND
2 1 2 104 10256 AND
2 1 3 104 10257 AND
2 1 4 104 10258 AND
2 1 5 104 10259 AND
2 1 6 104 10260 AND
2 1 7 104 10261 AND
2 1 8 104 10262 AND
2 1 9 104 10263 AND
2 1 10 104 10264 AND
2 1 11 104 10265 AND
2 1 12 104 10266 AND
2 1 13 104 10267 AND
2 1 14 104 10268 AND
2 1 15 104 10269 AND
2 1 16 104 10270 AND
2 1 17 104 10271 AND
2 1 18 104 10272 AND
2 1 19 104 10273 AND
2 1 20 104 10274 AND
2 1 21 104 10275 AND
2 1 22 104 10276 AND
2 1 23 104 10277 AND
2 1 10139 10254 10278 XOR
2 1 10139 10254 10279 AND
2 1 10144 10279 10280 XOR
2 1 10255 10279 10281 XOR
2 1 10144 10281 10282 XOR
2 1 10280 10281 10283 AND
2 1 10279 10283 10284 XOR
2 1 10149 10284 10285 XOR
2 1 10256 10284 10286 XOR
2 1 10149 10286 10287 XOR
2 1 10285 10286 10288 AND
2 1 10284 10288 10289 XOR
2 1 10154 10289 10290 XOR
2 1 10257 10289 10291 XOR
2 1 10154 10291 10292 XOR
2 1 10290 10291 10293 AND
2 1 10289 10293 10294 XOR
2 1 10159 10294 10295 XOR
2 1 10258 10294 10296 XOR
2 1 10159 10296 10297 XOR
2 1 10295 10296 10298 AND
2 1 10294 10298 10299 XOR
2 1 10164 10299 10300 XOR
2 1 10259 10299 10301 XOR
2 1 10164 10301 10302 XOR
2 1 10300 10301 10303 AND
2 1 10299 10303 10304 XOR
2 1 10169 10304 10305 XOR
2 1 10260 10304 10306 XOR
2 1 10169 10306 10307 XOR
2 1 10305 10306 10308 AND
2 1 10304 10308 10309 XOR
2 1 10174 10309 10310 XOR
2 1 10261 10309 10311 XOR
2 1 10174 10311 10312 XOR
2 1 10310 10311 10313 AND
2 1 10309 10313 10314 XOR
2 1 10179 10314 10315 XOR
2 1 10262 10314 10316 XOR
2 1 10179 10316 10317 XOR
2 1 10315 10316 10318 AND
2 1 10314 10318 10319 XOR
2 1 10184 10319 10320 XOR
2 1 10263 10319 10321 XOR
2 1 10184 10321 10322 XOR
2 1 10320 10321 10323 AND
2 1 10319 10323 10324 XOR
2 1 10189 10324 10325 XOR
2 1 10264 10324 10326 XOR
2 1 10189 10326 10327 XOR
2 1 10325 10326 10328 AND
2 1 10324 10328 10329 XOR
2 1 10194 10329 10330 XOR
2 1 10265 10329 10331 XOR
2 1 10194 10331 10332 XOR
2 1 10330 10331 10333 AND
2 1 10329 10333 10334 XOR
2 1 10199 10334 10335 XOR
2 1 10266 10334 10336 XOR
2 1 10199 10336 10337 XOR
2 1 10335 10336 10338 AND
2 1 10334 10338 10339 XOR
2 1 10204 10339 10340 XOR
2 1 10267 10339 10341 XOR
2 1 10204 10341 10342 XOR
2 1 10340 10341 10343 AND
2 1 10339 10343 10344 XOR
2 1 10209 10344 10345 XOR
2 1 10268 10344 10346 XOR
2 1 10209 10346 10347 XOR
2 1 10345 10346 10348 AND
2 1 10344 10348 10349 XOR
2 1 10214 10349 10350 XOR
2 1 10269 10349 10351 XOR
2 1 10214 10351 10352 XOR
2 1 10350 10351 10353 AND
2 1 10349 10353 10354 XOR
2 1 10219 10354 10355 XOR
2 1 10270 10354 10356 XOR
2 1 10219 10356 10357 XOR
2 1 10355 10356 10358 AND
2 1 10354 10358 10359 XOR
2 1 10224 10359 10360 XOR
2 1 10271 10359 10361 XOR
2 1 10224 10361 10362 XOR
2 1 10360 10361 10363 AND
2 1 10359 10363 10364 XOR
2 1 10229 10364 10365 XOR
2 1 10272 10364 10366 XOR
2 1 10229 10366 10367 XOR
2 1 10365 10366 10368 AND
2 1 10364 10368 10369 XOR
2 1 10234 10369 10370 XOR
2 1 10273 10369 10371 XOR
2 1 10234 10371 10372 XOR
2 1 10370 10371 10373 AND
2 1 10369 10373 10374 XOR
2 1 10239 10374 10375 XOR
2 1 10274 10374 10376 XOR
2 1 10239 10376 10377 XOR
2 1 10375 10376 10378 AND
2 1 10374 10378 10379 XOR
2 1 10244 10379 10380 XOR
2 1 10275 10379 10381 XOR
2 1 10244 10381 10382 XOR
2 1 10380 10381 10383 AND
2 1 10379 10383 10384 XOR
2 1 10249 10384 10385 XOR
2 1 10276 10384 10386 XOR
2 1 10249 10386 10387 XOR
2 1 10385 10386 10388 AND
2 1 10384 10388 10389 XOR
2 1 10389 10277 10390 XOR
2 1 10390 10253 10391 XOR
2 1 0 105 10392 AND
2 1 1 105 10393 AND
2 1 2 105 10394 AND
2 1 3 105 10395 AND
2 1 4 105 10396 AND
2 1 5 105 10397 AND
2 1 6 105 10398 AND
2 1 7 105 10399 AND
2 1 8 105 10400 AND
2 1 9 105 10401 AND
2 1 10 105 10402 AND
2 1 11 105 10403 AND
2 1 12 105 10404 AND
2 1 13 105 10405 AND
2 1 14 105 10406 AND
2 1 15 105 10407 AND
2 1 16 105 10408 AND
2 1 17 105 10409 AND
2 1 18 105 10410 AND
2 1 19 105 10411 AND
2 1 20 105 10412 AND
2 1 21 105 10413 AND
2 1 22 105 10414 AND
2 1 10282 10392 10415 XOR
2 1 10282 10392 10416 AND
2 1 10287 10416 10417 XOR
2 1 10393 10416 10418 XOR
2 1 10287 10418 10419 XOR
2 1 10417 10418 10420 AND
2 1 10416 10420 10421 XOR
2 1 10292 10421 10422 XOR
2 1 10394 10421 10423 XOR
2 1 10292 10423 10424 XOR
2 1 10422 10423 10425 AND
2 1 10421 10425 10426 XOR
2 1 10297 10426 10427 XOR
2 1 10395 10426 10428 XOR
2 1 10297 10428 10429 XOR
2 1 10427 10428 10430 AND
2 1 10426 10430 10431 XOR
2 1 10302 10431 10432 XOR
2 1 10396 10431 10433 XOR
2 1 10302 10433 10434 XOR
2 1 10432 10433 10435 AND
2 1 10431 10435 10436 XOR
2 1 10307 10436 10437 XOR
2 1 10397 10436 10438 XOR
2 1 10307 10438 10439 XOR
2 1 10437 10438 10440 AND
2 1 10436 10440 10441 XOR
2 1 10312 10441 10442 XOR
2 1 10398 10441 10443 XOR
2 1 10312 10443 10444 XOR
2 1 10442 10443 10445 AND
2 1 10441 10445 10446 XOR
2 1 10317 10446 10447 XOR
2 1 10399 10446 10448 XOR
2 1 10317 10448 10449 XOR
2 1 10447 10448 10450 AND
2 1 10446 10450 10451 XOR
2 1 10322 10451 10452 XOR
2 1 10400 10451 10453 XOR
2 1 10322 10453 10454 XOR
2 1 10452 10453 10455 AND
2 1 10451 10455 10456 XOR
2 1 10327 10456 10457 XOR
2 1 10401 10456 10458 XOR
2 1 10327 10458 10459 XOR
2 1 10457 10458 10460 AND
2 1 10456 10460 10461 XOR
2 1 10332 10461 10462 XOR
2 1 10402 10461 10463 XOR
2 1 10332 10463 10464 XOR
2 1 10462 10463 10465 AND
2 1 10461 10465 10466 XOR
2 1 10337 10466 10467 XOR
2 1 10403 10466 10468 XOR
2 1 10337 10468 10469 XOR
2 1 10467 10468 10470 AND
2 1 10466 10470 10471 XOR
2 1 10342 10471 10472 XOR
2 1 10404 10471 10473 XOR
2 1 10342 10473 10474 XOR
2 1 10472 10473 10475 AND
2 1 10471 10475 10476 XOR
2 1 10347 10476 10477 XOR
2 1 10405 10476 10478 XOR
2 1 10347 10478 10479 XOR
2 1 10477 10478 10480 AND
2 1 10476 10480 10481 XOR
2 1 10352 10481 10482 XOR
2 1 10406 10481 10483 XOR
2 1 10352 10483 10484 XOR
2 1 10482 10483 10485 AND
2 1 10481 10485 10486 XOR
2 1 10357 10486 10487 XOR
2 1 10407 10486 10488 XOR
2 1 10357 10488 10489 XOR
2 1 10487 10488 10490 AND
2 1 10486 10490 10491 XOR
2 1 10362 10491 10492 XOR
2 1 10408 10491 10493 XOR
2 1 10362 10493 10494 XOR
2 1 10492 10493 10495 AND
2 1 10491 10495 10496 XOR
2 1 10367 10496 10497 XOR
2 1 10409 10496 10498 XOR
2 1 10367 10498 10499 XOR
2 1 10497 10498 10500 AND
2 1 10496 10500 10501 XOR
2 1 10372 10501 10502 XOR
2 1 10410 10501 10503 XOR
2 1 10372 10503 10504 XOR
2 1 10502 10503 10505 AND
2 1 10501 10505 10506 XOR
2 1 10377 10506 10507 XOR
2 1 10411 10506 10508 XOR
2 1 10377 10508 10509 XOR
2 1 10507 10508 10510 AND
2 1 10506 10510 10511 XOR
2 1 10382 10511 10512 XOR
2 1 10412 10511 10513 XOR
2 1 10382 10513 10514 XOR
2 1 10512 10513 10515 AND
2 1 10511 10515 10516 XOR
2 1 10387 10516 10517 XOR
2 1 10413 10516 10518 XOR
2 1 10387 10518 10519 XOR
2 1 10517 10518 10520 AND
2 1 10516 10520 10521 XOR
2 1 10521 10414 10522 XOR
2 1 10522 10391 10523 XOR
2 1 0 106 10524 AND
2 1 1 106 10525 AND
2 1 2 106 10526 AND
2 1 3 106 10527 AND
2 1 4 106 10528 AND
2 1 5 106 10529 AND
2 1 6 106 10530 AND
2 1 7 106 10531 AND
2 1 8 106 10532 AND
2 1 9 106 10533 AND
2 1 10 106 10534 AND
2 1 11 106 10535 AND
2 1 12 106 10536 AND
2 1 13 106 10537 AND
2 1 14 106 10538 AND
2 1 15 106 10539 AND
2 1 16 106 10540 AND
2 1 17 106 10541 AND
2 1 18 106 10542 AND
2 1 19 106 10543 AND
2 1 20 106 10544 AND
2 1 21 106 10545 AND
2 1 10419 10524 10546 XOR
2 1 10419 10524 10547 AND
2 1 10424 10547 10548 XOR
2 1 10525 10547 10549 XOR
2 1 10424 10549 10550 XOR
2 1 10548 10549 10551 AND
2 1 10547 10551 10552 XOR
2 1 10429 10552 10553 XOR
2 1 10526 10552 10554 XOR
2 1 10429 10554 10555 XOR
2 1 10553 10554 10556 AND
2 1 10552 10556 10557 XOR
2 1 10434 10557 10558 XOR
2 1 10527 10557 10559 XOR
2 1 10434 10559 10560 XOR
2 1 10558 10559 10561 AND
2 1 10557 10561 10562 XOR
2 1 10439 10562 10563 XOR
2 1 10528 10562 10564 XOR
2 1 10439 10564 10565 XOR
2 1 10563 10564 10566 AND
2 1 10562 10566 10567 XOR
2 1 10444 10567 10568 XOR
2 1 10529 10567 10569 XOR
2 1 10444 10569 10570 XOR
2 1 10568 10569 10571 AND
2 1 10567 10571 10572 XOR
2 1 10449 10572 10573 XOR
2 1 10530 10572 10574 XOR
2 1 10449 10574 10575 XOR
2 1 10573 10574 10576 AND
2 1 10572 10576 10577 XOR
2 1 10454 10577 10578 XOR
2 1 10531 10577 10579 XOR
2 1 10454 10579 10580 XOR
2 1 10578 10579 10581 AND
2 1 10577 10581 10582 XOR
2 1 10459 10582 10583 XOR
2 1 10532 10582 10584 XOR
2 1 10459 10584 10585 XOR
2 1 10583 10584 10586 AND
2 1 10582 10586 10587 XOR
2 1 10464 10587 10588 XOR
2 1 10533 10587 10589 XOR
2 1 10464 10589 10590 XOR
2 1 10588 10589 10591 AND
2 1 10587 10591 10592 XOR
2 1 10469 10592 10593 XOR
2 1 10534 10592 10594 XOR
2 1 10469 10594 10595 XOR
2 1 10593 10594 10596 AND
2 1 10592 10596 10597 XOR
2 1 10474 10597 10598 XOR
2 1 10535 10597 10599 XOR
2 1 10474 10599 10600 XOR
2 1 10598 10599 10601 AND
2 1 10597 10601 10602 XOR
2 1 10479 10602 10603 XOR
2 1 10536 10602 10604 XOR
2 1 10479 10604 10605 XOR
2 1 10603 10604 10606 AND
2 1 10602 10606 10607 XOR
2 1 10484 10607 10608 XOR
2 1 10537 10607 10609 XOR
2 1 10484 10609 10610 XOR
2 1 10608 10609 10611 AND
2 1 10607 10611 10612 XOR
2 1 10489 10612 10613 XOR
2 1 10538 10612 10614 XOR
2 1 10489 10614 10615 XOR
2 1 10613 10614 10616 AND
2 1 10612 10616 10617 XOR
2 1 10494 10617 10618 XOR
2 1 10539 10617 10619 XOR
2 1 10494 10619 10620 XOR
2 1 10618 10619 10621 AND
2 1 10617 10621 10622 XOR
2 1 10499 10622 10623 XOR
2 1 10540 10622 10624 XOR
2 1 10499 10624 10625 XOR
2 1 10623 10624 10626 AND
2 1 10622 10626 10627 XOR
2 1 10504 10627 10628 XOR
2 1 10541 10627 10629 XOR
2 1 10504 10629 10630 XOR
2 1 10628 10629 10631 AND
2 1 10627 10631 10632 XOR
2 1 10509 10632 10633 XOR
2 1 10542 10632 10634 XOR
2 1 10509 10634 10635 XOR
2 1 10633 10634 10636 AND
2 1 10632 10636 10637 XOR
2 1 10514 10637 10638 XOR
2 1 10543 10637 10639 XOR
2 1 10514 10639 10640 XOR
2 1 10638 10639 10641 AND
2 1 10637 10641 10642 XOR
2 1 10519 10642 10643 XOR
2 1 10544 10642 10644 XOR
2 1 10519 10644 10645 XOR
2 1 10643 10644 10646 AND
2 1 10642 10646 10647 XOR
2 1 10647 10545 10648 XOR
2 1 10648 10523 10649 XOR
2 1 0 107 10650 AND
2 1 1 107 10651 AND
2 1 2 107 10652 AND
2 1 3 107 10653 AND
2 1 4 107 10654 AND
2 1 5 107 10655 AND
2 1 6 107 10656 AND
2 1 7 107 10657 AND
2 1 8 107 10658 AND
2 1 9 107 10659 AND
2 1 10 107 10660 AND
2 1 11 107 10661 AND
2 1 12 107 10662 AND
2 1 13 107 10663 AND
2 1 14 107 10664 AND
2 1 15 107 10665 AND
2 1 16 107 10666 AND
2 1 17 107 10667 AND
2 1 18 107 10668 AND
2 1 19 107 10669 AND
2 1 20 107 10670 AND
2 1 10550 10650 10671 XOR
2 1 10550 10650 10672 AND
2 1 10555 10672 10673 XOR
2 1 10651 10672 10674 XOR
2 1 10555 10674 10675 XOR
2 1 10673 10674 10676 AND
2 1 10672 10676 10677 XOR
2 1 10560 10677 10678 XOR
2 1 10652 10677 10679 XOR
2 1 10560 10679 10680 XOR
2 1 10678 10679 10681 AND
2 1 10677 10681 10682 XOR
2 1 10565 10682 10683 XOR
2 1 10653 10682 10684 XOR
2 1 10565 10684 10685 XOR
2 1 10683 10684 10686 AND
2 1 10682 10686 10687 XOR
2 1 10570 10687 10688 XOR
2 1 10654 10687 10689 XOR
2 1 10570 10689 10690 XOR
2 1 10688 10689 10691 AND
2 1 10687 10691 10692 XOR
2 1 10575 10692 10693 XOR
2 1 10655 10692 10694 XOR
2 1 10575 10694 10695 XOR
2 1 10693 10694 10696 AND
2 1 10692 10696 10697 XOR
2 1 10580 10697 10698 XOR
2 1 10656 10697 10699 XOR
2 1 10580 10699 10700 XOR
2 1 10698 10699 10701 AND
2 1 10697 10701 10702 XOR
2 1 10585 10702 10703 XOR
2 1 10657 10702 10704 XOR
2 1 10585 10704 10705 XOR
2 1 10703 10704 10706 AND
2 1 10702 10706 10707 XOR
2 1 10590 10707 10708 XOR
2 1 10658 10707 10709 XOR
2 1 10590 10709 10710 XOR
2 1 10708 10709 10711 AND
2 1 10707 10711 10712 XOR
2 1 10595 10712 10713 XOR
2 1 10659 10712 10714 XOR
2 1 10595 10714 10715 XOR
2 1 10713 10714 10716 AND
2 1 10712 10716 10717 XOR
2 1 10600 10717 10718 XOR
2 1 10660 10717 10719 XOR
2 1 10600 10719 10720 XOR
2 1 10718 10719 10721 AND
2 1 10717 10721 10722 XOR
2 1 10605 10722 10723 XOR
2 1 10661 10722 10724 XOR
2 1 10605 10724 10725 XOR
2 1 10723 10724 10726 AND
2 1 10722 10726 10727 XOR
2 1 10610 10727 10728 XOR
2 1 10662 10727 10729 XOR
2 1 10610 10729 10730 XOR
2 1 10728 10729 10731 AND
2 1 10727 10731 10732 XOR
2 1 10615 10732 10733 XOR
2 1 10663 10732 10734 XOR
2 1 10615 10734 10735 XOR
2 1 10733 10734 10736 AND
2 1 10732 10736 10737 XOR
2 1 10620 10737 10738 XOR
2 1 10664 10737 10739 XOR
2 1 10620 10739 10740 XOR
2 1 10738 10739 10741 AND
2 1 10737 10741 10742 XOR
2 1 10625 10742 10743 XOR
2 1 10665 10742 10744 XOR
2 1 10625 10744 10745 XOR
2 1 10743 10744 10746 AND
2 1 10742 10746 10747 XOR
2 1 10630 10747 10748 XOR
2 1 10666 10747 10749 XOR
2 1 10630 10749 10750 XOR
2 1 10748 10749 10751 AND
2 1 10747 10751 10752 XOR
2 1 10635 10752 10753 XOR
2 1 10667 10752 10754 XOR
2 1 10635 10754 10755 XOR
2 1 10753 10754 10756 AND
2 1 10752 10756 10757 XOR
2 1 10640 10757 10758 XOR
2 1 10668 10757 10759 XOR
2 1 10640 10759 10760 XOR
2 1 10758 10759 10761 AND
2 1 10757 10761 10762 XOR
2 1 10645 10762 10763 XOR
2 1 10669 10762 10764 XOR
2 1 10645 10764 10765 XOR
2 1 10763 10764 10766 AND
2 1 10762 10766 10767 XOR
2 1 10767 10670 10768 XOR
2 1 10768 10649 10769 XOR
2 1 0 108 10770 AND
2 1 1 108 10771 AND
2 1 2 108 10772 AND
2 1 3 108 10773 AND
2 1 4 108 10774 AND
2 1 5 108 10775 AND
2 1 6 108 10776 AND
2 1 7 108 10777 AND
2 1 8 108 10778 AND
2 1 9 108 10779 AND
2 1 10 108 10780 AND
2 1 11 108 10781 AND
2 1 12 108 10782 AND
2 1 13 108 10783 AND
2 1 14 108 10784 AND
2 1 15 108 10785 AND
2 1 16 108 10786 AND
2 1 17 108 10787 AND
2 1 18 108 10788 AND
2 1 19 108 10789 AND
2 1 10675 10770 10790 XOR
2 1 10675 10770 10791 AND
2 1 10680 10791 10792 XOR
2 1 10771 10791 10793 XOR
2 1 10680 10793 10794 XOR
2 1 10792 10793 10795 AND
2 1 10791 10795 10796 XOR
2 1 10685 10796 10797 XOR
2 1 10772 10796 10798 XOR
2 1 10685 10798 10799 XOR
2 1 10797 10798 10800 AND
2 1 10796 10800 10801 XOR
2 1 10690 10801 10802 XOR
2 1 10773 10801 10803 XOR
2 1 10690 10803 10804 XOR
2 1 10802 10803 10805 AND
2 1 10801 10805 10806 XOR
2 1 10695 10806 10807 XOR
2 1 10774 10806 10808 XOR
2 1 10695 10808 10809 XOR
2 1 10807 10808 10810 AND
2 1 10806 10810 10811 XOR
2 1 10700 10811 10812 XOR
2 1 10775 10811 10813 XOR
2 1 10700 10813 10814 XOR
2 1 10812 10813 10815 AND
2 1 10811 10815 10816 XOR
2 1 10705 10816 10817 XOR
2 1 10776 10816 10818 XOR
2 1 10705 10818 10819 XOR
2 1 10817 10818 10820 AND
2 1 10816 10820 10821 XOR
2 1 10710 10821 10822 XOR
2 1 10777 10821 10823 XOR
2 1 10710 10823 10824 XOR
2 1 10822 10823 10825 AND
2 1 10821 10825 10826 XOR
2 1 10715 10826 10827 XOR
2 1 10778 10826 10828 XOR
2 1 10715 10828 10829 XOR
2 1 10827 10828 10830 AND
2 1 10826 10830 10831 XOR
2 1 10720 10831 10832 XOR
2 1 10779 10831 10833 XOR
2 1 10720 10833 10834 XOR
2 1 10832 10833 10835 AND
2 1 10831 10835 10836 XOR
2 1 10725 10836 10837 XOR
2 1 10780 10836 10838 XOR
2 1 10725 10838 10839 XOR
2 1 10837 10838 10840 AND
2 1 10836 10840 10841 XOR
2 1 10730 10841 10842 XOR
2 1 10781 10841 10843 XOR
2 1 10730 10843 10844 XOR
2 1 10842 10843 10845 AND
2 1 10841 10845 10846 XOR
2 1 10735 10846 10847 XOR
2 1 10782 10846 10848 XOR
2 1 10735 10848 10849 XOR
2 1 10847 10848 10850 AND
2 1 10846 10850 10851 XOR
2 1 10740 10851 10852 XOR
2 1 10783 10851 10853 XOR
2 1 10740 10853 10854 XOR
2 1 10852 10853 10855 AND
2 1 10851 10855 10856 XOR
2 1 10745 10856 10857 XOR
2 1 10784 10856 10858 XOR
2 1 10745 10858 10859 XOR
2 1 10857 10858 10860 AND
2 1 10856 10860 10861 XOR
2 1 10750 10861 10862 XOR
2 1 10785 10861 10863 XOR
2 1 10750 10863 10864 XOR
2 1 10862 10863 10865 AND
2 1 10861 10865 10866 XOR
2 1 10755 10866 10867 XOR
2 1 10786 10866 10868 XOR
2 1 10755 10868 10869 XOR
2 1 10867 10868 10870 AND
2 1 10866 10870 10871 XOR
2 1 10760 10871 10872 XOR
2 1 10787 10871 10873 XOR
2 1 10760 10873 10874 XOR
2 1 10872 10873 10875 AND
2 1 10871 10875 10876 XOR
2 1 10765 10876 10877 XOR
2 1 10788 10876 10878 XOR
2 1 10765 10878 10879 XOR
2 1 10877 10878 10880 AND
2 1 10876 10880 10881 XOR
2 1 10881 10789 10882 XOR
2 1 10882 10769 10883 XOR
2 1 0 109 10884 AND
2 1 1 109 10885 AND
2 1 2 109 10886 AND
2 1 3 109 10887 AND
2 1 4 109 10888 AND
2 1 5 109 10889 AND
2 1 6 109 10890 AND
2 1 7 109 10891 AND
2 1 8 109 10892 AND
2 1 9 109 10893 AND
2 1 10 109 10894 AND
2 1 11 109 10895 AND
2 1 12 109 10896 AND
2 1 13 109 10897 AND
2 1 14 109 10898 AND
2 1 15 109 10899 AND
2 1 16 109 10900 AND
2 1 17 109 10901 AND
2 1 18 109 10902 AND
2 1 10794 10884 10903 XOR
2 1 10794 10884 10904 AND
2 1 10799 10904 10905 XOR
2 1 10885 10904 10906 XOR
2 1 10799 10906 10907 XOR
2 1 10905 10906 10908 AND
2 1 10904 10908 10909 XOR
2 1 10804 10909 10910 XOR
2 1 10886 10909 10911 XOR
2 1 10804 10911 10912 XOR
2 1 10910 10911 10913 AND
2 1 10909 10913 10914 XOR
2 1 10809 10914 10915 XOR
2 1 10887 10914 10916 XOR
2 1 10809 10916 10917 XOR
2 1 10915 10916 10918 AND
2 1 10914 10918 10919 XOR
2 1 10814 10919 10920 XOR
2 1 10888 10919 10921 XOR
2 1 10814 10921 10922 XOR
2 1 10920 10921 10923 AND
2 1 10919 10923 10924 XOR
2 1 10819 10924 10925 XOR
2 1 10889 10924 10926 XOR
2 1 10819 10926 10927 XOR
2 1 10925 10926 10928 AND
2 1 10924 10928 10929 XOR
2 1 10824 10929 10930 XOR
2 1 10890 10929 10931 XOR
2 1 10824 10931 10932 XOR
2 1 10930 10931 10933 AND
2 1 10929 10933 10934 XOR
2 1 10829 10934 10935 XOR
2 1 10891 10934 10936 XOR
2 1 10829 10936 10937 XOR
2 1 10935 10936 10938 AND
2 1 10934 10938 10939 XOR
2 1 10834 10939 10940 XOR
2 1 10892 10939 10941 XOR
2 1 10834 10941 10942 XOR
2 1 10940 10941 10943 AND
2 1 10939 10943 10944 XOR
2 1 10839 10944 10945 XOR
2 1 10893 10944 10946 XOR
2 1 10839 10946 10947 XOR
2 1 10945 10946 10948 AND
2 1 10944 10948 10949 XOR
2 1 10844 10949 10950 XOR
2 1 10894 10949 10951 XOR
2 1 10844 10951 10952 XOR
2 1 10950 10951 10953 AND
2 1 10949 10953 10954 XOR
2 1 10849 10954 10955 XOR
2 1 10895 10954 10956 XOR
2 1 10849 10956 10957 XOR
2 1 10955 10956 10958 AND
2 1 10954 10958 10959 XOR
2 1 10854 10959 10960 XOR
2 1 10896 10959 10961 XOR
2 1 10854 10961 10962 XOR
2 1 10960 10961 10963 AND
2 1 10959 10963 10964 XOR
2 1 10859 10964 10965 XOR
2 1 10897 10964 10966 XOR
2 1 10859 10966 10967 XOR
2 1 10965 10966 10968 AND
2 1 10964 10968 10969 XOR
2 1 10864 10969 10970 XOR
2 1 10898 10969 10971 XOR
2 1 10864 10971 10972 XOR
2 1 10970 10971 10973 AND
2 1 10969 10973 10974 XOR
2 1 10869 10974 10975 XOR
2 1 10899 10974 10976 XOR
2 1 10869 10976 10977 XOR
2 1 10975 10976 10978 AND
2 1 10974 10978 10979 XOR
2 1 10874 10979 10980 XOR
2 1 10900 10979 10981 XOR
2 1 10874 10981 10982 XOR
2 1 10980 10981 10983 AND
2 1 10979 10983 10984 XOR
2 1 10879 10984 10985 XOR
2 1 10901 10984 10986 XOR
2 1 10879 10986 10987 XOR
2 1 10985 10986 10988 AND
2 1 10984 10988 10989 XOR
2 1 10989 10902 10990 XOR
2 1 10990 10883 10991 XOR
2 1 0 110 10992 AND
2 1 1 110 10993 AND
2 1 2 110 10994 AND
2 1 3 110 10995 AND
2 1 4 110 10996 AND
2 1 5 110 10997 AND
2 1 6 110 10998 AND
2 1 7 110 10999 AND
2 1 8 110 11000 AND
2 1 9 110 11001 AND
2 1 10 110 11002 AND
2 1 11 110 11003 AND
2 1 12 110 11004 AND
2 1 13 110 11005 AND
2 1 14 110 11006 AND
2 1 15 110 11007 AND
2 1 16 110 11008 AND
2 1 17 110 11009 AND
2 1 10907 10992 11010 XOR
2 1 10907 10992 11011 AND
2 1 10912 11011 11012 XOR
2 1 10993 11011 11013 XOR
2 1 10912 11013 11014 XOR
2 1 11012 11013 11015 AND
2 1 11011 11015 11016 XOR
2 1 10917 11016 11017 XOR
2 1 10994 11016 11018 XOR
2 1 10917 11018 11019 XOR
2 1 11017 11018 11020 AND
2 1 11016 11020 11021 XOR
2 1 10922 11021 11022 XOR
2 1 10995 11021 11023 XOR
2 1 10922 11023 11024 XOR
2 1 11022 11023 11025 AND
2 1 11021 11025 11026 XOR
2 1 10927 11026 11027 XOR
2 1 10996 11026 11028 XOR
2 1 10927 11028 11029 XOR
2 1 11027 11028 11030 AND
2 1 11026 11030 11031 XOR
2 1 10932 11031 11032 XOR
2 1 10997 11031 11033 XOR
2 1 10932 11033 11034 XOR
2 1 11032 11033 11035 AND
2 1 11031 11035 11036 XOR
2 1 10937 11036 11037 XOR
2 1 10998 11036 11038 XOR
2 1 10937 11038 11039 XOR
2 1 11037 11038 11040 AND
2 1 11036 11040 11041 XOR
2 1 10942 11041 11042 XOR
2 1 10999 11041 11043 XOR
2 1 10942 11043 11044 XOR
2 1 11042 11043 11045 AND
2 1 11041 11045 11046 XOR
2 1 10947 11046 11047 XOR
2 1 11000 11046 11048 XOR
2 1 10947 11048 11049 XOR
2 1 11047 11048 11050 AND
2 1 11046 11050 11051 XOR
2 1 10952 11051 11052 XOR
2 1 11001 11051 11053 XOR
2 1 10952 11053 11054 XOR
2 1 11052 11053 11055 AND
2 1 11051 11055 11056 XOR
2 1 10957 11056 11057 XOR
2 1 11002 11056 11058 XOR
2 1 10957 11058 11059 XOR
2 1 11057 11058 11060 AND
2 1 11056 11060 11061 XOR
2 1 10962 11061 11062 XOR
2 1 11003 11061 11063 XOR
2 1 10962 11063 11064 XOR
2 1 11062 11063 11065 AND
2 1 11061 11065 11066 XOR
2 1 10967 11066 11067 XOR
2 1 11004 11066 11068 XOR
2 1 10967 11068 11069 XOR
2 1 11067 11068 11070 AND
2 1 11066 11070 11071 XOR
2 1 10972 11071 11072 XOR
2 1 11005 11071 11073 XOR
2 1 10972 11073 11074 XOR
2 1 11072 11073 11075 AND
2 1 11071 11075 11076 XOR
2 1 10977 11076 11077 XOR
2 1 11006 11076 11078 XOR
2 1 10977 11078 11079 XOR
2 1 11077 11078 11080 AND
2 1 11076 11080 11081 XOR
2 1 10982 11081 11082 XOR
2 1 11007 11081 11083 XOR
2 1 10982 11083 11084 XOR
2 1 11082 11083 11085 AND
2 1 11081 11085 11086 XOR
2 1 10987 11086 11087 XOR
2 1 11008 11086 11088 XOR
2 1 10987 11088 11089 XOR
2 1 11087 11088 11090 AND
2 1 11086 11090 11091 XOR
2 1 11091 11009 11092 XOR
2 1 11092 10991 11093 XOR
2 1 0 111 11094 AND
2 1 1 111 11095 AND
2 1 2 111 11096 AND
2 1 3 111 11097 AND
2 1 4 111 11098 AND
2 1 5 111 11099 AND
2 1 6 111 11100 AND
2 1 7 111 11101 AND
2 1 8 111 11102 AND
2 1 9 111 11103 AND
2 1 10 111 11104 AND
2 1 11 111 11105 AND
2 1 12 111 11106 AND
2 1 13 111 11107 AND
2 1 14 111 11108 AND
2 1 15 111 11109 AND
2 1 16 111 11110 AND
2 1 11014 11094 11111 XOR
2 1 11014 11094 11112 AND
2 1 11019 11112 11113 XOR
2 1 11095 11112 11114 XOR
2 1 11019 11114 11115 XOR
2 1 11113 11114 11116 AND
2 1 11112 11116 11117 XOR
2 1 11024 11117 11118 XOR
2 1 11096 11117 11119 XOR
2 1 11024 11119 11120 XOR
2 1 11118 11119 11121 AND
2 1 11117 11121 11122 XOR
2 1 11029 11122 11123 XOR
2 1 11097 11122 11124 XOR
2 1 11029 11124 11125 XOR
2 1 11123 11124 11126 AND
2 1 11122 11126 11127 XOR
2 1 11034 11127 11128 XOR
2 1 11098 11127 11129 XOR
2 1 11034 11129 11130 XOR
2 1 11128 11129 11131 AND
2 1 11127 11131 11132 XOR
2 1 11039 11132 11133 XOR
2 1 11099 11132 11134 XOR
2 1 11039 11134 11135 XOR
2 1 11133 11134 11136 AND
2 1 11132 11136 11137 XOR
2 1 11044 11137 11138 XOR
2 1 11100 11137 11139 XOR
2 1 11044 11139 11140 XOR
2 1 11138 11139 11141 AND
2 1 11137 11141 11142 XOR
2 1 11049 11142 11143 XOR
2 1 11101 11142 11144 XOR
2 1 11049 11144 11145 XOR
2 1 11143 11144 11146 AND
2 1 11142 11146 11147 XOR
2 1 11054 11147 11148 XOR
2 1 11102 11147 11149 XOR
2 1 11054 11149 11150 XOR
2 1 11148 11149 11151 AND
2 1 11147 11151 11152 XOR
2 1 11059 11152 11153 XOR
2 1 11103 11152 11154 XOR
2 1 11059 11154 11155 XOR
2 1 11153 11154 11156 AND
2 1 11152 11156 11157 XOR
2 1 11064 11157 11158 XOR
2 1 11104 11157 11159 XOR
2 1 11064 11159 11160 XOR
2 1 11158 11159 11161 AND
2 1 11157 11161 11162 XOR
2 1 11069 11162 11163 XOR
2 1 11105 11162 11164 XOR
2 1 11069 11164 11165 XOR
2 1 11163 11164 11166 AND
2 1 11162 11166 11167 XOR
2 1 11074 11167 11168 XOR
2 1 11106 11167 11169 XOR
2 1 11074 11169 11170 XOR
2 1 11168 11169 11171 AND
2 1 11167 11171 11172 XOR
2 1 11079 11172 11173 XOR
2 1 11107 11172 11174 XOR
2 1 11079 11174 11175 XOR
2 1 11173 11174 11176 AND
2 1 11172 11176 11177 XOR
2 1 11084 11177 11178 XOR
2 1 11108 11177 11179 XOR
2 1 11084 11179 11180 XOR
2 1 11178 11179 11181 AND
2 1 11177 11181 11182 XOR
2 1 11089 11182 11183 XOR
2 1 11109 11182 11184 XOR
2 1 11089 11184 11185 XOR
2 1 11183 11184 11186 AND
2 1 11182 11186 11187 XOR
2 1 11187 11110 11188 XOR
2 1 11188 11093 11189 XOR
2 1 0 112 11190 AND
2 1 1 112 11191 AND
2 1 2 112 11192 AND
2 1 3 112 11193 AND
2 1 4 112 11194 AND
2 1 5 112 11195 AND
2 1 6 112 11196 AND
2 1 7 112 11197 AND
2 1 8 112 11198 AND
2 1 9 112 11199 AND
2 1 10 112 11200 AND
2 1 11 112 11201 AND
2 1 12 112 11202 AND
2 1 13 112 11203 AND
2 1 14 112 11204 AND
2 1 15 112 11205 AND
2 1 11115 11190 11206 XOR
2 1 11115 11190 11207 AND
2 1 11120 11207 11208 XOR
2 1 11191 11207 11209 XOR
2 1 11120 11209 11210 XOR
2 1 11208 11209 11211 AND
2 1 11207 11211 11212 XOR
2 1 11125 11212 11213 XOR
2 1 11192 11212 11214 XOR
2 1 11125 11214 11215 XOR
2 1 11213 11214 11216 AND
2 1 11212 11216 11217 XOR
2 1 11130 11217 11218 XOR
2 1 11193 11217 11219 XOR
2 1 11130 11219 11220 XOR
2 1 11218 11219 11221 AND
2 1 11217 11221 11222 XOR
2 1 11135 11222 11223 XOR
2 1 11194 11222 11224 XOR
2 1 11135 11224 11225 XOR
2 1 11223 11224 11226 AND
2 1 11222 11226 11227 XOR
2 1 11140 11227 11228 XOR
2 1 11195 11227 11229 XOR
2 1 11140 11229 11230 XOR
2 1 11228 11229 11231 AND
2 1 11227 11231 11232 XOR
2 1 11145 11232 11233 XOR
2 1 11196 11232 11234 XOR
2 1 11145 11234 11235 XOR
2 1 11233 11234 11236 AND
2 1 11232 11236 11237 XOR
2 1 11150 11237 11238 XOR
2 1 11197 11237 11239 XOR
2 1 11150 11239 11240 XOR
2 1 11238 11239 11241 AND
2 1 11237 11241 11242 XOR
2 1 11155 11242 11243 XOR
2 1 11198 11242 11244 XOR
2 1 11155 11244 11245 XOR
2 1 11243 11244 11246 AND
2 1 11242 11246 11247 XOR
2 1 11160 11247 11248 XOR
2 1 11199 11247 11249 XOR
2 1 11160 11249 11250 XOR
2 1 11248 11249 11251 AND
2 1 11247 11251 11252 XOR
2 1 11165 11252 11253 XOR
2 1 11200 11252 11254 XOR
2 1 11165 11254 11255 XOR
2 1 11253 11254 11256 AND
2 1 11252 11256 11257 XOR
2 1 11170 11257 11258 XOR
2 1 11201 11257 11259 XOR
2 1 11170 11259 11260 XOR
2 1 11258 11259 11261 AND
2 1 11257 11261 11262 XOR
2 1 11175 11262 11263 XOR
2 1 11202 11262 11264 XOR
2 1 11175 11264 11265 XOR
2 1 11263 11264 11266 AND
2 1 11262 11266 11267 XOR
2 1 11180 11267 11268 XOR
2 1 11203 11267 11269 XOR
2 1 11180 11269 11270 XOR
2 1 11268 11269 11271 AND
2 1 11267 11271 11272 XOR
2 1 11185 11272 11273 XOR
2 1 11204 11272 11274 XOR
2 1 11185 11274 11275 XOR
2 1 11273 11274 11276 AND
2 1 11272 11276 11277 XOR
2 1 11277 11205 11278 XOR
2 1 11278 11189 11279 XOR
2 1 0 113 11280 AND
2 1 1 113 11281 AND
2 1 2 113 11282 AND
2 1 3 113 11283 AND
2 1 4 113 11284 AND
2 1 5 113 11285 AND
2 1 6 113 11286 AND
2 1 7 113 11287 AND
2 1 8 113 11288 AND
2 1 9 113 11289 AND
2 1 10 113 11290 AND
2 1 11 113 11291 AND
2 1 12 113 11292 AND
2 1 13 113 11293 AND
2 1 14 113 11294 AND
2 1 11210 11280 11295 XOR
2 1 11210 11280 11296 AND
2 1 11215 11296 11297 XOR
2 1 11281 11296 11298 XOR
2 1 11215 11298 11299 XOR
2 1 11297 11298 11300 AND
2 1 11296 11300 11301 XOR
2 1 11220 11301 11302 XOR
2 1 11282 11301 11303 XOR
2 1 11220 11303 11304 XOR
2 1 11302 11303 11305 AND
2 1 11301 11305 11306 XOR
2 1 11225 11306 11307 XOR
2 1 11283 11306 11308 XOR
2 1 11225 11308 11309 XOR
2 1 11307 11308 11310 AND
2 1 11306 11310 11311 XOR
2 1 11230 11311 11312 XOR
2 1 11284 11311 11313 XOR
2 1 11230 11313 11314 XOR
2 1 11312 11313 11315 AND
2 1 11311 11315 11316 XOR
2 1 11235 11316 11317 XOR
2 1 11285 11316 11318 XOR
2 1 11235 11318 11319 XOR
2 1 11317 11318 11320 AND
2 1 11316 11320 11321 XOR
2 1 11240 11321 11322 XOR
2 1 11286 11321 11323 XOR
2 1 11240 11323 11324 XOR
2 1 11322 11323 11325 AND
2 1 11321 11325 11326 XOR
2 1 11245 11326 11327 XOR
2 1 11287 11326 11328 XOR
2 1 11245 11328 11329 XOR
2 1 11327 11328 11330 AND
2 1 11326 11330 11331 XOR
2 1 11250 11331 11332 XOR
2 1 11288 11331 11333 XOR
2 1 11250 11333 11334 XOR
2 1 11332 11333 11335 AND
2 1 11331 11335 11336 XOR
2 1 11255 11336 11337 XOR
2 1 11289 11336 11338 XOR
2 1 11255 11338 11339 XOR
2 1 11337 11338 11340 AND
2 1 11336 11340 11341 XOR
2 1 11260 11341 11342 XOR
2 1 11290 11341 11343 XOR
2 1 11260 11343 11344 XOR
2 1 11342 11343 11345 AND
2 1 11341 11345 11346 XOR
2 1 11265 11346 11347 XOR
2 1 11291 11346 11348 XOR
2 1 11265 11348 11349 XOR
2 1 11347 11348 11350 AND
2 1 11346 11350 11351 XOR
2 1 11270 11351 11352 XOR
2 1 11292 11351 11353 XOR
2 1 11270 11353 11354 XOR
2 1 11352 11353 11355 AND
2 1 11351 11355 11356 XOR
2 1 11275 11356 11357 XOR
2 1 11293 11356 11358 XOR
2 1 11275 11358 11359 XOR
2 1 11357 11358 11360 AND
2 1 11356 11360 11361 XOR
2 1 11361 11294 11362 XOR
2 1 11362 11279 11363 XOR
2 1 0 114 11364 AND
2 1 1 114 11365 AND
2 1 2 114 11366 AND
2 1 3 114 11367 AND
2 1 4 114 11368 AND
2 1 5 114 11369 AND
2 1 6 114 11370 AND
2 1 7 114 11371 AND
2 1 8 114 11372 AND
2 1 9 114 11373 AND
2 1 10 114 11374 AND
2 1 11 114 11375 AND
2 1 12 114 11376 AND
2 1 13 114 11377 AND
2 1 11299 11364 11378 XOR
2 1 11299 11364 11379 AND
2 1 11304 11379 11380 XOR
2 1 11365 11379 11381 XOR
2 1 11304 11381 11382 XOR
2 1 11380 11381 11383 AND
2 1 11379 11383 11384 XOR
2 1 11309 11384 11385 XOR
2 1 11366 11384 11386 XOR
2 1 11309 11386 11387 XOR
2 1 11385 11386 11388 AND
2 1 11384 11388 11389 XOR
2 1 11314 11389 11390 XOR
2 1 11367 11389 11391 XOR
2 1 11314 11391 11392 XOR
2 1 11390 11391 11393 AND
2 1 11389 11393 11394 XOR
2 1 11319 11394 11395 XOR
2 1 11368 11394 11396 XOR
2 1 11319 11396 11397 XOR
2 1 11395 11396 11398 AND
2 1 11394 11398 11399 XOR
2 1 11324 11399 11400 XOR
2 1 11369 11399 11401 XOR
2 1 11324 11401 11402 XOR
2 1 11400 11401 11403 AND
2 1 11399 11403 11404 XOR
2 1 11329 11404 11405 XOR
2 1 11370 11404 11406 XOR
2 1 11329 11406 11407 XOR
2 1 11405 11406 11408 AND
2 1 11404 11408 11409 XOR
2 1 11334 11409 11410 XOR
2 1 11371 11409 11411 XOR
2 1 11334 11411 11412 XOR
2 1 11410 11411 11413 AND
2 1 11409 11413 11414 XOR
2 1 11339 11414 11415 XOR
2 1 11372 11414 11416 XOR
2 1 11339 11416 11417 XOR
2 1 11415 11416 11418 AND
2 1 11414 11418 11419 XOR
2 1 11344 11419 11420 XOR
2 1 11373 11419 11421 XOR
2 1 11344 11421 11422 XOR
2 1 11420 11421 11423 AND
2 1 11419 11423 11424 XOR
2 1 11349 11424 11425 XOR
2 1 11374 11424 11426 XOR
2 1 11349 11426 11427 XOR
2 1 11425 11426 11428 AND
2 1 11424 11428 11429 XOR
2 1 11354 11429 11430 XOR
2 1 11375 11429 11431 XOR
2 1 11354 11431 11432 XOR
2 1 11430 11431 11433 AND
2 1 11429 11433 11434 XOR
2 1 11359 11434 11435 XOR
2 1 11376 11434 11436 XOR
2 1 11359 11436 11437 XOR
2 1 11435 11436 11438 AND
2 1 11434 11438 11439 XOR
2 1 11439 11377 11440 XOR
2 1 11440 11363 11441 XOR
2 1 0 115 11442 AND
2 1 1 115 11443 AND
2 1 2 115 11444 AND
2 1 3 115 11445 AND
2 1 4 115 11446 AND
2 1 5 115 11447 AND
2 1 6 115 11448 AND
2 1 7 115 11449 AND
2 1 8 115 11450 AND
2 1 9 115 11451 AND
2 1 10 115 11452 AND
2 1 11 115 11453 AND
2 1 12 115 11454 AND
2 1 11382 11442 11455 XOR
2 1 11382 11442 11456 AND
2 1 11387 11456 11457 XOR
2 1 11443 11456 11458 XOR
2 1 11387 11458 11459 XOR
2 1 11457 11458 11460 AND
2 1 11456 11460 11461 XOR
2 1 11392 11461 11462 XOR
2 1 11444 11461 11463 XOR
2 1 11392 11463 11464 XOR
2 1 11462 11463 11465 AND
2 1 11461 11465 11466 XOR
2 1 11397 11466 11467 XOR
2 1 11445 11466 11468 XOR
2 1 11397 11468 11469 XOR
2 1 11467 11468 11470 AND
2 1 11466 11470 11471 XOR
2 1 11402 11471 11472 XOR
2 1 11446 11471 11473 XOR
2 1 11402 11473 11474 XOR
2 1 11472 11473 11475 AND
2 1 11471 11475 11476 XOR
2 1 11407 11476 11477 XOR
2 1 11447 11476 11478 XOR
2 1 11407 11478 11479 XOR
2 1 11477 11478 11480 AND
2 1 11476 11480 11481 XOR
2 1 11412 11481 11482 XOR
2 1 11448 11481 11483 XOR
2 1 11412 11483 11484 XOR
2 1 11482 11483 11485 AND
2 1 11481 11485 11486 XOR
2 1 11417 11486 11487 XOR
2 1 11449 11486 11488 XOR
2 1 11417 11488 11489 XOR
2 1 11487 11488 11490 AND
2 1 11486 11490 11491 XOR
2 1 11422 11491 11492 XOR
2 1 11450 11491 11493 XOR
2 1 11422 11493 11494 XOR
2 1 11492 11493 11495 AND
2 1 11491 11495 11496 XOR
2 1 11427 11496 11497 XOR
2 1 11451 11496 11498 XOR
2 1 11427 11498 11499 XOR
2 1 11497 11498 11500 AND
2 1 11496 11500 11501 XOR
2 1 11432 11501 11502 XOR
2 1 11452 11501 11503 XOR
2 1 11432 11503 11504 XOR
2 1 11502 11503 11505 AND
2 1 11501 11505 11506 XOR
2 1 11437 11506 11507 XOR
2 1 11453 11506 11508 XOR
2 1 11437 11508 11509 XOR
2 1 11507 11508 11510 AND
2 1 11506 11510 11511 XOR
2 1 11511 11454 11512 XOR
2 1 11512 11441 11513 XOR
2 1 0 116 11514 AND
2 1 1 116 11515 AND
2 1 2 116 11516 AND
2 1 3 116 11517 AND
2 1 4 116 11518 AND
2 1 5 116 11519 AND
2 1 6 116 11520 AND
2 1 7 116 11521 AND
2 1 8 116 11522 AND
2 1 9 116 11523 AND
2 1 10 116 11524 AND
2 1 11 116 11525 AND
2 1 11459 11514 11526 XOR
2 1 11459 11514 11527 AND
2 1 11464 11527 11528 XOR
2 1 11515 11527 11529 XOR
2 1 11464 11529 11530 XOR
2 1 11528 11529 11531 AND
2 1 11527 11531 11532 XOR
2 1 11469 11532 11533 XOR
2 1 11516 11532 11534 XOR
2 1 11469 11534 11535 XOR
2 1 11533 11534 11536 AND
2 1 11532 11536 11537 XOR
2 1 11474 11537 11538 XOR
2 1 11517 11537 11539 XOR
2 1 11474 11539 11540 XOR
2 1 11538 11539 11541 AND
2 1 11537 11541 11542 XOR
2 1 11479 11542 11543 XOR
2 1 11518 11542 11544 XOR
2 1 11479 11544 11545 XOR
2 1 11543 11544 11546 AND
2 1 11542 11546 11547 XOR
2 1 11484 11547 11548 XOR
2 1 11519 11547 11549 XOR
2 1 11484 11549 11550 XOR
2 1 11548 11549 11551 AND
2 1 11547 11551 11552 XOR
2 1 11489 11552 11553 XOR
2 1 11520 11552 11554 XOR
2 1 11489 11554 11555 XOR
2 1 11553 11554 11556 AND
2 1 11552 11556 11557 XOR
2 1 11494 11557 11558 XOR
2 1 11521 11557 11559 XOR
2 1 11494 11559 11560 XOR
2 1 11558 11559 11561 AND
2 1 11557 11561 11562 XOR
2 1 11499 11562 11563 XOR
2 1 11522 11562 11564 XOR
2 1 11499 11564 11565 XOR
2 1 11563 11564 11566 AND
2 1 11562 11566 11567 XOR
2 1 11504 11567 11568 XOR
2 1 11523 11567 11569 XOR
2 1 11504 11569 11570 XOR
2 1 11568 11569 11571 AND
2 1 11567 11571 11572 XOR
2 1 11509 11572 11573 XOR
2 1 11524 11572 11574 XOR
2 1 11509 11574 11575 XOR
2 1 11573 11574 11576 AND
2 1 11572 11576 11577 XOR
2 1 11577 11525 11578 XOR
2 1 11578 11513 11579 XOR
2 1 0 117 11580 AND
2 1 1 117 11581 AND
2 1 2 117 11582 AND
2 1 3 117 11583 AND
2 1 4 117 11584 AND
2 1 5 117 11585 AND
2 1 6 117 11586 AND
2 1 7 117 11587 AND
2 1 8 117 11588 AND
2 1 9 117 11589 AND
2 1 10 117 11590 AND
2 1 11530 11580 11591 XOR
2 1 11530 11580 11592 AND
2 1 11535 11592 11593 XOR
2 1 11581 11592 11594 XOR
2 1 11535 11594 11595 XOR
2 1 11593 11594 11596 AND
2 1 11592 11596 11597 XOR
2 1 11540 11597 11598 XOR
2 1 11582 11597 11599 XOR
2 1 11540 11599 11600 XOR
2 1 11598 11599 11601 AND
2 1 11597 11601 11602 XOR
2 1 11545 11602 11603 XOR
2 1 11583 11602 11604 XOR
2 1 11545 11604 11605 XOR
2 1 11603 11604 11606 AND
2 1 11602 11606 11607 XOR
2 1 11550 11607 11608 XOR
2 1 11584 11607 11609 XOR
2 1 11550 11609 11610 XOR
2 1 11608 11609 11611 AND
2 1 11607 11611 11612 XOR
2 1 11555 11612 11613 XOR
2 1 11585 11612 11614 XOR
2 1 11555 11614 11615 XOR
2 1 11613 11614 11616 AND
2 1 11612 11616 11617 XOR
2 1 11560 11617 11618 XOR
2 1 11586 11617 11619 XOR
2 1 11560 11619 11620 XOR
2 1 11618 11619 11621 AND
2 1 11617 11621 11622 XOR
2 1 11565 11622 11623 XOR
2 1 11587 11622 11624 XOR
2 1 11565 11624 11625 XOR
2 1 11623 11624 11626 AND
2 1 11622 11626 11627 XOR
2 1 11570 11627 11628 XOR
2 1 11588 11627 11629 XOR
2 1 11570 11629 11630 XOR
2 1 11628 11629 11631 AND
2 1 11627 11631 11632 XOR
2 1 11575 11632 11633 XOR
2 1 11589 11632 11634 XOR
2 1 11575 11634 11635 XOR
2 1 11633 11634 11636 AND
2 1 11632 11636 11637 XOR
2 1 11637 11590 11638 XOR
2 1 11638 11579 11639 XOR
2 1 0 118 11640 AND
2 1 1 118 11641 AND
2 1 2 118 11642 AND
2 1 3 118 11643 AND
2 1 4 118 11644 AND
2 1 5 118 11645 AND
2 1 6 118 11646 AND
2 1 7 118 11647 AND
2 1 8 118 11648 AND
2 1 9 118 11649 AND
2 1 11595 11640 11650 XOR
2 1 11595 11640 11651 AND
2 1 11600 11651 11652 XOR
2 1 11641 11651 11653 XOR
2 1 11600 11653 11654 XOR
2 1 11652 11653 11655 AND
2 1 11651 11655 11656 XOR
2 1 11605 11656 11657 XOR
2 1 11642 11656 11658 XOR
2 1 11605 11658 11659 XOR
2 1 11657 11658 11660 AND
2 1 11656 11660 11661 XOR
2 1 11610 11661 11662 XOR
2 1 11643 11661 11663 XOR
2 1 11610 11663 11664 XOR
2 1 11662 11663 11665 AND
2 1 11661 11665 11666 XOR
2 1 11615 11666 11667 XOR
2 1 11644 11666 11668 XOR
2 1 11615 11668 11669 XOR
2 1 11667 11668 11670 AND
2 1 11666 11670 11671 XOR
2 1 11620 11671 11672 XOR
2 1 11645 11671 11673 XOR
2 1 11620 11673 11674 XOR
2 1 11672 11673 11675 AND
2 1 11671 11675 11676 XOR
2 1 11625 11676 11677 XOR
2 1 11646 11676 11678 XOR
2 1 11625 11678 11679 XOR
2 1 11677 11678 11680 AND
2 1 11676 11680 11681 XOR
2 1 11630 11681 11682 XOR
2 1 11647 11681 11683 XOR
2 1 11630 11683 11684 XOR
2 1 11682 11683 11685 AND
2 1 11681 11685 11686 XOR
2 1 11635 11686 11687 XOR
2 1 11648 11686 11688 XOR
2 1 11635 11688 11689 XOR
2 1 11687 11688 11690 AND
2 1 11686 11690 11691 XOR
2 1 11691 11649 11692 XOR
2 1 11692 11639 11693 XOR
2 1 0 119 11694 AND
2 1 1 119 11695 AND
2 1 2 119 11696 AND
2 1 3 119 11697 AND
2 1 4 119 11698 AND
2 1 5 119 11699 AND
2 1 6 119 11700 AND
2 1 7 119 11701 AND
2 1 8 119 11702 AND
2 1 11654 11694 11703 XOR
2 1 11654 11694 11704 AND
2 1 11659 11704 11705 XOR
2 1 11695 11704 11706 XOR
2 1 11659 11706 11707 XOR
2 1 11705 11706 11708 AND
2 1 11704 11708 11709 XOR
2 1 11664 11709 11710 XOR
2 1 11696 11709 11711 XOR
2 1 11664 11711 11712 XOR
2 1 11710 11711 11713 AND
2 1 11709 11713 11714 XOR
2 1 11669 11714 11715 XOR
2 1 11697 11714 11716 XOR
2 1 11669 11716 11717 XOR
2 1 11715 11716 11718 AND
2 1 11714 11718 11719 XOR
2 1 11674 11719 11720 XOR
2 1 11698 11719 11721 XOR
2 1 11674 11721 11722 XOR
2 1 11720 11721 11723 AND
2 1 11719 11723 11724 XOR
2 1 11679 11724 11725 XOR
2 1 11699 11724 11726 XOR
2 1 11679 11726 11727 XOR
2 1 11725 11726 11728 AND
2 1 11724 11728 11729 XOR
2 1 11684 11729 11730 XOR
2 1 11700 11729 11731 XOR
2 1 11684 11731 11732 XOR
2 1 11730 11731 11733 AND
2 1 11729 11733 11734 XOR
2 1 11689 11734 11735 XOR
2 1 11701 11734 11736 XOR
2 1 11689 11736 11737 XOR
2 1 11735 11736 11738 AND
2 1 11734 11738 11739 XOR
2 1 11739 11702 11740 XOR
2 1 11740 11693 11741 XOR
2 1 0 120 11742 AND
2 1 1 120 11743 AND
2 1 2 120 11744 AND
2 1 3 120 11745 AND
2 1 4 120 11746 AND
2 1 5 120 11747 AND
2 1 6 120 11748 AND
2 1 7 120 11749 AND
2 1 11707 11742 11750 XOR
2 1 11707 11742 11751 AND
2 1 11712 11751 11752 XOR
2 1 11743 11751 11753 XOR
2 1 11712 11753 11754 XOR
2 1 11752 11753 11755 AND
2 1 11751 11755 11756 XOR
2 1 11717 11756 11757 XOR
2 1 11744 11756 11758 XOR
2 1 11717 11758 11759 XOR
2 1 11757 11758 11760 AND
2 1 11756 11760 11761 XOR
2 1 11722 11761 11762 XOR
2 1 11745 11761 11763 XOR
2 1 11722 11763 11764 XOR
2 1 11762 11763 11765 AND
2 1 11761 11765 11766 XOR
2 1 11727 11766 11767 XOR
2 1 11746 11766 11768 XOR
2 1 11727 11768 11769 XOR
2 1 11767 11768 11770 AND
2 1 11766 11770 11771 XOR
2 1 11732 11771 11772 XOR
2 1 11747 11771 11773 XOR
2 1 11732 11773 11774 XOR
2 1 11772 11773 11775 AND
2 1 11771 11775 11776 XOR
2 1 11737 11776 11777 XOR
2 1 11748 11776 11778 XOR
2 1 11737 11778 11779 XOR
2 1 11777 11778 11780 AND
2 1 11776 11780 11781 XOR
2 1 11781 11749 11782 XOR
2 1 11782 11741 11783 XOR
2 1 0 121 11784 AND
2 1 1 121 11785 AND
2 1 2 121 11786 AND
2 1 3 121 11787 AND
2 1 4 121 11788 AND
2 1 5 121 11789 AND
2 1 6 121 11790 AND
2 1 11754 11784 11791 XOR
2 1 11754 11784 11792 AND
2 1 11759 11792 11793 XOR
2 1 11785 11792 11794 XOR
2 1 11759 11794 11795 XOR
2 1 11793 11794 11796 AND
2 1 11792 11796 11797 XOR
2 1 11764 11797 11798 XOR
2 1 11786 11797 11799 XOR
2 1 11764 11799 11800 XOR
2 1 11798 11799 11801 AND
2 1 11797 11801 11802 XOR
2 1 11769 11802 11803 XOR
2 1 11787 11802 11804 XOR
2 1 11769 11804 11805 XOR
2 1 11803 11804 11806 AND
2 1 11802 11806 11807 XOR
2 1 11774 11807 11808 XOR
2 1 11788 11807 11809 XOR
2 1 11774 11809 11810 XOR
2 1 11808 11809 11811 AND
2 1 11807 11811 11812 XOR
2 1 11779 11812 11813 XOR
2 1 11789 11812 11814 XOR
2 1 11779 11814 11815 XOR
2 1 11813 11814 11816 AND
2 1 11812 11816 11817 XOR
2 1 11817 11790 11818 XOR
2 1 11818 11783 11819 XOR
2 1 0 122 11820 AND
2 1 1 122 11821 AND
2 1 2 122 11822 AND
2 1 3 122 11823 AND
2 1 4 122 11824 AND
2 1 5 122 11825 AND
2 1 11795 11820 11826 XOR
2 1 11795 11820 11827 AND
2 1 11800 11827 11828 XOR
2 1 11821 11827 11829 XOR
2 1 11800 11829 11830 XOR
2 1 11828 11829 11831 AND
2 1 11827 11831 11832 XOR
2 1 11805 11832 11833 XOR
2 1 11822 11832 11834 XOR
2 1 11805 11834 11835 XOR
2 1 11833 11834 11836 AND
2 1 11832 11836 11837 XOR
2 1 11810 11837 11838 XOR
2 1 11823 11837 11839 XOR
2 1 11810 11839 11840 XOR
2 1 11838 11839 11841 AND
2 1 11837 11841 11842 XOR
2 1 11815 11842 11843 XOR
2 1 11824 11842 11844 XOR
2 1 11815 11844 11845 XOR
2 1 11843 11844 11846 AND
2 1 11842 11846 11847 XOR
2 1 11847 11825 11848 XOR
2 1 11848 11819 11849 XOR
2 1 0 123 11850 AND
2 1 1 123 11851 AND
2 1 2 123 11852 AND
2 1 3 123 11853 AND
2 1 4 123 11854 AND
2 1 11830 11850 11855 XOR
2 1 11830 11850 11856 AND
2 1 11835 11856 11857 XOR
2 1 11851 11856 11858 XOR
2 1 11835 11858 11859 XOR
2 1 11857 11858 11860 AND
2 1 11856 11860 11861 XOR
2 1 11840 11861 11862 XOR
2 1 11852 11861 11863 XOR
2 1 11840 11863 11864 XOR
2 1 11862 11863 11865 AND
2 1 11861 11865 11866 XOR
2 1 11845 11866 11867 XOR
2 1 11853 11866 11868 XOR
2 1 11845 11868 11869 XOR
2 1 11867 11868 11870 AND
2 1 11866 11870 11871 XOR
2 1 11871 11854 11872 XOR
2 1 11872 11849 11873 XOR
2 1 0 124 11874 AND
2 1 1 124 11875 AND
2 1 2 124 11876 AND
2 1 3 124 11877 AND
2 1 11859 11874 11878 XOR
2 1 11859 11874 11879 AND
2 1 11864 11879 11880 XOR
2 1 11875 11879 11881 XOR
2 1 11864 11881 11882 XOR
2 1 11880 11881 11883 AND
2 1 11879 11883 11884 XOR
2 1 11869 11884 11885 XOR
2 1 11876 11884 11886 XOR
2 1 11869 11886 11887 XOR
2 1 11885 11886 11888 AND
2 1 11884 11888 11889 XOR
2 1 11889 11877 11890 XOR
2 1 11890 11873 11891 XOR
2 1 0 125 11892 AND
2 1 1 125 11893 AND
2 1 2 125 11894 AND
2 1 11882 11892 11895 XOR
2 1 11882 11892 11896 AND
2 1 11887 11896 11897 XOR
2 1 11893 11896 11898 XOR
2 1 11887 11898 11899 XOR
2 1 11897 11898 11900 AND
2 1 11896 11900 11901 XOR
2 1 11901 11894 11902 XOR
2 1 11902 11891 11903 XOR
2 1 0 126 11904 AND
2 1 1 126 11905 AND
2 1 11899 11904 11906 XOR
2 1 11899 11904 11907 AND
2 1 11907 11905 11908 XOR
2 1 11908 11903 11909 XOR
2 1 0 127 11910 AND
2 1 11910 11909 11911 XOR
2 1 0 0 11912 XOR
2 1 11912 128 11913 XOR
2 1 11912 255 11914 XOR
2 1 11912 626 11915 XOR
2 1 11912 991 11916 XOR
2 1 11912 1350 11917 XOR
2 1 11912 1703 11918 XOR
2 1 11912 2050 11919 XOR
2 1 11912 2391 11920 XOR
2 1 11912 2726 11921 XOR
2 1 11912 3055 11922 XOR
2 1 11912 3378 11923 XOR
2 1 11912 3695 11924 XOR
2 1 11912 4006 11925 XOR
2 1 11912 4311 11926 XOR
2 1 11912 4610 11927 XOR
2 1 11912 4903 11928 XOR
2 1 11912 5190 11929 XOR
2 1 11912 5471 11930 XOR
2 1 11912 5746 11931 XOR
2 1 11912 6015 11932 XOR
2 1 11912 6278 11933 XOR
2 1 11912 6535 11934 XOR
2 1 11912 6786 11935 XOR
2 1 11912 7031 11936 XOR
2 1 11912 7270 11937 XOR
2 1 11912 7503 11938 XOR
2 1 11912 7730 11939 XOR
2 1 11912 7951 11940 XOR
2 1 11912 8166 11941 XOR
2 1 11912 8375 11942 XOR
2 1 11912 8578 11943 XOR
2 1 11912 8775 11944 XOR
2 1 11912 8966 11945 XOR
2 1 11912 9151 11946 XOR
2 1 11912 9330 11947 XOR
2 1 11912 9503 11948 XOR
2 1 11912 9670 11949 XOR
2 1 11912 9831 11950 XOR
2 1 11912 9986 11951 XOR
2 1 11912 10135 11952 XOR
2 1 11912 10278 11953 XOR
2 1 11912 10415 11954 XOR
2 1 11912 10546 11955 XOR
2 1 11912 10671 11956 XOR
2 1 11912 10790 11957 XOR
2 1 11912 10903 11958 XOR
2 1 11912 11010 11959 XOR
2 1 11912 11111 11960 XOR
2 1 11912 11206 11961 XOR
2 1 11912 11295 11962 XOR
2 1 11912 11378 11963 XOR
2 1 11912 11455 11964 XOR
2 1 11912 11526 11965 XOR
2 1 11912 11591 11966 XOR
2 1 11912 11650 11967 XOR
2 1 11912 11703 11968 XOR
2 1 11912 11750 11969 XOR
2 1 11912 11791 11970 XOR
2 1 11912 11826 11971 XOR
2 1 11912 11855 11972 XOR
2 1 11912 11878 11973 XOR
2 1 11912 11895 11974 XOR
2 1 11912 11906 11975 XOR
2 1 11912 11911 11976 XOR
