17899 18027
64 64 64
                                                                                                                                                                                   
2 1 0 63 128 XOR
2 1 0 63 129 AND
2 1 1 129 130 XOR
2 1 63 129 131 XOR
2 1 1 131 132 XOR
2 1 130 131 133 AND
2 1 129 133 134 XOR
2 1 2 134 135 XOR
2 1 63 134 136 XOR
2 1 2 136 137 XOR
2 1 135 136 138 AND
2 1 134 138 139 XOR
2 1 3 139 140 XOR
2 1 63 139 141 XOR
2 1 3 141 142 XOR
2 1 140 141 143 AND
2 1 139 143 144 XOR
2 1 4 144 145 XOR
2 1 63 144 146 XOR
2 1 4 146 147 XOR
2 1 145 146 148 AND
2 1 144 148 149 XOR
2 1 5 149 150 XOR
2 1 63 149 151 XOR
2 1 5 151 152 XOR
2 1 150 151 153 AND
2 1 149 153 154 XOR
2 1 6 154 155 XOR
2 1 63 154 156 XOR
2 1 6 156 157 XOR
2 1 155 156 158 AND
2 1 154 158 159 XOR
2 1 7 159 160 XOR
2 1 63 159 161 XOR
2 1 7 161 162 XOR
2 1 160 161 163 AND
2 1 159 163 164 XOR
2 1 8 164 165 XOR
2 1 63 164 166 XOR
2 1 8 166 167 XOR
2 1 165 166 168 AND
2 1 164 168 169 XOR
2 1 9 169 170 XOR
2 1 63 169 171 XOR
2 1 9 171 172 XOR
2 1 170 171 173 AND
2 1 169 173 174 XOR
2 1 10 174 175 XOR
2 1 63 174 176 XOR
2 1 10 176 177 XOR
2 1 175 176 178 AND
2 1 174 178 179 XOR
2 1 11 179 180 XOR
2 1 63 179 181 XOR
2 1 11 181 182 XOR
2 1 180 181 183 AND
2 1 179 183 184 XOR
2 1 12 184 185 XOR
2 1 63 184 186 XOR
2 1 12 186 187 XOR
2 1 185 186 188 AND
2 1 184 188 189 XOR
2 1 13 189 190 XOR
2 1 63 189 191 XOR
2 1 13 191 192 XOR
2 1 190 191 193 AND
2 1 189 193 194 XOR
2 1 14 194 195 XOR
2 1 63 194 196 XOR
2 1 14 196 197 XOR
2 1 195 196 198 AND
2 1 194 198 199 XOR
2 1 15 199 200 XOR
2 1 63 199 201 XOR
2 1 15 201 202 XOR
2 1 200 201 203 AND
2 1 199 203 204 XOR
2 1 16 204 205 XOR
2 1 63 204 206 XOR
2 1 16 206 207 XOR
2 1 205 206 208 AND
2 1 204 208 209 XOR
2 1 17 209 210 XOR
2 1 63 209 211 XOR
2 1 17 211 212 XOR
2 1 210 211 213 AND
2 1 209 213 214 XOR
2 1 18 214 215 XOR
2 1 63 214 216 XOR
2 1 18 216 217 XOR
2 1 215 216 218 AND
2 1 214 218 219 XOR
2 1 19 219 220 XOR
2 1 63 219 221 XOR
2 1 19 221 222 XOR
2 1 220 221 223 AND
2 1 219 223 224 XOR
2 1 20 224 225 XOR
2 1 63 224 226 XOR
2 1 20 226 227 XOR
2 1 225 226 228 AND
2 1 224 228 229 XOR
2 1 21 229 230 XOR
2 1 63 229 231 XOR
2 1 21 231 232 XOR
2 1 230 231 233 AND
2 1 229 233 234 XOR
2 1 22 234 235 XOR
2 1 63 234 236 XOR
2 1 22 236 237 XOR
2 1 235 236 238 AND
2 1 234 238 239 XOR
2 1 23 239 240 XOR
2 1 63 239 241 XOR
2 1 23 241 242 XOR
2 1 240 241 243 AND
2 1 239 243 244 XOR
2 1 24 244 245 XOR
2 1 63 244 246 XOR
2 1 24 246 247 XOR
2 1 245 246 248 AND
2 1 244 248 249 XOR
2 1 25 249 250 XOR
2 1 63 249 251 XOR
2 1 25 251 252 XOR
2 1 250 251 253 AND
2 1 249 253 254 XOR
2 1 26 254 255 XOR
2 1 63 254 256 XOR
2 1 26 256 257 XOR
2 1 255 256 258 AND
2 1 254 258 259 XOR
2 1 27 259 260 XOR
2 1 63 259 261 XOR
2 1 27 261 262 XOR
2 1 260 261 263 AND
2 1 259 263 264 XOR
2 1 28 264 265 XOR
2 1 63 264 266 XOR
2 1 28 266 267 XOR
2 1 265 266 268 AND
2 1 264 268 269 XOR
2 1 29 269 270 XOR
2 1 63 269 271 XOR
2 1 29 271 272 XOR
2 1 270 271 273 AND
2 1 269 273 274 XOR
2 1 30 274 275 XOR
2 1 63 274 276 XOR
2 1 30 276 277 XOR
2 1 275 276 278 AND
2 1 274 278 279 XOR
2 1 31 279 280 XOR
2 1 63 279 281 XOR
2 1 31 281 282 XOR
2 1 280 281 283 AND
2 1 279 283 284 XOR
2 1 32 284 285 XOR
2 1 63 284 286 XOR
2 1 32 286 287 XOR
2 1 285 286 288 AND
2 1 284 288 289 XOR
2 1 33 289 290 XOR
2 1 63 289 291 XOR
2 1 33 291 292 XOR
2 1 290 291 293 AND
2 1 289 293 294 XOR
2 1 34 294 295 XOR
2 1 63 294 296 XOR
2 1 34 296 297 XOR
2 1 295 296 298 AND
2 1 294 298 299 XOR
2 1 35 299 300 XOR
2 1 63 299 301 XOR
2 1 35 301 302 XOR
2 1 300 301 303 AND
2 1 299 303 304 XOR
2 1 36 304 305 XOR
2 1 63 304 306 XOR
2 1 36 306 307 XOR
2 1 305 306 308 AND
2 1 304 308 309 XOR
2 1 37 309 310 XOR
2 1 63 309 311 XOR
2 1 37 311 312 XOR
2 1 310 311 313 AND
2 1 309 313 314 XOR
2 1 38 314 315 XOR
2 1 63 314 316 XOR
2 1 38 316 317 XOR
2 1 315 316 318 AND
2 1 314 318 319 XOR
2 1 39 319 320 XOR
2 1 63 319 321 XOR
2 1 39 321 322 XOR
2 1 320 321 323 AND
2 1 319 323 324 XOR
2 1 40 324 325 XOR
2 1 63 324 326 XOR
2 1 40 326 327 XOR
2 1 325 326 328 AND
2 1 324 328 329 XOR
2 1 41 329 330 XOR
2 1 63 329 331 XOR
2 1 41 331 332 XOR
2 1 330 331 333 AND
2 1 329 333 334 XOR
2 1 42 334 335 XOR
2 1 63 334 336 XOR
2 1 42 336 337 XOR
2 1 335 336 338 AND
2 1 334 338 339 XOR
2 1 43 339 340 XOR
2 1 63 339 341 XOR
2 1 43 341 342 XOR
2 1 340 341 343 AND
2 1 339 343 344 XOR
2 1 44 344 345 XOR
2 1 63 344 346 XOR
2 1 44 346 347 XOR
2 1 345 346 348 AND
2 1 344 348 349 XOR
2 1 45 349 350 XOR
2 1 63 349 351 XOR
2 1 45 351 352 XOR
2 1 350 351 353 AND
2 1 349 353 354 XOR
2 1 46 354 355 XOR
2 1 63 354 356 XOR
2 1 46 356 357 XOR
2 1 355 356 358 AND
2 1 354 358 359 XOR
2 1 47 359 360 XOR
2 1 63 359 361 XOR
2 1 47 361 362 XOR
2 1 360 361 363 AND
2 1 359 363 364 XOR
2 1 48 364 365 XOR
2 1 63 364 366 XOR
2 1 48 366 367 XOR
2 1 365 366 368 AND
2 1 364 368 369 XOR
2 1 49 369 370 XOR
2 1 63 369 371 XOR
2 1 49 371 372 XOR
2 1 370 371 373 AND
2 1 369 373 374 XOR
2 1 50 374 375 XOR
2 1 63 374 376 XOR
2 1 50 376 377 XOR
2 1 375 376 378 AND
2 1 374 378 379 XOR
2 1 51 379 380 XOR
2 1 63 379 381 XOR
2 1 51 381 382 XOR
2 1 380 381 383 AND
2 1 379 383 384 XOR
2 1 52 384 385 XOR
2 1 63 384 386 XOR
2 1 52 386 387 XOR
2 1 385 386 388 AND
2 1 384 388 389 XOR
2 1 53 389 390 XOR
2 1 63 389 391 XOR
2 1 53 391 392 XOR
2 1 390 391 393 AND
2 1 389 393 394 XOR
2 1 54 394 395 XOR
2 1 63 394 396 XOR
2 1 54 396 397 XOR
2 1 395 396 398 AND
2 1 394 398 399 XOR
2 1 55 399 400 XOR
2 1 63 399 401 XOR
2 1 55 401 402 XOR
2 1 400 401 403 AND
2 1 399 403 404 XOR
2 1 56 404 405 XOR
2 1 63 404 406 XOR
2 1 56 406 407 XOR
2 1 405 406 408 AND
2 1 404 408 409 XOR
2 1 57 409 410 XOR
2 1 63 409 411 XOR
2 1 57 411 412 XOR
2 1 410 411 413 AND
2 1 409 413 414 XOR
2 1 58 414 415 XOR
2 1 63 414 416 XOR
2 1 58 416 417 XOR
2 1 415 416 418 AND
2 1 414 418 419 XOR
2 1 59 419 420 XOR
2 1 63 419 421 XOR
2 1 59 421 422 XOR
2 1 420 421 423 AND
2 1 419 423 424 XOR
2 1 60 424 425 XOR
2 1 63 424 426 XOR
2 1 60 426 427 XOR
2 1 425 426 428 AND
2 1 424 428 429 XOR
2 1 61 429 430 XOR
2 1 63 429 431 XOR
2 1 61 431 432 XOR
2 1 430 431 433 AND
2 1 429 433 434 XOR
2 1 62 434 435 XOR
2 1 63 434 436 XOR
2 1 62 436 437 XOR
2 1 435 436 438 AND
2 1 434 438 439 XOR
2 1 439 63 440 XOR
2 1 440 63 441 XOR
2 1 128 63 442 XOR
2 1 132 63 443 XOR
2 1 137 63 444 XOR
2 1 142 63 445 XOR
2 1 147 63 446 XOR
2 1 152 63 447 XOR
2 1 157 63 448 XOR
2 1 162 63 449 XOR
2 1 167 63 450 XOR
2 1 172 63 451 XOR
2 1 177 63 452 XOR
2 1 182 63 453 XOR
2 1 187 63 454 XOR
2 1 192 63 455 XOR
2 1 197 63 456 XOR
2 1 202 63 457 XOR
2 1 207 63 458 XOR
2 1 212 63 459 XOR
2 1 217 63 460 XOR
2 1 222 63 461 XOR
2 1 227 63 462 XOR
2 1 232 63 463 XOR
2 1 237 63 464 XOR
2 1 242 63 465 XOR
2 1 247 63 466 XOR
2 1 252 63 467 XOR
2 1 257 63 468 XOR
2 1 262 63 469 XOR
2 1 267 63 470 XOR
2 1 272 63 471 XOR
2 1 277 63 472 XOR
2 1 282 63 473 XOR
2 1 287 63 474 XOR
2 1 292 63 475 XOR
2 1 297 63 476 XOR
2 1 302 63 477 XOR
2 1 307 63 478 XOR
2 1 312 63 479 XOR
2 1 317 63 480 XOR
2 1 322 63 481 XOR
2 1 327 63 482 XOR
2 1 332 63 483 XOR
2 1 337 63 484 XOR
2 1 342 63 485 XOR
2 1 347 63 486 XOR
2 1 352 63 487 XOR
2 1 357 63 488 XOR
2 1 362 63 489 XOR
2 1 367 63 490 XOR
2 1 372 63 491 XOR
2 1 377 63 492 XOR
2 1 382 63 493 XOR
2 1 387 63 494 XOR
2 1 392 63 495 XOR
2 1 397 63 496 XOR
2 1 402 63 497 XOR
2 1 407 63 498 XOR
2 1 412 63 499 XOR
2 1 417 63 500 XOR
2 1 422 63 501 XOR
2 1 427 63 502 XOR
2 1 432 63 503 XOR
2 1 437 63 504 XOR
2 1 441 63 505 XOR
2 1 64 127 506 XOR
2 1 64 127 507 AND
2 1 65 507 508 XOR
2 1 127 507 509 XOR
2 1 65 509 510 XOR
2 1 508 509 511 AND
2 1 507 511 512 XOR
2 1 66 512 513 XOR
2 1 127 512 514 XOR
2 1 66 514 515 XOR
2 1 513 514 516 AND
2 1 512 516 517 XOR
2 1 67 517 518 XOR
2 1 127 517 519 XOR
2 1 67 519 520 XOR
2 1 518 519 521 AND
2 1 517 521 522 XOR
2 1 68 522 523 XOR
2 1 127 522 524 XOR
2 1 68 524 525 XOR
2 1 523 524 526 AND
2 1 522 526 527 XOR
2 1 69 527 528 XOR
2 1 127 527 529 XOR
2 1 69 529 530 XOR
2 1 528 529 531 AND
2 1 527 531 532 XOR
2 1 70 532 533 XOR
2 1 127 532 534 XOR
2 1 70 534 535 XOR
2 1 533 534 536 AND
2 1 532 536 537 XOR
2 1 71 537 538 XOR
2 1 127 537 539 XOR
2 1 71 539 540 XOR
2 1 538 539 541 AND
2 1 537 541 542 XOR
2 1 72 542 543 XOR
2 1 127 542 544 XOR
2 1 72 544 545 XOR
2 1 543 544 546 AND
2 1 542 546 547 XOR
2 1 73 547 548 XOR
2 1 127 547 549 XOR
2 1 73 549 550 XOR
2 1 548 549 551 AND
2 1 547 551 552 XOR
2 1 74 552 553 XOR
2 1 127 552 554 XOR
2 1 74 554 555 XOR
2 1 553 554 556 AND
2 1 552 556 557 XOR
2 1 75 557 558 XOR
2 1 127 557 559 XOR
2 1 75 559 560 XOR
2 1 558 559 561 AND
2 1 557 561 562 XOR
2 1 76 562 563 XOR
2 1 127 562 564 XOR
2 1 76 564 565 XOR
2 1 563 564 566 AND
2 1 562 566 567 XOR
2 1 77 567 568 XOR
2 1 127 567 569 XOR
2 1 77 569 570 XOR
2 1 568 569 571 AND
2 1 567 571 572 XOR
2 1 78 572 573 XOR
2 1 127 572 574 XOR
2 1 78 574 575 XOR
2 1 573 574 576 AND
2 1 572 576 577 XOR
2 1 79 577 578 XOR
2 1 127 577 579 XOR
2 1 79 579 580 XOR
2 1 578 579 581 AND
2 1 577 581 582 XOR
2 1 80 582 583 XOR
2 1 127 582 584 XOR
2 1 80 584 585 XOR
2 1 583 584 586 AND
2 1 582 586 587 XOR
2 1 81 587 588 XOR
2 1 127 587 589 XOR
2 1 81 589 590 XOR
2 1 588 589 591 AND
2 1 587 591 592 XOR
2 1 82 592 593 XOR
2 1 127 592 594 XOR
2 1 82 594 595 XOR
2 1 593 594 596 AND
2 1 592 596 597 XOR
2 1 83 597 598 XOR
2 1 127 597 599 XOR
2 1 83 599 600 XOR
2 1 598 599 601 AND
2 1 597 601 602 XOR
2 1 84 602 603 XOR
2 1 127 602 604 XOR
2 1 84 604 605 XOR
2 1 603 604 606 AND
2 1 602 606 607 XOR
2 1 85 607 608 XOR
2 1 127 607 609 XOR
2 1 85 609 610 XOR
2 1 608 609 611 AND
2 1 607 611 612 XOR
2 1 86 612 613 XOR
2 1 127 612 614 XOR
2 1 86 614 615 XOR
2 1 613 614 616 AND
2 1 612 616 617 XOR
2 1 87 617 618 XOR
2 1 127 617 619 XOR
2 1 87 619 620 XOR
2 1 618 619 621 AND
2 1 617 621 622 XOR
2 1 88 622 623 XOR
2 1 127 622 624 XOR
2 1 88 624 625 XOR
2 1 623 624 626 AND
2 1 622 626 627 XOR
2 1 89 627 628 XOR
2 1 127 627 629 XOR
2 1 89 629 630 XOR
2 1 628 629 631 AND
2 1 627 631 632 XOR
2 1 90 632 633 XOR
2 1 127 632 634 XOR
2 1 90 634 635 XOR
2 1 633 634 636 AND
2 1 632 636 637 XOR
2 1 91 637 638 XOR
2 1 127 637 639 XOR
2 1 91 639 640 XOR
2 1 638 639 641 AND
2 1 637 641 642 XOR
2 1 92 642 643 XOR
2 1 127 642 644 XOR
2 1 92 644 645 XOR
2 1 643 644 646 AND
2 1 642 646 647 XOR
2 1 93 647 648 XOR
2 1 127 647 649 XOR
2 1 93 649 650 XOR
2 1 648 649 651 AND
2 1 647 651 652 XOR
2 1 94 652 653 XOR
2 1 127 652 654 XOR
2 1 94 654 655 XOR
2 1 653 654 656 AND
2 1 652 656 657 XOR
2 1 95 657 658 XOR
2 1 127 657 659 XOR
2 1 95 659 660 XOR
2 1 658 659 661 AND
2 1 657 661 662 XOR
2 1 96 662 663 XOR
2 1 127 662 664 XOR
2 1 96 664 665 XOR
2 1 663 664 666 AND
2 1 662 666 667 XOR
2 1 97 667 668 XOR
2 1 127 667 669 XOR
2 1 97 669 670 XOR
2 1 668 669 671 AND
2 1 667 671 672 XOR
2 1 98 672 673 XOR
2 1 127 672 674 XOR
2 1 98 674 675 XOR
2 1 673 674 676 AND
2 1 672 676 677 XOR
2 1 99 677 678 XOR
2 1 127 677 679 XOR
2 1 99 679 680 XOR
2 1 678 679 681 AND
2 1 677 681 682 XOR
2 1 100 682 683 XOR
2 1 127 682 684 XOR
2 1 100 684 685 XOR
2 1 683 684 686 AND
2 1 682 686 687 XOR
2 1 101 687 688 XOR
2 1 127 687 689 XOR
2 1 101 689 690 XOR
2 1 688 689 691 AND
2 1 687 691 692 XOR
2 1 102 692 693 XOR
2 1 127 692 694 XOR
2 1 102 694 695 XOR
2 1 693 694 696 AND
2 1 692 696 697 XOR
2 1 103 697 698 XOR
2 1 127 697 699 XOR
2 1 103 699 700 XOR
2 1 698 699 701 AND
2 1 697 701 702 XOR
2 1 104 702 703 XOR
2 1 127 702 704 XOR
2 1 104 704 705 XOR
2 1 703 704 706 AND
2 1 702 706 707 XOR
2 1 105 707 708 XOR
2 1 127 707 709 XOR
2 1 105 709 710 XOR
2 1 708 709 711 AND
2 1 707 711 712 XOR
2 1 106 712 713 XOR
2 1 127 712 714 XOR
2 1 106 714 715 XOR
2 1 713 714 716 AND
2 1 712 716 717 XOR
2 1 107 717 718 XOR
2 1 127 717 719 XOR
2 1 107 719 720 XOR
2 1 718 719 721 AND
2 1 717 721 722 XOR
2 1 108 722 723 XOR
2 1 127 722 724 XOR
2 1 108 724 725 XOR
2 1 723 724 726 AND
2 1 722 726 727 XOR
2 1 109 727 728 XOR
2 1 127 727 729 XOR
2 1 109 729 730 XOR
2 1 728 729 731 AND
2 1 727 731 732 XOR
2 1 110 732 733 XOR
2 1 127 732 734 XOR
2 1 110 734 735 XOR
2 1 733 734 736 AND
2 1 732 736 737 XOR
2 1 111 737 738 XOR
2 1 127 737 739 XOR
2 1 111 739 740 XOR
2 1 738 739 741 AND
2 1 737 741 742 XOR
2 1 112 742 743 XOR
2 1 127 742 744 XOR
2 1 112 744 745 XOR
2 1 743 744 746 AND
2 1 742 746 747 XOR
2 1 113 747 748 XOR
2 1 127 747 749 XOR
2 1 113 749 750 XOR
2 1 748 749 751 AND
2 1 747 751 752 XOR
2 1 114 752 753 XOR
2 1 127 752 754 XOR
2 1 114 754 755 XOR
2 1 753 754 756 AND
2 1 752 756 757 XOR
2 1 115 757 758 XOR
2 1 127 757 759 XOR
2 1 115 759 760 XOR
2 1 758 759 761 AND
2 1 757 761 762 XOR
2 1 116 762 763 XOR
2 1 127 762 764 XOR
2 1 116 764 765 XOR
2 1 763 764 766 AND
2 1 762 766 767 XOR
2 1 117 767 768 XOR
2 1 127 767 769 XOR
2 1 117 769 770 XOR
2 1 768 769 771 AND
2 1 767 771 772 XOR
2 1 118 772 773 XOR
2 1 127 772 774 XOR
2 1 118 774 775 XOR
2 1 773 774 776 AND
2 1 772 776 777 XOR
2 1 119 777 778 XOR
2 1 127 777 779 XOR
2 1 119 779 780 XOR
2 1 778 779 781 AND
2 1 777 781 782 XOR
2 1 120 782 783 XOR
2 1 127 782 784 XOR
2 1 120 784 785 XOR
2 1 783 784 786 AND
2 1 782 786 787 XOR
2 1 121 787 788 XOR
2 1 127 787 789 XOR
2 1 121 789 790 XOR
2 1 788 789 791 AND
2 1 787 791 792 XOR
2 1 122 792 793 XOR
2 1 127 792 794 XOR
2 1 122 794 795 XOR
2 1 793 794 796 AND
2 1 792 796 797 XOR
2 1 123 797 798 XOR
2 1 127 797 799 XOR
2 1 123 799 800 XOR
2 1 798 799 801 AND
2 1 797 801 802 XOR
2 1 124 802 803 XOR
2 1 127 802 804 XOR
2 1 124 804 805 XOR
2 1 803 804 806 AND
2 1 802 806 807 XOR
2 1 125 807 808 XOR
2 1 127 807 809 XOR
2 1 125 809 810 XOR
2 1 808 809 811 AND
2 1 807 811 812 XOR
2 1 126 812 813 XOR
2 1 127 812 814 XOR
2 1 126 814 815 XOR
2 1 813 814 816 AND
2 1 812 816 817 XOR
2 1 817 127 818 XOR
2 1 818 127 819 XOR
2 1 506 127 820 XOR
2 1 510 127 821 XOR
2 1 515 127 822 XOR
2 1 520 127 823 XOR
2 1 525 127 824 XOR
2 1 530 127 825 XOR
2 1 535 127 826 XOR
2 1 540 127 827 XOR
2 1 545 127 828 XOR
2 1 550 127 829 XOR
2 1 555 127 830 XOR
2 1 560 127 831 XOR
2 1 565 127 832 XOR
2 1 570 127 833 XOR
2 1 575 127 834 XOR
2 1 580 127 835 XOR
2 1 585 127 836 XOR
2 1 590 127 837 XOR
2 1 595 127 838 XOR
2 1 600 127 839 XOR
2 1 605 127 840 XOR
2 1 610 127 841 XOR
2 1 615 127 842 XOR
2 1 620 127 843 XOR
2 1 625 127 844 XOR
2 1 630 127 845 XOR
2 1 635 127 846 XOR
2 1 640 127 847 XOR
2 1 645 127 848 XOR
2 1 650 127 849 XOR
2 1 655 127 850 XOR
2 1 660 127 851 XOR
2 1 665 127 852 XOR
2 1 670 127 853 XOR
2 1 675 127 854 XOR
2 1 680 127 855 XOR
2 1 685 127 856 XOR
2 1 690 127 857 XOR
2 1 695 127 858 XOR
2 1 700 127 859 XOR
2 1 705 127 860 XOR
2 1 710 127 861 XOR
2 1 715 127 862 XOR
2 1 720 127 863 XOR
2 1 725 127 864 XOR
2 1 730 127 865 XOR
2 1 735 127 866 XOR
2 1 740 127 867 XOR
2 1 745 127 868 XOR
2 1 750 127 869 XOR
2 1 755 127 870 XOR
2 1 760 127 871 XOR
2 1 765 127 872 XOR
2 1 770 127 873 XOR
2 1 775 127 874 XOR
2 1 780 127 875 XOR
2 1 785 127 876 XOR
2 1 790 127 877 XOR
2 1 795 127 878 XOR
2 1 800 127 879 XOR
2 1 805 127 880 XOR
2 1 810 127 881 XOR
2 1 815 127 882 XOR
2 1 819 127 883 XOR
2 1 883 882 884 XOR
2 1 883 882 885 AND
2 1 884 885 886 XOR
2 1 886 881 887 XOR
2 1 886 881 888 AND
2 1 887 888 889 XOR
2 1 889 880 890 XOR
2 1 889 880 891 AND
2 1 890 891 892 XOR
2 1 892 879 893 XOR
2 1 892 879 894 AND
2 1 893 894 895 XOR
2 1 895 878 896 XOR
2 1 895 878 897 AND
2 1 896 897 898 XOR
2 1 898 877 899 XOR
2 1 898 877 900 AND
2 1 899 900 901 XOR
2 1 901 876 902 XOR
2 1 901 876 903 AND
2 1 902 903 904 XOR
2 1 904 875 905 XOR
2 1 904 875 906 AND
2 1 905 906 907 XOR
2 1 907 874 908 XOR
2 1 907 874 909 AND
2 1 908 909 910 XOR
2 1 910 873 911 XOR
2 1 910 873 912 AND
2 1 911 912 913 XOR
2 1 913 872 914 XOR
2 1 913 872 915 AND
2 1 914 915 916 XOR
2 1 916 871 917 XOR
2 1 916 871 918 AND
2 1 917 918 919 XOR
2 1 919 870 920 XOR
2 1 919 870 921 AND
2 1 920 921 922 XOR
2 1 922 869 923 XOR
2 1 922 869 924 AND
2 1 923 924 925 XOR
2 1 925 868 926 XOR
2 1 925 868 927 AND
2 1 926 927 928 XOR
2 1 928 867 929 XOR
2 1 928 867 930 AND
2 1 929 930 931 XOR
2 1 931 866 932 XOR
2 1 931 866 933 AND
2 1 932 933 934 XOR
2 1 934 865 935 XOR
2 1 934 865 936 AND
2 1 935 936 937 XOR
2 1 937 864 938 XOR
2 1 937 864 939 AND
2 1 938 939 940 XOR
2 1 940 863 941 XOR
2 1 940 863 942 AND
2 1 941 942 943 XOR
2 1 943 862 944 XOR
2 1 943 862 945 AND
2 1 944 945 946 XOR
2 1 946 861 947 XOR
2 1 946 861 948 AND
2 1 947 948 949 XOR
2 1 949 860 950 XOR
2 1 949 860 951 AND
2 1 950 951 952 XOR
2 1 952 859 953 XOR
2 1 952 859 954 AND
2 1 953 954 955 XOR
2 1 955 858 956 XOR
2 1 955 858 957 AND
2 1 956 957 958 XOR
2 1 958 857 959 XOR
2 1 958 857 960 AND
2 1 959 960 961 XOR
2 1 961 856 962 XOR
2 1 961 856 963 AND
2 1 962 963 964 XOR
2 1 964 855 965 XOR
2 1 964 855 966 AND
2 1 965 966 967 XOR
2 1 967 854 968 XOR
2 1 967 854 969 AND
2 1 968 969 970 XOR
2 1 970 853 971 XOR
2 1 970 853 972 AND
2 1 971 972 973 XOR
2 1 973 852 974 XOR
2 1 973 852 975 AND
2 1 974 975 976 XOR
2 1 976 851 977 XOR
2 1 976 851 978 AND
2 1 977 978 979 XOR
2 1 979 850 980 XOR
2 1 979 850 981 AND
2 1 980 981 982 XOR
2 1 982 849 983 XOR
2 1 982 849 984 AND
2 1 983 984 985 XOR
2 1 985 848 986 XOR
2 1 985 848 987 AND
2 1 986 987 988 XOR
2 1 988 847 989 XOR
2 1 988 847 990 AND
2 1 989 990 991 XOR
2 1 991 846 992 XOR
2 1 991 846 993 AND
2 1 992 993 994 XOR
2 1 994 845 995 XOR
2 1 994 845 996 AND
2 1 995 996 997 XOR
2 1 997 844 998 XOR
2 1 997 844 999 AND
2 1 998 999 1000 XOR
2 1 1000 843 1001 XOR
2 1 1000 843 1002 AND
2 1 1001 1002 1003 XOR
2 1 1003 842 1004 XOR
2 1 1003 842 1005 AND
2 1 1004 1005 1006 XOR
2 1 1006 841 1007 XOR
2 1 1006 841 1008 AND
2 1 1007 1008 1009 XOR
2 1 1009 840 1010 XOR
2 1 1009 840 1011 AND
2 1 1010 1011 1012 XOR
2 1 1012 839 1013 XOR
2 1 1012 839 1014 AND
2 1 1013 1014 1015 XOR
2 1 1015 838 1016 XOR
2 1 1015 838 1017 AND
2 1 1016 1017 1018 XOR
2 1 1018 837 1019 XOR
2 1 1018 837 1020 AND
2 1 1019 1020 1021 XOR
2 1 1021 836 1022 XOR
2 1 1021 836 1023 AND
2 1 1022 1023 1024 XOR
2 1 1024 835 1025 XOR
2 1 1024 835 1026 AND
2 1 1025 1026 1027 XOR
2 1 1027 834 1028 XOR
2 1 1027 834 1029 AND
2 1 1028 1029 1030 XOR
2 1 1030 833 1031 XOR
2 1 1030 833 1032 AND
2 1 1031 1032 1033 XOR
2 1 1033 832 1034 XOR
2 1 1033 832 1035 AND
2 1 1034 1035 1036 XOR
2 1 1036 831 1037 XOR
2 1 1036 831 1038 AND
2 1 1037 1038 1039 XOR
2 1 1039 830 1040 XOR
2 1 1039 830 1041 AND
2 1 1040 1041 1042 XOR
2 1 1042 829 1043 XOR
2 1 1042 829 1044 AND
2 1 1043 1044 1045 XOR
2 1 1045 828 1046 XOR
2 1 1045 828 1047 AND
2 1 1046 1047 1048 XOR
2 1 1048 827 1049 XOR
2 1 1048 827 1050 AND
2 1 1049 1050 1051 XOR
2 1 1051 826 1052 XOR
2 1 1051 826 1053 AND
2 1 1052 1053 1054 XOR
2 1 1054 825 1055 XOR
2 1 1054 825 1056 AND
2 1 1055 1056 1057 XOR
2 1 1057 824 1058 XOR
2 1 1057 824 1059 AND
2 1 1058 1059 1060 XOR
2 1 1060 823 1061 XOR
2 1 1060 823 1062 AND
2 1 1061 1062 1063 XOR
2 1 1063 822 1064 XOR
2 1 1063 822 1065 AND
2 1 1064 1065 1066 XOR
2 1 1066 821 1067 XOR
2 1 1066 821 1068 AND
2 1 1067 1068 1069 XOR
2 1 505 820 1070 XOR
2 1 1070 820 1071 AND
2 1 1071 1069 1072 XOR
2 1 1071 1069 1073 AND
2 1 1072 1073 1074 XOR
2 1 505 1070 1075 XOR
2 1 1074 1075 1076 AND
2 1 1076 1070 1077 XOR
1 1 1074 1078 INV
2 1 504 820 1079 XOR
2 1 1079 820 1080 AND
2 1 1077 821 1081 XOR
2 1 1080 821 1082 XOR
2 1 1081 1080 1083 XOR
2 1 1081 1082 1084 AND
2 1 1080 1084 1085 XOR
2 1 1085 1066 1086 XOR
2 1 1085 1066 1087 AND
2 1 1086 1087 1088 XOR
2 1 504 1079 1089 XOR
2 1 1088 1089 1090 AND
2 1 1090 1079 1091 XOR
2 1 1077 1083 1092 XOR
2 1 1088 1092 1093 AND
2 1 1093 1083 1094 XOR
1 1 1088 1095 INV
2 1 503 820 1096 XOR
2 1 1096 820 1097 AND
2 1 1091 821 1098 XOR
2 1 1097 821 1099 XOR
2 1 1098 1097 1100 XOR
2 1 1098 1099 1101 AND
2 1 1097 1101 1102 XOR
2 1 1094 822 1103 XOR
2 1 1102 822 1104 XOR
2 1 1103 1102 1105 XOR
2 1 1103 1104 1106 AND
2 1 1102 1106 1107 XOR
2 1 1107 1063 1108 XOR
2 1 1107 1063 1109 AND
2 1 1108 1109 1110 XOR
2 1 503 1096 1111 XOR
2 1 1110 1111 1112 AND
2 1 1112 1096 1113 XOR
2 1 1091 1100 1114 XOR
2 1 1110 1114 1115 AND
2 1 1115 1100 1116 XOR
2 1 1094 1105 1117 XOR
2 1 1110 1117 1118 AND
2 1 1118 1105 1119 XOR
1 1 1110 1120 INV
2 1 502 820 1121 XOR
2 1 1121 820 1122 AND
2 1 1113 821 1123 XOR
2 1 1122 821 1124 XOR
2 1 1123 1122 1125 XOR
2 1 1123 1124 1126 AND
2 1 1122 1126 1127 XOR
2 1 1116 822 1128 XOR
2 1 1127 822 1129 XOR
2 1 1128 1127 1130 XOR
2 1 1128 1129 1131 AND
2 1 1127 1131 1132 XOR
2 1 1119 823 1133 XOR
2 1 1132 823 1134 XOR
2 1 1133 1132 1135 XOR
2 1 1133 1134 1136 AND
2 1 1132 1136 1137 XOR
2 1 1137 1060 1138 XOR
2 1 1137 1060 1139 AND
2 1 1138 1139 1140 XOR
2 1 502 1121 1141 XOR
2 1 1140 1141 1142 AND
2 1 1142 1121 1143 XOR
2 1 1113 1125 1144 XOR
2 1 1140 1144 1145 AND
2 1 1145 1125 1146 XOR
2 1 1116 1130 1147 XOR
2 1 1140 1147 1148 AND
2 1 1148 1130 1149 XOR
2 1 1119 1135 1150 XOR
2 1 1140 1150 1151 AND
2 1 1151 1135 1152 XOR
1 1 1140 1153 INV
2 1 501 820 1154 XOR
2 1 1154 820 1155 AND
2 1 1143 821 1156 XOR
2 1 1155 821 1157 XOR
2 1 1156 1155 1158 XOR
2 1 1156 1157 1159 AND
2 1 1155 1159 1160 XOR
2 1 1146 822 1161 XOR
2 1 1160 822 1162 XOR
2 1 1161 1160 1163 XOR
2 1 1161 1162 1164 AND
2 1 1160 1164 1165 XOR
2 1 1149 823 1166 XOR
2 1 1165 823 1167 XOR
2 1 1166 1165 1168 XOR
2 1 1166 1167 1169 AND
2 1 1165 1169 1170 XOR
2 1 1152 824 1171 XOR
2 1 1170 824 1172 XOR
2 1 1171 1170 1173 XOR
2 1 1171 1172 1174 AND
2 1 1170 1174 1175 XOR
2 1 1175 1057 1176 XOR
2 1 1175 1057 1177 AND
2 1 1176 1177 1178 XOR
2 1 501 1154 1179 XOR
2 1 1178 1179 1180 AND
2 1 1180 1154 1181 XOR
2 1 1143 1158 1182 XOR
2 1 1178 1182 1183 AND
2 1 1183 1158 1184 XOR
2 1 1146 1163 1185 XOR
2 1 1178 1185 1186 AND
2 1 1186 1163 1187 XOR
2 1 1149 1168 1188 XOR
2 1 1178 1188 1189 AND
2 1 1189 1168 1190 XOR
2 1 1152 1173 1191 XOR
2 1 1178 1191 1192 AND
2 1 1192 1173 1193 XOR
1 1 1178 1194 INV
2 1 500 820 1195 XOR
2 1 1195 820 1196 AND
2 1 1181 821 1197 XOR
2 1 1196 821 1198 XOR
2 1 1197 1196 1199 XOR
2 1 1197 1198 1200 AND
2 1 1196 1200 1201 XOR
2 1 1184 822 1202 XOR
2 1 1201 822 1203 XOR
2 1 1202 1201 1204 XOR
2 1 1202 1203 1205 AND
2 1 1201 1205 1206 XOR
2 1 1187 823 1207 XOR
2 1 1206 823 1208 XOR
2 1 1207 1206 1209 XOR
2 1 1207 1208 1210 AND
2 1 1206 1210 1211 XOR
2 1 1190 824 1212 XOR
2 1 1211 824 1213 XOR
2 1 1212 1211 1214 XOR
2 1 1212 1213 1215 AND
2 1 1211 1215 1216 XOR
2 1 1193 825 1217 XOR
2 1 1216 825 1218 XOR
2 1 1217 1216 1219 XOR
2 1 1217 1218 1220 AND
2 1 1216 1220 1221 XOR
2 1 1221 1054 1222 XOR
2 1 1221 1054 1223 AND
2 1 1222 1223 1224 XOR
2 1 500 1195 1225 XOR
2 1 1224 1225 1226 AND
2 1 1226 1195 1227 XOR
2 1 1181 1199 1228 XOR
2 1 1224 1228 1229 AND
2 1 1229 1199 1230 XOR
2 1 1184 1204 1231 XOR
2 1 1224 1231 1232 AND
2 1 1232 1204 1233 XOR
2 1 1187 1209 1234 XOR
2 1 1224 1234 1235 AND
2 1 1235 1209 1236 XOR
2 1 1190 1214 1237 XOR
2 1 1224 1237 1238 AND
2 1 1238 1214 1239 XOR
2 1 1193 1219 1240 XOR
2 1 1224 1240 1241 AND
2 1 1241 1219 1242 XOR
1 1 1224 1243 INV
2 1 499 820 1244 XOR
2 1 1244 820 1245 AND
2 1 1227 821 1246 XOR
2 1 1245 821 1247 XOR
2 1 1246 1245 1248 XOR
2 1 1246 1247 1249 AND
2 1 1245 1249 1250 XOR
2 1 1230 822 1251 XOR
2 1 1250 822 1252 XOR
2 1 1251 1250 1253 XOR
2 1 1251 1252 1254 AND
2 1 1250 1254 1255 XOR
2 1 1233 823 1256 XOR
2 1 1255 823 1257 XOR
2 1 1256 1255 1258 XOR
2 1 1256 1257 1259 AND
2 1 1255 1259 1260 XOR
2 1 1236 824 1261 XOR
2 1 1260 824 1262 XOR
2 1 1261 1260 1263 XOR
2 1 1261 1262 1264 AND
2 1 1260 1264 1265 XOR
2 1 1239 825 1266 XOR
2 1 1265 825 1267 XOR
2 1 1266 1265 1268 XOR
2 1 1266 1267 1269 AND
2 1 1265 1269 1270 XOR
2 1 1242 826 1271 XOR
2 1 1270 826 1272 XOR
2 1 1271 1270 1273 XOR
2 1 1271 1272 1274 AND
2 1 1270 1274 1275 XOR
2 1 1275 1051 1276 XOR
2 1 1275 1051 1277 AND
2 1 1276 1277 1278 XOR
2 1 499 1244 1279 XOR
2 1 1278 1279 1280 AND
2 1 1280 1244 1281 XOR
2 1 1227 1248 1282 XOR
2 1 1278 1282 1283 AND
2 1 1283 1248 1284 XOR
2 1 1230 1253 1285 XOR
2 1 1278 1285 1286 AND
2 1 1286 1253 1287 XOR
2 1 1233 1258 1288 XOR
2 1 1278 1288 1289 AND
2 1 1289 1258 1290 XOR
2 1 1236 1263 1291 XOR
2 1 1278 1291 1292 AND
2 1 1292 1263 1293 XOR
2 1 1239 1268 1294 XOR
2 1 1278 1294 1295 AND
2 1 1295 1268 1296 XOR
2 1 1242 1273 1297 XOR
2 1 1278 1297 1298 AND
2 1 1298 1273 1299 XOR
1 1 1278 1300 INV
2 1 498 820 1301 XOR
2 1 1301 820 1302 AND
2 1 1281 821 1303 XOR
2 1 1302 821 1304 XOR
2 1 1303 1302 1305 XOR
2 1 1303 1304 1306 AND
2 1 1302 1306 1307 XOR
2 1 1284 822 1308 XOR
2 1 1307 822 1309 XOR
2 1 1308 1307 1310 XOR
2 1 1308 1309 1311 AND
2 1 1307 1311 1312 XOR
2 1 1287 823 1313 XOR
2 1 1312 823 1314 XOR
2 1 1313 1312 1315 XOR
2 1 1313 1314 1316 AND
2 1 1312 1316 1317 XOR
2 1 1290 824 1318 XOR
2 1 1317 824 1319 XOR
2 1 1318 1317 1320 XOR
2 1 1318 1319 1321 AND
2 1 1317 1321 1322 XOR
2 1 1293 825 1323 XOR
2 1 1322 825 1324 XOR
2 1 1323 1322 1325 XOR
2 1 1323 1324 1326 AND
2 1 1322 1326 1327 XOR
2 1 1296 826 1328 XOR
2 1 1327 826 1329 XOR
2 1 1328 1327 1330 XOR
2 1 1328 1329 1331 AND
2 1 1327 1331 1332 XOR
2 1 1299 827 1333 XOR
2 1 1332 827 1334 XOR
2 1 1333 1332 1335 XOR
2 1 1333 1334 1336 AND
2 1 1332 1336 1337 XOR
2 1 1337 1048 1338 XOR
2 1 1337 1048 1339 AND
2 1 1338 1339 1340 XOR
2 1 498 1301 1341 XOR
2 1 1340 1341 1342 AND
2 1 1342 1301 1343 XOR
2 1 1281 1305 1344 XOR
2 1 1340 1344 1345 AND
2 1 1345 1305 1346 XOR
2 1 1284 1310 1347 XOR
2 1 1340 1347 1348 AND
2 1 1348 1310 1349 XOR
2 1 1287 1315 1350 XOR
2 1 1340 1350 1351 AND
2 1 1351 1315 1352 XOR
2 1 1290 1320 1353 XOR
2 1 1340 1353 1354 AND
2 1 1354 1320 1355 XOR
2 1 1293 1325 1356 XOR
2 1 1340 1356 1357 AND
2 1 1357 1325 1358 XOR
2 1 1296 1330 1359 XOR
2 1 1340 1359 1360 AND
2 1 1360 1330 1361 XOR
2 1 1299 1335 1362 XOR
2 1 1340 1362 1363 AND
2 1 1363 1335 1364 XOR
1 1 1340 1365 INV
2 1 497 820 1366 XOR
2 1 1366 820 1367 AND
2 1 1343 821 1368 XOR
2 1 1367 821 1369 XOR
2 1 1368 1367 1370 XOR
2 1 1368 1369 1371 AND
2 1 1367 1371 1372 XOR
2 1 1346 822 1373 XOR
2 1 1372 822 1374 XOR
2 1 1373 1372 1375 XOR
2 1 1373 1374 1376 AND
2 1 1372 1376 1377 XOR
2 1 1349 823 1378 XOR
2 1 1377 823 1379 XOR
2 1 1378 1377 1380 XOR
2 1 1378 1379 1381 AND
2 1 1377 1381 1382 XOR
2 1 1352 824 1383 XOR
2 1 1382 824 1384 XOR
2 1 1383 1382 1385 XOR
2 1 1383 1384 1386 AND
2 1 1382 1386 1387 XOR
2 1 1355 825 1388 XOR
2 1 1387 825 1389 XOR
2 1 1388 1387 1390 XOR
2 1 1388 1389 1391 AND
2 1 1387 1391 1392 XOR
2 1 1358 826 1393 XOR
2 1 1392 826 1394 XOR
2 1 1393 1392 1395 XOR
2 1 1393 1394 1396 AND
2 1 1392 1396 1397 XOR
2 1 1361 827 1398 XOR
2 1 1397 827 1399 XOR
2 1 1398 1397 1400 XOR
2 1 1398 1399 1401 AND
2 1 1397 1401 1402 XOR
2 1 1364 828 1403 XOR
2 1 1402 828 1404 XOR
2 1 1403 1402 1405 XOR
2 1 1403 1404 1406 AND
2 1 1402 1406 1407 XOR
2 1 1407 1045 1408 XOR
2 1 1407 1045 1409 AND
2 1 1408 1409 1410 XOR
2 1 497 1366 1411 XOR
2 1 1410 1411 1412 AND
2 1 1412 1366 1413 XOR
2 1 1343 1370 1414 XOR
2 1 1410 1414 1415 AND
2 1 1415 1370 1416 XOR
2 1 1346 1375 1417 XOR
2 1 1410 1417 1418 AND
2 1 1418 1375 1419 XOR
2 1 1349 1380 1420 XOR
2 1 1410 1420 1421 AND
2 1 1421 1380 1422 XOR
2 1 1352 1385 1423 XOR
2 1 1410 1423 1424 AND
2 1 1424 1385 1425 XOR
2 1 1355 1390 1426 XOR
2 1 1410 1426 1427 AND
2 1 1427 1390 1428 XOR
2 1 1358 1395 1429 XOR
2 1 1410 1429 1430 AND
2 1 1430 1395 1431 XOR
2 1 1361 1400 1432 XOR
2 1 1410 1432 1433 AND
2 1 1433 1400 1434 XOR
2 1 1364 1405 1435 XOR
2 1 1410 1435 1436 AND
2 1 1436 1405 1437 XOR
1 1 1410 1438 INV
2 1 496 820 1439 XOR
2 1 1439 820 1440 AND
2 1 1413 821 1441 XOR
2 1 1440 821 1442 XOR
2 1 1441 1440 1443 XOR
2 1 1441 1442 1444 AND
2 1 1440 1444 1445 XOR
2 1 1416 822 1446 XOR
2 1 1445 822 1447 XOR
2 1 1446 1445 1448 XOR
2 1 1446 1447 1449 AND
2 1 1445 1449 1450 XOR
2 1 1419 823 1451 XOR
2 1 1450 823 1452 XOR
2 1 1451 1450 1453 XOR
2 1 1451 1452 1454 AND
2 1 1450 1454 1455 XOR
2 1 1422 824 1456 XOR
2 1 1455 824 1457 XOR
2 1 1456 1455 1458 XOR
2 1 1456 1457 1459 AND
2 1 1455 1459 1460 XOR
2 1 1425 825 1461 XOR
2 1 1460 825 1462 XOR
2 1 1461 1460 1463 XOR
2 1 1461 1462 1464 AND
2 1 1460 1464 1465 XOR
2 1 1428 826 1466 XOR
2 1 1465 826 1467 XOR
2 1 1466 1465 1468 XOR
2 1 1466 1467 1469 AND
2 1 1465 1469 1470 XOR
2 1 1431 827 1471 XOR
2 1 1470 827 1472 XOR
2 1 1471 1470 1473 XOR
2 1 1471 1472 1474 AND
2 1 1470 1474 1475 XOR
2 1 1434 828 1476 XOR
2 1 1475 828 1477 XOR
2 1 1476 1475 1478 XOR
2 1 1476 1477 1479 AND
2 1 1475 1479 1480 XOR
2 1 1437 829 1481 XOR
2 1 1480 829 1482 XOR
2 1 1481 1480 1483 XOR
2 1 1481 1482 1484 AND
2 1 1480 1484 1485 XOR
2 1 1485 1042 1486 XOR
2 1 1485 1042 1487 AND
2 1 1486 1487 1488 XOR
2 1 496 1439 1489 XOR
2 1 1488 1489 1490 AND
2 1 1490 1439 1491 XOR
2 1 1413 1443 1492 XOR
2 1 1488 1492 1493 AND
2 1 1493 1443 1494 XOR
2 1 1416 1448 1495 XOR
2 1 1488 1495 1496 AND
2 1 1496 1448 1497 XOR
2 1 1419 1453 1498 XOR
2 1 1488 1498 1499 AND
2 1 1499 1453 1500 XOR
2 1 1422 1458 1501 XOR
2 1 1488 1501 1502 AND
2 1 1502 1458 1503 XOR
2 1 1425 1463 1504 XOR
2 1 1488 1504 1505 AND
2 1 1505 1463 1506 XOR
2 1 1428 1468 1507 XOR
2 1 1488 1507 1508 AND
2 1 1508 1468 1509 XOR
2 1 1431 1473 1510 XOR
2 1 1488 1510 1511 AND
2 1 1511 1473 1512 XOR
2 1 1434 1478 1513 XOR
2 1 1488 1513 1514 AND
2 1 1514 1478 1515 XOR
2 1 1437 1483 1516 XOR
2 1 1488 1516 1517 AND
2 1 1517 1483 1518 XOR
1 1 1488 1519 INV
2 1 495 820 1520 XOR
2 1 1520 820 1521 AND
2 1 1491 821 1522 XOR
2 1 1521 821 1523 XOR
2 1 1522 1521 1524 XOR
2 1 1522 1523 1525 AND
2 1 1521 1525 1526 XOR
2 1 1494 822 1527 XOR
2 1 1526 822 1528 XOR
2 1 1527 1526 1529 XOR
2 1 1527 1528 1530 AND
2 1 1526 1530 1531 XOR
2 1 1497 823 1532 XOR
2 1 1531 823 1533 XOR
2 1 1532 1531 1534 XOR
2 1 1532 1533 1535 AND
2 1 1531 1535 1536 XOR
2 1 1500 824 1537 XOR
2 1 1536 824 1538 XOR
2 1 1537 1536 1539 XOR
2 1 1537 1538 1540 AND
2 1 1536 1540 1541 XOR
2 1 1503 825 1542 XOR
2 1 1541 825 1543 XOR
2 1 1542 1541 1544 XOR
2 1 1542 1543 1545 AND
2 1 1541 1545 1546 XOR
2 1 1506 826 1547 XOR
2 1 1546 826 1548 XOR
2 1 1547 1546 1549 XOR
2 1 1547 1548 1550 AND
2 1 1546 1550 1551 XOR
2 1 1509 827 1552 XOR
2 1 1551 827 1553 XOR
2 1 1552 1551 1554 XOR
2 1 1552 1553 1555 AND
2 1 1551 1555 1556 XOR
2 1 1512 828 1557 XOR
2 1 1556 828 1558 XOR
2 1 1557 1556 1559 XOR
2 1 1557 1558 1560 AND
2 1 1556 1560 1561 XOR
2 1 1515 829 1562 XOR
2 1 1561 829 1563 XOR
2 1 1562 1561 1564 XOR
2 1 1562 1563 1565 AND
2 1 1561 1565 1566 XOR
2 1 1518 830 1567 XOR
2 1 1566 830 1568 XOR
2 1 1567 1566 1569 XOR
2 1 1567 1568 1570 AND
2 1 1566 1570 1571 XOR
2 1 1571 1039 1572 XOR
2 1 1571 1039 1573 AND
2 1 1572 1573 1574 XOR
2 1 495 1520 1575 XOR
2 1 1574 1575 1576 AND
2 1 1576 1520 1577 XOR
2 1 1491 1524 1578 XOR
2 1 1574 1578 1579 AND
2 1 1579 1524 1580 XOR
2 1 1494 1529 1581 XOR
2 1 1574 1581 1582 AND
2 1 1582 1529 1583 XOR
2 1 1497 1534 1584 XOR
2 1 1574 1584 1585 AND
2 1 1585 1534 1586 XOR
2 1 1500 1539 1587 XOR
2 1 1574 1587 1588 AND
2 1 1588 1539 1589 XOR
2 1 1503 1544 1590 XOR
2 1 1574 1590 1591 AND
2 1 1591 1544 1592 XOR
2 1 1506 1549 1593 XOR
2 1 1574 1593 1594 AND
2 1 1594 1549 1595 XOR
2 1 1509 1554 1596 XOR
2 1 1574 1596 1597 AND
2 1 1597 1554 1598 XOR
2 1 1512 1559 1599 XOR
2 1 1574 1599 1600 AND
2 1 1600 1559 1601 XOR
2 1 1515 1564 1602 XOR
2 1 1574 1602 1603 AND
2 1 1603 1564 1604 XOR
2 1 1518 1569 1605 XOR
2 1 1574 1605 1606 AND
2 1 1606 1569 1607 XOR
1 1 1574 1608 INV
2 1 494 820 1609 XOR
2 1 1609 820 1610 AND
2 1 1577 821 1611 XOR
2 1 1610 821 1612 XOR
2 1 1611 1610 1613 XOR
2 1 1611 1612 1614 AND
2 1 1610 1614 1615 XOR
2 1 1580 822 1616 XOR
2 1 1615 822 1617 XOR
2 1 1616 1615 1618 XOR
2 1 1616 1617 1619 AND
2 1 1615 1619 1620 XOR
2 1 1583 823 1621 XOR
2 1 1620 823 1622 XOR
2 1 1621 1620 1623 XOR
2 1 1621 1622 1624 AND
2 1 1620 1624 1625 XOR
2 1 1586 824 1626 XOR
2 1 1625 824 1627 XOR
2 1 1626 1625 1628 XOR
2 1 1626 1627 1629 AND
2 1 1625 1629 1630 XOR
2 1 1589 825 1631 XOR
2 1 1630 825 1632 XOR
2 1 1631 1630 1633 XOR
2 1 1631 1632 1634 AND
2 1 1630 1634 1635 XOR
2 1 1592 826 1636 XOR
2 1 1635 826 1637 XOR
2 1 1636 1635 1638 XOR
2 1 1636 1637 1639 AND
2 1 1635 1639 1640 XOR
2 1 1595 827 1641 XOR
2 1 1640 827 1642 XOR
2 1 1641 1640 1643 XOR
2 1 1641 1642 1644 AND
2 1 1640 1644 1645 XOR
2 1 1598 828 1646 XOR
2 1 1645 828 1647 XOR
2 1 1646 1645 1648 XOR
2 1 1646 1647 1649 AND
2 1 1645 1649 1650 XOR
2 1 1601 829 1651 XOR
2 1 1650 829 1652 XOR
2 1 1651 1650 1653 XOR
2 1 1651 1652 1654 AND
2 1 1650 1654 1655 XOR
2 1 1604 830 1656 XOR
2 1 1655 830 1657 XOR
2 1 1656 1655 1658 XOR
2 1 1656 1657 1659 AND
2 1 1655 1659 1660 XOR
2 1 1607 831 1661 XOR
2 1 1660 831 1662 XOR
2 1 1661 1660 1663 XOR
2 1 1661 1662 1664 AND
2 1 1660 1664 1665 XOR
2 1 1665 1036 1666 XOR
2 1 1665 1036 1667 AND
2 1 1666 1667 1668 XOR
2 1 494 1609 1669 XOR
2 1 1668 1669 1670 AND
2 1 1670 1609 1671 XOR
2 1 1577 1613 1672 XOR
2 1 1668 1672 1673 AND
2 1 1673 1613 1674 XOR
2 1 1580 1618 1675 XOR
2 1 1668 1675 1676 AND
2 1 1676 1618 1677 XOR
2 1 1583 1623 1678 XOR
2 1 1668 1678 1679 AND
2 1 1679 1623 1680 XOR
2 1 1586 1628 1681 XOR
2 1 1668 1681 1682 AND
2 1 1682 1628 1683 XOR
2 1 1589 1633 1684 XOR
2 1 1668 1684 1685 AND
2 1 1685 1633 1686 XOR
2 1 1592 1638 1687 XOR
2 1 1668 1687 1688 AND
2 1 1688 1638 1689 XOR
2 1 1595 1643 1690 XOR
2 1 1668 1690 1691 AND
2 1 1691 1643 1692 XOR
2 1 1598 1648 1693 XOR
2 1 1668 1693 1694 AND
2 1 1694 1648 1695 XOR
2 1 1601 1653 1696 XOR
2 1 1668 1696 1697 AND
2 1 1697 1653 1698 XOR
2 1 1604 1658 1699 XOR
2 1 1668 1699 1700 AND
2 1 1700 1658 1701 XOR
2 1 1607 1663 1702 XOR
2 1 1668 1702 1703 AND
2 1 1703 1663 1704 XOR
1 1 1668 1705 INV
2 1 493 820 1706 XOR
2 1 1706 820 1707 AND
2 1 1671 821 1708 XOR
2 1 1707 821 1709 XOR
2 1 1708 1707 1710 XOR
2 1 1708 1709 1711 AND
2 1 1707 1711 1712 XOR
2 1 1674 822 1713 XOR
2 1 1712 822 1714 XOR
2 1 1713 1712 1715 XOR
2 1 1713 1714 1716 AND
2 1 1712 1716 1717 XOR
2 1 1677 823 1718 XOR
2 1 1717 823 1719 XOR
2 1 1718 1717 1720 XOR
2 1 1718 1719 1721 AND
2 1 1717 1721 1722 XOR
2 1 1680 824 1723 XOR
2 1 1722 824 1724 XOR
2 1 1723 1722 1725 XOR
2 1 1723 1724 1726 AND
2 1 1722 1726 1727 XOR
2 1 1683 825 1728 XOR
2 1 1727 825 1729 XOR
2 1 1728 1727 1730 XOR
2 1 1728 1729 1731 AND
2 1 1727 1731 1732 XOR
2 1 1686 826 1733 XOR
2 1 1732 826 1734 XOR
2 1 1733 1732 1735 XOR
2 1 1733 1734 1736 AND
2 1 1732 1736 1737 XOR
2 1 1689 827 1738 XOR
2 1 1737 827 1739 XOR
2 1 1738 1737 1740 XOR
2 1 1738 1739 1741 AND
2 1 1737 1741 1742 XOR
2 1 1692 828 1743 XOR
2 1 1742 828 1744 XOR
2 1 1743 1742 1745 XOR
2 1 1743 1744 1746 AND
2 1 1742 1746 1747 XOR
2 1 1695 829 1748 XOR
2 1 1747 829 1749 XOR
2 1 1748 1747 1750 XOR
2 1 1748 1749 1751 AND
2 1 1747 1751 1752 XOR
2 1 1698 830 1753 XOR
2 1 1752 830 1754 XOR
2 1 1753 1752 1755 XOR
2 1 1753 1754 1756 AND
2 1 1752 1756 1757 XOR
2 1 1701 831 1758 XOR
2 1 1757 831 1759 XOR
2 1 1758 1757 1760 XOR
2 1 1758 1759 1761 AND
2 1 1757 1761 1762 XOR
2 1 1704 832 1763 XOR
2 1 1762 832 1764 XOR
2 1 1763 1762 1765 XOR
2 1 1763 1764 1766 AND
2 1 1762 1766 1767 XOR
2 1 1767 1033 1768 XOR
2 1 1767 1033 1769 AND
2 1 1768 1769 1770 XOR
2 1 493 1706 1771 XOR
2 1 1770 1771 1772 AND
2 1 1772 1706 1773 XOR
2 1 1671 1710 1774 XOR
2 1 1770 1774 1775 AND
2 1 1775 1710 1776 XOR
2 1 1674 1715 1777 XOR
2 1 1770 1777 1778 AND
2 1 1778 1715 1779 XOR
2 1 1677 1720 1780 XOR
2 1 1770 1780 1781 AND
2 1 1781 1720 1782 XOR
2 1 1680 1725 1783 XOR
2 1 1770 1783 1784 AND
2 1 1784 1725 1785 XOR
2 1 1683 1730 1786 XOR
2 1 1770 1786 1787 AND
2 1 1787 1730 1788 XOR
2 1 1686 1735 1789 XOR
2 1 1770 1789 1790 AND
2 1 1790 1735 1791 XOR
2 1 1689 1740 1792 XOR
2 1 1770 1792 1793 AND
2 1 1793 1740 1794 XOR
2 1 1692 1745 1795 XOR
2 1 1770 1795 1796 AND
2 1 1796 1745 1797 XOR
2 1 1695 1750 1798 XOR
2 1 1770 1798 1799 AND
2 1 1799 1750 1800 XOR
2 1 1698 1755 1801 XOR
2 1 1770 1801 1802 AND
2 1 1802 1755 1803 XOR
2 1 1701 1760 1804 XOR
2 1 1770 1804 1805 AND
2 1 1805 1760 1806 XOR
2 1 1704 1765 1807 XOR
2 1 1770 1807 1808 AND
2 1 1808 1765 1809 XOR
1 1 1770 1810 INV
2 1 492 820 1811 XOR
2 1 1811 820 1812 AND
2 1 1773 821 1813 XOR
2 1 1812 821 1814 XOR
2 1 1813 1812 1815 XOR
2 1 1813 1814 1816 AND
2 1 1812 1816 1817 XOR
2 1 1776 822 1818 XOR
2 1 1817 822 1819 XOR
2 1 1818 1817 1820 XOR
2 1 1818 1819 1821 AND
2 1 1817 1821 1822 XOR
2 1 1779 823 1823 XOR
2 1 1822 823 1824 XOR
2 1 1823 1822 1825 XOR
2 1 1823 1824 1826 AND
2 1 1822 1826 1827 XOR
2 1 1782 824 1828 XOR
2 1 1827 824 1829 XOR
2 1 1828 1827 1830 XOR
2 1 1828 1829 1831 AND
2 1 1827 1831 1832 XOR
2 1 1785 825 1833 XOR
2 1 1832 825 1834 XOR
2 1 1833 1832 1835 XOR
2 1 1833 1834 1836 AND
2 1 1832 1836 1837 XOR
2 1 1788 826 1838 XOR
2 1 1837 826 1839 XOR
2 1 1838 1837 1840 XOR
2 1 1838 1839 1841 AND
2 1 1837 1841 1842 XOR
2 1 1791 827 1843 XOR
2 1 1842 827 1844 XOR
2 1 1843 1842 1845 XOR
2 1 1843 1844 1846 AND
2 1 1842 1846 1847 XOR
2 1 1794 828 1848 XOR
2 1 1847 828 1849 XOR
2 1 1848 1847 1850 XOR
2 1 1848 1849 1851 AND
2 1 1847 1851 1852 XOR
2 1 1797 829 1853 XOR
2 1 1852 829 1854 XOR
2 1 1853 1852 1855 XOR
2 1 1853 1854 1856 AND
2 1 1852 1856 1857 XOR
2 1 1800 830 1858 XOR
2 1 1857 830 1859 XOR
2 1 1858 1857 1860 XOR
2 1 1858 1859 1861 AND
2 1 1857 1861 1862 XOR
2 1 1803 831 1863 XOR
2 1 1862 831 1864 XOR
2 1 1863 1862 1865 XOR
2 1 1863 1864 1866 AND
2 1 1862 1866 1867 XOR
2 1 1806 832 1868 XOR
2 1 1867 832 1869 XOR
2 1 1868 1867 1870 XOR
2 1 1868 1869 1871 AND
2 1 1867 1871 1872 XOR
2 1 1809 833 1873 XOR
2 1 1872 833 1874 XOR
2 1 1873 1872 1875 XOR
2 1 1873 1874 1876 AND
2 1 1872 1876 1877 XOR
2 1 1877 1030 1878 XOR
2 1 1877 1030 1879 AND
2 1 1878 1879 1880 XOR
2 1 492 1811 1881 XOR
2 1 1880 1881 1882 AND
2 1 1882 1811 1883 XOR
2 1 1773 1815 1884 XOR
2 1 1880 1884 1885 AND
2 1 1885 1815 1886 XOR
2 1 1776 1820 1887 XOR
2 1 1880 1887 1888 AND
2 1 1888 1820 1889 XOR
2 1 1779 1825 1890 XOR
2 1 1880 1890 1891 AND
2 1 1891 1825 1892 XOR
2 1 1782 1830 1893 XOR
2 1 1880 1893 1894 AND
2 1 1894 1830 1895 XOR
2 1 1785 1835 1896 XOR
2 1 1880 1896 1897 AND
2 1 1897 1835 1898 XOR
2 1 1788 1840 1899 XOR
2 1 1880 1899 1900 AND
2 1 1900 1840 1901 XOR
2 1 1791 1845 1902 XOR
2 1 1880 1902 1903 AND
2 1 1903 1845 1904 XOR
2 1 1794 1850 1905 XOR
2 1 1880 1905 1906 AND
2 1 1906 1850 1907 XOR
2 1 1797 1855 1908 XOR
2 1 1880 1908 1909 AND
2 1 1909 1855 1910 XOR
2 1 1800 1860 1911 XOR
2 1 1880 1911 1912 AND
2 1 1912 1860 1913 XOR
2 1 1803 1865 1914 XOR
2 1 1880 1914 1915 AND
2 1 1915 1865 1916 XOR
2 1 1806 1870 1917 XOR
2 1 1880 1917 1918 AND
2 1 1918 1870 1919 XOR
2 1 1809 1875 1920 XOR
2 1 1880 1920 1921 AND
2 1 1921 1875 1922 XOR
1 1 1880 1923 INV
2 1 491 820 1924 XOR
2 1 1924 820 1925 AND
2 1 1883 821 1926 XOR
2 1 1925 821 1927 XOR
2 1 1926 1925 1928 XOR
2 1 1926 1927 1929 AND
2 1 1925 1929 1930 XOR
2 1 1886 822 1931 XOR
2 1 1930 822 1932 XOR
2 1 1931 1930 1933 XOR
2 1 1931 1932 1934 AND
2 1 1930 1934 1935 XOR
2 1 1889 823 1936 XOR
2 1 1935 823 1937 XOR
2 1 1936 1935 1938 XOR
2 1 1936 1937 1939 AND
2 1 1935 1939 1940 XOR
2 1 1892 824 1941 XOR
2 1 1940 824 1942 XOR
2 1 1941 1940 1943 XOR
2 1 1941 1942 1944 AND
2 1 1940 1944 1945 XOR
2 1 1895 825 1946 XOR
2 1 1945 825 1947 XOR
2 1 1946 1945 1948 XOR
2 1 1946 1947 1949 AND
2 1 1945 1949 1950 XOR
2 1 1898 826 1951 XOR
2 1 1950 826 1952 XOR
2 1 1951 1950 1953 XOR
2 1 1951 1952 1954 AND
2 1 1950 1954 1955 XOR
2 1 1901 827 1956 XOR
2 1 1955 827 1957 XOR
2 1 1956 1955 1958 XOR
2 1 1956 1957 1959 AND
2 1 1955 1959 1960 XOR
2 1 1904 828 1961 XOR
2 1 1960 828 1962 XOR
2 1 1961 1960 1963 XOR
2 1 1961 1962 1964 AND
2 1 1960 1964 1965 XOR
2 1 1907 829 1966 XOR
2 1 1965 829 1967 XOR
2 1 1966 1965 1968 XOR
2 1 1966 1967 1969 AND
2 1 1965 1969 1970 XOR
2 1 1910 830 1971 XOR
2 1 1970 830 1972 XOR
2 1 1971 1970 1973 XOR
2 1 1971 1972 1974 AND
2 1 1970 1974 1975 XOR
2 1 1913 831 1976 XOR
2 1 1975 831 1977 XOR
2 1 1976 1975 1978 XOR
2 1 1976 1977 1979 AND
2 1 1975 1979 1980 XOR
2 1 1916 832 1981 XOR
2 1 1980 832 1982 XOR
2 1 1981 1980 1983 XOR
2 1 1981 1982 1984 AND
2 1 1980 1984 1985 XOR
2 1 1919 833 1986 XOR
2 1 1985 833 1987 XOR
2 1 1986 1985 1988 XOR
2 1 1986 1987 1989 AND
2 1 1985 1989 1990 XOR
2 1 1922 834 1991 XOR
2 1 1990 834 1992 XOR
2 1 1991 1990 1993 XOR
2 1 1991 1992 1994 AND
2 1 1990 1994 1995 XOR
2 1 1995 1027 1996 XOR
2 1 1995 1027 1997 AND
2 1 1996 1997 1998 XOR
2 1 491 1924 1999 XOR
2 1 1998 1999 2000 AND
2 1 2000 1924 2001 XOR
2 1 1883 1928 2002 XOR
2 1 1998 2002 2003 AND
2 1 2003 1928 2004 XOR
2 1 1886 1933 2005 XOR
2 1 1998 2005 2006 AND
2 1 2006 1933 2007 XOR
2 1 1889 1938 2008 XOR
2 1 1998 2008 2009 AND
2 1 2009 1938 2010 XOR
2 1 1892 1943 2011 XOR
2 1 1998 2011 2012 AND
2 1 2012 1943 2013 XOR
2 1 1895 1948 2014 XOR
2 1 1998 2014 2015 AND
2 1 2015 1948 2016 XOR
2 1 1898 1953 2017 XOR
2 1 1998 2017 2018 AND
2 1 2018 1953 2019 XOR
2 1 1901 1958 2020 XOR
2 1 1998 2020 2021 AND
2 1 2021 1958 2022 XOR
2 1 1904 1963 2023 XOR
2 1 1998 2023 2024 AND
2 1 2024 1963 2025 XOR
2 1 1907 1968 2026 XOR
2 1 1998 2026 2027 AND
2 1 2027 1968 2028 XOR
2 1 1910 1973 2029 XOR
2 1 1998 2029 2030 AND
2 1 2030 1973 2031 XOR
2 1 1913 1978 2032 XOR
2 1 1998 2032 2033 AND
2 1 2033 1978 2034 XOR
2 1 1916 1983 2035 XOR
2 1 1998 2035 2036 AND
2 1 2036 1983 2037 XOR
2 1 1919 1988 2038 XOR
2 1 1998 2038 2039 AND
2 1 2039 1988 2040 XOR
2 1 1922 1993 2041 XOR
2 1 1998 2041 2042 AND
2 1 2042 1993 2043 XOR
1 1 1998 2044 INV
2 1 490 820 2045 XOR
2 1 2045 820 2046 AND
2 1 2001 821 2047 XOR
2 1 2046 821 2048 XOR
2 1 2047 2046 2049 XOR
2 1 2047 2048 2050 AND
2 1 2046 2050 2051 XOR
2 1 2004 822 2052 XOR
2 1 2051 822 2053 XOR
2 1 2052 2051 2054 XOR
2 1 2052 2053 2055 AND
2 1 2051 2055 2056 XOR
2 1 2007 823 2057 XOR
2 1 2056 823 2058 XOR
2 1 2057 2056 2059 XOR
2 1 2057 2058 2060 AND
2 1 2056 2060 2061 XOR
2 1 2010 824 2062 XOR
2 1 2061 824 2063 XOR
2 1 2062 2061 2064 XOR
2 1 2062 2063 2065 AND
2 1 2061 2065 2066 XOR
2 1 2013 825 2067 XOR
2 1 2066 825 2068 XOR
2 1 2067 2066 2069 XOR
2 1 2067 2068 2070 AND
2 1 2066 2070 2071 XOR
2 1 2016 826 2072 XOR
2 1 2071 826 2073 XOR
2 1 2072 2071 2074 XOR
2 1 2072 2073 2075 AND
2 1 2071 2075 2076 XOR
2 1 2019 827 2077 XOR
2 1 2076 827 2078 XOR
2 1 2077 2076 2079 XOR
2 1 2077 2078 2080 AND
2 1 2076 2080 2081 XOR
2 1 2022 828 2082 XOR
2 1 2081 828 2083 XOR
2 1 2082 2081 2084 XOR
2 1 2082 2083 2085 AND
2 1 2081 2085 2086 XOR
2 1 2025 829 2087 XOR
2 1 2086 829 2088 XOR
2 1 2087 2086 2089 XOR
2 1 2087 2088 2090 AND
2 1 2086 2090 2091 XOR
2 1 2028 830 2092 XOR
2 1 2091 830 2093 XOR
2 1 2092 2091 2094 XOR
2 1 2092 2093 2095 AND
2 1 2091 2095 2096 XOR
2 1 2031 831 2097 XOR
2 1 2096 831 2098 XOR
2 1 2097 2096 2099 XOR
2 1 2097 2098 2100 AND
2 1 2096 2100 2101 XOR
2 1 2034 832 2102 XOR
2 1 2101 832 2103 XOR
2 1 2102 2101 2104 XOR
2 1 2102 2103 2105 AND
2 1 2101 2105 2106 XOR
2 1 2037 833 2107 XOR
2 1 2106 833 2108 XOR
2 1 2107 2106 2109 XOR
2 1 2107 2108 2110 AND
2 1 2106 2110 2111 XOR
2 1 2040 834 2112 XOR
2 1 2111 834 2113 XOR
2 1 2112 2111 2114 XOR
2 1 2112 2113 2115 AND
2 1 2111 2115 2116 XOR
2 1 2043 835 2117 XOR
2 1 2116 835 2118 XOR
2 1 2117 2116 2119 XOR
2 1 2117 2118 2120 AND
2 1 2116 2120 2121 XOR
2 1 2121 1024 2122 XOR
2 1 2121 1024 2123 AND
2 1 2122 2123 2124 XOR
2 1 490 2045 2125 XOR
2 1 2124 2125 2126 AND
2 1 2126 2045 2127 XOR
2 1 2001 2049 2128 XOR
2 1 2124 2128 2129 AND
2 1 2129 2049 2130 XOR
2 1 2004 2054 2131 XOR
2 1 2124 2131 2132 AND
2 1 2132 2054 2133 XOR
2 1 2007 2059 2134 XOR
2 1 2124 2134 2135 AND
2 1 2135 2059 2136 XOR
2 1 2010 2064 2137 XOR
2 1 2124 2137 2138 AND
2 1 2138 2064 2139 XOR
2 1 2013 2069 2140 XOR
2 1 2124 2140 2141 AND
2 1 2141 2069 2142 XOR
2 1 2016 2074 2143 XOR
2 1 2124 2143 2144 AND
2 1 2144 2074 2145 XOR
2 1 2019 2079 2146 XOR
2 1 2124 2146 2147 AND
2 1 2147 2079 2148 XOR
2 1 2022 2084 2149 XOR
2 1 2124 2149 2150 AND
2 1 2150 2084 2151 XOR
2 1 2025 2089 2152 XOR
2 1 2124 2152 2153 AND
2 1 2153 2089 2154 XOR
2 1 2028 2094 2155 XOR
2 1 2124 2155 2156 AND
2 1 2156 2094 2157 XOR
2 1 2031 2099 2158 XOR
2 1 2124 2158 2159 AND
2 1 2159 2099 2160 XOR
2 1 2034 2104 2161 XOR
2 1 2124 2161 2162 AND
2 1 2162 2104 2163 XOR
2 1 2037 2109 2164 XOR
2 1 2124 2164 2165 AND
2 1 2165 2109 2166 XOR
2 1 2040 2114 2167 XOR
2 1 2124 2167 2168 AND
2 1 2168 2114 2169 XOR
2 1 2043 2119 2170 XOR
2 1 2124 2170 2171 AND
2 1 2171 2119 2172 XOR
1 1 2124 2173 INV
2 1 489 820 2174 XOR
2 1 2174 820 2175 AND
2 1 2127 821 2176 XOR
2 1 2175 821 2177 XOR
2 1 2176 2175 2178 XOR
2 1 2176 2177 2179 AND
2 1 2175 2179 2180 XOR
2 1 2130 822 2181 XOR
2 1 2180 822 2182 XOR
2 1 2181 2180 2183 XOR
2 1 2181 2182 2184 AND
2 1 2180 2184 2185 XOR
2 1 2133 823 2186 XOR
2 1 2185 823 2187 XOR
2 1 2186 2185 2188 XOR
2 1 2186 2187 2189 AND
2 1 2185 2189 2190 XOR
2 1 2136 824 2191 XOR
2 1 2190 824 2192 XOR
2 1 2191 2190 2193 XOR
2 1 2191 2192 2194 AND
2 1 2190 2194 2195 XOR
2 1 2139 825 2196 XOR
2 1 2195 825 2197 XOR
2 1 2196 2195 2198 XOR
2 1 2196 2197 2199 AND
2 1 2195 2199 2200 XOR
2 1 2142 826 2201 XOR
2 1 2200 826 2202 XOR
2 1 2201 2200 2203 XOR
2 1 2201 2202 2204 AND
2 1 2200 2204 2205 XOR
2 1 2145 827 2206 XOR
2 1 2205 827 2207 XOR
2 1 2206 2205 2208 XOR
2 1 2206 2207 2209 AND
2 1 2205 2209 2210 XOR
2 1 2148 828 2211 XOR
2 1 2210 828 2212 XOR
2 1 2211 2210 2213 XOR
2 1 2211 2212 2214 AND
2 1 2210 2214 2215 XOR
2 1 2151 829 2216 XOR
2 1 2215 829 2217 XOR
2 1 2216 2215 2218 XOR
2 1 2216 2217 2219 AND
2 1 2215 2219 2220 XOR
2 1 2154 830 2221 XOR
2 1 2220 830 2222 XOR
2 1 2221 2220 2223 XOR
2 1 2221 2222 2224 AND
2 1 2220 2224 2225 XOR
2 1 2157 831 2226 XOR
2 1 2225 831 2227 XOR
2 1 2226 2225 2228 XOR
2 1 2226 2227 2229 AND
2 1 2225 2229 2230 XOR
2 1 2160 832 2231 XOR
2 1 2230 832 2232 XOR
2 1 2231 2230 2233 XOR
2 1 2231 2232 2234 AND
2 1 2230 2234 2235 XOR
2 1 2163 833 2236 XOR
2 1 2235 833 2237 XOR
2 1 2236 2235 2238 XOR
2 1 2236 2237 2239 AND
2 1 2235 2239 2240 XOR
2 1 2166 834 2241 XOR
2 1 2240 834 2242 XOR
2 1 2241 2240 2243 XOR
2 1 2241 2242 2244 AND
2 1 2240 2244 2245 XOR
2 1 2169 835 2246 XOR
2 1 2245 835 2247 XOR
2 1 2246 2245 2248 XOR
2 1 2246 2247 2249 AND
2 1 2245 2249 2250 XOR
2 1 2172 836 2251 XOR
2 1 2250 836 2252 XOR
2 1 2251 2250 2253 XOR
2 1 2251 2252 2254 AND
2 1 2250 2254 2255 XOR
2 1 2255 1021 2256 XOR
2 1 2255 1021 2257 AND
2 1 2256 2257 2258 XOR
2 1 489 2174 2259 XOR
2 1 2258 2259 2260 AND
2 1 2260 2174 2261 XOR
2 1 2127 2178 2262 XOR
2 1 2258 2262 2263 AND
2 1 2263 2178 2264 XOR
2 1 2130 2183 2265 XOR
2 1 2258 2265 2266 AND
2 1 2266 2183 2267 XOR
2 1 2133 2188 2268 XOR
2 1 2258 2268 2269 AND
2 1 2269 2188 2270 XOR
2 1 2136 2193 2271 XOR
2 1 2258 2271 2272 AND
2 1 2272 2193 2273 XOR
2 1 2139 2198 2274 XOR
2 1 2258 2274 2275 AND
2 1 2275 2198 2276 XOR
2 1 2142 2203 2277 XOR
2 1 2258 2277 2278 AND
2 1 2278 2203 2279 XOR
2 1 2145 2208 2280 XOR
2 1 2258 2280 2281 AND
2 1 2281 2208 2282 XOR
2 1 2148 2213 2283 XOR
2 1 2258 2283 2284 AND
2 1 2284 2213 2285 XOR
2 1 2151 2218 2286 XOR
2 1 2258 2286 2287 AND
2 1 2287 2218 2288 XOR
2 1 2154 2223 2289 XOR
2 1 2258 2289 2290 AND
2 1 2290 2223 2291 XOR
2 1 2157 2228 2292 XOR
2 1 2258 2292 2293 AND
2 1 2293 2228 2294 XOR
2 1 2160 2233 2295 XOR
2 1 2258 2295 2296 AND
2 1 2296 2233 2297 XOR
2 1 2163 2238 2298 XOR
2 1 2258 2298 2299 AND
2 1 2299 2238 2300 XOR
2 1 2166 2243 2301 XOR
2 1 2258 2301 2302 AND
2 1 2302 2243 2303 XOR
2 1 2169 2248 2304 XOR
2 1 2258 2304 2305 AND
2 1 2305 2248 2306 XOR
2 1 2172 2253 2307 XOR
2 1 2258 2307 2308 AND
2 1 2308 2253 2309 XOR
1 1 2258 2310 INV
2 1 488 820 2311 XOR
2 1 2311 820 2312 AND
2 1 2261 821 2313 XOR
2 1 2312 821 2314 XOR
2 1 2313 2312 2315 XOR
2 1 2313 2314 2316 AND
2 1 2312 2316 2317 XOR
2 1 2264 822 2318 XOR
2 1 2317 822 2319 XOR
2 1 2318 2317 2320 XOR
2 1 2318 2319 2321 AND
2 1 2317 2321 2322 XOR
2 1 2267 823 2323 XOR
2 1 2322 823 2324 XOR
2 1 2323 2322 2325 XOR
2 1 2323 2324 2326 AND
2 1 2322 2326 2327 XOR
2 1 2270 824 2328 XOR
2 1 2327 824 2329 XOR
2 1 2328 2327 2330 XOR
2 1 2328 2329 2331 AND
2 1 2327 2331 2332 XOR
2 1 2273 825 2333 XOR
2 1 2332 825 2334 XOR
2 1 2333 2332 2335 XOR
2 1 2333 2334 2336 AND
2 1 2332 2336 2337 XOR
2 1 2276 826 2338 XOR
2 1 2337 826 2339 XOR
2 1 2338 2337 2340 XOR
2 1 2338 2339 2341 AND
2 1 2337 2341 2342 XOR
2 1 2279 827 2343 XOR
2 1 2342 827 2344 XOR
2 1 2343 2342 2345 XOR
2 1 2343 2344 2346 AND
2 1 2342 2346 2347 XOR
2 1 2282 828 2348 XOR
2 1 2347 828 2349 XOR
2 1 2348 2347 2350 XOR
2 1 2348 2349 2351 AND
2 1 2347 2351 2352 XOR
2 1 2285 829 2353 XOR
2 1 2352 829 2354 XOR
2 1 2353 2352 2355 XOR
2 1 2353 2354 2356 AND
2 1 2352 2356 2357 XOR
2 1 2288 830 2358 XOR
2 1 2357 830 2359 XOR
2 1 2358 2357 2360 XOR
2 1 2358 2359 2361 AND
2 1 2357 2361 2362 XOR
2 1 2291 831 2363 XOR
2 1 2362 831 2364 XOR
2 1 2363 2362 2365 XOR
2 1 2363 2364 2366 AND
2 1 2362 2366 2367 XOR
2 1 2294 832 2368 XOR
2 1 2367 832 2369 XOR
2 1 2368 2367 2370 XOR
2 1 2368 2369 2371 AND
2 1 2367 2371 2372 XOR
2 1 2297 833 2373 XOR
2 1 2372 833 2374 XOR
2 1 2373 2372 2375 XOR
2 1 2373 2374 2376 AND
2 1 2372 2376 2377 XOR
2 1 2300 834 2378 XOR
2 1 2377 834 2379 XOR
2 1 2378 2377 2380 XOR
2 1 2378 2379 2381 AND
2 1 2377 2381 2382 XOR
2 1 2303 835 2383 XOR
2 1 2382 835 2384 XOR
2 1 2383 2382 2385 XOR
2 1 2383 2384 2386 AND
2 1 2382 2386 2387 XOR
2 1 2306 836 2388 XOR
2 1 2387 836 2389 XOR
2 1 2388 2387 2390 XOR
2 1 2388 2389 2391 AND
2 1 2387 2391 2392 XOR
2 1 2309 837 2393 XOR
2 1 2392 837 2394 XOR
2 1 2393 2392 2395 XOR
2 1 2393 2394 2396 AND
2 1 2392 2396 2397 XOR
2 1 2397 1018 2398 XOR
2 1 2397 1018 2399 AND
2 1 2398 2399 2400 XOR
2 1 488 2311 2401 XOR
2 1 2400 2401 2402 AND
2 1 2402 2311 2403 XOR
2 1 2261 2315 2404 XOR
2 1 2400 2404 2405 AND
2 1 2405 2315 2406 XOR
2 1 2264 2320 2407 XOR
2 1 2400 2407 2408 AND
2 1 2408 2320 2409 XOR
2 1 2267 2325 2410 XOR
2 1 2400 2410 2411 AND
2 1 2411 2325 2412 XOR
2 1 2270 2330 2413 XOR
2 1 2400 2413 2414 AND
2 1 2414 2330 2415 XOR
2 1 2273 2335 2416 XOR
2 1 2400 2416 2417 AND
2 1 2417 2335 2418 XOR
2 1 2276 2340 2419 XOR
2 1 2400 2419 2420 AND
2 1 2420 2340 2421 XOR
2 1 2279 2345 2422 XOR
2 1 2400 2422 2423 AND
2 1 2423 2345 2424 XOR
2 1 2282 2350 2425 XOR
2 1 2400 2425 2426 AND
2 1 2426 2350 2427 XOR
2 1 2285 2355 2428 XOR
2 1 2400 2428 2429 AND
2 1 2429 2355 2430 XOR
2 1 2288 2360 2431 XOR
2 1 2400 2431 2432 AND
2 1 2432 2360 2433 XOR
2 1 2291 2365 2434 XOR
2 1 2400 2434 2435 AND
2 1 2435 2365 2436 XOR
2 1 2294 2370 2437 XOR
2 1 2400 2437 2438 AND
2 1 2438 2370 2439 XOR
2 1 2297 2375 2440 XOR
2 1 2400 2440 2441 AND
2 1 2441 2375 2442 XOR
2 1 2300 2380 2443 XOR
2 1 2400 2443 2444 AND
2 1 2444 2380 2445 XOR
2 1 2303 2385 2446 XOR
2 1 2400 2446 2447 AND
2 1 2447 2385 2448 XOR
2 1 2306 2390 2449 XOR
2 1 2400 2449 2450 AND
2 1 2450 2390 2451 XOR
2 1 2309 2395 2452 XOR
2 1 2400 2452 2453 AND
2 1 2453 2395 2454 XOR
1 1 2400 2455 INV
2 1 487 820 2456 XOR
2 1 2456 820 2457 AND
2 1 2403 821 2458 XOR
2 1 2457 821 2459 XOR
2 1 2458 2457 2460 XOR
2 1 2458 2459 2461 AND
2 1 2457 2461 2462 XOR
2 1 2406 822 2463 XOR
2 1 2462 822 2464 XOR
2 1 2463 2462 2465 XOR
2 1 2463 2464 2466 AND
2 1 2462 2466 2467 XOR
2 1 2409 823 2468 XOR
2 1 2467 823 2469 XOR
2 1 2468 2467 2470 XOR
2 1 2468 2469 2471 AND
2 1 2467 2471 2472 XOR
2 1 2412 824 2473 XOR
2 1 2472 824 2474 XOR
2 1 2473 2472 2475 XOR
2 1 2473 2474 2476 AND
2 1 2472 2476 2477 XOR
2 1 2415 825 2478 XOR
2 1 2477 825 2479 XOR
2 1 2478 2477 2480 XOR
2 1 2478 2479 2481 AND
2 1 2477 2481 2482 XOR
2 1 2418 826 2483 XOR
2 1 2482 826 2484 XOR
2 1 2483 2482 2485 XOR
2 1 2483 2484 2486 AND
2 1 2482 2486 2487 XOR
2 1 2421 827 2488 XOR
2 1 2487 827 2489 XOR
2 1 2488 2487 2490 XOR
2 1 2488 2489 2491 AND
2 1 2487 2491 2492 XOR
2 1 2424 828 2493 XOR
2 1 2492 828 2494 XOR
2 1 2493 2492 2495 XOR
2 1 2493 2494 2496 AND
2 1 2492 2496 2497 XOR
2 1 2427 829 2498 XOR
2 1 2497 829 2499 XOR
2 1 2498 2497 2500 XOR
2 1 2498 2499 2501 AND
2 1 2497 2501 2502 XOR
2 1 2430 830 2503 XOR
2 1 2502 830 2504 XOR
2 1 2503 2502 2505 XOR
2 1 2503 2504 2506 AND
2 1 2502 2506 2507 XOR
2 1 2433 831 2508 XOR
2 1 2507 831 2509 XOR
2 1 2508 2507 2510 XOR
2 1 2508 2509 2511 AND
2 1 2507 2511 2512 XOR
2 1 2436 832 2513 XOR
2 1 2512 832 2514 XOR
2 1 2513 2512 2515 XOR
2 1 2513 2514 2516 AND
2 1 2512 2516 2517 XOR
2 1 2439 833 2518 XOR
2 1 2517 833 2519 XOR
2 1 2518 2517 2520 XOR
2 1 2518 2519 2521 AND
2 1 2517 2521 2522 XOR
2 1 2442 834 2523 XOR
2 1 2522 834 2524 XOR
2 1 2523 2522 2525 XOR
2 1 2523 2524 2526 AND
2 1 2522 2526 2527 XOR
2 1 2445 835 2528 XOR
2 1 2527 835 2529 XOR
2 1 2528 2527 2530 XOR
2 1 2528 2529 2531 AND
2 1 2527 2531 2532 XOR
2 1 2448 836 2533 XOR
2 1 2532 836 2534 XOR
2 1 2533 2532 2535 XOR
2 1 2533 2534 2536 AND
2 1 2532 2536 2537 XOR
2 1 2451 837 2538 XOR
2 1 2537 837 2539 XOR
2 1 2538 2537 2540 XOR
2 1 2538 2539 2541 AND
2 1 2537 2541 2542 XOR
2 1 2454 838 2543 XOR
2 1 2542 838 2544 XOR
2 1 2543 2542 2545 XOR
2 1 2543 2544 2546 AND
2 1 2542 2546 2547 XOR
2 1 2547 1015 2548 XOR
2 1 2547 1015 2549 AND
2 1 2548 2549 2550 XOR
2 1 487 2456 2551 XOR
2 1 2550 2551 2552 AND
2 1 2552 2456 2553 XOR
2 1 2403 2460 2554 XOR
2 1 2550 2554 2555 AND
2 1 2555 2460 2556 XOR
2 1 2406 2465 2557 XOR
2 1 2550 2557 2558 AND
2 1 2558 2465 2559 XOR
2 1 2409 2470 2560 XOR
2 1 2550 2560 2561 AND
2 1 2561 2470 2562 XOR
2 1 2412 2475 2563 XOR
2 1 2550 2563 2564 AND
2 1 2564 2475 2565 XOR
2 1 2415 2480 2566 XOR
2 1 2550 2566 2567 AND
2 1 2567 2480 2568 XOR
2 1 2418 2485 2569 XOR
2 1 2550 2569 2570 AND
2 1 2570 2485 2571 XOR
2 1 2421 2490 2572 XOR
2 1 2550 2572 2573 AND
2 1 2573 2490 2574 XOR
2 1 2424 2495 2575 XOR
2 1 2550 2575 2576 AND
2 1 2576 2495 2577 XOR
2 1 2427 2500 2578 XOR
2 1 2550 2578 2579 AND
2 1 2579 2500 2580 XOR
2 1 2430 2505 2581 XOR
2 1 2550 2581 2582 AND
2 1 2582 2505 2583 XOR
2 1 2433 2510 2584 XOR
2 1 2550 2584 2585 AND
2 1 2585 2510 2586 XOR
2 1 2436 2515 2587 XOR
2 1 2550 2587 2588 AND
2 1 2588 2515 2589 XOR
2 1 2439 2520 2590 XOR
2 1 2550 2590 2591 AND
2 1 2591 2520 2592 XOR
2 1 2442 2525 2593 XOR
2 1 2550 2593 2594 AND
2 1 2594 2525 2595 XOR
2 1 2445 2530 2596 XOR
2 1 2550 2596 2597 AND
2 1 2597 2530 2598 XOR
2 1 2448 2535 2599 XOR
2 1 2550 2599 2600 AND
2 1 2600 2535 2601 XOR
2 1 2451 2540 2602 XOR
2 1 2550 2602 2603 AND
2 1 2603 2540 2604 XOR
2 1 2454 2545 2605 XOR
2 1 2550 2605 2606 AND
2 1 2606 2545 2607 XOR
1 1 2550 2608 INV
2 1 486 820 2609 XOR
2 1 2609 820 2610 AND
2 1 2553 821 2611 XOR
2 1 2610 821 2612 XOR
2 1 2611 2610 2613 XOR
2 1 2611 2612 2614 AND
2 1 2610 2614 2615 XOR
2 1 2556 822 2616 XOR
2 1 2615 822 2617 XOR
2 1 2616 2615 2618 XOR
2 1 2616 2617 2619 AND
2 1 2615 2619 2620 XOR
2 1 2559 823 2621 XOR
2 1 2620 823 2622 XOR
2 1 2621 2620 2623 XOR
2 1 2621 2622 2624 AND
2 1 2620 2624 2625 XOR
2 1 2562 824 2626 XOR
2 1 2625 824 2627 XOR
2 1 2626 2625 2628 XOR
2 1 2626 2627 2629 AND
2 1 2625 2629 2630 XOR
2 1 2565 825 2631 XOR
2 1 2630 825 2632 XOR
2 1 2631 2630 2633 XOR
2 1 2631 2632 2634 AND
2 1 2630 2634 2635 XOR
2 1 2568 826 2636 XOR
2 1 2635 826 2637 XOR
2 1 2636 2635 2638 XOR
2 1 2636 2637 2639 AND
2 1 2635 2639 2640 XOR
2 1 2571 827 2641 XOR
2 1 2640 827 2642 XOR
2 1 2641 2640 2643 XOR
2 1 2641 2642 2644 AND
2 1 2640 2644 2645 XOR
2 1 2574 828 2646 XOR
2 1 2645 828 2647 XOR
2 1 2646 2645 2648 XOR
2 1 2646 2647 2649 AND
2 1 2645 2649 2650 XOR
2 1 2577 829 2651 XOR
2 1 2650 829 2652 XOR
2 1 2651 2650 2653 XOR
2 1 2651 2652 2654 AND
2 1 2650 2654 2655 XOR
2 1 2580 830 2656 XOR
2 1 2655 830 2657 XOR
2 1 2656 2655 2658 XOR
2 1 2656 2657 2659 AND
2 1 2655 2659 2660 XOR
2 1 2583 831 2661 XOR
2 1 2660 831 2662 XOR
2 1 2661 2660 2663 XOR
2 1 2661 2662 2664 AND
2 1 2660 2664 2665 XOR
2 1 2586 832 2666 XOR
2 1 2665 832 2667 XOR
2 1 2666 2665 2668 XOR
2 1 2666 2667 2669 AND
2 1 2665 2669 2670 XOR
2 1 2589 833 2671 XOR
2 1 2670 833 2672 XOR
2 1 2671 2670 2673 XOR
2 1 2671 2672 2674 AND
2 1 2670 2674 2675 XOR
2 1 2592 834 2676 XOR
2 1 2675 834 2677 XOR
2 1 2676 2675 2678 XOR
2 1 2676 2677 2679 AND
2 1 2675 2679 2680 XOR
2 1 2595 835 2681 XOR
2 1 2680 835 2682 XOR
2 1 2681 2680 2683 XOR
2 1 2681 2682 2684 AND
2 1 2680 2684 2685 XOR
2 1 2598 836 2686 XOR
2 1 2685 836 2687 XOR
2 1 2686 2685 2688 XOR
2 1 2686 2687 2689 AND
2 1 2685 2689 2690 XOR
2 1 2601 837 2691 XOR
2 1 2690 837 2692 XOR
2 1 2691 2690 2693 XOR
2 1 2691 2692 2694 AND
2 1 2690 2694 2695 XOR
2 1 2604 838 2696 XOR
2 1 2695 838 2697 XOR
2 1 2696 2695 2698 XOR
2 1 2696 2697 2699 AND
2 1 2695 2699 2700 XOR
2 1 2607 839 2701 XOR
2 1 2700 839 2702 XOR
2 1 2701 2700 2703 XOR
2 1 2701 2702 2704 AND
2 1 2700 2704 2705 XOR
2 1 2705 1012 2706 XOR
2 1 2705 1012 2707 AND
2 1 2706 2707 2708 XOR
2 1 486 2609 2709 XOR
2 1 2708 2709 2710 AND
2 1 2710 2609 2711 XOR
2 1 2553 2613 2712 XOR
2 1 2708 2712 2713 AND
2 1 2713 2613 2714 XOR
2 1 2556 2618 2715 XOR
2 1 2708 2715 2716 AND
2 1 2716 2618 2717 XOR
2 1 2559 2623 2718 XOR
2 1 2708 2718 2719 AND
2 1 2719 2623 2720 XOR
2 1 2562 2628 2721 XOR
2 1 2708 2721 2722 AND
2 1 2722 2628 2723 XOR
2 1 2565 2633 2724 XOR
2 1 2708 2724 2725 AND
2 1 2725 2633 2726 XOR
2 1 2568 2638 2727 XOR
2 1 2708 2727 2728 AND
2 1 2728 2638 2729 XOR
2 1 2571 2643 2730 XOR
2 1 2708 2730 2731 AND
2 1 2731 2643 2732 XOR
2 1 2574 2648 2733 XOR
2 1 2708 2733 2734 AND
2 1 2734 2648 2735 XOR
2 1 2577 2653 2736 XOR
2 1 2708 2736 2737 AND
2 1 2737 2653 2738 XOR
2 1 2580 2658 2739 XOR
2 1 2708 2739 2740 AND
2 1 2740 2658 2741 XOR
2 1 2583 2663 2742 XOR
2 1 2708 2742 2743 AND
2 1 2743 2663 2744 XOR
2 1 2586 2668 2745 XOR
2 1 2708 2745 2746 AND
2 1 2746 2668 2747 XOR
2 1 2589 2673 2748 XOR
2 1 2708 2748 2749 AND
2 1 2749 2673 2750 XOR
2 1 2592 2678 2751 XOR
2 1 2708 2751 2752 AND
2 1 2752 2678 2753 XOR
2 1 2595 2683 2754 XOR
2 1 2708 2754 2755 AND
2 1 2755 2683 2756 XOR
2 1 2598 2688 2757 XOR
2 1 2708 2757 2758 AND
2 1 2758 2688 2759 XOR
2 1 2601 2693 2760 XOR
2 1 2708 2760 2761 AND
2 1 2761 2693 2762 XOR
2 1 2604 2698 2763 XOR
2 1 2708 2763 2764 AND
2 1 2764 2698 2765 XOR
2 1 2607 2703 2766 XOR
2 1 2708 2766 2767 AND
2 1 2767 2703 2768 XOR
1 1 2708 2769 INV
2 1 485 820 2770 XOR
2 1 2770 820 2771 AND
2 1 2711 821 2772 XOR
2 1 2771 821 2773 XOR
2 1 2772 2771 2774 XOR
2 1 2772 2773 2775 AND
2 1 2771 2775 2776 XOR
2 1 2714 822 2777 XOR
2 1 2776 822 2778 XOR
2 1 2777 2776 2779 XOR
2 1 2777 2778 2780 AND
2 1 2776 2780 2781 XOR
2 1 2717 823 2782 XOR
2 1 2781 823 2783 XOR
2 1 2782 2781 2784 XOR
2 1 2782 2783 2785 AND
2 1 2781 2785 2786 XOR
2 1 2720 824 2787 XOR
2 1 2786 824 2788 XOR
2 1 2787 2786 2789 XOR
2 1 2787 2788 2790 AND
2 1 2786 2790 2791 XOR
2 1 2723 825 2792 XOR
2 1 2791 825 2793 XOR
2 1 2792 2791 2794 XOR
2 1 2792 2793 2795 AND
2 1 2791 2795 2796 XOR
2 1 2726 826 2797 XOR
2 1 2796 826 2798 XOR
2 1 2797 2796 2799 XOR
2 1 2797 2798 2800 AND
2 1 2796 2800 2801 XOR
2 1 2729 827 2802 XOR
2 1 2801 827 2803 XOR
2 1 2802 2801 2804 XOR
2 1 2802 2803 2805 AND
2 1 2801 2805 2806 XOR
2 1 2732 828 2807 XOR
2 1 2806 828 2808 XOR
2 1 2807 2806 2809 XOR
2 1 2807 2808 2810 AND
2 1 2806 2810 2811 XOR
2 1 2735 829 2812 XOR
2 1 2811 829 2813 XOR
2 1 2812 2811 2814 XOR
2 1 2812 2813 2815 AND
2 1 2811 2815 2816 XOR
2 1 2738 830 2817 XOR
2 1 2816 830 2818 XOR
2 1 2817 2816 2819 XOR
2 1 2817 2818 2820 AND
2 1 2816 2820 2821 XOR
2 1 2741 831 2822 XOR
2 1 2821 831 2823 XOR
2 1 2822 2821 2824 XOR
2 1 2822 2823 2825 AND
2 1 2821 2825 2826 XOR
2 1 2744 832 2827 XOR
2 1 2826 832 2828 XOR
2 1 2827 2826 2829 XOR
2 1 2827 2828 2830 AND
2 1 2826 2830 2831 XOR
2 1 2747 833 2832 XOR
2 1 2831 833 2833 XOR
2 1 2832 2831 2834 XOR
2 1 2832 2833 2835 AND
2 1 2831 2835 2836 XOR
2 1 2750 834 2837 XOR
2 1 2836 834 2838 XOR
2 1 2837 2836 2839 XOR
2 1 2837 2838 2840 AND
2 1 2836 2840 2841 XOR
2 1 2753 835 2842 XOR
2 1 2841 835 2843 XOR
2 1 2842 2841 2844 XOR
2 1 2842 2843 2845 AND
2 1 2841 2845 2846 XOR
2 1 2756 836 2847 XOR
2 1 2846 836 2848 XOR
2 1 2847 2846 2849 XOR
2 1 2847 2848 2850 AND
2 1 2846 2850 2851 XOR
2 1 2759 837 2852 XOR
2 1 2851 837 2853 XOR
2 1 2852 2851 2854 XOR
2 1 2852 2853 2855 AND
2 1 2851 2855 2856 XOR
2 1 2762 838 2857 XOR
2 1 2856 838 2858 XOR
2 1 2857 2856 2859 XOR
2 1 2857 2858 2860 AND
2 1 2856 2860 2861 XOR
2 1 2765 839 2862 XOR
2 1 2861 839 2863 XOR
2 1 2862 2861 2864 XOR
2 1 2862 2863 2865 AND
2 1 2861 2865 2866 XOR
2 1 2768 840 2867 XOR
2 1 2866 840 2868 XOR
2 1 2867 2866 2869 XOR
2 1 2867 2868 2870 AND
2 1 2866 2870 2871 XOR
2 1 2871 1009 2872 XOR
2 1 2871 1009 2873 AND
2 1 2872 2873 2874 XOR
2 1 485 2770 2875 XOR
2 1 2874 2875 2876 AND
2 1 2876 2770 2877 XOR
2 1 2711 2774 2878 XOR
2 1 2874 2878 2879 AND
2 1 2879 2774 2880 XOR
2 1 2714 2779 2881 XOR
2 1 2874 2881 2882 AND
2 1 2882 2779 2883 XOR
2 1 2717 2784 2884 XOR
2 1 2874 2884 2885 AND
2 1 2885 2784 2886 XOR
2 1 2720 2789 2887 XOR
2 1 2874 2887 2888 AND
2 1 2888 2789 2889 XOR
2 1 2723 2794 2890 XOR
2 1 2874 2890 2891 AND
2 1 2891 2794 2892 XOR
2 1 2726 2799 2893 XOR
2 1 2874 2893 2894 AND
2 1 2894 2799 2895 XOR
2 1 2729 2804 2896 XOR
2 1 2874 2896 2897 AND
2 1 2897 2804 2898 XOR
2 1 2732 2809 2899 XOR
2 1 2874 2899 2900 AND
2 1 2900 2809 2901 XOR
2 1 2735 2814 2902 XOR
2 1 2874 2902 2903 AND
2 1 2903 2814 2904 XOR
2 1 2738 2819 2905 XOR
2 1 2874 2905 2906 AND
2 1 2906 2819 2907 XOR
2 1 2741 2824 2908 XOR
2 1 2874 2908 2909 AND
2 1 2909 2824 2910 XOR
2 1 2744 2829 2911 XOR
2 1 2874 2911 2912 AND
2 1 2912 2829 2913 XOR
2 1 2747 2834 2914 XOR
2 1 2874 2914 2915 AND
2 1 2915 2834 2916 XOR
2 1 2750 2839 2917 XOR
2 1 2874 2917 2918 AND
2 1 2918 2839 2919 XOR
2 1 2753 2844 2920 XOR
2 1 2874 2920 2921 AND
2 1 2921 2844 2922 XOR
2 1 2756 2849 2923 XOR
2 1 2874 2923 2924 AND
2 1 2924 2849 2925 XOR
2 1 2759 2854 2926 XOR
2 1 2874 2926 2927 AND
2 1 2927 2854 2928 XOR
2 1 2762 2859 2929 XOR
2 1 2874 2929 2930 AND
2 1 2930 2859 2931 XOR
2 1 2765 2864 2932 XOR
2 1 2874 2932 2933 AND
2 1 2933 2864 2934 XOR
2 1 2768 2869 2935 XOR
2 1 2874 2935 2936 AND
2 1 2936 2869 2937 XOR
1 1 2874 2938 INV
2 1 484 820 2939 XOR
2 1 2939 820 2940 AND
2 1 2877 821 2941 XOR
2 1 2940 821 2942 XOR
2 1 2941 2940 2943 XOR
2 1 2941 2942 2944 AND
2 1 2940 2944 2945 XOR
2 1 2880 822 2946 XOR
2 1 2945 822 2947 XOR
2 1 2946 2945 2948 XOR
2 1 2946 2947 2949 AND
2 1 2945 2949 2950 XOR
2 1 2883 823 2951 XOR
2 1 2950 823 2952 XOR
2 1 2951 2950 2953 XOR
2 1 2951 2952 2954 AND
2 1 2950 2954 2955 XOR
2 1 2886 824 2956 XOR
2 1 2955 824 2957 XOR
2 1 2956 2955 2958 XOR
2 1 2956 2957 2959 AND
2 1 2955 2959 2960 XOR
2 1 2889 825 2961 XOR
2 1 2960 825 2962 XOR
2 1 2961 2960 2963 XOR
2 1 2961 2962 2964 AND
2 1 2960 2964 2965 XOR
2 1 2892 826 2966 XOR
2 1 2965 826 2967 XOR
2 1 2966 2965 2968 XOR
2 1 2966 2967 2969 AND
2 1 2965 2969 2970 XOR
2 1 2895 827 2971 XOR
2 1 2970 827 2972 XOR
2 1 2971 2970 2973 XOR
2 1 2971 2972 2974 AND
2 1 2970 2974 2975 XOR
2 1 2898 828 2976 XOR
2 1 2975 828 2977 XOR
2 1 2976 2975 2978 XOR
2 1 2976 2977 2979 AND
2 1 2975 2979 2980 XOR
2 1 2901 829 2981 XOR
2 1 2980 829 2982 XOR
2 1 2981 2980 2983 XOR
2 1 2981 2982 2984 AND
2 1 2980 2984 2985 XOR
2 1 2904 830 2986 XOR
2 1 2985 830 2987 XOR
2 1 2986 2985 2988 XOR
2 1 2986 2987 2989 AND
2 1 2985 2989 2990 XOR
2 1 2907 831 2991 XOR
2 1 2990 831 2992 XOR
2 1 2991 2990 2993 XOR
2 1 2991 2992 2994 AND
2 1 2990 2994 2995 XOR
2 1 2910 832 2996 XOR
2 1 2995 832 2997 XOR
2 1 2996 2995 2998 XOR
2 1 2996 2997 2999 AND
2 1 2995 2999 3000 XOR
2 1 2913 833 3001 XOR
2 1 3000 833 3002 XOR
2 1 3001 3000 3003 XOR
2 1 3001 3002 3004 AND
2 1 3000 3004 3005 XOR
2 1 2916 834 3006 XOR
2 1 3005 834 3007 XOR
2 1 3006 3005 3008 XOR
2 1 3006 3007 3009 AND
2 1 3005 3009 3010 XOR
2 1 2919 835 3011 XOR
2 1 3010 835 3012 XOR
2 1 3011 3010 3013 XOR
2 1 3011 3012 3014 AND
2 1 3010 3014 3015 XOR
2 1 2922 836 3016 XOR
2 1 3015 836 3017 XOR
2 1 3016 3015 3018 XOR
2 1 3016 3017 3019 AND
2 1 3015 3019 3020 XOR
2 1 2925 837 3021 XOR
2 1 3020 837 3022 XOR
2 1 3021 3020 3023 XOR
2 1 3021 3022 3024 AND
2 1 3020 3024 3025 XOR
2 1 2928 838 3026 XOR
2 1 3025 838 3027 XOR
2 1 3026 3025 3028 XOR
2 1 3026 3027 3029 AND
2 1 3025 3029 3030 XOR
2 1 2931 839 3031 XOR
2 1 3030 839 3032 XOR
2 1 3031 3030 3033 XOR
2 1 3031 3032 3034 AND
2 1 3030 3034 3035 XOR
2 1 2934 840 3036 XOR
2 1 3035 840 3037 XOR
2 1 3036 3035 3038 XOR
2 1 3036 3037 3039 AND
2 1 3035 3039 3040 XOR
2 1 2937 841 3041 XOR
2 1 3040 841 3042 XOR
2 1 3041 3040 3043 XOR
2 1 3041 3042 3044 AND
2 1 3040 3044 3045 XOR
2 1 3045 1006 3046 XOR
2 1 3045 1006 3047 AND
2 1 3046 3047 3048 XOR
2 1 484 2939 3049 XOR
2 1 3048 3049 3050 AND
2 1 3050 2939 3051 XOR
2 1 2877 2943 3052 XOR
2 1 3048 3052 3053 AND
2 1 3053 2943 3054 XOR
2 1 2880 2948 3055 XOR
2 1 3048 3055 3056 AND
2 1 3056 2948 3057 XOR
2 1 2883 2953 3058 XOR
2 1 3048 3058 3059 AND
2 1 3059 2953 3060 XOR
2 1 2886 2958 3061 XOR
2 1 3048 3061 3062 AND
2 1 3062 2958 3063 XOR
2 1 2889 2963 3064 XOR
2 1 3048 3064 3065 AND
2 1 3065 2963 3066 XOR
2 1 2892 2968 3067 XOR
2 1 3048 3067 3068 AND
2 1 3068 2968 3069 XOR
2 1 2895 2973 3070 XOR
2 1 3048 3070 3071 AND
2 1 3071 2973 3072 XOR
2 1 2898 2978 3073 XOR
2 1 3048 3073 3074 AND
2 1 3074 2978 3075 XOR
2 1 2901 2983 3076 XOR
2 1 3048 3076 3077 AND
2 1 3077 2983 3078 XOR
2 1 2904 2988 3079 XOR
2 1 3048 3079 3080 AND
2 1 3080 2988 3081 XOR
2 1 2907 2993 3082 XOR
2 1 3048 3082 3083 AND
2 1 3083 2993 3084 XOR
2 1 2910 2998 3085 XOR
2 1 3048 3085 3086 AND
2 1 3086 2998 3087 XOR
2 1 2913 3003 3088 XOR
2 1 3048 3088 3089 AND
2 1 3089 3003 3090 XOR
2 1 2916 3008 3091 XOR
2 1 3048 3091 3092 AND
2 1 3092 3008 3093 XOR
2 1 2919 3013 3094 XOR
2 1 3048 3094 3095 AND
2 1 3095 3013 3096 XOR
2 1 2922 3018 3097 XOR
2 1 3048 3097 3098 AND
2 1 3098 3018 3099 XOR
2 1 2925 3023 3100 XOR
2 1 3048 3100 3101 AND
2 1 3101 3023 3102 XOR
2 1 2928 3028 3103 XOR
2 1 3048 3103 3104 AND
2 1 3104 3028 3105 XOR
2 1 2931 3033 3106 XOR
2 1 3048 3106 3107 AND
2 1 3107 3033 3108 XOR
2 1 2934 3038 3109 XOR
2 1 3048 3109 3110 AND
2 1 3110 3038 3111 XOR
2 1 2937 3043 3112 XOR
2 1 3048 3112 3113 AND
2 1 3113 3043 3114 XOR
1 1 3048 3115 INV
2 1 483 820 3116 XOR
2 1 3116 820 3117 AND
2 1 3051 821 3118 XOR
2 1 3117 821 3119 XOR
2 1 3118 3117 3120 XOR
2 1 3118 3119 3121 AND
2 1 3117 3121 3122 XOR
2 1 3054 822 3123 XOR
2 1 3122 822 3124 XOR
2 1 3123 3122 3125 XOR
2 1 3123 3124 3126 AND
2 1 3122 3126 3127 XOR
2 1 3057 823 3128 XOR
2 1 3127 823 3129 XOR
2 1 3128 3127 3130 XOR
2 1 3128 3129 3131 AND
2 1 3127 3131 3132 XOR
2 1 3060 824 3133 XOR
2 1 3132 824 3134 XOR
2 1 3133 3132 3135 XOR
2 1 3133 3134 3136 AND
2 1 3132 3136 3137 XOR
2 1 3063 825 3138 XOR
2 1 3137 825 3139 XOR
2 1 3138 3137 3140 XOR
2 1 3138 3139 3141 AND
2 1 3137 3141 3142 XOR
2 1 3066 826 3143 XOR
2 1 3142 826 3144 XOR
2 1 3143 3142 3145 XOR
2 1 3143 3144 3146 AND
2 1 3142 3146 3147 XOR
2 1 3069 827 3148 XOR
2 1 3147 827 3149 XOR
2 1 3148 3147 3150 XOR
2 1 3148 3149 3151 AND
2 1 3147 3151 3152 XOR
2 1 3072 828 3153 XOR
2 1 3152 828 3154 XOR
2 1 3153 3152 3155 XOR
2 1 3153 3154 3156 AND
2 1 3152 3156 3157 XOR
2 1 3075 829 3158 XOR
2 1 3157 829 3159 XOR
2 1 3158 3157 3160 XOR
2 1 3158 3159 3161 AND
2 1 3157 3161 3162 XOR
2 1 3078 830 3163 XOR
2 1 3162 830 3164 XOR
2 1 3163 3162 3165 XOR
2 1 3163 3164 3166 AND
2 1 3162 3166 3167 XOR
2 1 3081 831 3168 XOR
2 1 3167 831 3169 XOR
2 1 3168 3167 3170 XOR
2 1 3168 3169 3171 AND
2 1 3167 3171 3172 XOR
2 1 3084 832 3173 XOR
2 1 3172 832 3174 XOR
2 1 3173 3172 3175 XOR
2 1 3173 3174 3176 AND
2 1 3172 3176 3177 XOR
2 1 3087 833 3178 XOR
2 1 3177 833 3179 XOR
2 1 3178 3177 3180 XOR
2 1 3178 3179 3181 AND
2 1 3177 3181 3182 XOR
2 1 3090 834 3183 XOR
2 1 3182 834 3184 XOR
2 1 3183 3182 3185 XOR
2 1 3183 3184 3186 AND
2 1 3182 3186 3187 XOR
2 1 3093 835 3188 XOR
2 1 3187 835 3189 XOR
2 1 3188 3187 3190 XOR
2 1 3188 3189 3191 AND
2 1 3187 3191 3192 XOR
2 1 3096 836 3193 XOR
2 1 3192 836 3194 XOR
2 1 3193 3192 3195 XOR
2 1 3193 3194 3196 AND
2 1 3192 3196 3197 XOR
2 1 3099 837 3198 XOR
2 1 3197 837 3199 XOR
2 1 3198 3197 3200 XOR
2 1 3198 3199 3201 AND
2 1 3197 3201 3202 XOR
2 1 3102 838 3203 XOR
2 1 3202 838 3204 XOR
2 1 3203 3202 3205 XOR
2 1 3203 3204 3206 AND
2 1 3202 3206 3207 XOR
2 1 3105 839 3208 XOR
2 1 3207 839 3209 XOR
2 1 3208 3207 3210 XOR
2 1 3208 3209 3211 AND
2 1 3207 3211 3212 XOR
2 1 3108 840 3213 XOR
2 1 3212 840 3214 XOR
2 1 3213 3212 3215 XOR
2 1 3213 3214 3216 AND
2 1 3212 3216 3217 XOR
2 1 3111 841 3218 XOR
2 1 3217 841 3219 XOR
2 1 3218 3217 3220 XOR
2 1 3218 3219 3221 AND
2 1 3217 3221 3222 XOR
2 1 3114 842 3223 XOR
2 1 3222 842 3224 XOR
2 1 3223 3222 3225 XOR
2 1 3223 3224 3226 AND
2 1 3222 3226 3227 XOR
2 1 3227 1003 3228 XOR
2 1 3227 1003 3229 AND
2 1 3228 3229 3230 XOR
2 1 483 3116 3231 XOR
2 1 3230 3231 3232 AND
2 1 3232 3116 3233 XOR
2 1 3051 3120 3234 XOR
2 1 3230 3234 3235 AND
2 1 3235 3120 3236 XOR
2 1 3054 3125 3237 XOR
2 1 3230 3237 3238 AND
2 1 3238 3125 3239 XOR
2 1 3057 3130 3240 XOR
2 1 3230 3240 3241 AND
2 1 3241 3130 3242 XOR
2 1 3060 3135 3243 XOR
2 1 3230 3243 3244 AND
2 1 3244 3135 3245 XOR
2 1 3063 3140 3246 XOR
2 1 3230 3246 3247 AND
2 1 3247 3140 3248 XOR
2 1 3066 3145 3249 XOR
2 1 3230 3249 3250 AND
2 1 3250 3145 3251 XOR
2 1 3069 3150 3252 XOR
2 1 3230 3252 3253 AND
2 1 3253 3150 3254 XOR
2 1 3072 3155 3255 XOR
2 1 3230 3255 3256 AND
2 1 3256 3155 3257 XOR
2 1 3075 3160 3258 XOR
2 1 3230 3258 3259 AND
2 1 3259 3160 3260 XOR
2 1 3078 3165 3261 XOR
2 1 3230 3261 3262 AND
2 1 3262 3165 3263 XOR
2 1 3081 3170 3264 XOR
2 1 3230 3264 3265 AND
2 1 3265 3170 3266 XOR
2 1 3084 3175 3267 XOR
2 1 3230 3267 3268 AND
2 1 3268 3175 3269 XOR
2 1 3087 3180 3270 XOR
2 1 3230 3270 3271 AND
2 1 3271 3180 3272 XOR
2 1 3090 3185 3273 XOR
2 1 3230 3273 3274 AND
2 1 3274 3185 3275 XOR
2 1 3093 3190 3276 XOR
2 1 3230 3276 3277 AND
2 1 3277 3190 3278 XOR
2 1 3096 3195 3279 XOR
2 1 3230 3279 3280 AND
2 1 3280 3195 3281 XOR
2 1 3099 3200 3282 XOR
2 1 3230 3282 3283 AND
2 1 3283 3200 3284 XOR
2 1 3102 3205 3285 XOR
2 1 3230 3285 3286 AND
2 1 3286 3205 3287 XOR
2 1 3105 3210 3288 XOR
2 1 3230 3288 3289 AND
2 1 3289 3210 3290 XOR
2 1 3108 3215 3291 XOR
2 1 3230 3291 3292 AND
2 1 3292 3215 3293 XOR
2 1 3111 3220 3294 XOR
2 1 3230 3294 3295 AND
2 1 3295 3220 3296 XOR
2 1 3114 3225 3297 XOR
2 1 3230 3297 3298 AND
2 1 3298 3225 3299 XOR
1 1 3230 3300 INV
2 1 482 820 3301 XOR
2 1 3301 820 3302 AND
2 1 3233 821 3303 XOR
2 1 3302 821 3304 XOR
2 1 3303 3302 3305 XOR
2 1 3303 3304 3306 AND
2 1 3302 3306 3307 XOR
2 1 3236 822 3308 XOR
2 1 3307 822 3309 XOR
2 1 3308 3307 3310 XOR
2 1 3308 3309 3311 AND
2 1 3307 3311 3312 XOR
2 1 3239 823 3313 XOR
2 1 3312 823 3314 XOR
2 1 3313 3312 3315 XOR
2 1 3313 3314 3316 AND
2 1 3312 3316 3317 XOR
2 1 3242 824 3318 XOR
2 1 3317 824 3319 XOR
2 1 3318 3317 3320 XOR
2 1 3318 3319 3321 AND
2 1 3317 3321 3322 XOR
2 1 3245 825 3323 XOR
2 1 3322 825 3324 XOR
2 1 3323 3322 3325 XOR
2 1 3323 3324 3326 AND
2 1 3322 3326 3327 XOR
2 1 3248 826 3328 XOR
2 1 3327 826 3329 XOR
2 1 3328 3327 3330 XOR
2 1 3328 3329 3331 AND
2 1 3327 3331 3332 XOR
2 1 3251 827 3333 XOR
2 1 3332 827 3334 XOR
2 1 3333 3332 3335 XOR
2 1 3333 3334 3336 AND
2 1 3332 3336 3337 XOR
2 1 3254 828 3338 XOR
2 1 3337 828 3339 XOR
2 1 3338 3337 3340 XOR
2 1 3338 3339 3341 AND
2 1 3337 3341 3342 XOR
2 1 3257 829 3343 XOR
2 1 3342 829 3344 XOR
2 1 3343 3342 3345 XOR
2 1 3343 3344 3346 AND
2 1 3342 3346 3347 XOR
2 1 3260 830 3348 XOR
2 1 3347 830 3349 XOR
2 1 3348 3347 3350 XOR
2 1 3348 3349 3351 AND
2 1 3347 3351 3352 XOR
2 1 3263 831 3353 XOR
2 1 3352 831 3354 XOR
2 1 3353 3352 3355 XOR
2 1 3353 3354 3356 AND
2 1 3352 3356 3357 XOR
2 1 3266 832 3358 XOR
2 1 3357 832 3359 XOR
2 1 3358 3357 3360 XOR
2 1 3358 3359 3361 AND
2 1 3357 3361 3362 XOR
2 1 3269 833 3363 XOR
2 1 3362 833 3364 XOR
2 1 3363 3362 3365 XOR
2 1 3363 3364 3366 AND
2 1 3362 3366 3367 XOR
2 1 3272 834 3368 XOR
2 1 3367 834 3369 XOR
2 1 3368 3367 3370 XOR
2 1 3368 3369 3371 AND
2 1 3367 3371 3372 XOR
2 1 3275 835 3373 XOR
2 1 3372 835 3374 XOR
2 1 3373 3372 3375 XOR
2 1 3373 3374 3376 AND
2 1 3372 3376 3377 XOR
2 1 3278 836 3378 XOR
2 1 3377 836 3379 XOR
2 1 3378 3377 3380 XOR
2 1 3378 3379 3381 AND
2 1 3377 3381 3382 XOR
2 1 3281 837 3383 XOR
2 1 3382 837 3384 XOR
2 1 3383 3382 3385 XOR
2 1 3383 3384 3386 AND
2 1 3382 3386 3387 XOR
2 1 3284 838 3388 XOR
2 1 3387 838 3389 XOR
2 1 3388 3387 3390 XOR
2 1 3388 3389 3391 AND
2 1 3387 3391 3392 XOR
2 1 3287 839 3393 XOR
2 1 3392 839 3394 XOR
2 1 3393 3392 3395 XOR
2 1 3393 3394 3396 AND
2 1 3392 3396 3397 XOR
2 1 3290 840 3398 XOR
2 1 3397 840 3399 XOR
2 1 3398 3397 3400 XOR
2 1 3398 3399 3401 AND
2 1 3397 3401 3402 XOR
2 1 3293 841 3403 XOR
2 1 3402 841 3404 XOR
2 1 3403 3402 3405 XOR
2 1 3403 3404 3406 AND
2 1 3402 3406 3407 XOR
2 1 3296 842 3408 XOR
2 1 3407 842 3409 XOR
2 1 3408 3407 3410 XOR
2 1 3408 3409 3411 AND
2 1 3407 3411 3412 XOR
2 1 3299 843 3413 XOR
2 1 3412 843 3414 XOR
2 1 3413 3412 3415 XOR
2 1 3413 3414 3416 AND
2 1 3412 3416 3417 XOR
2 1 3417 1000 3418 XOR
2 1 3417 1000 3419 AND
2 1 3418 3419 3420 XOR
2 1 482 3301 3421 XOR
2 1 3420 3421 3422 AND
2 1 3422 3301 3423 XOR
2 1 3233 3305 3424 XOR
2 1 3420 3424 3425 AND
2 1 3425 3305 3426 XOR
2 1 3236 3310 3427 XOR
2 1 3420 3427 3428 AND
2 1 3428 3310 3429 XOR
2 1 3239 3315 3430 XOR
2 1 3420 3430 3431 AND
2 1 3431 3315 3432 XOR
2 1 3242 3320 3433 XOR
2 1 3420 3433 3434 AND
2 1 3434 3320 3435 XOR
2 1 3245 3325 3436 XOR
2 1 3420 3436 3437 AND
2 1 3437 3325 3438 XOR
2 1 3248 3330 3439 XOR
2 1 3420 3439 3440 AND
2 1 3440 3330 3441 XOR
2 1 3251 3335 3442 XOR
2 1 3420 3442 3443 AND
2 1 3443 3335 3444 XOR
2 1 3254 3340 3445 XOR
2 1 3420 3445 3446 AND
2 1 3446 3340 3447 XOR
2 1 3257 3345 3448 XOR
2 1 3420 3448 3449 AND
2 1 3449 3345 3450 XOR
2 1 3260 3350 3451 XOR
2 1 3420 3451 3452 AND
2 1 3452 3350 3453 XOR
2 1 3263 3355 3454 XOR
2 1 3420 3454 3455 AND
2 1 3455 3355 3456 XOR
2 1 3266 3360 3457 XOR
2 1 3420 3457 3458 AND
2 1 3458 3360 3459 XOR
2 1 3269 3365 3460 XOR
2 1 3420 3460 3461 AND
2 1 3461 3365 3462 XOR
2 1 3272 3370 3463 XOR
2 1 3420 3463 3464 AND
2 1 3464 3370 3465 XOR
2 1 3275 3375 3466 XOR
2 1 3420 3466 3467 AND
2 1 3467 3375 3468 XOR
2 1 3278 3380 3469 XOR
2 1 3420 3469 3470 AND
2 1 3470 3380 3471 XOR
2 1 3281 3385 3472 XOR
2 1 3420 3472 3473 AND
2 1 3473 3385 3474 XOR
2 1 3284 3390 3475 XOR
2 1 3420 3475 3476 AND
2 1 3476 3390 3477 XOR
2 1 3287 3395 3478 XOR
2 1 3420 3478 3479 AND
2 1 3479 3395 3480 XOR
2 1 3290 3400 3481 XOR
2 1 3420 3481 3482 AND
2 1 3482 3400 3483 XOR
2 1 3293 3405 3484 XOR
2 1 3420 3484 3485 AND
2 1 3485 3405 3486 XOR
2 1 3296 3410 3487 XOR
2 1 3420 3487 3488 AND
2 1 3488 3410 3489 XOR
2 1 3299 3415 3490 XOR
2 1 3420 3490 3491 AND
2 1 3491 3415 3492 XOR
1 1 3420 3493 INV
2 1 481 820 3494 XOR
2 1 3494 820 3495 AND
2 1 3423 821 3496 XOR
2 1 3495 821 3497 XOR
2 1 3496 3495 3498 XOR
2 1 3496 3497 3499 AND
2 1 3495 3499 3500 XOR
2 1 3426 822 3501 XOR
2 1 3500 822 3502 XOR
2 1 3501 3500 3503 XOR
2 1 3501 3502 3504 AND
2 1 3500 3504 3505 XOR
2 1 3429 823 3506 XOR
2 1 3505 823 3507 XOR
2 1 3506 3505 3508 XOR
2 1 3506 3507 3509 AND
2 1 3505 3509 3510 XOR
2 1 3432 824 3511 XOR
2 1 3510 824 3512 XOR
2 1 3511 3510 3513 XOR
2 1 3511 3512 3514 AND
2 1 3510 3514 3515 XOR
2 1 3435 825 3516 XOR
2 1 3515 825 3517 XOR
2 1 3516 3515 3518 XOR
2 1 3516 3517 3519 AND
2 1 3515 3519 3520 XOR
2 1 3438 826 3521 XOR
2 1 3520 826 3522 XOR
2 1 3521 3520 3523 XOR
2 1 3521 3522 3524 AND
2 1 3520 3524 3525 XOR
2 1 3441 827 3526 XOR
2 1 3525 827 3527 XOR
2 1 3526 3525 3528 XOR
2 1 3526 3527 3529 AND
2 1 3525 3529 3530 XOR
2 1 3444 828 3531 XOR
2 1 3530 828 3532 XOR
2 1 3531 3530 3533 XOR
2 1 3531 3532 3534 AND
2 1 3530 3534 3535 XOR
2 1 3447 829 3536 XOR
2 1 3535 829 3537 XOR
2 1 3536 3535 3538 XOR
2 1 3536 3537 3539 AND
2 1 3535 3539 3540 XOR
2 1 3450 830 3541 XOR
2 1 3540 830 3542 XOR
2 1 3541 3540 3543 XOR
2 1 3541 3542 3544 AND
2 1 3540 3544 3545 XOR
2 1 3453 831 3546 XOR
2 1 3545 831 3547 XOR
2 1 3546 3545 3548 XOR
2 1 3546 3547 3549 AND
2 1 3545 3549 3550 XOR
2 1 3456 832 3551 XOR
2 1 3550 832 3552 XOR
2 1 3551 3550 3553 XOR
2 1 3551 3552 3554 AND
2 1 3550 3554 3555 XOR
2 1 3459 833 3556 XOR
2 1 3555 833 3557 XOR
2 1 3556 3555 3558 XOR
2 1 3556 3557 3559 AND
2 1 3555 3559 3560 XOR
2 1 3462 834 3561 XOR
2 1 3560 834 3562 XOR
2 1 3561 3560 3563 XOR
2 1 3561 3562 3564 AND
2 1 3560 3564 3565 XOR
2 1 3465 835 3566 XOR
2 1 3565 835 3567 XOR
2 1 3566 3565 3568 XOR
2 1 3566 3567 3569 AND
2 1 3565 3569 3570 XOR
2 1 3468 836 3571 XOR
2 1 3570 836 3572 XOR
2 1 3571 3570 3573 XOR
2 1 3571 3572 3574 AND
2 1 3570 3574 3575 XOR
2 1 3471 837 3576 XOR
2 1 3575 837 3577 XOR
2 1 3576 3575 3578 XOR
2 1 3576 3577 3579 AND
2 1 3575 3579 3580 XOR
2 1 3474 838 3581 XOR
2 1 3580 838 3582 XOR
2 1 3581 3580 3583 XOR
2 1 3581 3582 3584 AND
2 1 3580 3584 3585 XOR
2 1 3477 839 3586 XOR
2 1 3585 839 3587 XOR
2 1 3586 3585 3588 XOR
2 1 3586 3587 3589 AND
2 1 3585 3589 3590 XOR
2 1 3480 840 3591 XOR
2 1 3590 840 3592 XOR
2 1 3591 3590 3593 XOR
2 1 3591 3592 3594 AND
2 1 3590 3594 3595 XOR
2 1 3483 841 3596 XOR
2 1 3595 841 3597 XOR
2 1 3596 3595 3598 XOR
2 1 3596 3597 3599 AND
2 1 3595 3599 3600 XOR
2 1 3486 842 3601 XOR
2 1 3600 842 3602 XOR
2 1 3601 3600 3603 XOR
2 1 3601 3602 3604 AND
2 1 3600 3604 3605 XOR
2 1 3489 843 3606 XOR
2 1 3605 843 3607 XOR
2 1 3606 3605 3608 XOR
2 1 3606 3607 3609 AND
2 1 3605 3609 3610 XOR
2 1 3492 844 3611 XOR
2 1 3610 844 3612 XOR
2 1 3611 3610 3613 XOR
2 1 3611 3612 3614 AND
2 1 3610 3614 3615 XOR
2 1 3615 997 3616 XOR
2 1 3615 997 3617 AND
2 1 3616 3617 3618 XOR
2 1 481 3494 3619 XOR
2 1 3618 3619 3620 AND
2 1 3620 3494 3621 XOR
2 1 3423 3498 3622 XOR
2 1 3618 3622 3623 AND
2 1 3623 3498 3624 XOR
2 1 3426 3503 3625 XOR
2 1 3618 3625 3626 AND
2 1 3626 3503 3627 XOR
2 1 3429 3508 3628 XOR
2 1 3618 3628 3629 AND
2 1 3629 3508 3630 XOR
2 1 3432 3513 3631 XOR
2 1 3618 3631 3632 AND
2 1 3632 3513 3633 XOR
2 1 3435 3518 3634 XOR
2 1 3618 3634 3635 AND
2 1 3635 3518 3636 XOR
2 1 3438 3523 3637 XOR
2 1 3618 3637 3638 AND
2 1 3638 3523 3639 XOR
2 1 3441 3528 3640 XOR
2 1 3618 3640 3641 AND
2 1 3641 3528 3642 XOR
2 1 3444 3533 3643 XOR
2 1 3618 3643 3644 AND
2 1 3644 3533 3645 XOR
2 1 3447 3538 3646 XOR
2 1 3618 3646 3647 AND
2 1 3647 3538 3648 XOR
2 1 3450 3543 3649 XOR
2 1 3618 3649 3650 AND
2 1 3650 3543 3651 XOR
2 1 3453 3548 3652 XOR
2 1 3618 3652 3653 AND
2 1 3653 3548 3654 XOR
2 1 3456 3553 3655 XOR
2 1 3618 3655 3656 AND
2 1 3656 3553 3657 XOR
2 1 3459 3558 3658 XOR
2 1 3618 3658 3659 AND
2 1 3659 3558 3660 XOR
2 1 3462 3563 3661 XOR
2 1 3618 3661 3662 AND
2 1 3662 3563 3663 XOR
2 1 3465 3568 3664 XOR
2 1 3618 3664 3665 AND
2 1 3665 3568 3666 XOR
2 1 3468 3573 3667 XOR
2 1 3618 3667 3668 AND
2 1 3668 3573 3669 XOR
2 1 3471 3578 3670 XOR
2 1 3618 3670 3671 AND
2 1 3671 3578 3672 XOR
2 1 3474 3583 3673 XOR
2 1 3618 3673 3674 AND
2 1 3674 3583 3675 XOR
2 1 3477 3588 3676 XOR
2 1 3618 3676 3677 AND
2 1 3677 3588 3678 XOR
2 1 3480 3593 3679 XOR
2 1 3618 3679 3680 AND
2 1 3680 3593 3681 XOR
2 1 3483 3598 3682 XOR
2 1 3618 3682 3683 AND
2 1 3683 3598 3684 XOR
2 1 3486 3603 3685 XOR
2 1 3618 3685 3686 AND
2 1 3686 3603 3687 XOR
2 1 3489 3608 3688 XOR
2 1 3618 3688 3689 AND
2 1 3689 3608 3690 XOR
2 1 3492 3613 3691 XOR
2 1 3618 3691 3692 AND
2 1 3692 3613 3693 XOR
1 1 3618 3694 INV
2 1 480 820 3695 XOR
2 1 3695 820 3696 AND
2 1 3621 821 3697 XOR
2 1 3696 821 3698 XOR
2 1 3697 3696 3699 XOR
2 1 3697 3698 3700 AND
2 1 3696 3700 3701 XOR
2 1 3624 822 3702 XOR
2 1 3701 822 3703 XOR
2 1 3702 3701 3704 XOR
2 1 3702 3703 3705 AND
2 1 3701 3705 3706 XOR
2 1 3627 823 3707 XOR
2 1 3706 823 3708 XOR
2 1 3707 3706 3709 XOR
2 1 3707 3708 3710 AND
2 1 3706 3710 3711 XOR
2 1 3630 824 3712 XOR
2 1 3711 824 3713 XOR
2 1 3712 3711 3714 XOR
2 1 3712 3713 3715 AND
2 1 3711 3715 3716 XOR
2 1 3633 825 3717 XOR
2 1 3716 825 3718 XOR
2 1 3717 3716 3719 XOR
2 1 3717 3718 3720 AND
2 1 3716 3720 3721 XOR
2 1 3636 826 3722 XOR
2 1 3721 826 3723 XOR
2 1 3722 3721 3724 XOR
2 1 3722 3723 3725 AND
2 1 3721 3725 3726 XOR
2 1 3639 827 3727 XOR
2 1 3726 827 3728 XOR
2 1 3727 3726 3729 XOR
2 1 3727 3728 3730 AND
2 1 3726 3730 3731 XOR
2 1 3642 828 3732 XOR
2 1 3731 828 3733 XOR
2 1 3732 3731 3734 XOR
2 1 3732 3733 3735 AND
2 1 3731 3735 3736 XOR
2 1 3645 829 3737 XOR
2 1 3736 829 3738 XOR
2 1 3737 3736 3739 XOR
2 1 3737 3738 3740 AND
2 1 3736 3740 3741 XOR
2 1 3648 830 3742 XOR
2 1 3741 830 3743 XOR
2 1 3742 3741 3744 XOR
2 1 3742 3743 3745 AND
2 1 3741 3745 3746 XOR
2 1 3651 831 3747 XOR
2 1 3746 831 3748 XOR
2 1 3747 3746 3749 XOR
2 1 3747 3748 3750 AND
2 1 3746 3750 3751 XOR
2 1 3654 832 3752 XOR
2 1 3751 832 3753 XOR
2 1 3752 3751 3754 XOR
2 1 3752 3753 3755 AND
2 1 3751 3755 3756 XOR
2 1 3657 833 3757 XOR
2 1 3756 833 3758 XOR
2 1 3757 3756 3759 XOR
2 1 3757 3758 3760 AND
2 1 3756 3760 3761 XOR
2 1 3660 834 3762 XOR
2 1 3761 834 3763 XOR
2 1 3762 3761 3764 XOR
2 1 3762 3763 3765 AND
2 1 3761 3765 3766 XOR
2 1 3663 835 3767 XOR
2 1 3766 835 3768 XOR
2 1 3767 3766 3769 XOR
2 1 3767 3768 3770 AND
2 1 3766 3770 3771 XOR
2 1 3666 836 3772 XOR
2 1 3771 836 3773 XOR
2 1 3772 3771 3774 XOR
2 1 3772 3773 3775 AND
2 1 3771 3775 3776 XOR
2 1 3669 837 3777 XOR
2 1 3776 837 3778 XOR
2 1 3777 3776 3779 XOR
2 1 3777 3778 3780 AND
2 1 3776 3780 3781 XOR
2 1 3672 838 3782 XOR
2 1 3781 838 3783 XOR
2 1 3782 3781 3784 XOR
2 1 3782 3783 3785 AND
2 1 3781 3785 3786 XOR
2 1 3675 839 3787 XOR
2 1 3786 839 3788 XOR
2 1 3787 3786 3789 XOR
2 1 3787 3788 3790 AND
2 1 3786 3790 3791 XOR
2 1 3678 840 3792 XOR
2 1 3791 840 3793 XOR
2 1 3792 3791 3794 XOR
2 1 3792 3793 3795 AND
2 1 3791 3795 3796 XOR
2 1 3681 841 3797 XOR
2 1 3796 841 3798 XOR
2 1 3797 3796 3799 XOR
2 1 3797 3798 3800 AND
2 1 3796 3800 3801 XOR
2 1 3684 842 3802 XOR
2 1 3801 842 3803 XOR
2 1 3802 3801 3804 XOR
2 1 3802 3803 3805 AND
2 1 3801 3805 3806 XOR
2 1 3687 843 3807 XOR
2 1 3806 843 3808 XOR
2 1 3807 3806 3809 XOR
2 1 3807 3808 3810 AND
2 1 3806 3810 3811 XOR
2 1 3690 844 3812 XOR
2 1 3811 844 3813 XOR
2 1 3812 3811 3814 XOR
2 1 3812 3813 3815 AND
2 1 3811 3815 3816 XOR
2 1 3693 845 3817 XOR
2 1 3816 845 3818 XOR
2 1 3817 3816 3819 XOR
2 1 3817 3818 3820 AND
2 1 3816 3820 3821 XOR
2 1 3821 994 3822 XOR
2 1 3821 994 3823 AND
2 1 3822 3823 3824 XOR
2 1 480 3695 3825 XOR
2 1 3824 3825 3826 AND
2 1 3826 3695 3827 XOR
2 1 3621 3699 3828 XOR
2 1 3824 3828 3829 AND
2 1 3829 3699 3830 XOR
2 1 3624 3704 3831 XOR
2 1 3824 3831 3832 AND
2 1 3832 3704 3833 XOR
2 1 3627 3709 3834 XOR
2 1 3824 3834 3835 AND
2 1 3835 3709 3836 XOR
2 1 3630 3714 3837 XOR
2 1 3824 3837 3838 AND
2 1 3838 3714 3839 XOR
2 1 3633 3719 3840 XOR
2 1 3824 3840 3841 AND
2 1 3841 3719 3842 XOR
2 1 3636 3724 3843 XOR
2 1 3824 3843 3844 AND
2 1 3844 3724 3845 XOR
2 1 3639 3729 3846 XOR
2 1 3824 3846 3847 AND
2 1 3847 3729 3848 XOR
2 1 3642 3734 3849 XOR
2 1 3824 3849 3850 AND
2 1 3850 3734 3851 XOR
2 1 3645 3739 3852 XOR
2 1 3824 3852 3853 AND
2 1 3853 3739 3854 XOR
2 1 3648 3744 3855 XOR
2 1 3824 3855 3856 AND
2 1 3856 3744 3857 XOR
2 1 3651 3749 3858 XOR
2 1 3824 3858 3859 AND
2 1 3859 3749 3860 XOR
2 1 3654 3754 3861 XOR
2 1 3824 3861 3862 AND
2 1 3862 3754 3863 XOR
2 1 3657 3759 3864 XOR
2 1 3824 3864 3865 AND
2 1 3865 3759 3866 XOR
2 1 3660 3764 3867 XOR
2 1 3824 3867 3868 AND
2 1 3868 3764 3869 XOR
2 1 3663 3769 3870 XOR
2 1 3824 3870 3871 AND
2 1 3871 3769 3872 XOR
2 1 3666 3774 3873 XOR
2 1 3824 3873 3874 AND
2 1 3874 3774 3875 XOR
2 1 3669 3779 3876 XOR
2 1 3824 3876 3877 AND
2 1 3877 3779 3878 XOR
2 1 3672 3784 3879 XOR
2 1 3824 3879 3880 AND
2 1 3880 3784 3881 XOR
2 1 3675 3789 3882 XOR
2 1 3824 3882 3883 AND
2 1 3883 3789 3884 XOR
2 1 3678 3794 3885 XOR
2 1 3824 3885 3886 AND
2 1 3886 3794 3887 XOR
2 1 3681 3799 3888 XOR
2 1 3824 3888 3889 AND
2 1 3889 3799 3890 XOR
2 1 3684 3804 3891 XOR
2 1 3824 3891 3892 AND
2 1 3892 3804 3893 XOR
2 1 3687 3809 3894 XOR
2 1 3824 3894 3895 AND
2 1 3895 3809 3896 XOR
2 1 3690 3814 3897 XOR
2 1 3824 3897 3898 AND
2 1 3898 3814 3899 XOR
2 1 3693 3819 3900 XOR
2 1 3824 3900 3901 AND
2 1 3901 3819 3902 XOR
1 1 3824 3903 INV
2 1 479 820 3904 XOR
2 1 3904 820 3905 AND
2 1 3827 821 3906 XOR
2 1 3905 821 3907 XOR
2 1 3906 3905 3908 XOR
2 1 3906 3907 3909 AND
2 1 3905 3909 3910 XOR
2 1 3830 822 3911 XOR
2 1 3910 822 3912 XOR
2 1 3911 3910 3913 XOR
2 1 3911 3912 3914 AND
2 1 3910 3914 3915 XOR
2 1 3833 823 3916 XOR
2 1 3915 823 3917 XOR
2 1 3916 3915 3918 XOR
2 1 3916 3917 3919 AND
2 1 3915 3919 3920 XOR
2 1 3836 824 3921 XOR
2 1 3920 824 3922 XOR
2 1 3921 3920 3923 XOR
2 1 3921 3922 3924 AND
2 1 3920 3924 3925 XOR
2 1 3839 825 3926 XOR
2 1 3925 825 3927 XOR
2 1 3926 3925 3928 XOR
2 1 3926 3927 3929 AND
2 1 3925 3929 3930 XOR
2 1 3842 826 3931 XOR
2 1 3930 826 3932 XOR
2 1 3931 3930 3933 XOR
2 1 3931 3932 3934 AND
2 1 3930 3934 3935 XOR
2 1 3845 827 3936 XOR
2 1 3935 827 3937 XOR
2 1 3936 3935 3938 XOR
2 1 3936 3937 3939 AND
2 1 3935 3939 3940 XOR
2 1 3848 828 3941 XOR
2 1 3940 828 3942 XOR
2 1 3941 3940 3943 XOR
2 1 3941 3942 3944 AND
2 1 3940 3944 3945 XOR
2 1 3851 829 3946 XOR
2 1 3945 829 3947 XOR
2 1 3946 3945 3948 XOR
2 1 3946 3947 3949 AND
2 1 3945 3949 3950 XOR
2 1 3854 830 3951 XOR
2 1 3950 830 3952 XOR
2 1 3951 3950 3953 XOR
2 1 3951 3952 3954 AND
2 1 3950 3954 3955 XOR
2 1 3857 831 3956 XOR
2 1 3955 831 3957 XOR
2 1 3956 3955 3958 XOR
2 1 3956 3957 3959 AND
2 1 3955 3959 3960 XOR
2 1 3860 832 3961 XOR
2 1 3960 832 3962 XOR
2 1 3961 3960 3963 XOR
2 1 3961 3962 3964 AND
2 1 3960 3964 3965 XOR
2 1 3863 833 3966 XOR
2 1 3965 833 3967 XOR
2 1 3966 3965 3968 XOR
2 1 3966 3967 3969 AND
2 1 3965 3969 3970 XOR
2 1 3866 834 3971 XOR
2 1 3970 834 3972 XOR
2 1 3971 3970 3973 XOR
2 1 3971 3972 3974 AND
2 1 3970 3974 3975 XOR
2 1 3869 835 3976 XOR
2 1 3975 835 3977 XOR
2 1 3976 3975 3978 XOR
2 1 3976 3977 3979 AND
2 1 3975 3979 3980 XOR
2 1 3872 836 3981 XOR
2 1 3980 836 3982 XOR
2 1 3981 3980 3983 XOR
2 1 3981 3982 3984 AND
2 1 3980 3984 3985 XOR
2 1 3875 837 3986 XOR
2 1 3985 837 3987 XOR
2 1 3986 3985 3988 XOR
2 1 3986 3987 3989 AND
2 1 3985 3989 3990 XOR
2 1 3878 838 3991 XOR
2 1 3990 838 3992 XOR
2 1 3991 3990 3993 XOR
2 1 3991 3992 3994 AND
2 1 3990 3994 3995 XOR
2 1 3881 839 3996 XOR
2 1 3995 839 3997 XOR
2 1 3996 3995 3998 XOR
2 1 3996 3997 3999 AND
2 1 3995 3999 4000 XOR
2 1 3884 840 4001 XOR
2 1 4000 840 4002 XOR
2 1 4001 4000 4003 XOR
2 1 4001 4002 4004 AND
2 1 4000 4004 4005 XOR
2 1 3887 841 4006 XOR
2 1 4005 841 4007 XOR
2 1 4006 4005 4008 XOR
2 1 4006 4007 4009 AND
2 1 4005 4009 4010 XOR
2 1 3890 842 4011 XOR
2 1 4010 842 4012 XOR
2 1 4011 4010 4013 XOR
2 1 4011 4012 4014 AND
2 1 4010 4014 4015 XOR
2 1 3893 843 4016 XOR
2 1 4015 843 4017 XOR
2 1 4016 4015 4018 XOR
2 1 4016 4017 4019 AND
2 1 4015 4019 4020 XOR
2 1 3896 844 4021 XOR
2 1 4020 844 4022 XOR
2 1 4021 4020 4023 XOR
2 1 4021 4022 4024 AND
2 1 4020 4024 4025 XOR
2 1 3899 845 4026 XOR
2 1 4025 845 4027 XOR
2 1 4026 4025 4028 XOR
2 1 4026 4027 4029 AND
2 1 4025 4029 4030 XOR
2 1 3902 846 4031 XOR
2 1 4030 846 4032 XOR
2 1 4031 4030 4033 XOR
2 1 4031 4032 4034 AND
2 1 4030 4034 4035 XOR
2 1 4035 991 4036 XOR
2 1 4035 991 4037 AND
2 1 4036 4037 4038 XOR
2 1 479 3904 4039 XOR
2 1 4038 4039 4040 AND
2 1 4040 3904 4041 XOR
2 1 3827 3908 4042 XOR
2 1 4038 4042 4043 AND
2 1 4043 3908 4044 XOR
2 1 3830 3913 4045 XOR
2 1 4038 4045 4046 AND
2 1 4046 3913 4047 XOR
2 1 3833 3918 4048 XOR
2 1 4038 4048 4049 AND
2 1 4049 3918 4050 XOR
2 1 3836 3923 4051 XOR
2 1 4038 4051 4052 AND
2 1 4052 3923 4053 XOR
2 1 3839 3928 4054 XOR
2 1 4038 4054 4055 AND
2 1 4055 3928 4056 XOR
2 1 3842 3933 4057 XOR
2 1 4038 4057 4058 AND
2 1 4058 3933 4059 XOR
2 1 3845 3938 4060 XOR
2 1 4038 4060 4061 AND
2 1 4061 3938 4062 XOR
2 1 3848 3943 4063 XOR
2 1 4038 4063 4064 AND
2 1 4064 3943 4065 XOR
2 1 3851 3948 4066 XOR
2 1 4038 4066 4067 AND
2 1 4067 3948 4068 XOR
2 1 3854 3953 4069 XOR
2 1 4038 4069 4070 AND
2 1 4070 3953 4071 XOR
2 1 3857 3958 4072 XOR
2 1 4038 4072 4073 AND
2 1 4073 3958 4074 XOR
2 1 3860 3963 4075 XOR
2 1 4038 4075 4076 AND
2 1 4076 3963 4077 XOR
2 1 3863 3968 4078 XOR
2 1 4038 4078 4079 AND
2 1 4079 3968 4080 XOR
2 1 3866 3973 4081 XOR
2 1 4038 4081 4082 AND
2 1 4082 3973 4083 XOR
2 1 3869 3978 4084 XOR
2 1 4038 4084 4085 AND
2 1 4085 3978 4086 XOR
2 1 3872 3983 4087 XOR
2 1 4038 4087 4088 AND
2 1 4088 3983 4089 XOR
2 1 3875 3988 4090 XOR
2 1 4038 4090 4091 AND
2 1 4091 3988 4092 XOR
2 1 3878 3993 4093 XOR
2 1 4038 4093 4094 AND
2 1 4094 3993 4095 XOR
2 1 3881 3998 4096 XOR
2 1 4038 4096 4097 AND
2 1 4097 3998 4098 XOR
2 1 3884 4003 4099 XOR
2 1 4038 4099 4100 AND
2 1 4100 4003 4101 XOR
2 1 3887 4008 4102 XOR
2 1 4038 4102 4103 AND
2 1 4103 4008 4104 XOR
2 1 3890 4013 4105 XOR
2 1 4038 4105 4106 AND
2 1 4106 4013 4107 XOR
2 1 3893 4018 4108 XOR
2 1 4038 4108 4109 AND
2 1 4109 4018 4110 XOR
2 1 3896 4023 4111 XOR
2 1 4038 4111 4112 AND
2 1 4112 4023 4113 XOR
2 1 3899 4028 4114 XOR
2 1 4038 4114 4115 AND
2 1 4115 4028 4116 XOR
2 1 3902 4033 4117 XOR
2 1 4038 4117 4118 AND
2 1 4118 4033 4119 XOR
1 1 4038 4120 INV
2 1 478 820 4121 XOR
2 1 4121 820 4122 AND
2 1 4041 821 4123 XOR
2 1 4122 821 4124 XOR
2 1 4123 4122 4125 XOR
2 1 4123 4124 4126 AND
2 1 4122 4126 4127 XOR
2 1 4044 822 4128 XOR
2 1 4127 822 4129 XOR
2 1 4128 4127 4130 XOR
2 1 4128 4129 4131 AND
2 1 4127 4131 4132 XOR
2 1 4047 823 4133 XOR
2 1 4132 823 4134 XOR
2 1 4133 4132 4135 XOR
2 1 4133 4134 4136 AND
2 1 4132 4136 4137 XOR
2 1 4050 824 4138 XOR
2 1 4137 824 4139 XOR
2 1 4138 4137 4140 XOR
2 1 4138 4139 4141 AND
2 1 4137 4141 4142 XOR
2 1 4053 825 4143 XOR
2 1 4142 825 4144 XOR
2 1 4143 4142 4145 XOR
2 1 4143 4144 4146 AND
2 1 4142 4146 4147 XOR
2 1 4056 826 4148 XOR
2 1 4147 826 4149 XOR
2 1 4148 4147 4150 XOR
2 1 4148 4149 4151 AND
2 1 4147 4151 4152 XOR
2 1 4059 827 4153 XOR
2 1 4152 827 4154 XOR
2 1 4153 4152 4155 XOR
2 1 4153 4154 4156 AND
2 1 4152 4156 4157 XOR
2 1 4062 828 4158 XOR
2 1 4157 828 4159 XOR
2 1 4158 4157 4160 XOR
2 1 4158 4159 4161 AND
2 1 4157 4161 4162 XOR
2 1 4065 829 4163 XOR
2 1 4162 829 4164 XOR
2 1 4163 4162 4165 XOR
2 1 4163 4164 4166 AND
2 1 4162 4166 4167 XOR
2 1 4068 830 4168 XOR
2 1 4167 830 4169 XOR
2 1 4168 4167 4170 XOR
2 1 4168 4169 4171 AND
2 1 4167 4171 4172 XOR
2 1 4071 831 4173 XOR
2 1 4172 831 4174 XOR
2 1 4173 4172 4175 XOR
2 1 4173 4174 4176 AND
2 1 4172 4176 4177 XOR
2 1 4074 832 4178 XOR
2 1 4177 832 4179 XOR
2 1 4178 4177 4180 XOR
2 1 4178 4179 4181 AND
2 1 4177 4181 4182 XOR
2 1 4077 833 4183 XOR
2 1 4182 833 4184 XOR
2 1 4183 4182 4185 XOR
2 1 4183 4184 4186 AND
2 1 4182 4186 4187 XOR
2 1 4080 834 4188 XOR
2 1 4187 834 4189 XOR
2 1 4188 4187 4190 XOR
2 1 4188 4189 4191 AND
2 1 4187 4191 4192 XOR
2 1 4083 835 4193 XOR
2 1 4192 835 4194 XOR
2 1 4193 4192 4195 XOR
2 1 4193 4194 4196 AND
2 1 4192 4196 4197 XOR
2 1 4086 836 4198 XOR
2 1 4197 836 4199 XOR
2 1 4198 4197 4200 XOR
2 1 4198 4199 4201 AND
2 1 4197 4201 4202 XOR
2 1 4089 837 4203 XOR
2 1 4202 837 4204 XOR
2 1 4203 4202 4205 XOR
2 1 4203 4204 4206 AND
2 1 4202 4206 4207 XOR
2 1 4092 838 4208 XOR
2 1 4207 838 4209 XOR
2 1 4208 4207 4210 XOR
2 1 4208 4209 4211 AND
2 1 4207 4211 4212 XOR
2 1 4095 839 4213 XOR
2 1 4212 839 4214 XOR
2 1 4213 4212 4215 XOR
2 1 4213 4214 4216 AND
2 1 4212 4216 4217 XOR
2 1 4098 840 4218 XOR
2 1 4217 840 4219 XOR
2 1 4218 4217 4220 XOR
2 1 4218 4219 4221 AND
2 1 4217 4221 4222 XOR
2 1 4101 841 4223 XOR
2 1 4222 841 4224 XOR
2 1 4223 4222 4225 XOR
2 1 4223 4224 4226 AND
2 1 4222 4226 4227 XOR
2 1 4104 842 4228 XOR
2 1 4227 842 4229 XOR
2 1 4228 4227 4230 XOR
2 1 4228 4229 4231 AND
2 1 4227 4231 4232 XOR
2 1 4107 843 4233 XOR
2 1 4232 843 4234 XOR
2 1 4233 4232 4235 XOR
2 1 4233 4234 4236 AND
2 1 4232 4236 4237 XOR
2 1 4110 844 4238 XOR
2 1 4237 844 4239 XOR
2 1 4238 4237 4240 XOR
2 1 4238 4239 4241 AND
2 1 4237 4241 4242 XOR
2 1 4113 845 4243 XOR
2 1 4242 845 4244 XOR
2 1 4243 4242 4245 XOR
2 1 4243 4244 4246 AND
2 1 4242 4246 4247 XOR
2 1 4116 846 4248 XOR
2 1 4247 846 4249 XOR
2 1 4248 4247 4250 XOR
2 1 4248 4249 4251 AND
2 1 4247 4251 4252 XOR
2 1 4119 847 4253 XOR
2 1 4252 847 4254 XOR
2 1 4253 4252 4255 XOR
2 1 4253 4254 4256 AND
2 1 4252 4256 4257 XOR
2 1 4257 988 4258 XOR
2 1 4257 988 4259 AND
2 1 4258 4259 4260 XOR
2 1 478 4121 4261 XOR
2 1 4260 4261 4262 AND
2 1 4262 4121 4263 XOR
2 1 4041 4125 4264 XOR
2 1 4260 4264 4265 AND
2 1 4265 4125 4266 XOR
2 1 4044 4130 4267 XOR
2 1 4260 4267 4268 AND
2 1 4268 4130 4269 XOR
2 1 4047 4135 4270 XOR
2 1 4260 4270 4271 AND
2 1 4271 4135 4272 XOR
2 1 4050 4140 4273 XOR
2 1 4260 4273 4274 AND
2 1 4274 4140 4275 XOR
2 1 4053 4145 4276 XOR
2 1 4260 4276 4277 AND
2 1 4277 4145 4278 XOR
2 1 4056 4150 4279 XOR
2 1 4260 4279 4280 AND
2 1 4280 4150 4281 XOR
2 1 4059 4155 4282 XOR
2 1 4260 4282 4283 AND
2 1 4283 4155 4284 XOR
2 1 4062 4160 4285 XOR
2 1 4260 4285 4286 AND
2 1 4286 4160 4287 XOR
2 1 4065 4165 4288 XOR
2 1 4260 4288 4289 AND
2 1 4289 4165 4290 XOR
2 1 4068 4170 4291 XOR
2 1 4260 4291 4292 AND
2 1 4292 4170 4293 XOR
2 1 4071 4175 4294 XOR
2 1 4260 4294 4295 AND
2 1 4295 4175 4296 XOR
2 1 4074 4180 4297 XOR
2 1 4260 4297 4298 AND
2 1 4298 4180 4299 XOR
2 1 4077 4185 4300 XOR
2 1 4260 4300 4301 AND
2 1 4301 4185 4302 XOR
2 1 4080 4190 4303 XOR
2 1 4260 4303 4304 AND
2 1 4304 4190 4305 XOR
2 1 4083 4195 4306 XOR
2 1 4260 4306 4307 AND
2 1 4307 4195 4308 XOR
2 1 4086 4200 4309 XOR
2 1 4260 4309 4310 AND
2 1 4310 4200 4311 XOR
2 1 4089 4205 4312 XOR
2 1 4260 4312 4313 AND
2 1 4313 4205 4314 XOR
2 1 4092 4210 4315 XOR
2 1 4260 4315 4316 AND
2 1 4316 4210 4317 XOR
2 1 4095 4215 4318 XOR
2 1 4260 4318 4319 AND
2 1 4319 4215 4320 XOR
2 1 4098 4220 4321 XOR
2 1 4260 4321 4322 AND
2 1 4322 4220 4323 XOR
2 1 4101 4225 4324 XOR
2 1 4260 4324 4325 AND
2 1 4325 4225 4326 XOR
2 1 4104 4230 4327 XOR
2 1 4260 4327 4328 AND
2 1 4328 4230 4329 XOR
2 1 4107 4235 4330 XOR
2 1 4260 4330 4331 AND
2 1 4331 4235 4332 XOR
2 1 4110 4240 4333 XOR
2 1 4260 4333 4334 AND
2 1 4334 4240 4335 XOR
2 1 4113 4245 4336 XOR
2 1 4260 4336 4337 AND
2 1 4337 4245 4338 XOR
2 1 4116 4250 4339 XOR
2 1 4260 4339 4340 AND
2 1 4340 4250 4341 XOR
2 1 4119 4255 4342 XOR
2 1 4260 4342 4343 AND
2 1 4343 4255 4344 XOR
1 1 4260 4345 INV
2 1 477 820 4346 XOR
2 1 4346 820 4347 AND
2 1 4263 821 4348 XOR
2 1 4347 821 4349 XOR
2 1 4348 4347 4350 XOR
2 1 4348 4349 4351 AND
2 1 4347 4351 4352 XOR
2 1 4266 822 4353 XOR
2 1 4352 822 4354 XOR
2 1 4353 4352 4355 XOR
2 1 4353 4354 4356 AND
2 1 4352 4356 4357 XOR
2 1 4269 823 4358 XOR
2 1 4357 823 4359 XOR
2 1 4358 4357 4360 XOR
2 1 4358 4359 4361 AND
2 1 4357 4361 4362 XOR
2 1 4272 824 4363 XOR
2 1 4362 824 4364 XOR
2 1 4363 4362 4365 XOR
2 1 4363 4364 4366 AND
2 1 4362 4366 4367 XOR
2 1 4275 825 4368 XOR
2 1 4367 825 4369 XOR
2 1 4368 4367 4370 XOR
2 1 4368 4369 4371 AND
2 1 4367 4371 4372 XOR
2 1 4278 826 4373 XOR
2 1 4372 826 4374 XOR
2 1 4373 4372 4375 XOR
2 1 4373 4374 4376 AND
2 1 4372 4376 4377 XOR
2 1 4281 827 4378 XOR
2 1 4377 827 4379 XOR
2 1 4378 4377 4380 XOR
2 1 4378 4379 4381 AND
2 1 4377 4381 4382 XOR
2 1 4284 828 4383 XOR
2 1 4382 828 4384 XOR
2 1 4383 4382 4385 XOR
2 1 4383 4384 4386 AND
2 1 4382 4386 4387 XOR
2 1 4287 829 4388 XOR
2 1 4387 829 4389 XOR
2 1 4388 4387 4390 XOR
2 1 4388 4389 4391 AND
2 1 4387 4391 4392 XOR
2 1 4290 830 4393 XOR
2 1 4392 830 4394 XOR
2 1 4393 4392 4395 XOR
2 1 4393 4394 4396 AND
2 1 4392 4396 4397 XOR
2 1 4293 831 4398 XOR
2 1 4397 831 4399 XOR
2 1 4398 4397 4400 XOR
2 1 4398 4399 4401 AND
2 1 4397 4401 4402 XOR
2 1 4296 832 4403 XOR
2 1 4402 832 4404 XOR
2 1 4403 4402 4405 XOR
2 1 4403 4404 4406 AND
2 1 4402 4406 4407 XOR
2 1 4299 833 4408 XOR
2 1 4407 833 4409 XOR
2 1 4408 4407 4410 XOR
2 1 4408 4409 4411 AND
2 1 4407 4411 4412 XOR
2 1 4302 834 4413 XOR
2 1 4412 834 4414 XOR
2 1 4413 4412 4415 XOR
2 1 4413 4414 4416 AND
2 1 4412 4416 4417 XOR
2 1 4305 835 4418 XOR
2 1 4417 835 4419 XOR
2 1 4418 4417 4420 XOR
2 1 4418 4419 4421 AND
2 1 4417 4421 4422 XOR
2 1 4308 836 4423 XOR
2 1 4422 836 4424 XOR
2 1 4423 4422 4425 XOR
2 1 4423 4424 4426 AND
2 1 4422 4426 4427 XOR
2 1 4311 837 4428 XOR
2 1 4427 837 4429 XOR
2 1 4428 4427 4430 XOR
2 1 4428 4429 4431 AND
2 1 4427 4431 4432 XOR
2 1 4314 838 4433 XOR
2 1 4432 838 4434 XOR
2 1 4433 4432 4435 XOR
2 1 4433 4434 4436 AND
2 1 4432 4436 4437 XOR
2 1 4317 839 4438 XOR
2 1 4437 839 4439 XOR
2 1 4438 4437 4440 XOR
2 1 4438 4439 4441 AND
2 1 4437 4441 4442 XOR
2 1 4320 840 4443 XOR
2 1 4442 840 4444 XOR
2 1 4443 4442 4445 XOR
2 1 4443 4444 4446 AND
2 1 4442 4446 4447 XOR
2 1 4323 841 4448 XOR
2 1 4447 841 4449 XOR
2 1 4448 4447 4450 XOR
2 1 4448 4449 4451 AND
2 1 4447 4451 4452 XOR
2 1 4326 842 4453 XOR
2 1 4452 842 4454 XOR
2 1 4453 4452 4455 XOR
2 1 4453 4454 4456 AND
2 1 4452 4456 4457 XOR
2 1 4329 843 4458 XOR
2 1 4457 843 4459 XOR
2 1 4458 4457 4460 XOR
2 1 4458 4459 4461 AND
2 1 4457 4461 4462 XOR
2 1 4332 844 4463 XOR
2 1 4462 844 4464 XOR
2 1 4463 4462 4465 XOR
2 1 4463 4464 4466 AND
2 1 4462 4466 4467 XOR
2 1 4335 845 4468 XOR
2 1 4467 845 4469 XOR
2 1 4468 4467 4470 XOR
2 1 4468 4469 4471 AND
2 1 4467 4471 4472 XOR
2 1 4338 846 4473 XOR
2 1 4472 846 4474 XOR
2 1 4473 4472 4475 XOR
2 1 4473 4474 4476 AND
2 1 4472 4476 4477 XOR
2 1 4341 847 4478 XOR
2 1 4477 847 4479 XOR
2 1 4478 4477 4480 XOR
2 1 4478 4479 4481 AND
2 1 4477 4481 4482 XOR
2 1 4344 848 4483 XOR
2 1 4482 848 4484 XOR
2 1 4483 4482 4485 XOR
2 1 4483 4484 4486 AND
2 1 4482 4486 4487 XOR
2 1 4487 985 4488 XOR
2 1 4487 985 4489 AND
2 1 4488 4489 4490 XOR
2 1 477 4346 4491 XOR
2 1 4490 4491 4492 AND
2 1 4492 4346 4493 XOR
2 1 4263 4350 4494 XOR
2 1 4490 4494 4495 AND
2 1 4495 4350 4496 XOR
2 1 4266 4355 4497 XOR
2 1 4490 4497 4498 AND
2 1 4498 4355 4499 XOR
2 1 4269 4360 4500 XOR
2 1 4490 4500 4501 AND
2 1 4501 4360 4502 XOR
2 1 4272 4365 4503 XOR
2 1 4490 4503 4504 AND
2 1 4504 4365 4505 XOR
2 1 4275 4370 4506 XOR
2 1 4490 4506 4507 AND
2 1 4507 4370 4508 XOR
2 1 4278 4375 4509 XOR
2 1 4490 4509 4510 AND
2 1 4510 4375 4511 XOR
2 1 4281 4380 4512 XOR
2 1 4490 4512 4513 AND
2 1 4513 4380 4514 XOR
2 1 4284 4385 4515 XOR
2 1 4490 4515 4516 AND
2 1 4516 4385 4517 XOR
2 1 4287 4390 4518 XOR
2 1 4490 4518 4519 AND
2 1 4519 4390 4520 XOR
2 1 4290 4395 4521 XOR
2 1 4490 4521 4522 AND
2 1 4522 4395 4523 XOR
2 1 4293 4400 4524 XOR
2 1 4490 4524 4525 AND
2 1 4525 4400 4526 XOR
2 1 4296 4405 4527 XOR
2 1 4490 4527 4528 AND
2 1 4528 4405 4529 XOR
2 1 4299 4410 4530 XOR
2 1 4490 4530 4531 AND
2 1 4531 4410 4532 XOR
2 1 4302 4415 4533 XOR
2 1 4490 4533 4534 AND
2 1 4534 4415 4535 XOR
2 1 4305 4420 4536 XOR
2 1 4490 4536 4537 AND
2 1 4537 4420 4538 XOR
2 1 4308 4425 4539 XOR
2 1 4490 4539 4540 AND
2 1 4540 4425 4541 XOR
2 1 4311 4430 4542 XOR
2 1 4490 4542 4543 AND
2 1 4543 4430 4544 XOR
2 1 4314 4435 4545 XOR
2 1 4490 4545 4546 AND
2 1 4546 4435 4547 XOR
2 1 4317 4440 4548 XOR
2 1 4490 4548 4549 AND
2 1 4549 4440 4550 XOR
2 1 4320 4445 4551 XOR
2 1 4490 4551 4552 AND
2 1 4552 4445 4553 XOR
2 1 4323 4450 4554 XOR
2 1 4490 4554 4555 AND
2 1 4555 4450 4556 XOR
2 1 4326 4455 4557 XOR
2 1 4490 4557 4558 AND
2 1 4558 4455 4559 XOR
2 1 4329 4460 4560 XOR
2 1 4490 4560 4561 AND
2 1 4561 4460 4562 XOR
2 1 4332 4465 4563 XOR
2 1 4490 4563 4564 AND
2 1 4564 4465 4565 XOR
2 1 4335 4470 4566 XOR
2 1 4490 4566 4567 AND
2 1 4567 4470 4568 XOR
2 1 4338 4475 4569 XOR
2 1 4490 4569 4570 AND
2 1 4570 4475 4571 XOR
2 1 4341 4480 4572 XOR
2 1 4490 4572 4573 AND
2 1 4573 4480 4574 XOR
2 1 4344 4485 4575 XOR
2 1 4490 4575 4576 AND
2 1 4576 4485 4577 XOR
1 1 4490 4578 INV
2 1 476 820 4579 XOR
2 1 4579 820 4580 AND
2 1 4493 821 4581 XOR
2 1 4580 821 4582 XOR
2 1 4581 4580 4583 XOR
2 1 4581 4582 4584 AND
2 1 4580 4584 4585 XOR
2 1 4496 822 4586 XOR
2 1 4585 822 4587 XOR
2 1 4586 4585 4588 XOR
2 1 4586 4587 4589 AND
2 1 4585 4589 4590 XOR
2 1 4499 823 4591 XOR
2 1 4590 823 4592 XOR
2 1 4591 4590 4593 XOR
2 1 4591 4592 4594 AND
2 1 4590 4594 4595 XOR
2 1 4502 824 4596 XOR
2 1 4595 824 4597 XOR
2 1 4596 4595 4598 XOR
2 1 4596 4597 4599 AND
2 1 4595 4599 4600 XOR
2 1 4505 825 4601 XOR
2 1 4600 825 4602 XOR
2 1 4601 4600 4603 XOR
2 1 4601 4602 4604 AND
2 1 4600 4604 4605 XOR
2 1 4508 826 4606 XOR
2 1 4605 826 4607 XOR
2 1 4606 4605 4608 XOR
2 1 4606 4607 4609 AND
2 1 4605 4609 4610 XOR
2 1 4511 827 4611 XOR
2 1 4610 827 4612 XOR
2 1 4611 4610 4613 XOR
2 1 4611 4612 4614 AND
2 1 4610 4614 4615 XOR
2 1 4514 828 4616 XOR
2 1 4615 828 4617 XOR
2 1 4616 4615 4618 XOR
2 1 4616 4617 4619 AND
2 1 4615 4619 4620 XOR
2 1 4517 829 4621 XOR
2 1 4620 829 4622 XOR
2 1 4621 4620 4623 XOR
2 1 4621 4622 4624 AND
2 1 4620 4624 4625 XOR
2 1 4520 830 4626 XOR
2 1 4625 830 4627 XOR
2 1 4626 4625 4628 XOR
2 1 4626 4627 4629 AND
2 1 4625 4629 4630 XOR
2 1 4523 831 4631 XOR
2 1 4630 831 4632 XOR
2 1 4631 4630 4633 XOR
2 1 4631 4632 4634 AND
2 1 4630 4634 4635 XOR
2 1 4526 832 4636 XOR
2 1 4635 832 4637 XOR
2 1 4636 4635 4638 XOR
2 1 4636 4637 4639 AND
2 1 4635 4639 4640 XOR
2 1 4529 833 4641 XOR
2 1 4640 833 4642 XOR
2 1 4641 4640 4643 XOR
2 1 4641 4642 4644 AND
2 1 4640 4644 4645 XOR
2 1 4532 834 4646 XOR
2 1 4645 834 4647 XOR
2 1 4646 4645 4648 XOR
2 1 4646 4647 4649 AND
2 1 4645 4649 4650 XOR
2 1 4535 835 4651 XOR
2 1 4650 835 4652 XOR
2 1 4651 4650 4653 XOR
2 1 4651 4652 4654 AND
2 1 4650 4654 4655 XOR
2 1 4538 836 4656 XOR
2 1 4655 836 4657 XOR
2 1 4656 4655 4658 XOR
2 1 4656 4657 4659 AND
2 1 4655 4659 4660 XOR
2 1 4541 837 4661 XOR
2 1 4660 837 4662 XOR
2 1 4661 4660 4663 XOR
2 1 4661 4662 4664 AND
2 1 4660 4664 4665 XOR
2 1 4544 838 4666 XOR
2 1 4665 838 4667 XOR
2 1 4666 4665 4668 XOR
2 1 4666 4667 4669 AND
2 1 4665 4669 4670 XOR
2 1 4547 839 4671 XOR
2 1 4670 839 4672 XOR
2 1 4671 4670 4673 XOR
2 1 4671 4672 4674 AND
2 1 4670 4674 4675 XOR
2 1 4550 840 4676 XOR
2 1 4675 840 4677 XOR
2 1 4676 4675 4678 XOR
2 1 4676 4677 4679 AND
2 1 4675 4679 4680 XOR
2 1 4553 841 4681 XOR
2 1 4680 841 4682 XOR
2 1 4681 4680 4683 XOR
2 1 4681 4682 4684 AND
2 1 4680 4684 4685 XOR
2 1 4556 842 4686 XOR
2 1 4685 842 4687 XOR
2 1 4686 4685 4688 XOR
2 1 4686 4687 4689 AND
2 1 4685 4689 4690 XOR
2 1 4559 843 4691 XOR
2 1 4690 843 4692 XOR
2 1 4691 4690 4693 XOR
2 1 4691 4692 4694 AND
2 1 4690 4694 4695 XOR
2 1 4562 844 4696 XOR
2 1 4695 844 4697 XOR
2 1 4696 4695 4698 XOR
2 1 4696 4697 4699 AND
2 1 4695 4699 4700 XOR
2 1 4565 845 4701 XOR
2 1 4700 845 4702 XOR
2 1 4701 4700 4703 XOR
2 1 4701 4702 4704 AND
2 1 4700 4704 4705 XOR
2 1 4568 846 4706 XOR
2 1 4705 846 4707 XOR
2 1 4706 4705 4708 XOR
2 1 4706 4707 4709 AND
2 1 4705 4709 4710 XOR
2 1 4571 847 4711 XOR
2 1 4710 847 4712 XOR
2 1 4711 4710 4713 XOR
2 1 4711 4712 4714 AND
2 1 4710 4714 4715 XOR
2 1 4574 848 4716 XOR
2 1 4715 848 4717 XOR
2 1 4716 4715 4718 XOR
2 1 4716 4717 4719 AND
2 1 4715 4719 4720 XOR
2 1 4577 849 4721 XOR
2 1 4720 849 4722 XOR
2 1 4721 4720 4723 XOR
2 1 4721 4722 4724 AND
2 1 4720 4724 4725 XOR
2 1 4725 982 4726 XOR
2 1 4725 982 4727 AND
2 1 4726 4727 4728 XOR
2 1 476 4579 4729 XOR
2 1 4728 4729 4730 AND
2 1 4730 4579 4731 XOR
2 1 4493 4583 4732 XOR
2 1 4728 4732 4733 AND
2 1 4733 4583 4734 XOR
2 1 4496 4588 4735 XOR
2 1 4728 4735 4736 AND
2 1 4736 4588 4737 XOR
2 1 4499 4593 4738 XOR
2 1 4728 4738 4739 AND
2 1 4739 4593 4740 XOR
2 1 4502 4598 4741 XOR
2 1 4728 4741 4742 AND
2 1 4742 4598 4743 XOR
2 1 4505 4603 4744 XOR
2 1 4728 4744 4745 AND
2 1 4745 4603 4746 XOR
2 1 4508 4608 4747 XOR
2 1 4728 4747 4748 AND
2 1 4748 4608 4749 XOR
2 1 4511 4613 4750 XOR
2 1 4728 4750 4751 AND
2 1 4751 4613 4752 XOR
2 1 4514 4618 4753 XOR
2 1 4728 4753 4754 AND
2 1 4754 4618 4755 XOR
2 1 4517 4623 4756 XOR
2 1 4728 4756 4757 AND
2 1 4757 4623 4758 XOR
2 1 4520 4628 4759 XOR
2 1 4728 4759 4760 AND
2 1 4760 4628 4761 XOR
2 1 4523 4633 4762 XOR
2 1 4728 4762 4763 AND
2 1 4763 4633 4764 XOR
2 1 4526 4638 4765 XOR
2 1 4728 4765 4766 AND
2 1 4766 4638 4767 XOR
2 1 4529 4643 4768 XOR
2 1 4728 4768 4769 AND
2 1 4769 4643 4770 XOR
2 1 4532 4648 4771 XOR
2 1 4728 4771 4772 AND
2 1 4772 4648 4773 XOR
2 1 4535 4653 4774 XOR
2 1 4728 4774 4775 AND
2 1 4775 4653 4776 XOR
2 1 4538 4658 4777 XOR
2 1 4728 4777 4778 AND
2 1 4778 4658 4779 XOR
2 1 4541 4663 4780 XOR
2 1 4728 4780 4781 AND
2 1 4781 4663 4782 XOR
2 1 4544 4668 4783 XOR
2 1 4728 4783 4784 AND
2 1 4784 4668 4785 XOR
2 1 4547 4673 4786 XOR
2 1 4728 4786 4787 AND
2 1 4787 4673 4788 XOR
2 1 4550 4678 4789 XOR
2 1 4728 4789 4790 AND
2 1 4790 4678 4791 XOR
2 1 4553 4683 4792 XOR
2 1 4728 4792 4793 AND
2 1 4793 4683 4794 XOR
2 1 4556 4688 4795 XOR
2 1 4728 4795 4796 AND
2 1 4796 4688 4797 XOR
2 1 4559 4693 4798 XOR
2 1 4728 4798 4799 AND
2 1 4799 4693 4800 XOR
2 1 4562 4698 4801 XOR
2 1 4728 4801 4802 AND
2 1 4802 4698 4803 XOR
2 1 4565 4703 4804 XOR
2 1 4728 4804 4805 AND
2 1 4805 4703 4806 XOR
2 1 4568 4708 4807 XOR
2 1 4728 4807 4808 AND
2 1 4808 4708 4809 XOR
2 1 4571 4713 4810 XOR
2 1 4728 4810 4811 AND
2 1 4811 4713 4812 XOR
2 1 4574 4718 4813 XOR
2 1 4728 4813 4814 AND
2 1 4814 4718 4815 XOR
2 1 4577 4723 4816 XOR
2 1 4728 4816 4817 AND
2 1 4817 4723 4818 XOR
1 1 4728 4819 INV
2 1 475 820 4820 XOR
2 1 4820 820 4821 AND
2 1 4731 821 4822 XOR
2 1 4821 821 4823 XOR
2 1 4822 4821 4824 XOR
2 1 4822 4823 4825 AND
2 1 4821 4825 4826 XOR
2 1 4734 822 4827 XOR
2 1 4826 822 4828 XOR
2 1 4827 4826 4829 XOR
2 1 4827 4828 4830 AND
2 1 4826 4830 4831 XOR
2 1 4737 823 4832 XOR
2 1 4831 823 4833 XOR
2 1 4832 4831 4834 XOR
2 1 4832 4833 4835 AND
2 1 4831 4835 4836 XOR
2 1 4740 824 4837 XOR
2 1 4836 824 4838 XOR
2 1 4837 4836 4839 XOR
2 1 4837 4838 4840 AND
2 1 4836 4840 4841 XOR
2 1 4743 825 4842 XOR
2 1 4841 825 4843 XOR
2 1 4842 4841 4844 XOR
2 1 4842 4843 4845 AND
2 1 4841 4845 4846 XOR
2 1 4746 826 4847 XOR
2 1 4846 826 4848 XOR
2 1 4847 4846 4849 XOR
2 1 4847 4848 4850 AND
2 1 4846 4850 4851 XOR
2 1 4749 827 4852 XOR
2 1 4851 827 4853 XOR
2 1 4852 4851 4854 XOR
2 1 4852 4853 4855 AND
2 1 4851 4855 4856 XOR
2 1 4752 828 4857 XOR
2 1 4856 828 4858 XOR
2 1 4857 4856 4859 XOR
2 1 4857 4858 4860 AND
2 1 4856 4860 4861 XOR
2 1 4755 829 4862 XOR
2 1 4861 829 4863 XOR
2 1 4862 4861 4864 XOR
2 1 4862 4863 4865 AND
2 1 4861 4865 4866 XOR
2 1 4758 830 4867 XOR
2 1 4866 830 4868 XOR
2 1 4867 4866 4869 XOR
2 1 4867 4868 4870 AND
2 1 4866 4870 4871 XOR
2 1 4761 831 4872 XOR
2 1 4871 831 4873 XOR
2 1 4872 4871 4874 XOR
2 1 4872 4873 4875 AND
2 1 4871 4875 4876 XOR
2 1 4764 832 4877 XOR
2 1 4876 832 4878 XOR
2 1 4877 4876 4879 XOR
2 1 4877 4878 4880 AND
2 1 4876 4880 4881 XOR
2 1 4767 833 4882 XOR
2 1 4881 833 4883 XOR
2 1 4882 4881 4884 XOR
2 1 4882 4883 4885 AND
2 1 4881 4885 4886 XOR
2 1 4770 834 4887 XOR
2 1 4886 834 4888 XOR
2 1 4887 4886 4889 XOR
2 1 4887 4888 4890 AND
2 1 4886 4890 4891 XOR
2 1 4773 835 4892 XOR
2 1 4891 835 4893 XOR
2 1 4892 4891 4894 XOR
2 1 4892 4893 4895 AND
2 1 4891 4895 4896 XOR
2 1 4776 836 4897 XOR
2 1 4896 836 4898 XOR
2 1 4897 4896 4899 XOR
2 1 4897 4898 4900 AND
2 1 4896 4900 4901 XOR
2 1 4779 837 4902 XOR
2 1 4901 837 4903 XOR
2 1 4902 4901 4904 XOR
2 1 4902 4903 4905 AND
2 1 4901 4905 4906 XOR
2 1 4782 838 4907 XOR
2 1 4906 838 4908 XOR
2 1 4907 4906 4909 XOR
2 1 4907 4908 4910 AND
2 1 4906 4910 4911 XOR
2 1 4785 839 4912 XOR
2 1 4911 839 4913 XOR
2 1 4912 4911 4914 XOR
2 1 4912 4913 4915 AND
2 1 4911 4915 4916 XOR
2 1 4788 840 4917 XOR
2 1 4916 840 4918 XOR
2 1 4917 4916 4919 XOR
2 1 4917 4918 4920 AND
2 1 4916 4920 4921 XOR
2 1 4791 841 4922 XOR
2 1 4921 841 4923 XOR
2 1 4922 4921 4924 XOR
2 1 4922 4923 4925 AND
2 1 4921 4925 4926 XOR
2 1 4794 842 4927 XOR
2 1 4926 842 4928 XOR
2 1 4927 4926 4929 XOR
2 1 4927 4928 4930 AND
2 1 4926 4930 4931 XOR
2 1 4797 843 4932 XOR
2 1 4931 843 4933 XOR
2 1 4932 4931 4934 XOR
2 1 4932 4933 4935 AND
2 1 4931 4935 4936 XOR
2 1 4800 844 4937 XOR
2 1 4936 844 4938 XOR
2 1 4937 4936 4939 XOR
2 1 4937 4938 4940 AND
2 1 4936 4940 4941 XOR
2 1 4803 845 4942 XOR
2 1 4941 845 4943 XOR
2 1 4942 4941 4944 XOR
2 1 4942 4943 4945 AND
2 1 4941 4945 4946 XOR
2 1 4806 846 4947 XOR
2 1 4946 846 4948 XOR
2 1 4947 4946 4949 XOR
2 1 4947 4948 4950 AND
2 1 4946 4950 4951 XOR
2 1 4809 847 4952 XOR
2 1 4951 847 4953 XOR
2 1 4952 4951 4954 XOR
2 1 4952 4953 4955 AND
2 1 4951 4955 4956 XOR
2 1 4812 848 4957 XOR
2 1 4956 848 4958 XOR
2 1 4957 4956 4959 XOR
2 1 4957 4958 4960 AND
2 1 4956 4960 4961 XOR
2 1 4815 849 4962 XOR
2 1 4961 849 4963 XOR
2 1 4962 4961 4964 XOR
2 1 4962 4963 4965 AND
2 1 4961 4965 4966 XOR
2 1 4818 850 4967 XOR
2 1 4966 850 4968 XOR
2 1 4967 4966 4969 XOR
2 1 4967 4968 4970 AND
2 1 4966 4970 4971 XOR
2 1 4971 979 4972 XOR
2 1 4971 979 4973 AND
2 1 4972 4973 4974 XOR
2 1 475 4820 4975 XOR
2 1 4974 4975 4976 AND
2 1 4976 4820 4977 XOR
2 1 4731 4824 4978 XOR
2 1 4974 4978 4979 AND
2 1 4979 4824 4980 XOR
2 1 4734 4829 4981 XOR
2 1 4974 4981 4982 AND
2 1 4982 4829 4983 XOR
2 1 4737 4834 4984 XOR
2 1 4974 4984 4985 AND
2 1 4985 4834 4986 XOR
2 1 4740 4839 4987 XOR
2 1 4974 4987 4988 AND
2 1 4988 4839 4989 XOR
2 1 4743 4844 4990 XOR
2 1 4974 4990 4991 AND
2 1 4991 4844 4992 XOR
2 1 4746 4849 4993 XOR
2 1 4974 4993 4994 AND
2 1 4994 4849 4995 XOR
2 1 4749 4854 4996 XOR
2 1 4974 4996 4997 AND
2 1 4997 4854 4998 XOR
2 1 4752 4859 4999 XOR
2 1 4974 4999 5000 AND
2 1 5000 4859 5001 XOR
2 1 4755 4864 5002 XOR
2 1 4974 5002 5003 AND
2 1 5003 4864 5004 XOR
2 1 4758 4869 5005 XOR
2 1 4974 5005 5006 AND
2 1 5006 4869 5007 XOR
2 1 4761 4874 5008 XOR
2 1 4974 5008 5009 AND
2 1 5009 4874 5010 XOR
2 1 4764 4879 5011 XOR
2 1 4974 5011 5012 AND
2 1 5012 4879 5013 XOR
2 1 4767 4884 5014 XOR
2 1 4974 5014 5015 AND
2 1 5015 4884 5016 XOR
2 1 4770 4889 5017 XOR
2 1 4974 5017 5018 AND
2 1 5018 4889 5019 XOR
2 1 4773 4894 5020 XOR
2 1 4974 5020 5021 AND
2 1 5021 4894 5022 XOR
2 1 4776 4899 5023 XOR
2 1 4974 5023 5024 AND
2 1 5024 4899 5025 XOR
2 1 4779 4904 5026 XOR
2 1 4974 5026 5027 AND
2 1 5027 4904 5028 XOR
2 1 4782 4909 5029 XOR
2 1 4974 5029 5030 AND
2 1 5030 4909 5031 XOR
2 1 4785 4914 5032 XOR
2 1 4974 5032 5033 AND
2 1 5033 4914 5034 XOR
2 1 4788 4919 5035 XOR
2 1 4974 5035 5036 AND
2 1 5036 4919 5037 XOR
2 1 4791 4924 5038 XOR
2 1 4974 5038 5039 AND
2 1 5039 4924 5040 XOR
2 1 4794 4929 5041 XOR
2 1 4974 5041 5042 AND
2 1 5042 4929 5043 XOR
2 1 4797 4934 5044 XOR
2 1 4974 5044 5045 AND
2 1 5045 4934 5046 XOR
2 1 4800 4939 5047 XOR
2 1 4974 5047 5048 AND
2 1 5048 4939 5049 XOR
2 1 4803 4944 5050 XOR
2 1 4974 5050 5051 AND
2 1 5051 4944 5052 XOR
2 1 4806 4949 5053 XOR
2 1 4974 5053 5054 AND
2 1 5054 4949 5055 XOR
2 1 4809 4954 5056 XOR
2 1 4974 5056 5057 AND
2 1 5057 4954 5058 XOR
2 1 4812 4959 5059 XOR
2 1 4974 5059 5060 AND
2 1 5060 4959 5061 XOR
2 1 4815 4964 5062 XOR
2 1 4974 5062 5063 AND
2 1 5063 4964 5064 XOR
2 1 4818 4969 5065 XOR
2 1 4974 5065 5066 AND
2 1 5066 4969 5067 XOR
1 1 4974 5068 INV
2 1 474 820 5069 XOR
2 1 5069 820 5070 AND
2 1 4977 821 5071 XOR
2 1 5070 821 5072 XOR
2 1 5071 5070 5073 XOR
2 1 5071 5072 5074 AND
2 1 5070 5074 5075 XOR
2 1 4980 822 5076 XOR
2 1 5075 822 5077 XOR
2 1 5076 5075 5078 XOR
2 1 5076 5077 5079 AND
2 1 5075 5079 5080 XOR
2 1 4983 823 5081 XOR
2 1 5080 823 5082 XOR
2 1 5081 5080 5083 XOR
2 1 5081 5082 5084 AND
2 1 5080 5084 5085 XOR
2 1 4986 824 5086 XOR
2 1 5085 824 5087 XOR
2 1 5086 5085 5088 XOR
2 1 5086 5087 5089 AND
2 1 5085 5089 5090 XOR
2 1 4989 825 5091 XOR
2 1 5090 825 5092 XOR
2 1 5091 5090 5093 XOR
2 1 5091 5092 5094 AND
2 1 5090 5094 5095 XOR
2 1 4992 826 5096 XOR
2 1 5095 826 5097 XOR
2 1 5096 5095 5098 XOR
2 1 5096 5097 5099 AND
2 1 5095 5099 5100 XOR
2 1 4995 827 5101 XOR
2 1 5100 827 5102 XOR
2 1 5101 5100 5103 XOR
2 1 5101 5102 5104 AND
2 1 5100 5104 5105 XOR
2 1 4998 828 5106 XOR
2 1 5105 828 5107 XOR
2 1 5106 5105 5108 XOR
2 1 5106 5107 5109 AND
2 1 5105 5109 5110 XOR
2 1 5001 829 5111 XOR
2 1 5110 829 5112 XOR
2 1 5111 5110 5113 XOR
2 1 5111 5112 5114 AND
2 1 5110 5114 5115 XOR
2 1 5004 830 5116 XOR
2 1 5115 830 5117 XOR
2 1 5116 5115 5118 XOR
2 1 5116 5117 5119 AND
2 1 5115 5119 5120 XOR
2 1 5007 831 5121 XOR
2 1 5120 831 5122 XOR
2 1 5121 5120 5123 XOR
2 1 5121 5122 5124 AND
2 1 5120 5124 5125 XOR
2 1 5010 832 5126 XOR
2 1 5125 832 5127 XOR
2 1 5126 5125 5128 XOR
2 1 5126 5127 5129 AND
2 1 5125 5129 5130 XOR
2 1 5013 833 5131 XOR
2 1 5130 833 5132 XOR
2 1 5131 5130 5133 XOR
2 1 5131 5132 5134 AND
2 1 5130 5134 5135 XOR
2 1 5016 834 5136 XOR
2 1 5135 834 5137 XOR
2 1 5136 5135 5138 XOR
2 1 5136 5137 5139 AND
2 1 5135 5139 5140 XOR
2 1 5019 835 5141 XOR
2 1 5140 835 5142 XOR
2 1 5141 5140 5143 XOR
2 1 5141 5142 5144 AND
2 1 5140 5144 5145 XOR
2 1 5022 836 5146 XOR
2 1 5145 836 5147 XOR
2 1 5146 5145 5148 XOR
2 1 5146 5147 5149 AND
2 1 5145 5149 5150 XOR
2 1 5025 837 5151 XOR
2 1 5150 837 5152 XOR
2 1 5151 5150 5153 XOR
2 1 5151 5152 5154 AND
2 1 5150 5154 5155 XOR
2 1 5028 838 5156 XOR
2 1 5155 838 5157 XOR
2 1 5156 5155 5158 XOR
2 1 5156 5157 5159 AND
2 1 5155 5159 5160 XOR
2 1 5031 839 5161 XOR
2 1 5160 839 5162 XOR
2 1 5161 5160 5163 XOR
2 1 5161 5162 5164 AND
2 1 5160 5164 5165 XOR
2 1 5034 840 5166 XOR
2 1 5165 840 5167 XOR
2 1 5166 5165 5168 XOR
2 1 5166 5167 5169 AND
2 1 5165 5169 5170 XOR
2 1 5037 841 5171 XOR
2 1 5170 841 5172 XOR
2 1 5171 5170 5173 XOR
2 1 5171 5172 5174 AND
2 1 5170 5174 5175 XOR
2 1 5040 842 5176 XOR
2 1 5175 842 5177 XOR
2 1 5176 5175 5178 XOR
2 1 5176 5177 5179 AND
2 1 5175 5179 5180 XOR
2 1 5043 843 5181 XOR
2 1 5180 843 5182 XOR
2 1 5181 5180 5183 XOR
2 1 5181 5182 5184 AND
2 1 5180 5184 5185 XOR
2 1 5046 844 5186 XOR
2 1 5185 844 5187 XOR
2 1 5186 5185 5188 XOR
2 1 5186 5187 5189 AND
2 1 5185 5189 5190 XOR
2 1 5049 845 5191 XOR
2 1 5190 845 5192 XOR
2 1 5191 5190 5193 XOR
2 1 5191 5192 5194 AND
2 1 5190 5194 5195 XOR
2 1 5052 846 5196 XOR
2 1 5195 846 5197 XOR
2 1 5196 5195 5198 XOR
2 1 5196 5197 5199 AND
2 1 5195 5199 5200 XOR
2 1 5055 847 5201 XOR
2 1 5200 847 5202 XOR
2 1 5201 5200 5203 XOR
2 1 5201 5202 5204 AND
2 1 5200 5204 5205 XOR
2 1 5058 848 5206 XOR
2 1 5205 848 5207 XOR
2 1 5206 5205 5208 XOR
2 1 5206 5207 5209 AND
2 1 5205 5209 5210 XOR
2 1 5061 849 5211 XOR
2 1 5210 849 5212 XOR
2 1 5211 5210 5213 XOR
2 1 5211 5212 5214 AND
2 1 5210 5214 5215 XOR
2 1 5064 850 5216 XOR
2 1 5215 850 5217 XOR
2 1 5216 5215 5218 XOR
2 1 5216 5217 5219 AND
2 1 5215 5219 5220 XOR
2 1 5067 851 5221 XOR
2 1 5220 851 5222 XOR
2 1 5221 5220 5223 XOR
2 1 5221 5222 5224 AND
2 1 5220 5224 5225 XOR
2 1 5225 976 5226 XOR
2 1 5225 976 5227 AND
2 1 5226 5227 5228 XOR
2 1 474 5069 5229 XOR
2 1 5228 5229 5230 AND
2 1 5230 5069 5231 XOR
2 1 4977 5073 5232 XOR
2 1 5228 5232 5233 AND
2 1 5233 5073 5234 XOR
2 1 4980 5078 5235 XOR
2 1 5228 5235 5236 AND
2 1 5236 5078 5237 XOR
2 1 4983 5083 5238 XOR
2 1 5228 5238 5239 AND
2 1 5239 5083 5240 XOR
2 1 4986 5088 5241 XOR
2 1 5228 5241 5242 AND
2 1 5242 5088 5243 XOR
2 1 4989 5093 5244 XOR
2 1 5228 5244 5245 AND
2 1 5245 5093 5246 XOR
2 1 4992 5098 5247 XOR
2 1 5228 5247 5248 AND
2 1 5248 5098 5249 XOR
2 1 4995 5103 5250 XOR
2 1 5228 5250 5251 AND
2 1 5251 5103 5252 XOR
2 1 4998 5108 5253 XOR
2 1 5228 5253 5254 AND
2 1 5254 5108 5255 XOR
2 1 5001 5113 5256 XOR
2 1 5228 5256 5257 AND
2 1 5257 5113 5258 XOR
2 1 5004 5118 5259 XOR
2 1 5228 5259 5260 AND
2 1 5260 5118 5261 XOR
2 1 5007 5123 5262 XOR
2 1 5228 5262 5263 AND
2 1 5263 5123 5264 XOR
2 1 5010 5128 5265 XOR
2 1 5228 5265 5266 AND
2 1 5266 5128 5267 XOR
2 1 5013 5133 5268 XOR
2 1 5228 5268 5269 AND
2 1 5269 5133 5270 XOR
2 1 5016 5138 5271 XOR
2 1 5228 5271 5272 AND
2 1 5272 5138 5273 XOR
2 1 5019 5143 5274 XOR
2 1 5228 5274 5275 AND
2 1 5275 5143 5276 XOR
2 1 5022 5148 5277 XOR
2 1 5228 5277 5278 AND
2 1 5278 5148 5279 XOR
2 1 5025 5153 5280 XOR
2 1 5228 5280 5281 AND
2 1 5281 5153 5282 XOR
2 1 5028 5158 5283 XOR
2 1 5228 5283 5284 AND
2 1 5284 5158 5285 XOR
2 1 5031 5163 5286 XOR
2 1 5228 5286 5287 AND
2 1 5287 5163 5288 XOR
2 1 5034 5168 5289 XOR
2 1 5228 5289 5290 AND
2 1 5290 5168 5291 XOR
2 1 5037 5173 5292 XOR
2 1 5228 5292 5293 AND
2 1 5293 5173 5294 XOR
2 1 5040 5178 5295 XOR
2 1 5228 5295 5296 AND
2 1 5296 5178 5297 XOR
2 1 5043 5183 5298 XOR
2 1 5228 5298 5299 AND
2 1 5299 5183 5300 XOR
2 1 5046 5188 5301 XOR
2 1 5228 5301 5302 AND
2 1 5302 5188 5303 XOR
2 1 5049 5193 5304 XOR
2 1 5228 5304 5305 AND
2 1 5305 5193 5306 XOR
2 1 5052 5198 5307 XOR
2 1 5228 5307 5308 AND
2 1 5308 5198 5309 XOR
2 1 5055 5203 5310 XOR
2 1 5228 5310 5311 AND
2 1 5311 5203 5312 XOR
2 1 5058 5208 5313 XOR
2 1 5228 5313 5314 AND
2 1 5314 5208 5315 XOR
2 1 5061 5213 5316 XOR
2 1 5228 5316 5317 AND
2 1 5317 5213 5318 XOR
2 1 5064 5218 5319 XOR
2 1 5228 5319 5320 AND
2 1 5320 5218 5321 XOR
2 1 5067 5223 5322 XOR
2 1 5228 5322 5323 AND
2 1 5323 5223 5324 XOR
1 1 5228 5325 INV
2 1 473 820 5326 XOR
2 1 5326 820 5327 AND
2 1 5231 821 5328 XOR
2 1 5327 821 5329 XOR
2 1 5328 5327 5330 XOR
2 1 5328 5329 5331 AND
2 1 5327 5331 5332 XOR
2 1 5234 822 5333 XOR
2 1 5332 822 5334 XOR
2 1 5333 5332 5335 XOR
2 1 5333 5334 5336 AND
2 1 5332 5336 5337 XOR
2 1 5237 823 5338 XOR
2 1 5337 823 5339 XOR
2 1 5338 5337 5340 XOR
2 1 5338 5339 5341 AND
2 1 5337 5341 5342 XOR
2 1 5240 824 5343 XOR
2 1 5342 824 5344 XOR
2 1 5343 5342 5345 XOR
2 1 5343 5344 5346 AND
2 1 5342 5346 5347 XOR
2 1 5243 825 5348 XOR
2 1 5347 825 5349 XOR
2 1 5348 5347 5350 XOR
2 1 5348 5349 5351 AND
2 1 5347 5351 5352 XOR
2 1 5246 826 5353 XOR
2 1 5352 826 5354 XOR
2 1 5353 5352 5355 XOR
2 1 5353 5354 5356 AND
2 1 5352 5356 5357 XOR
2 1 5249 827 5358 XOR
2 1 5357 827 5359 XOR
2 1 5358 5357 5360 XOR
2 1 5358 5359 5361 AND
2 1 5357 5361 5362 XOR
2 1 5252 828 5363 XOR
2 1 5362 828 5364 XOR
2 1 5363 5362 5365 XOR
2 1 5363 5364 5366 AND
2 1 5362 5366 5367 XOR
2 1 5255 829 5368 XOR
2 1 5367 829 5369 XOR
2 1 5368 5367 5370 XOR
2 1 5368 5369 5371 AND
2 1 5367 5371 5372 XOR
2 1 5258 830 5373 XOR
2 1 5372 830 5374 XOR
2 1 5373 5372 5375 XOR
2 1 5373 5374 5376 AND
2 1 5372 5376 5377 XOR
2 1 5261 831 5378 XOR
2 1 5377 831 5379 XOR
2 1 5378 5377 5380 XOR
2 1 5378 5379 5381 AND
2 1 5377 5381 5382 XOR
2 1 5264 832 5383 XOR
2 1 5382 832 5384 XOR
2 1 5383 5382 5385 XOR
2 1 5383 5384 5386 AND
2 1 5382 5386 5387 XOR
2 1 5267 833 5388 XOR
2 1 5387 833 5389 XOR
2 1 5388 5387 5390 XOR
2 1 5388 5389 5391 AND
2 1 5387 5391 5392 XOR
2 1 5270 834 5393 XOR
2 1 5392 834 5394 XOR
2 1 5393 5392 5395 XOR
2 1 5393 5394 5396 AND
2 1 5392 5396 5397 XOR
2 1 5273 835 5398 XOR
2 1 5397 835 5399 XOR
2 1 5398 5397 5400 XOR
2 1 5398 5399 5401 AND
2 1 5397 5401 5402 XOR
2 1 5276 836 5403 XOR
2 1 5402 836 5404 XOR
2 1 5403 5402 5405 XOR
2 1 5403 5404 5406 AND
2 1 5402 5406 5407 XOR
2 1 5279 837 5408 XOR
2 1 5407 837 5409 XOR
2 1 5408 5407 5410 XOR
2 1 5408 5409 5411 AND
2 1 5407 5411 5412 XOR
2 1 5282 838 5413 XOR
2 1 5412 838 5414 XOR
2 1 5413 5412 5415 XOR
2 1 5413 5414 5416 AND
2 1 5412 5416 5417 XOR
2 1 5285 839 5418 XOR
2 1 5417 839 5419 XOR
2 1 5418 5417 5420 XOR
2 1 5418 5419 5421 AND
2 1 5417 5421 5422 XOR
2 1 5288 840 5423 XOR
2 1 5422 840 5424 XOR
2 1 5423 5422 5425 XOR
2 1 5423 5424 5426 AND
2 1 5422 5426 5427 XOR
2 1 5291 841 5428 XOR
2 1 5427 841 5429 XOR
2 1 5428 5427 5430 XOR
2 1 5428 5429 5431 AND
2 1 5427 5431 5432 XOR
2 1 5294 842 5433 XOR
2 1 5432 842 5434 XOR
2 1 5433 5432 5435 XOR
2 1 5433 5434 5436 AND
2 1 5432 5436 5437 XOR
2 1 5297 843 5438 XOR
2 1 5437 843 5439 XOR
2 1 5438 5437 5440 XOR
2 1 5438 5439 5441 AND
2 1 5437 5441 5442 XOR
2 1 5300 844 5443 XOR
2 1 5442 844 5444 XOR
2 1 5443 5442 5445 XOR
2 1 5443 5444 5446 AND
2 1 5442 5446 5447 XOR
2 1 5303 845 5448 XOR
2 1 5447 845 5449 XOR
2 1 5448 5447 5450 XOR
2 1 5448 5449 5451 AND
2 1 5447 5451 5452 XOR
2 1 5306 846 5453 XOR
2 1 5452 846 5454 XOR
2 1 5453 5452 5455 XOR
2 1 5453 5454 5456 AND
2 1 5452 5456 5457 XOR
2 1 5309 847 5458 XOR
2 1 5457 847 5459 XOR
2 1 5458 5457 5460 XOR
2 1 5458 5459 5461 AND
2 1 5457 5461 5462 XOR
2 1 5312 848 5463 XOR
2 1 5462 848 5464 XOR
2 1 5463 5462 5465 XOR
2 1 5463 5464 5466 AND
2 1 5462 5466 5467 XOR
2 1 5315 849 5468 XOR
2 1 5467 849 5469 XOR
2 1 5468 5467 5470 XOR
2 1 5468 5469 5471 AND
2 1 5467 5471 5472 XOR
2 1 5318 850 5473 XOR
2 1 5472 850 5474 XOR
2 1 5473 5472 5475 XOR
2 1 5473 5474 5476 AND
2 1 5472 5476 5477 XOR
2 1 5321 851 5478 XOR
2 1 5477 851 5479 XOR
2 1 5478 5477 5480 XOR
2 1 5478 5479 5481 AND
2 1 5477 5481 5482 XOR
2 1 5324 852 5483 XOR
2 1 5482 852 5484 XOR
2 1 5483 5482 5485 XOR
2 1 5483 5484 5486 AND
2 1 5482 5486 5487 XOR
2 1 5487 973 5488 XOR
2 1 5487 973 5489 AND
2 1 5488 5489 5490 XOR
2 1 473 5326 5491 XOR
2 1 5490 5491 5492 AND
2 1 5492 5326 5493 XOR
2 1 5231 5330 5494 XOR
2 1 5490 5494 5495 AND
2 1 5495 5330 5496 XOR
2 1 5234 5335 5497 XOR
2 1 5490 5497 5498 AND
2 1 5498 5335 5499 XOR
2 1 5237 5340 5500 XOR
2 1 5490 5500 5501 AND
2 1 5501 5340 5502 XOR
2 1 5240 5345 5503 XOR
2 1 5490 5503 5504 AND
2 1 5504 5345 5505 XOR
2 1 5243 5350 5506 XOR
2 1 5490 5506 5507 AND
2 1 5507 5350 5508 XOR
2 1 5246 5355 5509 XOR
2 1 5490 5509 5510 AND
2 1 5510 5355 5511 XOR
2 1 5249 5360 5512 XOR
2 1 5490 5512 5513 AND
2 1 5513 5360 5514 XOR
2 1 5252 5365 5515 XOR
2 1 5490 5515 5516 AND
2 1 5516 5365 5517 XOR
2 1 5255 5370 5518 XOR
2 1 5490 5518 5519 AND
2 1 5519 5370 5520 XOR
2 1 5258 5375 5521 XOR
2 1 5490 5521 5522 AND
2 1 5522 5375 5523 XOR
2 1 5261 5380 5524 XOR
2 1 5490 5524 5525 AND
2 1 5525 5380 5526 XOR
2 1 5264 5385 5527 XOR
2 1 5490 5527 5528 AND
2 1 5528 5385 5529 XOR
2 1 5267 5390 5530 XOR
2 1 5490 5530 5531 AND
2 1 5531 5390 5532 XOR
2 1 5270 5395 5533 XOR
2 1 5490 5533 5534 AND
2 1 5534 5395 5535 XOR
2 1 5273 5400 5536 XOR
2 1 5490 5536 5537 AND
2 1 5537 5400 5538 XOR
2 1 5276 5405 5539 XOR
2 1 5490 5539 5540 AND
2 1 5540 5405 5541 XOR
2 1 5279 5410 5542 XOR
2 1 5490 5542 5543 AND
2 1 5543 5410 5544 XOR
2 1 5282 5415 5545 XOR
2 1 5490 5545 5546 AND
2 1 5546 5415 5547 XOR
2 1 5285 5420 5548 XOR
2 1 5490 5548 5549 AND
2 1 5549 5420 5550 XOR
2 1 5288 5425 5551 XOR
2 1 5490 5551 5552 AND
2 1 5552 5425 5553 XOR
2 1 5291 5430 5554 XOR
2 1 5490 5554 5555 AND
2 1 5555 5430 5556 XOR
2 1 5294 5435 5557 XOR
2 1 5490 5557 5558 AND
2 1 5558 5435 5559 XOR
2 1 5297 5440 5560 XOR
2 1 5490 5560 5561 AND
2 1 5561 5440 5562 XOR
2 1 5300 5445 5563 XOR
2 1 5490 5563 5564 AND
2 1 5564 5445 5565 XOR
2 1 5303 5450 5566 XOR
2 1 5490 5566 5567 AND
2 1 5567 5450 5568 XOR
2 1 5306 5455 5569 XOR
2 1 5490 5569 5570 AND
2 1 5570 5455 5571 XOR
2 1 5309 5460 5572 XOR
2 1 5490 5572 5573 AND
2 1 5573 5460 5574 XOR
2 1 5312 5465 5575 XOR
2 1 5490 5575 5576 AND
2 1 5576 5465 5577 XOR
2 1 5315 5470 5578 XOR
2 1 5490 5578 5579 AND
2 1 5579 5470 5580 XOR
2 1 5318 5475 5581 XOR
2 1 5490 5581 5582 AND
2 1 5582 5475 5583 XOR
2 1 5321 5480 5584 XOR
2 1 5490 5584 5585 AND
2 1 5585 5480 5586 XOR
2 1 5324 5485 5587 XOR
2 1 5490 5587 5588 AND
2 1 5588 5485 5589 XOR
1 1 5490 5590 INV
2 1 472 820 5591 XOR
2 1 5591 820 5592 AND
2 1 5493 821 5593 XOR
2 1 5592 821 5594 XOR
2 1 5593 5592 5595 XOR
2 1 5593 5594 5596 AND
2 1 5592 5596 5597 XOR
2 1 5496 822 5598 XOR
2 1 5597 822 5599 XOR
2 1 5598 5597 5600 XOR
2 1 5598 5599 5601 AND
2 1 5597 5601 5602 XOR
2 1 5499 823 5603 XOR
2 1 5602 823 5604 XOR
2 1 5603 5602 5605 XOR
2 1 5603 5604 5606 AND
2 1 5602 5606 5607 XOR
2 1 5502 824 5608 XOR
2 1 5607 824 5609 XOR
2 1 5608 5607 5610 XOR
2 1 5608 5609 5611 AND
2 1 5607 5611 5612 XOR
2 1 5505 825 5613 XOR
2 1 5612 825 5614 XOR
2 1 5613 5612 5615 XOR
2 1 5613 5614 5616 AND
2 1 5612 5616 5617 XOR
2 1 5508 826 5618 XOR
2 1 5617 826 5619 XOR
2 1 5618 5617 5620 XOR
2 1 5618 5619 5621 AND
2 1 5617 5621 5622 XOR
2 1 5511 827 5623 XOR
2 1 5622 827 5624 XOR
2 1 5623 5622 5625 XOR
2 1 5623 5624 5626 AND
2 1 5622 5626 5627 XOR
2 1 5514 828 5628 XOR
2 1 5627 828 5629 XOR
2 1 5628 5627 5630 XOR
2 1 5628 5629 5631 AND
2 1 5627 5631 5632 XOR
2 1 5517 829 5633 XOR
2 1 5632 829 5634 XOR
2 1 5633 5632 5635 XOR
2 1 5633 5634 5636 AND
2 1 5632 5636 5637 XOR
2 1 5520 830 5638 XOR
2 1 5637 830 5639 XOR
2 1 5638 5637 5640 XOR
2 1 5638 5639 5641 AND
2 1 5637 5641 5642 XOR
2 1 5523 831 5643 XOR
2 1 5642 831 5644 XOR
2 1 5643 5642 5645 XOR
2 1 5643 5644 5646 AND
2 1 5642 5646 5647 XOR
2 1 5526 832 5648 XOR
2 1 5647 832 5649 XOR
2 1 5648 5647 5650 XOR
2 1 5648 5649 5651 AND
2 1 5647 5651 5652 XOR
2 1 5529 833 5653 XOR
2 1 5652 833 5654 XOR
2 1 5653 5652 5655 XOR
2 1 5653 5654 5656 AND
2 1 5652 5656 5657 XOR
2 1 5532 834 5658 XOR
2 1 5657 834 5659 XOR
2 1 5658 5657 5660 XOR
2 1 5658 5659 5661 AND
2 1 5657 5661 5662 XOR
2 1 5535 835 5663 XOR
2 1 5662 835 5664 XOR
2 1 5663 5662 5665 XOR
2 1 5663 5664 5666 AND
2 1 5662 5666 5667 XOR
2 1 5538 836 5668 XOR
2 1 5667 836 5669 XOR
2 1 5668 5667 5670 XOR
2 1 5668 5669 5671 AND
2 1 5667 5671 5672 XOR
2 1 5541 837 5673 XOR
2 1 5672 837 5674 XOR
2 1 5673 5672 5675 XOR
2 1 5673 5674 5676 AND
2 1 5672 5676 5677 XOR
2 1 5544 838 5678 XOR
2 1 5677 838 5679 XOR
2 1 5678 5677 5680 XOR
2 1 5678 5679 5681 AND
2 1 5677 5681 5682 XOR
2 1 5547 839 5683 XOR
2 1 5682 839 5684 XOR
2 1 5683 5682 5685 XOR
2 1 5683 5684 5686 AND
2 1 5682 5686 5687 XOR
2 1 5550 840 5688 XOR
2 1 5687 840 5689 XOR
2 1 5688 5687 5690 XOR
2 1 5688 5689 5691 AND
2 1 5687 5691 5692 XOR
2 1 5553 841 5693 XOR
2 1 5692 841 5694 XOR
2 1 5693 5692 5695 XOR
2 1 5693 5694 5696 AND
2 1 5692 5696 5697 XOR
2 1 5556 842 5698 XOR
2 1 5697 842 5699 XOR
2 1 5698 5697 5700 XOR
2 1 5698 5699 5701 AND
2 1 5697 5701 5702 XOR
2 1 5559 843 5703 XOR
2 1 5702 843 5704 XOR
2 1 5703 5702 5705 XOR
2 1 5703 5704 5706 AND
2 1 5702 5706 5707 XOR
2 1 5562 844 5708 XOR
2 1 5707 844 5709 XOR
2 1 5708 5707 5710 XOR
2 1 5708 5709 5711 AND
2 1 5707 5711 5712 XOR
2 1 5565 845 5713 XOR
2 1 5712 845 5714 XOR
2 1 5713 5712 5715 XOR
2 1 5713 5714 5716 AND
2 1 5712 5716 5717 XOR
2 1 5568 846 5718 XOR
2 1 5717 846 5719 XOR
2 1 5718 5717 5720 XOR
2 1 5718 5719 5721 AND
2 1 5717 5721 5722 XOR
2 1 5571 847 5723 XOR
2 1 5722 847 5724 XOR
2 1 5723 5722 5725 XOR
2 1 5723 5724 5726 AND
2 1 5722 5726 5727 XOR
2 1 5574 848 5728 XOR
2 1 5727 848 5729 XOR
2 1 5728 5727 5730 XOR
2 1 5728 5729 5731 AND
2 1 5727 5731 5732 XOR
2 1 5577 849 5733 XOR
2 1 5732 849 5734 XOR
2 1 5733 5732 5735 XOR
2 1 5733 5734 5736 AND
2 1 5732 5736 5737 XOR
2 1 5580 850 5738 XOR
2 1 5737 850 5739 XOR
2 1 5738 5737 5740 XOR
2 1 5738 5739 5741 AND
2 1 5737 5741 5742 XOR
2 1 5583 851 5743 XOR
2 1 5742 851 5744 XOR
2 1 5743 5742 5745 XOR
2 1 5743 5744 5746 AND
2 1 5742 5746 5747 XOR
2 1 5586 852 5748 XOR
2 1 5747 852 5749 XOR
2 1 5748 5747 5750 XOR
2 1 5748 5749 5751 AND
2 1 5747 5751 5752 XOR
2 1 5589 853 5753 XOR
2 1 5752 853 5754 XOR
2 1 5753 5752 5755 XOR
2 1 5753 5754 5756 AND
2 1 5752 5756 5757 XOR
2 1 5757 970 5758 XOR
2 1 5757 970 5759 AND
2 1 5758 5759 5760 XOR
2 1 472 5591 5761 XOR
2 1 5760 5761 5762 AND
2 1 5762 5591 5763 XOR
2 1 5493 5595 5764 XOR
2 1 5760 5764 5765 AND
2 1 5765 5595 5766 XOR
2 1 5496 5600 5767 XOR
2 1 5760 5767 5768 AND
2 1 5768 5600 5769 XOR
2 1 5499 5605 5770 XOR
2 1 5760 5770 5771 AND
2 1 5771 5605 5772 XOR
2 1 5502 5610 5773 XOR
2 1 5760 5773 5774 AND
2 1 5774 5610 5775 XOR
2 1 5505 5615 5776 XOR
2 1 5760 5776 5777 AND
2 1 5777 5615 5778 XOR
2 1 5508 5620 5779 XOR
2 1 5760 5779 5780 AND
2 1 5780 5620 5781 XOR
2 1 5511 5625 5782 XOR
2 1 5760 5782 5783 AND
2 1 5783 5625 5784 XOR
2 1 5514 5630 5785 XOR
2 1 5760 5785 5786 AND
2 1 5786 5630 5787 XOR
2 1 5517 5635 5788 XOR
2 1 5760 5788 5789 AND
2 1 5789 5635 5790 XOR
2 1 5520 5640 5791 XOR
2 1 5760 5791 5792 AND
2 1 5792 5640 5793 XOR
2 1 5523 5645 5794 XOR
2 1 5760 5794 5795 AND
2 1 5795 5645 5796 XOR
2 1 5526 5650 5797 XOR
2 1 5760 5797 5798 AND
2 1 5798 5650 5799 XOR
2 1 5529 5655 5800 XOR
2 1 5760 5800 5801 AND
2 1 5801 5655 5802 XOR
2 1 5532 5660 5803 XOR
2 1 5760 5803 5804 AND
2 1 5804 5660 5805 XOR
2 1 5535 5665 5806 XOR
2 1 5760 5806 5807 AND
2 1 5807 5665 5808 XOR
2 1 5538 5670 5809 XOR
2 1 5760 5809 5810 AND
2 1 5810 5670 5811 XOR
2 1 5541 5675 5812 XOR
2 1 5760 5812 5813 AND
2 1 5813 5675 5814 XOR
2 1 5544 5680 5815 XOR
2 1 5760 5815 5816 AND
2 1 5816 5680 5817 XOR
2 1 5547 5685 5818 XOR
2 1 5760 5818 5819 AND
2 1 5819 5685 5820 XOR
2 1 5550 5690 5821 XOR
2 1 5760 5821 5822 AND
2 1 5822 5690 5823 XOR
2 1 5553 5695 5824 XOR
2 1 5760 5824 5825 AND
2 1 5825 5695 5826 XOR
2 1 5556 5700 5827 XOR
2 1 5760 5827 5828 AND
2 1 5828 5700 5829 XOR
2 1 5559 5705 5830 XOR
2 1 5760 5830 5831 AND
2 1 5831 5705 5832 XOR
2 1 5562 5710 5833 XOR
2 1 5760 5833 5834 AND
2 1 5834 5710 5835 XOR
2 1 5565 5715 5836 XOR
2 1 5760 5836 5837 AND
2 1 5837 5715 5838 XOR
2 1 5568 5720 5839 XOR
2 1 5760 5839 5840 AND
2 1 5840 5720 5841 XOR
2 1 5571 5725 5842 XOR
2 1 5760 5842 5843 AND
2 1 5843 5725 5844 XOR
2 1 5574 5730 5845 XOR
2 1 5760 5845 5846 AND
2 1 5846 5730 5847 XOR
2 1 5577 5735 5848 XOR
2 1 5760 5848 5849 AND
2 1 5849 5735 5850 XOR
2 1 5580 5740 5851 XOR
2 1 5760 5851 5852 AND
2 1 5852 5740 5853 XOR
2 1 5583 5745 5854 XOR
2 1 5760 5854 5855 AND
2 1 5855 5745 5856 XOR
2 1 5586 5750 5857 XOR
2 1 5760 5857 5858 AND
2 1 5858 5750 5859 XOR
2 1 5589 5755 5860 XOR
2 1 5760 5860 5861 AND
2 1 5861 5755 5862 XOR
1 1 5760 5863 INV
2 1 471 820 5864 XOR
2 1 5864 820 5865 AND
2 1 5763 821 5866 XOR
2 1 5865 821 5867 XOR
2 1 5866 5865 5868 XOR
2 1 5866 5867 5869 AND
2 1 5865 5869 5870 XOR
2 1 5766 822 5871 XOR
2 1 5870 822 5872 XOR
2 1 5871 5870 5873 XOR
2 1 5871 5872 5874 AND
2 1 5870 5874 5875 XOR
2 1 5769 823 5876 XOR
2 1 5875 823 5877 XOR
2 1 5876 5875 5878 XOR
2 1 5876 5877 5879 AND
2 1 5875 5879 5880 XOR
2 1 5772 824 5881 XOR
2 1 5880 824 5882 XOR
2 1 5881 5880 5883 XOR
2 1 5881 5882 5884 AND
2 1 5880 5884 5885 XOR
2 1 5775 825 5886 XOR
2 1 5885 825 5887 XOR
2 1 5886 5885 5888 XOR
2 1 5886 5887 5889 AND
2 1 5885 5889 5890 XOR
2 1 5778 826 5891 XOR
2 1 5890 826 5892 XOR
2 1 5891 5890 5893 XOR
2 1 5891 5892 5894 AND
2 1 5890 5894 5895 XOR
2 1 5781 827 5896 XOR
2 1 5895 827 5897 XOR
2 1 5896 5895 5898 XOR
2 1 5896 5897 5899 AND
2 1 5895 5899 5900 XOR
2 1 5784 828 5901 XOR
2 1 5900 828 5902 XOR
2 1 5901 5900 5903 XOR
2 1 5901 5902 5904 AND
2 1 5900 5904 5905 XOR
2 1 5787 829 5906 XOR
2 1 5905 829 5907 XOR
2 1 5906 5905 5908 XOR
2 1 5906 5907 5909 AND
2 1 5905 5909 5910 XOR
2 1 5790 830 5911 XOR
2 1 5910 830 5912 XOR
2 1 5911 5910 5913 XOR
2 1 5911 5912 5914 AND
2 1 5910 5914 5915 XOR
2 1 5793 831 5916 XOR
2 1 5915 831 5917 XOR
2 1 5916 5915 5918 XOR
2 1 5916 5917 5919 AND
2 1 5915 5919 5920 XOR
2 1 5796 832 5921 XOR
2 1 5920 832 5922 XOR
2 1 5921 5920 5923 XOR
2 1 5921 5922 5924 AND
2 1 5920 5924 5925 XOR
2 1 5799 833 5926 XOR
2 1 5925 833 5927 XOR
2 1 5926 5925 5928 XOR
2 1 5926 5927 5929 AND
2 1 5925 5929 5930 XOR
2 1 5802 834 5931 XOR
2 1 5930 834 5932 XOR
2 1 5931 5930 5933 XOR
2 1 5931 5932 5934 AND
2 1 5930 5934 5935 XOR
2 1 5805 835 5936 XOR
2 1 5935 835 5937 XOR
2 1 5936 5935 5938 XOR
2 1 5936 5937 5939 AND
2 1 5935 5939 5940 XOR
2 1 5808 836 5941 XOR
2 1 5940 836 5942 XOR
2 1 5941 5940 5943 XOR
2 1 5941 5942 5944 AND
2 1 5940 5944 5945 XOR
2 1 5811 837 5946 XOR
2 1 5945 837 5947 XOR
2 1 5946 5945 5948 XOR
2 1 5946 5947 5949 AND
2 1 5945 5949 5950 XOR
2 1 5814 838 5951 XOR
2 1 5950 838 5952 XOR
2 1 5951 5950 5953 XOR
2 1 5951 5952 5954 AND
2 1 5950 5954 5955 XOR
2 1 5817 839 5956 XOR
2 1 5955 839 5957 XOR
2 1 5956 5955 5958 XOR
2 1 5956 5957 5959 AND
2 1 5955 5959 5960 XOR
2 1 5820 840 5961 XOR
2 1 5960 840 5962 XOR
2 1 5961 5960 5963 XOR
2 1 5961 5962 5964 AND
2 1 5960 5964 5965 XOR
2 1 5823 841 5966 XOR
2 1 5965 841 5967 XOR
2 1 5966 5965 5968 XOR
2 1 5966 5967 5969 AND
2 1 5965 5969 5970 XOR
2 1 5826 842 5971 XOR
2 1 5970 842 5972 XOR
2 1 5971 5970 5973 XOR
2 1 5971 5972 5974 AND
2 1 5970 5974 5975 XOR
2 1 5829 843 5976 XOR
2 1 5975 843 5977 XOR
2 1 5976 5975 5978 XOR
2 1 5976 5977 5979 AND
2 1 5975 5979 5980 XOR
2 1 5832 844 5981 XOR
2 1 5980 844 5982 XOR
2 1 5981 5980 5983 XOR
2 1 5981 5982 5984 AND
2 1 5980 5984 5985 XOR
2 1 5835 845 5986 XOR
2 1 5985 845 5987 XOR
2 1 5986 5985 5988 XOR
2 1 5986 5987 5989 AND
2 1 5985 5989 5990 XOR
2 1 5838 846 5991 XOR
2 1 5990 846 5992 XOR
2 1 5991 5990 5993 XOR
2 1 5991 5992 5994 AND
2 1 5990 5994 5995 XOR
2 1 5841 847 5996 XOR
2 1 5995 847 5997 XOR
2 1 5996 5995 5998 XOR
2 1 5996 5997 5999 AND
2 1 5995 5999 6000 XOR
2 1 5844 848 6001 XOR
2 1 6000 848 6002 XOR
2 1 6001 6000 6003 XOR
2 1 6001 6002 6004 AND
2 1 6000 6004 6005 XOR
2 1 5847 849 6006 XOR
2 1 6005 849 6007 XOR
2 1 6006 6005 6008 XOR
2 1 6006 6007 6009 AND
2 1 6005 6009 6010 XOR
2 1 5850 850 6011 XOR
2 1 6010 850 6012 XOR
2 1 6011 6010 6013 XOR
2 1 6011 6012 6014 AND
2 1 6010 6014 6015 XOR
2 1 5853 851 6016 XOR
2 1 6015 851 6017 XOR
2 1 6016 6015 6018 XOR
2 1 6016 6017 6019 AND
2 1 6015 6019 6020 XOR
2 1 5856 852 6021 XOR
2 1 6020 852 6022 XOR
2 1 6021 6020 6023 XOR
2 1 6021 6022 6024 AND
2 1 6020 6024 6025 XOR
2 1 5859 853 6026 XOR
2 1 6025 853 6027 XOR
2 1 6026 6025 6028 XOR
2 1 6026 6027 6029 AND
2 1 6025 6029 6030 XOR
2 1 5862 854 6031 XOR
2 1 6030 854 6032 XOR
2 1 6031 6030 6033 XOR
2 1 6031 6032 6034 AND
2 1 6030 6034 6035 XOR
2 1 6035 967 6036 XOR
2 1 6035 967 6037 AND
2 1 6036 6037 6038 XOR
2 1 471 5864 6039 XOR
2 1 6038 6039 6040 AND
2 1 6040 5864 6041 XOR
2 1 5763 5868 6042 XOR
2 1 6038 6042 6043 AND
2 1 6043 5868 6044 XOR
2 1 5766 5873 6045 XOR
2 1 6038 6045 6046 AND
2 1 6046 5873 6047 XOR
2 1 5769 5878 6048 XOR
2 1 6038 6048 6049 AND
2 1 6049 5878 6050 XOR
2 1 5772 5883 6051 XOR
2 1 6038 6051 6052 AND
2 1 6052 5883 6053 XOR
2 1 5775 5888 6054 XOR
2 1 6038 6054 6055 AND
2 1 6055 5888 6056 XOR
2 1 5778 5893 6057 XOR
2 1 6038 6057 6058 AND
2 1 6058 5893 6059 XOR
2 1 5781 5898 6060 XOR
2 1 6038 6060 6061 AND
2 1 6061 5898 6062 XOR
2 1 5784 5903 6063 XOR
2 1 6038 6063 6064 AND
2 1 6064 5903 6065 XOR
2 1 5787 5908 6066 XOR
2 1 6038 6066 6067 AND
2 1 6067 5908 6068 XOR
2 1 5790 5913 6069 XOR
2 1 6038 6069 6070 AND
2 1 6070 5913 6071 XOR
2 1 5793 5918 6072 XOR
2 1 6038 6072 6073 AND
2 1 6073 5918 6074 XOR
2 1 5796 5923 6075 XOR
2 1 6038 6075 6076 AND
2 1 6076 5923 6077 XOR
2 1 5799 5928 6078 XOR
2 1 6038 6078 6079 AND
2 1 6079 5928 6080 XOR
2 1 5802 5933 6081 XOR
2 1 6038 6081 6082 AND
2 1 6082 5933 6083 XOR
2 1 5805 5938 6084 XOR
2 1 6038 6084 6085 AND
2 1 6085 5938 6086 XOR
2 1 5808 5943 6087 XOR
2 1 6038 6087 6088 AND
2 1 6088 5943 6089 XOR
2 1 5811 5948 6090 XOR
2 1 6038 6090 6091 AND
2 1 6091 5948 6092 XOR
2 1 5814 5953 6093 XOR
2 1 6038 6093 6094 AND
2 1 6094 5953 6095 XOR
2 1 5817 5958 6096 XOR
2 1 6038 6096 6097 AND
2 1 6097 5958 6098 XOR
2 1 5820 5963 6099 XOR
2 1 6038 6099 6100 AND
2 1 6100 5963 6101 XOR
2 1 5823 5968 6102 XOR
2 1 6038 6102 6103 AND
2 1 6103 5968 6104 XOR
2 1 5826 5973 6105 XOR
2 1 6038 6105 6106 AND
2 1 6106 5973 6107 XOR
2 1 5829 5978 6108 XOR
2 1 6038 6108 6109 AND
2 1 6109 5978 6110 XOR
2 1 5832 5983 6111 XOR
2 1 6038 6111 6112 AND
2 1 6112 5983 6113 XOR
2 1 5835 5988 6114 XOR
2 1 6038 6114 6115 AND
2 1 6115 5988 6116 XOR
2 1 5838 5993 6117 XOR
2 1 6038 6117 6118 AND
2 1 6118 5993 6119 XOR
2 1 5841 5998 6120 XOR
2 1 6038 6120 6121 AND
2 1 6121 5998 6122 XOR
2 1 5844 6003 6123 XOR
2 1 6038 6123 6124 AND
2 1 6124 6003 6125 XOR
2 1 5847 6008 6126 XOR
2 1 6038 6126 6127 AND
2 1 6127 6008 6128 XOR
2 1 5850 6013 6129 XOR
2 1 6038 6129 6130 AND
2 1 6130 6013 6131 XOR
2 1 5853 6018 6132 XOR
2 1 6038 6132 6133 AND
2 1 6133 6018 6134 XOR
2 1 5856 6023 6135 XOR
2 1 6038 6135 6136 AND
2 1 6136 6023 6137 XOR
2 1 5859 6028 6138 XOR
2 1 6038 6138 6139 AND
2 1 6139 6028 6140 XOR
2 1 5862 6033 6141 XOR
2 1 6038 6141 6142 AND
2 1 6142 6033 6143 XOR
1 1 6038 6144 INV
2 1 470 820 6145 XOR
2 1 6145 820 6146 AND
2 1 6041 821 6147 XOR
2 1 6146 821 6148 XOR
2 1 6147 6146 6149 XOR
2 1 6147 6148 6150 AND
2 1 6146 6150 6151 XOR
2 1 6044 822 6152 XOR
2 1 6151 822 6153 XOR
2 1 6152 6151 6154 XOR
2 1 6152 6153 6155 AND
2 1 6151 6155 6156 XOR
2 1 6047 823 6157 XOR
2 1 6156 823 6158 XOR
2 1 6157 6156 6159 XOR
2 1 6157 6158 6160 AND
2 1 6156 6160 6161 XOR
2 1 6050 824 6162 XOR
2 1 6161 824 6163 XOR
2 1 6162 6161 6164 XOR
2 1 6162 6163 6165 AND
2 1 6161 6165 6166 XOR
2 1 6053 825 6167 XOR
2 1 6166 825 6168 XOR
2 1 6167 6166 6169 XOR
2 1 6167 6168 6170 AND
2 1 6166 6170 6171 XOR
2 1 6056 826 6172 XOR
2 1 6171 826 6173 XOR
2 1 6172 6171 6174 XOR
2 1 6172 6173 6175 AND
2 1 6171 6175 6176 XOR
2 1 6059 827 6177 XOR
2 1 6176 827 6178 XOR
2 1 6177 6176 6179 XOR
2 1 6177 6178 6180 AND
2 1 6176 6180 6181 XOR
2 1 6062 828 6182 XOR
2 1 6181 828 6183 XOR
2 1 6182 6181 6184 XOR
2 1 6182 6183 6185 AND
2 1 6181 6185 6186 XOR
2 1 6065 829 6187 XOR
2 1 6186 829 6188 XOR
2 1 6187 6186 6189 XOR
2 1 6187 6188 6190 AND
2 1 6186 6190 6191 XOR
2 1 6068 830 6192 XOR
2 1 6191 830 6193 XOR
2 1 6192 6191 6194 XOR
2 1 6192 6193 6195 AND
2 1 6191 6195 6196 XOR
2 1 6071 831 6197 XOR
2 1 6196 831 6198 XOR
2 1 6197 6196 6199 XOR
2 1 6197 6198 6200 AND
2 1 6196 6200 6201 XOR
2 1 6074 832 6202 XOR
2 1 6201 832 6203 XOR
2 1 6202 6201 6204 XOR
2 1 6202 6203 6205 AND
2 1 6201 6205 6206 XOR
2 1 6077 833 6207 XOR
2 1 6206 833 6208 XOR
2 1 6207 6206 6209 XOR
2 1 6207 6208 6210 AND
2 1 6206 6210 6211 XOR
2 1 6080 834 6212 XOR
2 1 6211 834 6213 XOR
2 1 6212 6211 6214 XOR
2 1 6212 6213 6215 AND
2 1 6211 6215 6216 XOR
2 1 6083 835 6217 XOR
2 1 6216 835 6218 XOR
2 1 6217 6216 6219 XOR
2 1 6217 6218 6220 AND
2 1 6216 6220 6221 XOR
2 1 6086 836 6222 XOR
2 1 6221 836 6223 XOR
2 1 6222 6221 6224 XOR
2 1 6222 6223 6225 AND
2 1 6221 6225 6226 XOR
2 1 6089 837 6227 XOR
2 1 6226 837 6228 XOR
2 1 6227 6226 6229 XOR
2 1 6227 6228 6230 AND
2 1 6226 6230 6231 XOR
2 1 6092 838 6232 XOR
2 1 6231 838 6233 XOR
2 1 6232 6231 6234 XOR
2 1 6232 6233 6235 AND
2 1 6231 6235 6236 XOR
2 1 6095 839 6237 XOR
2 1 6236 839 6238 XOR
2 1 6237 6236 6239 XOR
2 1 6237 6238 6240 AND
2 1 6236 6240 6241 XOR
2 1 6098 840 6242 XOR
2 1 6241 840 6243 XOR
2 1 6242 6241 6244 XOR
2 1 6242 6243 6245 AND
2 1 6241 6245 6246 XOR
2 1 6101 841 6247 XOR
2 1 6246 841 6248 XOR
2 1 6247 6246 6249 XOR
2 1 6247 6248 6250 AND
2 1 6246 6250 6251 XOR
2 1 6104 842 6252 XOR
2 1 6251 842 6253 XOR
2 1 6252 6251 6254 XOR
2 1 6252 6253 6255 AND
2 1 6251 6255 6256 XOR
2 1 6107 843 6257 XOR
2 1 6256 843 6258 XOR
2 1 6257 6256 6259 XOR
2 1 6257 6258 6260 AND
2 1 6256 6260 6261 XOR
2 1 6110 844 6262 XOR
2 1 6261 844 6263 XOR
2 1 6262 6261 6264 XOR
2 1 6262 6263 6265 AND
2 1 6261 6265 6266 XOR
2 1 6113 845 6267 XOR
2 1 6266 845 6268 XOR
2 1 6267 6266 6269 XOR
2 1 6267 6268 6270 AND
2 1 6266 6270 6271 XOR
2 1 6116 846 6272 XOR
2 1 6271 846 6273 XOR
2 1 6272 6271 6274 XOR
2 1 6272 6273 6275 AND
2 1 6271 6275 6276 XOR
2 1 6119 847 6277 XOR
2 1 6276 847 6278 XOR
2 1 6277 6276 6279 XOR
2 1 6277 6278 6280 AND
2 1 6276 6280 6281 XOR
2 1 6122 848 6282 XOR
2 1 6281 848 6283 XOR
2 1 6282 6281 6284 XOR
2 1 6282 6283 6285 AND
2 1 6281 6285 6286 XOR
2 1 6125 849 6287 XOR
2 1 6286 849 6288 XOR
2 1 6287 6286 6289 XOR
2 1 6287 6288 6290 AND
2 1 6286 6290 6291 XOR
2 1 6128 850 6292 XOR
2 1 6291 850 6293 XOR
2 1 6292 6291 6294 XOR
2 1 6292 6293 6295 AND
2 1 6291 6295 6296 XOR
2 1 6131 851 6297 XOR
2 1 6296 851 6298 XOR
2 1 6297 6296 6299 XOR
2 1 6297 6298 6300 AND
2 1 6296 6300 6301 XOR
2 1 6134 852 6302 XOR
2 1 6301 852 6303 XOR
2 1 6302 6301 6304 XOR
2 1 6302 6303 6305 AND
2 1 6301 6305 6306 XOR
2 1 6137 853 6307 XOR
2 1 6306 853 6308 XOR
2 1 6307 6306 6309 XOR
2 1 6307 6308 6310 AND
2 1 6306 6310 6311 XOR
2 1 6140 854 6312 XOR
2 1 6311 854 6313 XOR
2 1 6312 6311 6314 XOR
2 1 6312 6313 6315 AND
2 1 6311 6315 6316 XOR
2 1 6143 855 6317 XOR
2 1 6316 855 6318 XOR
2 1 6317 6316 6319 XOR
2 1 6317 6318 6320 AND
2 1 6316 6320 6321 XOR
2 1 6321 964 6322 XOR
2 1 6321 964 6323 AND
2 1 6322 6323 6324 XOR
2 1 470 6145 6325 XOR
2 1 6324 6325 6326 AND
2 1 6326 6145 6327 XOR
2 1 6041 6149 6328 XOR
2 1 6324 6328 6329 AND
2 1 6329 6149 6330 XOR
2 1 6044 6154 6331 XOR
2 1 6324 6331 6332 AND
2 1 6332 6154 6333 XOR
2 1 6047 6159 6334 XOR
2 1 6324 6334 6335 AND
2 1 6335 6159 6336 XOR
2 1 6050 6164 6337 XOR
2 1 6324 6337 6338 AND
2 1 6338 6164 6339 XOR
2 1 6053 6169 6340 XOR
2 1 6324 6340 6341 AND
2 1 6341 6169 6342 XOR
2 1 6056 6174 6343 XOR
2 1 6324 6343 6344 AND
2 1 6344 6174 6345 XOR
2 1 6059 6179 6346 XOR
2 1 6324 6346 6347 AND
2 1 6347 6179 6348 XOR
2 1 6062 6184 6349 XOR
2 1 6324 6349 6350 AND
2 1 6350 6184 6351 XOR
2 1 6065 6189 6352 XOR
2 1 6324 6352 6353 AND
2 1 6353 6189 6354 XOR
2 1 6068 6194 6355 XOR
2 1 6324 6355 6356 AND
2 1 6356 6194 6357 XOR
2 1 6071 6199 6358 XOR
2 1 6324 6358 6359 AND
2 1 6359 6199 6360 XOR
2 1 6074 6204 6361 XOR
2 1 6324 6361 6362 AND
2 1 6362 6204 6363 XOR
2 1 6077 6209 6364 XOR
2 1 6324 6364 6365 AND
2 1 6365 6209 6366 XOR
2 1 6080 6214 6367 XOR
2 1 6324 6367 6368 AND
2 1 6368 6214 6369 XOR
2 1 6083 6219 6370 XOR
2 1 6324 6370 6371 AND
2 1 6371 6219 6372 XOR
2 1 6086 6224 6373 XOR
2 1 6324 6373 6374 AND
2 1 6374 6224 6375 XOR
2 1 6089 6229 6376 XOR
2 1 6324 6376 6377 AND
2 1 6377 6229 6378 XOR
2 1 6092 6234 6379 XOR
2 1 6324 6379 6380 AND
2 1 6380 6234 6381 XOR
2 1 6095 6239 6382 XOR
2 1 6324 6382 6383 AND
2 1 6383 6239 6384 XOR
2 1 6098 6244 6385 XOR
2 1 6324 6385 6386 AND
2 1 6386 6244 6387 XOR
2 1 6101 6249 6388 XOR
2 1 6324 6388 6389 AND
2 1 6389 6249 6390 XOR
2 1 6104 6254 6391 XOR
2 1 6324 6391 6392 AND
2 1 6392 6254 6393 XOR
2 1 6107 6259 6394 XOR
2 1 6324 6394 6395 AND
2 1 6395 6259 6396 XOR
2 1 6110 6264 6397 XOR
2 1 6324 6397 6398 AND
2 1 6398 6264 6399 XOR
2 1 6113 6269 6400 XOR
2 1 6324 6400 6401 AND
2 1 6401 6269 6402 XOR
2 1 6116 6274 6403 XOR
2 1 6324 6403 6404 AND
2 1 6404 6274 6405 XOR
2 1 6119 6279 6406 XOR
2 1 6324 6406 6407 AND
2 1 6407 6279 6408 XOR
2 1 6122 6284 6409 XOR
2 1 6324 6409 6410 AND
2 1 6410 6284 6411 XOR
2 1 6125 6289 6412 XOR
2 1 6324 6412 6413 AND
2 1 6413 6289 6414 XOR
2 1 6128 6294 6415 XOR
2 1 6324 6415 6416 AND
2 1 6416 6294 6417 XOR
2 1 6131 6299 6418 XOR
2 1 6324 6418 6419 AND
2 1 6419 6299 6420 XOR
2 1 6134 6304 6421 XOR
2 1 6324 6421 6422 AND
2 1 6422 6304 6423 XOR
2 1 6137 6309 6424 XOR
2 1 6324 6424 6425 AND
2 1 6425 6309 6426 XOR
2 1 6140 6314 6427 XOR
2 1 6324 6427 6428 AND
2 1 6428 6314 6429 XOR
2 1 6143 6319 6430 XOR
2 1 6324 6430 6431 AND
2 1 6431 6319 6432 XOR
1 1 6324 6433 INV
2 1 469 820 6434 XOR
2 1 6434 820 6435 AND
2 1 6327 821 6436 XOR
2 1 6435 821 6437 XOR
2 1 6436 6435 6438 XOR
2 1 6436 6437 6439 AND
2 1 6435 6439 6440 XOR
2 1 6330 822 6441 XOR
2 1 6440 822 6442 XOR
2 1 6441 6440 6443 XOR
2 1 6441 6442 6444 AND
2 1 6440 6444 6445 XOR
2 1 6333 823 6446 XOR
2 1 6445 823 6447 XOR
2 1 6446 6445 6448 XOR
2 1 6446 6447 6449 AND
2 1 6445 6449 6450 XOR
2 1 6336 824 6451 XOR
2 1 6450 824 6452 XOR
2 1 6451 6450 6453 XOR
2 1 6451 6452 6454 AND
2 1 6450 6454 6455 XOR
2 1 6339 825 6456 XOR
2 1 6455 825 6457 XOR
2 1 6456 6455 6458 XOR
2 1 6456 6457 6459 AND
2 1 6455 6459 6460 XOR
2 1 6342 826 6461 XOR
2 1 6460 826 6462 XOR
2 1 6461 6460 6463 XOR
2 1 6461 6462 6464 AND
2 1 6460 6464 6465 XOR
2 1 6345 827 6466 XOR
2 1 6465 827 6467 XOR
2 1 6466 6465 6468 XOR
2 1 6466 6467 6469 AND
2 1 6465 6469 6470 XOR
2 1 6348 828 6471 XOR
2 1 6470 828 6472 XOR
2 1 6471 6470 6473 XOR
2 1 6471 6472 6474 AND
2 1 6470 6474 6475 XOR
2 1 6351 829 6476 XOR
2 1 6475 829 6477 XOR
2 1 6476 6475 6478 XOR
2 1 6476 6477 6479 AND
2 1 6475 6479 6480 XOR
2 1 6354 830 6481 XOR
2 1 6480 830 6482 XOR
2 1 6481 6480 6483 XOR
2 1 6481 6482 6484 AND
2 1 6480 6484 6485 XOR
2 1 6357 831 6486 XOR
2 1 6485 831 6487 XOR
2 1 6486 6485 6488 XOR
2 1 6486 6487 6489 AND
2 1 6485 6489 6490 XOR
2 1 6360 832 6491 XOR
2 1 6490 832 6492 XOR
2 1 6491 6490 6493 XOR
2 1 6491 6492 6494 AND
2 1 6490 6494 6495 XOR
2 1 6363 833 6496 XOR
2 1 6495 833 6497 XOR
2 1 6496 6495 6498 XOR
2 1 6496 6497 6499 AND
2 1 6495 6499 6500 XOR
2 1 6366 834 6501 XOR
2 1 6500 834 6502 XOR
2 1 6501 6500 6503 XOR
2 1 6501 6502 6504 AND
2 1 6500 6504 6505 XOR
2 1 6369 835 6506 XOR
2 1 6505 835 6507 XOR
2 1 6506 6505 6508 XOR
2 1 6506 6507 6509 AND
2 1 6505 6509 6510 XOR
2 1 6372 836 6511 XOR
2 1 6510 836 6512 XOR
2 1 6511 6510 6513 XOR
2 1 6511 6512 6514 AND
2 1 6510 6514 6515 XOR
2 1 6375 837 6516 XOR
2 1 6515 837 6517 XOR
2 1 6516 6515 6518 XOR
2 1 6516 6517 6519 AND
2 1 6515 6519 6520 XOR
2 1 6378 838 6521 XOR
2 1 6520 838 6522 XOR
2 1 6521 6520 6523 XOR
2 1 6521 6522 6524 AND
2 1 6520 6524 6525 XOR
2 1 6381 839 6526 XOR
2 1 6525 839 6527 XOR
2 1 6526 6525 6528 XOR
2 1 6526 6527 6529 AND
2 1 6525 6529 6530 XOR
2 1 6384 840 6531 XOR
2 1 6530 840 6532 XOR
2 1 6531 6530 6533 XOR
2 1 6531 6532 6534 AND
2 1 6530 6534 6535 XOR
2 1 6387 841 6536 XOR
2 1 6535 841 6537 XOR
2 1 6536 6535 6538 XOR
2 1 6536 6537 6539 AND
2 1 6535 6539 6540 XOR
2 1 6390 842 6541 XOR
2 1 6540 842 6542 XOR
2 1 6541 6540 6543 XOR
2 1 6541 6542 6544 AND
2 1 6540 6544 6545 XOR
2 1 6393 843 6546 XOR
2 1 6545 843 6547 XOR
2 1 6546 6545 6548 XOR
2 1 6546 6547 6549 AND
2 1 6545 6549 6550 XOR
2 1 6396 844 6551 XOR
2 1 6550 844 6552 XOR
2 1 6551 6550 6553 XOR
2 1 6551 6552 6554 AND
2 1 6550 6554 6555 XOR
2 1 6399 845 6556 XOR
2 1 6555 845 6557 XOR
2 1 6556 6555 6558 XOR
2 1 6556 6557 6559 AND
2 1 6555 6559 6560 XOR
2 1 6402 846 6561 XOR
2 1 6560 846 6562 XOR
2 1 6561 6560 6563 XOR
2 1 6561 6562 6564 AND
2 1 6560 6564 6565 XOR
2 1 6405 847 6566 XOR
2 1 6565 847 6567 XOR
2 1 6566 6565 6568 XOR
2 1 6566 6567 6569 AND
2 1 6565 6569 6570 XOR
2 1 6408 848 6571 XOR
2 1 6570 848 6572 XOR
2 1 6571 6570 6573 XOR
2 1 6571 6572 6574 AND
2 1 6570 6574 6575 XOR
2 1 6411 849 6576 XOR
2 1 6575 849 6577 XOR
2 1 6576 6575 6578 XOR
2 1 6576 6577 6579 AND
2 1 6575 6579 6580 XOR
2 1 6414 850 6581 XOR
2 1 6580 850 6582 XOR
2 1 6581 6580 6583 XOR
2 1 6581 6582 6584 AND
2 1 6580 6584 6585 XOR
2 1 6417 851 6586 XOR
2 1 6585 851 6587 XOR
2 1 6586 6585 6588 XOR
2 1 6586 6587 6589 AND
2 1 6585 6589 6590 XOR
2 1 6420 852 6591 XOR
2 1 6590 852 6592 XOR
2 1 6591 6590 6593 XOR
2 1 6591 6592 6594 AND
2 1 6590 6594 6595 XOR
2 1 6423 853 6596 XOR
2 1 6595 853 6597 XOR
2 1 6596 6595 6598 XOR
2 1 6596 6597 6599 AND
2 1 6595 6599 6600 XOR
2 1 6426 854 6601 XOR
2 1 6600 854 6602 XOR
2 1 6601 6600 6603 XOR
2 1 6601 6602 6604 AND
2 1 6600 6604 6605 XOR
2 1 6429 855 6606 XOR
2 1 6605 855 6607 XOR
2 1 6606 6605 6608 XOR
2 1 6606 6607 6609 AND
2 1 6605 6609 6610 XOR
2 1 6432 856 6611 XOR
2 1 6610 856 6612 XOR
2 1 6611 6610 6613 XOR
2 1 6611 6612 6614 AND
2 1 6610 6614 6615 XOR
2 1 6615 961 6616 XOR
2 1 6615 961 6617 AND
2 1 6616 6617 6618 XOR
2 1 469 6434 6619 XOR
2 1 6618 6619 6620 AND
2 1 6620 6434 6621 XOR
2 1 6327 6438 6622 XOR
2 1 6618 6622 6623 AND
2 1 6623 6438 6624 XOR
2 1 6330 6443 6625 XOR
2 1 6618 6625 6626 AND
2 1 6626 6443 6627 XOR
2 1 6333 6448 6628 XOR
2 1 6618 6628 6629 AND
2 1 6629 6448 6630 XOR
2 1 6336 6453 6631 XOR
2 1 6618 6631 6632 AND
2 1 6632 6453 6633 XOR
2 1 6339 6458 6634 XOR
2 1 6618 6634 6635 AND
2 1 6635 6458 6636 XOR
2 1 6342 6463 6637 XOR
2 1 6618 6637 6638 AND
2 1 6638 6463 6639 XOR
2 1 6345 6468 6640 XOR
2 1 6618 6640 6641 AND
2 1 6641 6468 6642 XOR
2 1 6348 6473 6643 XOR
2 1 6618 6643 6644 AND
2 1 6644 6473 6645 XOR
2 1 6351 6478 6646 XOR
2 1 6618 6646 6647 AND
2 1 6647 6478 6648 XOR
2 1 6354 6483 6649 XOR
2 1 6618 6649 6650 AND
2 1 6650 6483 6651 XOR
2 1 6357 6488 6652 XOR
2 1 6618 6652 6653 AND
2 1 6653 6488 6654 XOR
2 1 6360 6493 6655 XOR
2 1 6618 6655 6656 AND
2 1 6656 6493 6657 XOR
2 1 6363 6498 6658 XOR
2 1 6618 6658 6659 AND
2 1 6659 6498 6660 XOR
2 1 6366 6503 6661 XOR
2 1 6618 6661 6662 AND
2 1 6662 6503 6663 XOR
2 1 6369 6508 6664 XOR
2 1 6618 6664 6665 AND
2 1 6665 6508 6666 XOR
2 1 6372 6513 6667 XOR
2 1 6618 6667 6668 AND
2 1 6668 6513 6669 XOR
2 1 6375 6518 6670 XOR
2 1 6618 6670 6671 AND
2 1 6671 6518 6672 XOR
2 1 6378 6523 6673 XOR
2 1 6618 6673 6674 AND
2 1 6674 6523 6675 XOR
2 1 6381 6528 6676 XOR
2 1 6618 6676 6677 AND
2 1 6677 6528 6678 XOR
2 1 6384 6533 6679 XOR
2 1 6618 6679 6680 AND
2 1 6680 6533 6681 XOR
2 1 6387 6538 6682 XOR
2 1 6618 6682 6683 AND
2 1 6683 6538 6684 XOR
2 1 6390 6543 6685 XOR
2 1 6618 6685 6686 AND
2 1 6686 6543 6687 XOR
2 1 6393 6548 6688 XOR
2 1 6618 6688 6689 AND
2 1 6689 6548 6690 XOR
2 1 6396 6553 6691 XOR
2 1 6618 6691 6692 AND
2 1 6692 6553 6693 XOR
2 1 6399 6558 6694 XOR
2 1 6618 6694 6695 AND
2 1 6695 6558 6696 XOR
2 1 6402 6563 6697 XOR
2 1 6618 6697 6698 AND
2 1 6698 6563 6699 XOR
2 1 6405 6568 6700 XOR
2 1 6618 6700 6701 AND
2 1 6701 6568 6702 XOR
2 1 6408 6573 6703 XOR
2 1 6618 6703 6704 AND
2 1 6704 6573 6705 XOR
2 1 6411 6578 6706 XOR
2 1 6618 6706 6707 AND
2 1 6707 6578 6708 XOR
2 1 6414 6583 6709 XOR
2 1 6618 6709 6710 AND
2 1 6710 6583 6711 XOR
2 1 6417 6588 6712 XOR
2 1 6618 6712 6713 AND
2 1 6713 6588 6714 XOR
2 1 6420 6593 6715 XOR
2 1 6618 6715 6716 AND
2 1 6716 6593 6717 XOR
2 1 6423 6598 6718 XOR
2 1 6618 6718 6719 AND
2 1 6719 6598 6720 XOR
2 1 6426 6603 6721 XOR
2 1 6618 6721 6722 AND
2 1 6722 6603 6723 XOR
2 1 6429 6608 6724 XOR
2 1 6618 6724 6725 AND
2 1 6725 6608 6726 XOR
2 1 6432 6613 6727 XOR
2 1 6618 6727 6728 AND
2 1 6728 6613 6729 XOR
1 1 6618 6730 INV
2 1 468 820 6731 XOR
2 1 6731 820 6732 AND
2 1 6621 821 6733 XOR
2 1 6732 821 6734 XOR
2 1 6733 6732 6735 XOR
2 1 6733 6734 6736 AND
2 1 6732 6736 6737 XOR
2 1 6624 822 6738 XOR
2 1 6737 822 6739 XOR
2 1 6738 6737 6740 XOR
2 1 6738 6739 6741 AND
2 1 6737 6741 6742 XOR
2 1 6627 823 6743 XOR
2 1 6742 823 6744 XOR
2 1 6743 6742 6745 XOR
2 1 6743 6744 6746 AND
2 1 6742 6746 6747 XOR
2 1 6630 824 6748 XOR
2 1 6747 824 6749 XOR
2 1 6748 6747 6750 XOR
2 1 6748 6749 6751 AND
2 1 6747 6751 6752 XOR
2 1 6633 825 6753 XOR
2 1 6752 825 6754 XOR
2 1 6753 6752 6755 XOR
2 1 6753 6754 6756 AND
2 1 6752 6756 6757 XOR
2 1 6636 826 6758 XOR
2 1 6757 826 6759 XOR
2 1 6758 6757 6760 XOR
2 1 6758 6759 6761 AND
2 1 6757 6761 6762 XOR
2 1 6639 827 6763 XOR
2 1 6762 827 6764 XOR
2 1 6763 6762 6765 XOR
2 1 6763 6764 6766 AND
2 1 6762 6766 6767 XOR
2 1 6642 828 6768 XOR
2 1 6767 828 6769 XOR
2 1 6768 6767 6770 XOR
2 1 6768 6769 6771 AND
2 1 6767 6771 6772 XOR
2 1 6645 829 6773 XOR
2 1 6772 829 6774 XOR
2 1 6773 6772 6775 XOR
2 1 6773 6774 6776 AND
2 1 6772 6776 6777 XOR
2 1 6648 830 6778 XOR
2 1 6777 830 6779 XOR
2 1 6778 6777 6780 XOR
2 1 6778 6779 6781 AND
2 1 6777 6781 6782 XOR
2 1 6651 831 6783 XOR
2 1 6782 831 6784 XOR
2 1 6783 6782 6785 XOR
2 1 6783 6784 6786 AND
2 1 6782 6786 6787 XOR
2 1 6654 832 6788 XOR
2 1 6787 832 6789 XOR
2 1 6788 6787 6790 XOR
2 1 6788 6789 6791 AND
2 1 6787 6791 6792 XOR
2 1 6657 833 6793 XOR
2 1 6792 833 6794 XOR
2 1 6793 6792 6795 XOR
2 1 6793 6794 6796 AND
2 1 6792 6796 6797 XOR
2 1 6660 834 6798 XOR
2 1 6797 834 6799 XOR
2 1 6798 6797 6800 XOR
2 1 6798 6799 6801 AND
2 1 6797 6801 6802 XOR
2 1 6663 835 6803 XOR
2 1 6802 835 6804 XOR
2 1 6803 6802 6805 XOR
2 1 6803 6804 6806 AND
2 1 6802 6806 6807 XOR
2 1 6666 836 6808 XOR
2 1 6807 836 6809 XOR
2 1 6808 6807 6810 XOR
2 1 6808 6809 6811 AND
2 1 6807 6811 6812 XOR
2 1 6669 837 6813 XOR
2 1 6812 837 6814 XOR
2 1 6813 6812 6815 XOR
2 1 6813 6814 6816 AND
2 1 6812 6816 6817 XOR
2 1 6672 838 6818 XOR
2 1 6817 838 6819 XOR
2 1 6818 6817 6820 XOR
2 1 6818 6819 6821 AND
2 1 6817 6821 6822 XOR
2 1 6675 839 6823 XOR
2 1 6822 839 6824 XOR
2 1 6823 6822 6825 XOR
2 1 6823 6824 6826 AND
2 1 6822 6826 6827 XOR
2 1 6678 840 6828 XOR
2 1 6827 840 6829 XOR
2 1 6828 6827 6830 XOR
2 1 6828 6829 6831 AND
2 1 6827 6831 6832 XOR
2 1 6681 841 6833 XOR
2 1 6832 841 6834 XOR
2 1 6833 6832 6835 XOR
2 1 6833 6834 6836 AND
2 1 6832 6836 6837 XOR
2 1 6684 842 6838 XOR
2 1 6837 842 6839 XOR
2 1 6838 6837 6840 XOR
2 1 6838 6839 6841 AND
2 1 6837 6841 6842 XOR
2 1 6687 843 6843 XOR
2 1 6842 843 6844 XOR
2 1 6843 6842 6845 XOR
2 1 6843 6844 6846 AND
2 1 6842 6846 6847 XOR
2 1 6690 844 6848 XOR
2 1 6847 844 6849 XOR
2 1 6848 6847 6850 XOR
2 1 6848 6849 6851 AND
2 1 6847 6851 6852 XOR
2 1 6693 845 6853 XOR
2 1 6852 845 6854 XOR
2 1 6853 6852 6855 XOR
2 1 6853 6854 6856 AND
2 1 6852 6856 6857 XOR
2 1 6696 846 6858 XOR
2 1 6857 846 6859 XOR
2 1 6858 6857 6860 XOR
2 1 6858 6859 6861 AND
2 1 6857 6861 6862 XOR
2 1 6699 847 6863 XOR
2 1 6862 847 6864 XOR
2 1 6863 6862 6865 XOR
2 1 6863 6864 6866 AND
2 1 6862 6866 6867 XOR
2 1 6702 848 6868 XOR
2 1 6867 848 6869 XOR
2 1 6868 6867 6870 XOR
2 1 6868 6869 6871 AND
2 1 6867 6871 6872 XOR
2 1 6705 849 6873 XOR
2 1 6872 849 6874 XOR
2 1 6873 6872 6875 XOR
2 1 6873 6874 6876 AND
2 1 6872 6876 6877 XOR
2 1 6708 850 6878 XOR
2 1 6877 850 6879 XOR
2 1 6878 6877 6880 XOR
2 1 6878 6879 6881 AND
2 1 6877 6881 6882 XOR
2 1 6711 851 6883 XOR
2 1 6882 851 6884 XOR
2 1 6883 6882 6885 XOR
2 1 6883 6884 6886 AND
2 1 6882 6886 6887 XOR
2 1 6714 852 6888 XOR
2 1 6887 852 6889 XOR
2 1 6888 6887 6890 XOR
2 1 6888 6889 6891 AND
2 1 6887 6891 6892 XOR
2 1 6717 853 6893 XOR
2 1 6892 853 6894 XOR
2 1 6893 6892 6895 XOR
2 1 6893 6894 6896 AND
2 1 6892 6896 6897 XOR
2 1 6720 854 6898 XOR
2 1 6897 854 6899 XOR
2 1 6898 6897 6900 XOR
2 1 6898 6899 6901 AND
2 1 6897 6901 6902 XOR
2 1 6723 855 6903 XOR
2 1 6902 855 6904 XOR
2 1 6903 6902 6905 XOR
2 1 6903 6904 6906 AND
2 1 6902 6906 6907 XOR
2 1 6726 856 6908 XOR
2 1 6907 856 6909 XOR
2 1 6908 6907 6910 XOR
2 1 6908 6909 6911 AND
2 1 6907 6911 6912 XOR
2 1 6729 857 6913 XOR
2 1 6912 857 6914 XOR
2 1 6913 6912 6915 XOR
2 1 6913 6914 6916 AND
2 1 6912 6916 6917 XOR
2 1 6917 958 6918 XOR
2 1 6917 958 6919 AND
2 1 6918 6919 6920 XOR
2 1 468 6731 6921 XOR
2 1 6920 6921 6922 AND
2 1 6922 6731 6923 XOR
2 1 6621 6735 6924 XOR
2 1 6920 6924 6925 AND
2 1 6925 6735 6926 XOR
2 1 6624 6740 6927 XOR
2 1 6920 6927 6928 AND
2 1 6928 6740 6929 XOR
2 1 6627 6745 6930 XOR
2 1 6920 6930 6931 AND
2 1 6931 6745 6932 XOR
2 1 6630 6750 6933 XOR
2 1 6920 6933 6934 AND
2 1 6934 6750 6935 XOR
2 1 6633 6755 6936 XOR
2 1 6920 6936 6937 AND
2 1 6937 6755 6938 XOR
2 1 6636 6760 6939 XOR
2 1 6920 6939 6940 AND
2 1 6940 6760 6941 XOR
2 1 6639 6765 6942 XOR
2 1 6920 6942 6943 AND
2 1 6943 6765 6944 XOR
2 1 6642 6770 6945 XOR
2 1 6920 6945 6946 AND
2 1 6946 6770 6947 XOR
2 1 6645 6775 6948 XOR
2 1 6920 6948 6949 AND
2 1 6949 6775 6950 XOR
2 1 6648 6780 6951 XOR
2 1 6920 6951 6952 AND
2 1 6952 6780 6953 XOR
2 1 6651 6785 6954 XOR
2 1 6920 6954 6955 AND
2 1 6955 6785 6956 XOR
2 1 6654 6790 6957 XOR
2 1 6920 6957 6958 AND
2 1 6958 6790 6959 XOR
2 1 6657 6795 6960 XOR
2 1 6920 6960 6961 AND
2 1 6961 6795 6962 XOR
2 1 6660 6800 6963 XOR
2 1 6920 6963 6964 AND
2 1 6964 6800 6965 XOR
2 1 6663 6805 6966 XOR
2 1 6920 6966 6967 AND
2 1 6967 6805 6968 XOR
2 1 6666 6810 6969 XOR
2 1 6920 6969 6970 AND
2 1 6970 6810 6971 XOR
2 1 6669 6815 6972 XOR
2 1 6920 6972 6973 AND
2 1 6973 6815 6974 XOR
2 1 6672 6820 6975 XOR
2 1 6920 6975 6976 AND
2 1 6976 6820 6977 XOR
2 1 6675 6825 6978 XOR
2 1 6920 6978 6979 AND
2 1 6979 6825 6980 XOR
2 1 6678 6830 6981 XOR
2 1 6920 6981 6982 AND
2 1 6982 6830 6983 XOR
2 1 6681 6835 6984 XOR
2 1 6920 6984 6985 AND
2 1 6985 6835 6986 XOR
2 1 6684 6840 6987 XOR
2 1 6920 6987 6988 AND
2 1 6988 6840 6989 XOR
2 1 6687 6845 6990 XOR
2 1 6920 6990 6991 AND
2 1 6991 6845 6992 XOR
2 1 6690 6850 6993 XOR
2 1 6920 6993 6994 AND
2 1 6994 6850 6995 XOR
2 1 6693 6855 6996 XOR
2 1 6920 6996 6997 AND
2 1 6997 6855 6998 XOR
2 1 6696 6860 6999 XOR
2 1 6920 6999 7000 AND
2 1 7000 6860 7001 XOR
2 1 6699 6865 7002 XOR
2 1 6920 7002 7003 AND
2 1 7003 6865 7004 XOR
2 1 6702 6870 7005 XOR
2 1 6920 7005 7006 AND
2 1 7006 6870 7007 XOR
2 1 6705 6875 7008 XOR
2 1 6920 7008 7009 AND
2 1 7009 6875 7010 XOR
2 1 6708 6880 7011 XOR
2 1 6920 7011 7012 AND
2 1 7012 6880 7013 XOR
2 1 6711 6885 7014 XOR
2 1 6920 7014 7015 AND
2 1 7015 6885 7016 XOR
2 1 6714 6890 7017 XOR
2 1 6920 7017 7018 AND
2 1 7018 6890 7019 XOR
2 1 6717 6895 7020 XOR
2 1 6920 7020 7021 AND
2 1 7021 6895 7022 XOR
2 1 6720 6900 7023 XOR
2 1 6920 7023 7024 AND
2 1 7024 6900 7025 XOR
2 1 6723 6905 7026 XOR
2 1 6920 7026 7027 AND
2 1 7027 6905 7028 XOR
2 1 6726 6910 7029 XOR
2 1 6920 7029 7030 AND
2 1 7030 6910 7031 XOR
2 1 6729 6915 7032 XOR
2 1 6920 7032 7033 AND
2 1 7033 6915 7034 XOR
1 1 6920 7035 INV
2 1 467 820 7036 XOR
2 1 7036 820 7037 AND
2 1 6923 821 7038 XOR
2 1 7037 821 7039 XOR
2 1 7038 7037 7040 XOR
2 1 7038 7039 7041 AND
2 1 7037 7041 7042 XOR
2 1 6926 822 7043 XOR
2 1 7042 822 7044 XOR
2 1 7043 7042 7045 XOR
2 1 7043 7044 7046 AND
2 1 7042 7046 7047 XOR
2 1 6929 823 7048 XOR
2 1 7047 823 7049 XOR
2 1 7048 7047 7050 XOR
2 1 7048 7049 7051 AND
2 1 7047 7051 7052 XOR
2 1 6932 824 7053 XOR
2 1 7052 824 7054 XOR
2 1 7053 7052 7055 XOR
2 1 7053 7054 7056 AND
2 1 7052 7056 7057 XOR
2 1 6935 825 7058 XOR
2 1 7057 825 7059 XOR
2 1 7058 7057 7060 XOR
2 1 7058 7059 7061 AND
2 1 7057 7061 7062 XOR
2 1 6938 826 7063 XOR
2 1 7062 826 7064 XOR
2 1 7063 7062 7065 XOR
2 1 7063 7064 7066 AND
2 1 7062 7066 7067 XOR
2 1 6941 827 7068 XOR
2 1 7067 827 7069 XOR
2 1 7068 7067 7070 XOR
2 1 7068 7069 7071 AND
2 1 7067 7071 7072 XOR
2 1 6944 828 7073 XOR
2 1 7072 828 7074 XOR
2 1 7073 7072 7075 XOR
2 1 7073 7074 7076 AND
2 1 7072 7076 7077 XOR
2 1 6947 829 7078 XOR
2 1 7077 829 7079 XOR
2 1 7078 7077 7080 XOR
2 1 7078 7079 7081 AND
2 1 7077 7081 7082 XOR
2 1 6950 830 7083 XOR
2 1 7082 830 7084 XOR
2 1 7083 7082 7085 XOR
2 1 7083 7084 7086 AND
2 1 7082 7086 7087 XOR
2 1 6953 831 7088 XOR
2 1 7087 831 7089 XOR
2 1 7088 7087 7090 XOR
2 1 7088 7089 7091 AND
2 1 7087 7091 7092 XOR
2 1 6956 832 7093 XOR
2 1 7092 832 7094 XOR
2 1 7093 7092 7095 XOR
2 1 7093 7094 7096 AND
2 1 7092 7096 7097 XOR
2 1 6959 833 7098 XOR
2 1 7097 833 7099 XOR
2 1 7098 7097 7100 XOR
2 1 7098 7099 7101 AND
2 1 7097 7101 7102 XOR
2 1 6962 834 7103 XOR
2 1 7102 834 7104 XOR
2 1 7103 7102 7105 XOR
2 1 7103 7104 7106 AND
2 1 7102 7106 7107 XOR
2 1 6965 835 7108 XOR
2 1 7107 835 7109 XOR
2 1 7108 7107 7110 XOR
2 1 7108 7109 7111 AND
2 1 7107 7111 7112 XOR
2 1 6968 836 7113 XOR
2 1 7112 836 7114 XOR
2 1 7113 7112 7115 XOR
2 1 7113 7114 7116 AND
2 1 7112 7116 7117 XOR
2 1 6971 837 7118 XOR
2 1 7117 837 7119 XOR
2 1 7118 7117 7120 XOR
2 1 7118 7119 7121 AND
2 1 7117 7121 7122 XOR
2 1 6974 838 7123 XOR
2 1 7122 838 7124 XOR
2 1 7123 7122 7125 XOR
2 1 7123 7124 7126 AND
2 1 7122 7126 7127 XOR
2 1 6977 839 7128 XOR
2 1 7127 839 7129 XOR
2 1 7128 7127 7130 XOR
2 1 7128 7129 7131 AND
2 1 7127 7131 7132 XOR
2 1 6980 840 7133 XOR
2 1 7132 840 7134 XOR
2 1 7133 7132 7135 XOR
2 1 7133 7134 7136 AND
2 1 7132 7136 7137 XOR
2 1 6983 841 7138 XOR
2 1 7137 841 7139 XOR
2 1 7138 7137 7140 XOR
2 1 7138 7139 7141 AND
2 1 7137 7141 7142 XOR
2 1 6986 842 7143 XOR
2 1 7142 842 7144 XOR
2 1 7143 7142 7145 XOR
2 1 7143 7144 7146 AND
2 1 7142 7146 7147 XOR
2 1 6989 843 7148 XOR
2 1 7147 843 7149 XOR
2 1 7148 7147 7150 XOR
2 1 7148 7149 7151 AND
2 1 7147 7151 7152 XOR
2 1 6992 844 7153 XOR
2 1 7152 844 7154 XOR
2 1 7153 7152 7155 XOR
2 1 7153 7154 7156 AND
2 1 7152 7156 7157 XOR
2 1 6995 845 7158 XOR
2 1 7157 845 7159 XOR
2 1 7158 7157 7160 XOR
2 1 7158 7159 7161 AND
2 1 7157 7161 7162 XOR
2 1 6998 846 7163 XOR
2 1 7162 846 7164 XOR
2 1 7163 7162 7165 XOR
2 1 7163 7164 7166 AND
2 1 7162 7166 7167 XOR
2 1 7001 847 7168 XOR
2 1 7167 847 7169 XOR
2 1 7168 7167 7170 XOR
2 1 7168 7169 7171 AND
2 1 7167 7171 7172 XOR
2 1 7004 848 7173 XOR
2 1 7172 848 7174 XOR
2 1 7173 7172 7175 XOR
2 1 7173 7174 7176 AND
2 1 7172 7176 7177 XOR
2 1 7007 849 7178 XOR
2 1 7177 849 7179 XOR
2 1 7178 7177 7180 XOR
2 1 7178 7179 7181 AND
2 1 7177 7181 7182 XOR
2 1 7010 850 7183 XOR
2 1 7182 850 7184 XOR
2 1 7183 7182 7185 XOR
2 1 7183 7184 7186 AND
2 1 7182 7186 7187 XOR
2 1 7013 851 7188 XOR
2 1 7187 851 7189 XOR
2 1 7188 7187 7190 XOR
2 1 7188 7189 7191 AND
2 1 7187 7191 7192 XOR
2 1 7016 852 7193 XOR
2 1 7192 852 7194 XOR
2 1 7193 7192 7195 XOR
2 1 7193 7194 7196 AND
2 1 7192 7196 7197 XOR
2 1 7019 853 7198 XOR
2 1 7197 853 7199 XOR
2 1 7198 7197 7200 XOR
2 1 7198 7199 7201 AND
2 1 7197 7201 7202 XOR
2 1 7022 854 7203 XOR
2 1 7202 854 7204 XOR
2 1 7203 7202 7205 XOR
2 1 7203 7204 7206 AND
2 1 7202 7206 7207 XOR
2 1 7025 855 7208 XOR
2 1 7207 855 7209 XOR
2 1 7208 7207 7210 XOR
2 1 7208 7209 7211 AND
2 1 7207 7211 7212 XOR
2 1 7028 856 7213 XOR
2 1 7212 856 7214 XOR
2 1 7213 7212 7215 XOR
2 1 7213 7214 7216 AND
2 1 7212 7216 7217 XOR
2 1 7031 857 7218 XOR
2 1 7217 857 7219 XOR
2 1 7218 7217 7220 XOR
2 1 7218 7219 7221 AND
2 1 7217 7221 7222 XOR
2 1 7034 858 7223 XOR
2 1 7222 858 7224 XOR
2 1 7223 7222 7225 XOR
2 1 7223 7224 7226 AND
2 1 7222 7226 7227 XOR
2 1 7227 955 7228 XOR
2 1 7227 955 7229 AND
2 1 7228 7229 7230 XOR
2 1 467 7036 7231 XOR
2 1 7230 7231 7232 AND
2 1 7232 7036 7233 XOR
2 1 6923 7040 7234 XOR
2 1 7230 7234 7235 AND
2 1 7235 7040 7236 XOR
2 1 6926 7045 7237 XOR
2 1 7230 7237 7238 AND
2 1 7238 7045 7239 XOR
2 1 6929 7050 7240 XOR
2 1 7230 7240 7241 AND
2 1 7241 7050 7242 XOR
2 1 6932 7055 7243 XOR
2 1 7230 7243 7244 AND
2 1 7244 7055 7245 XOR
2 1 6935 7060 7246 XOR
2 1 7230 7246 7247 AND
2 1 7247 7060 7248 XOR
2 1 6938 7065 7249 XOR
2 1 7230 7249 7250 AND
2 1 7250 7065 7251 XOR
2 1 6941 7070 7252 XOR
2 1 7230 7252 7253 AND
2 1 7253 7070 7254 XOR
2 1 6944 7075 7255 XOR
2 1 7230 7255 7256 AND
2 1 7256 7075 7257 XOR
2 1 6947 7080 7258 XOR
2 1 7230 7258 7259 AND
2 1 7259 7080 7260 XOR
2 1 6950 7085 7261 XOR
2 1 7230 7261 7262 AND
2 1 7262 7085 7263 XOR
2 1 6953 7090 7264 XOR
2 1 7230 7264 7265 AND
2 1 7265 7090 7266 XOR
2 1 6956 7095 7267 XOR
2 1 7230 7267 7268 AND
2 1 7268 7095 7269 XOR
2 1 6959 7100 7270 XOR
2 1 7230 7270 7271 AND
2 1 7271 7100 7272 XOR
2 1 6962 7105 7273 XOR
2 1 7230 7273 7274 AND
2 1 7274 7105 7275 XOR
2 1 6965 7110 7276 XOR
2 1 7230 7276 7277 AND
2 1 7277 7110 7278 XOR
2 1 6968 7115 7279 XOR
2 1 7230 7279 7280 AND
2 1 7280 7115 7281 XOR
2 1 6971 7120 7282 XOR
2 1 7230 7282 7283 AND
2 1 7283 7120 7284 XOR
2 1 6974 7125 7285 XOR
2 1 7230 7285 7286 AND
2 1 7286 7125 7287 XOR
2 1 6977 7130 7288 XOR
2 1 7230 7288 7289 AND
2 1 7289 7130 7290 XOR
2 1 6980 7135 7291 XOR
2 1 7230 7291 7292 AND
2 1 7292 7135 7293 XOR
2 1 6983 7140 7294 XOR
2 1 7230 7294 7295 AND
2 1 7295 7140 7296 XOR
2 1 6986 7145 7297 XOR
2 1 7230 7297 7298 AND
2 1 7298 7145 7299 XOR
2 1 6989 7150 7300 XOR
2 1 7230 7300 7301 AND
2 1 7301 7150 7302 XOR
2 1 6992 7155 7303 XOR
2 1 7230 7303 7304 AND
2 1 7304 7155 7305 XOR
2 1 6995 7160 7306 XOR
2 1 7230 7306 7307 AND
2 1 7307 7160 7308 XOR
2 1 6998 7165 7309 XOR
2 1 7230 7309 7310 AND
2 1 7310 7165 7311 XOR
2 1 7001 7170 7312 XOR
2 1 7230 7312 7313 AND
2 1 7313 7170 7314 XOR
2 1 7004 7175 7315 XOR
2 1 7230 7315 7316 AND
2 1 7316 7175 7317 XOR
2 1 7007 7180 7318 XOR
2 1 7230 7318 7319 AND
2 1 7319 7180 7320 XOR
2 1 7010 7185 7321 XOR
2 1 7230 7321 7322 AND
2 1 7322 7185 7323 XOR
2 1 7013 7190 7324 XOR
2 1 7230 7324 7325 AND
2 1 7325 7190 7326 XOR
2 1 7016 7195 7327 XOR
2 1 7230 7327 7328 AND
2 1 7328 7195 7329 XOR
2 1 7019 7200 7330 XOR
2 1 7230 7330 7331 AND
2 1 7331 7200 7332 XOR
2 1 7022 7205 7333 XOR
2 1 7230 7333 7334 AND
2 1 7334 7205 7335 XOR
2 1 7025 7210 7336 XOR
2 1 7230 7336 7337 AND
2 1 7337 7210 7338 XOR
2 1 7028 7215 7339 XOR
2 1 7230 7339 7340 AND
2 1 7340 7215 7341 XOR
2 1 7031 7220 7342 XOR
2 1 7230 7342 7343 AND
2 1 7343 7220 7344 XOR
2 1 7034 7225 7345 XOR
2 1 7230 7345 7346 AND
2 1 7346 7225 7347 XOR
1 1 7230 7348 INV
2 1 466 820 7349 XOR
2 1 7349 820 7350 AND
2 1 7233 821 7351 XOR
2 1 7350 821 7352 XOR
2 1 7351 7350 7353 XOR
2 1 7351 7352 7354 AND
2 1 7350 7354 7355 XOR
2 1 7236 822 7356 XOR
2 1 7355 822 7357 XOR
2 1 7356 7355 7358 XOR
2 1 7356 7357 7359 AND
2 1 7355 7359 7360 XOR
2 1 7239 823 7361 XOR
2 1 7360 823 7362 XOR
2 1 7361 7360 7363 XOR
2 1 7361 7362 7364 AND
2 1 7360 7364 7365 XOR
2 1 7242 824 7366 XOR
2 1 7365 824 7367 XOR
2 1 7366 7365 7368 XOR
2 1 7366 7367 7369 AND
2 1 7365 7369 7370 XOR
2 1 7245 825 7371 XOR
2 1 7370 825 7372 XOR
2 1 7371 7370 7373 XOR
2 1 7371 7372 7374 AND
2 1 7370 7374 7375 XOR
2 1 7248 826 7376 XOR
2 1 7375 826 7377 XOR
2 1 7376 7375 7378 XOR
2 1 7376 7377 7379 AND
2 1 7375 7379 7380 XOR
2 1 7251 827 7381 XOR
2 1 7380 827 7382 XOR
2 1 7381 7380 7383 XOR
2 1 7381 7382 7384 AND
2 1 7380 7384 7385 XOR
2 1 7254 828 7386 XOR
2 1 7385 828 7387 XOR
2 1 7386 7385 7388 XOR
2 1 7386 7387 7389 AND
2 1 7385 7389 7390 XOR
2 1 7257 829 7391 XOR
2 1 7390 829 7392 XOR
2 1 7391 7390 7393 XOR
2 1 7391 7392 7394 AND
2 1 7390 7394 7395 XOR
2 1 7260 830 7396 XOR
2 1 7395 830 7397 XOR
2 1 7396 7395 7398 XOR
2 1 7396 7397 7399 AND
2 1 7395 7399 7400 XOR
2 1 7263 831 7401 XOR
2 1 7400 831 7402 XOR
2 1 7401 7400 7403 XOR
2 1 7401 7402 7404 AND
2 1 7400 7404 7405 XOR
2 1 7266 832 7406 XOR
2 1 7405 832 7407 XOR
2 1 7406 7405 7408 XOR
2 1 7406 7407 7409 AND
2 1 7405 7409 7410 XOR
2 1 7269 833 7411 XOR
2 1 7410 833 7412 XOR
2 1 7411 7410 7413 XOR
2 1 7411 7412 7414 AND
2 1 7410 7414 7415 XOR
2 1 7272 834 7416 XOR
2 1 7415 834 7417 XOR
2 1 7416 7415 7418 XOR
2 1 7416 7417 7419 AND
2 1 7415 7419 7420 XOR
2 1 7275 835 7421 XOR
2 1 7420 835 7422 XOR
2 1 7421 7420 7423 XOR
2 1 7421 7422 7424 AND
2 1 7420 7424 7425 XOR
2 1 7278 836 7426 XOR
2 1 7425 836 7427 XOR
2 1 7426 7425 7428 XOR
2 1 7426 7427 7429 AND
2 1 7425 7429 7430 XOR
2 1 7281 837 7431 XOR
2 1 7430 837 7432 XOR
2 1 7431 7430 7433 XOR
2 1 7431 7432 7434 AND
2 1 7430 7434 7435 XOR
2 1 7284 838 7436 XOR
2 1 7435 838 7437 XOR
2 1 7436 7435 7438 XOR
2 1 7436 7437 7439 AND
2 1 7435 7439 7440 XOR
2 1 7287 839 7441 XOR
2 1 7440 839 7442 XOR
2 1 7441 7440 7443 XOR
2 1 7441 7442 7444 AND
2 1 7440 7444 7445 XOR
2 1 7290 840 7446 XOR
2 1 7445 840 7447 XOR
2 1 7446 7445 7448 XOR
2 1 7446 7447 7449 AND
2 1 7445 7449 7450 XOR
2 1 7293 841 7451 XOR
2 1 7450 841 7452 XOR
2 1 7451 7450 7453 XOR
2 1 7451 7452 7454 AND
2 1 7450 7454 7455 XOR
2 1 7296 842 7456 XOR
2 1 7455 842 7457 XOR
2 1 7456 7455 7458 XOR
2 1 7456 7457 7459 AND
2 1 7455 7459 7460 XOR
2 1 7299 843 7461 XOR
2 1 7460 843 7462 XOR
2 1 7461 7460 7463 XOR
2 1 7461 7462 7464 AND
2 1 7460 7464 7465 XOR
2 1 7302 844 7466 XOR
2 1 7465 844 7467 XOR
2 1 7466 7465 7468 XOR
2 1 7466 7467 7469 AND
2 1 7465 7469 7470 XOR
2 1 7305 845 7471 XOR
2 1 7470 845 7472 XOR
2 1 7471 7470 7473 XOR
2 1 7471 7472 7474 AND
2 1 7470 7474 7475 XOR
2 1 7308 846 7476 XOR
2 1 7475 846 7477 XOR
2 1 7476 7475 7478 XOR
2 1 7476 7477 7479 AND
2 1 7475 7479 7480 XOR
2 1 7311 847 7481 XOR
2 1 7480 847 7482 XOR
2 1 7481 7480 7483 XOR
2 1 7481 7482 7484 AND
2 1 7480 7484 7485 XOR
2 1 7314 848 7486 XOR
2 1 7485 848 7487 XOR
2 1 7486 7485 7488 XOR
2 1 7486 7487 7489 AND
2 1 7485 7489 7490 XOR
2 1 7317 849 7491 XOR
2 1 7490 849 7492 XOR
2 1 7491 7490 7493 XOR
2 1 7491 7492 7494 AND
2 1 7490 7494 7495 XOR
2 1 7320 850 7496 XOR
2 1 7495 850 7497 XOR
2 1 7496 7495 7498 XOR
2 1 7496 7497 7499 AND
2 1 7495 7499 7500 XOR
2 1 7323 851 7501 XOR
2 1 7500 851 7502 XOR
2 1 7501 7500 7503 XOR
2 1 7501 7502 7504 AND
2 1 7500 7504 7505 XOR
2 1 7326 852 7506 XOR
2 1 7505 852 7507 XOR
2 1 7506 7505 7508 XOR
2 1 7506 7507 7509 AND
2 1 7505 7509 7510 XOR
2 1 7329 853 7511 XOR
2 1 7510 853 7512 XOR
2 1 7511 7510 7513 XOR
2 1 7511 7512 7514 AND
2 1 7510 7514 7515 XOR
2 1 7332 854 7516 XOR
2 1 7515 854 7517 XOR
2 1 7516 7515 7518 XOR
2 1 7516 7517 7519 AND
2 1 7515 7519 7520 XOR
2 1 7335 855 7521 XOR
2 1 7520 855 7522 XOR
2 1 7521 7520 7523 XOR
2 1 7521 7522 7524 AND
2 1 7520 7524 7525 XOR
2 1 7338 856 7526 XOR
2 1 7525 856 7527 XOR
2 1 7526 7525 7528 XOR
2 1 7526 7527 7529 AND
2 1 7525 7529 7530 XOR
2 1 7341 857 7531 XOR
2 1 7530 857 7532 XOR
2 1 7531 7530 7533 XOR
2 1 7531 7532 7534 AND
2 1 7530 7534 7535 XOR
2 1 7344 858 7536 XOR
2 1 7535 858 7537 XOR
2 1 7536 7535 7538 XOR
2 1 7536 7537 7539 AND
2 1 7535 7539 7540 XOR
2 1 7347 859 7541 XOR
2 1 7540 859 7542 XOR
2 1 7541 7540 7543 XOR
2 1 7541 7542 7544 AND
2 1 7540 7544 7545 XOR
2 1 7545 952 7546 XOR
2 1 7545 952 7547 AND
2 1 7546 7547 7548 XOR
2 1 466 7349 7549 XOR
2 1 7548 7549 7550 AND
2 1 7550 7349 7551 XOR
2 1 7233 7353 7552 XOR
2 1 7548 7552 7553 AND
2 1 7553 7353 7554 XOR
2 1 7236 7358 7555 XOR
2 1 7548 7555 7556 AND
2 1 7556 7358 7557 XOR
2 1 7239 7363 7558 XOR
2 1 7548 7558 7559 AND
2 1 7559 7363 7560 XOR
2 1 7242 7368 7561 XOR
2 1 7548 7561 7562 AND
2 1 7562 7368 7563 XOR
2 1 7245 7373 7564 XOR
2 1 7548 7564 7565 AND
2 1 7565 7373 7566 XOR
2 1 7248 7378 7567 XOR
2 1 7548 7567 7568 AND
2 1 7568 7378 7569 XOR
2 1 7251 7383 7570 XOR
2 1 7548 7570 7571 AND
2 1 7571 7383 7572 XOR
2 1 7254 7388 7573 XOR
2 1 7548 7573 7574 AND
2 1 7574 7388 7575 XOR
2 1 7257 7393 7576 XOR
2 1 7548 7576 7577 AND
2 1 7577 7393 7578 XOR
2 1 7260 7398 7579 XOR
2 1 7548 7579 7580 AND
2 1 7580 7398 7581 XOR
2 1 7263 7403 7582 XOR
2 1 7548 7582 7583 AND
2 1 7583 7403 7584 XOR
2 1 7266 7408 7585 XOR
2 1 7548 7585 7586 AND
2 1 7586 7408 7587 XOR
2 1 7269 7413 7588 XOR
2 1 7548 7588 7589 AND
2 1 7589 7413 7590 XOR
2 1 7272 7418 7591 XOR
2 1 7548 7591 7592 AND
2 1 7592 7418 7593 XOR
2 1 7275 7423 7594 XOR
2 1 7548 7594 7595 AND
2 1 7595 7423 7596 XOR
2 1 7278 7428 7597 XOR
2 1 7548 7597 7598 AND
2 1 7598 7428 7599 XOR
2 1 7281 7433 7600 XOR
2 1 7548 7600 7601 AND
2 1 7601 7433 7602 XOR
2 1 7284 7438 7603 XOR
2 1 7548 7603 7604 AND
2 1 7604 7438 7605 XOR
2 1 7287 7443 7606 XOR
2 1 7548 7606 7607 AND
2 1 7607 7443 7608 XOR
2 1 7290 7448 7609 XOR
2 1 7548 7609 7610 AND
2 1 7610 7448 7611 XOR
2 1 7293 7453 7612 XOR
2 1 7548 7612 7613 AND
2 1 7613 7453 7614 XOR
2 1 7296 7458 7615 XOR
2 1 7548 7615 7616 AND
2 1 7616 7458 7617 XOR
2 1 7299 7463 7618 XOR
2 1 7548 7618 7619 AND
2 1 7619 7463 7620 XOR
2 1 7302 7468 7621 XOR
2 1 7548 7621 7622 AND
2 1 7622 7468 7623 XOR
2 1 7305 7473 7624 XOR
2 1 7548 7624 7625 AND
2 1 7625 7473 7626 XOR
2 1 7308 7478 7627 XOR
2 1 7548 7627 7628 AND
2 1 7628 7478 7629 XOR
2 1 7311 7483 7630 XOR
2 1 7548 7630 7631 AND
2 1 7631 7483 7632 XOR
2 1 7314 7488 7633 XOR
2 1 7548 7633 7634 AND
2 1 7634 7488 7635 XOR
2 1 7317 7493 7636 XOR
2 1 7548 7636 7637 AND
2 1 7637 7493 7638 XOR
2 1 7320 7498 7639 XOR
2 1 7548 7639 7640 AND
2 1 7640 7498 7641 XOR
2 1 7323 7503 7642 XOR
2 1 7548 7642 7643 AND
2 1 7643 7503 7644 XOR
2 1 7326 7508 7645 XOR
2 1 7548 7645 7646 AND
2 1 7646 7508 7647 XOR
2 1 7329 7513 7648 XOR
2 1 7548 7648 7649 AND
2 1 7649 7513 7650 XOR
2 1 7332 7518 7651 XOR
2 1 7548 7651 7652 AND
2 1 7652 7518 7653 XOR
2 1 7335 7523 7654 XOR
2 1 7548 7654 7655 AND
2 1 7655 7523 7656 XOR
2 1 7338 7528 7657 XOR
2 1 7548 7657 7658 AND
2 1 7658 7528 7659 XOR
2 1 7341 7533 7660 XOR
2 1 7548 7660 7661 AND
2 1 7661 7533 7662 XOR
2 1 7344 7538 7663 XOR
2 1 7548 7663 7664 AND
2 1 7664 7538 7665 XOR
2 1 7347 7543 7666 XOR
2 1 7548 7666 7667 AND
2 1 7667 7543 7668 XOR
1 1 7548 7669 INV
2 1 465 820 7670 XOR
2 1 7670 820 7671 AND
2 1 7551 821 7672 XOR
2 1 7671 821 7673 XOR
2 1 7672 7671 7674 XOR
2 1 7672 7673 7675 AND
2 1 7671 7675 7676 XOR
2 1 7554 822 7677 XOR
2 1 7676 822 7678 XOR
2 1 7677 7676 7679 XOR
2 1 7677 7678 7680 AND
2 1 7676 7680 7681 XOR
2 1 7557 823 7682 XOR
2 1 7681 823 7683 XOR
2 1 7682 7681 7684 XOR
2 1 7682 7683 7685 AND
2 1 7681 7685 7686 XOR
2 1 7560 824 7687 XOR
2 1 7686 824 7688 XOR
2 1 7687 7686 7689 XOR
2 1 7687 7688 7690 AND
2 1 7686 7690 7691 XOR
2 1 7563 825 7692 XOR
2 1 7691 825 7693 XOR
2 1 7692 7691 7694 XOR
2 1 7692 7693 7695 AND
2 1 7691 7695 7696 XOR
2 1 7566 826 7697 XOR
2 1 7696 826 7698 XOR
2 1 7697 7696 7699 XOR
2 1 7697 7698 7700 AND
2 1 7696 7700 7701 XOR
2 1 7569 827 7702 XOR
2 1 7701 827 7703 XOR
2 1 7702 7701 7704 XOR
2 1 7702 7703 7705 AND
2 1 7701 7705 7706 XOR
2 1 7572 828 7707 XOR
2 1 7706 828 7708 XOR
2 1 7707 7706 7709 XOR
2 1 7707 7708 7710 AND
2 1 7706 7710 7711 XOR
2 1 7575 829 7712 XOR
2 1 7711 829 7713 XOR
2 1 7712 7711 7714 XOR
2 1 7712 7713 7715 AND
2 1 7711 7715 7716 XOR
2 1 7578 830 7717 XOR
2 1 7716 830 7718 XOR
2 1 7717 7716 7719 XOR
2 1 7717 7718 7720 AND
2 1 7716 7720 7721 XOR
2 1 7581 831 7722 XOR
2 1 7721 831 7723 XOR
2 1 7722 7721 7724 XOR
2 1 7722 7723 7725 AND
2 1 7721 7725 7726 XOR
2 1 7584 832 7727 XOR
2 1 7726 832 7728 XOR
2 1 7727 7726 7729 XOR
2 1 7727 7728 7730 AND
2 1 7726 7730 7731 XOR
2 1 7587 833 7732 XOR
2 1 7731 833 7733 XOR
2 1 7732 7731 7734 XOR
2 1 7732 7733 7735 AND
2 1 7731 7735 7736 XOR
2 1 7590 834 7737 XOR
2 1 7736 834 7738 XOR
2 1 7737 7736 7739 XOR
2 1 7737 7738 7740 AND
2 1 7736 7740 7741 XOR
2 1 7593 835 7742 XOR
2 1 7741 835 7743 XOR
2 1 7742 7741 7744 XOR
2 1 7742 7743 7745 AND
2 1 7741 7745 7746 XOR
2 1 7596 836 7747 XOR
2 1 7746 836 7748 XOR
2 1 7747 7746 7749 XOR
2 1 7747 7748 7750 AND
2 1 7746 7750 7751 XOR
2 1 7599 837 7752 XOR
2 1 7751 837 7753 XOR
2 1 7752 7751 7754 XOR
2 1 7752 7753 7755 AND
2 1 7751 7755 7756 XOR
2 1 7602 838 7757 XOR
2 1 7756 838 7758 XOR
2 1 7757 7756 7759 XOR
2 1 7757 7758 7760 AND
2 1 7756 7760 7761 XOR
2 1 7605 839 7762 XOR
2 1 7761 839 7763 XOR
2 1 7762 7761 7764 XOR
2 1 7762 7763 7765 AND
2 1 7761 7765 7766 XOR
2 1 7608 840 7767 XOR
2 1 7766 840 7768 XOR
2 1 7767 7766 7769 XOR
2 1 7767 7768 7770 AND
2 1 7766 7770 7771 XOR
2 1 7611 841 7772 XOR
2 1 7771 841 7773 XOR
2 1 7772 7771 7774 XOR
2 1 7772 7773 7775 AND
2 1 7771 7775 7776 XOR
2 1 7614 842 7777 XOR
2 1 7776 842 7778 XOR
2 1 7777 7776 7779 XOR
2 1 7777 7778 7780 AND
2 1 7776 7780 7781 XOR
2 1 7617 843 7782 XOR
2 1 7781 843 7783 XOR
2 1 7782 7781 7784 XOR
2 1 7782 7783 7785 AND
2 1 7781 7785 7786 XOR
2 1 7620 844 7787 XOR
2 1 7786 844 7788 XOR
2 1 7787 7786 7789 XOR
2 1 7787 7788 7790 AND
2 1 7786 7790 7791 XOR
2 1 7623 845 7792 XOR
2 1 7791 845 7793 XOR
2 1 7792 7791 7794 XOR
2 1 7792 7793 7795 AND
2 1 7791 7795 7796 XOR
2 1 7626 846 7797 XOR
2 1 7796 846 7798 XOR
2 1 7797 7796 7799 XOR
2 1 7797 7798 7800 AND
2 1 7796 7800 7801 XOR
2 1 7629 847 7802 XOR
2 1 7801 847 7803 XOR
2 1 7802 7801 7804 XOR
2 1 7802 7803 7805 AND
2 1 7801 7805 7806 XOR
2 1 7632 848 7807 XOR
2 1 7806 848 7808 XOR
2 1 7807 7806 7809 XOR
2 1 7807 7808 7810 AND
2 1 7806 7810 7811 XOR
2 1 7635 849 7812 XOR
2 1 7811 849 7813 XOR
2 1 7812 7811 7814 XOR
2 1 7812 7813 7815 AND
2 1 7811 7815 7816 XOR
2 1 7638 850 7817 XOR
2 1 7816 850 7818 XOR
2 1 7817 7816 7819 XOR
2 1 7817 7818 7820 AND
2 1 7816 7820 7821 XOR
2 1 7641 851 7822 XOR
2 1 7821 851 7823 XOR
2 1 7822 7821 7824 XOR
2 1 7822 7823 7825 AND
2 1 7821 7825 7826 XOR
2 1 7644 852 7827 XOR
2 1 7826 852 7828 XOR
2 1 7827 7826 7829 XOR
2 1 7827 7828 7830 AND
2 1 7826 7830 7831 XOR
2 1 7647 853 7832 XOR
2 1 7831 853 7833 XOR
2 1 7832 7831 7834 XOR
2 1 7832 7833 7835 AND
2 1 7831 7835 7836 XOR
2 1 7650 854 7837 XOR
2 1 7836 854 7838 XOR
2 1 7837 7836 7839 XOR
2 1 7837 7838 7840 AND
2 1 7836 7840 7841 XOR
2 1 7653 855 7842 XOR
2 1 7841 855 7843 XOR
2 1 7842 7841 7844 XOR
2 1 7842 7843 7845 AND
2 1 7841 7845 7846 XOR
2 1 7656 856 7847 XOR
2 1 7846 856 7848 XOR
2 1 7847 7846 7849 XOR
2 1 7847 7848 7850 AND
2 1 7846 7850 7851 XOR
2 1 7659 857 7852 XOR
2 1 7851 857 7853 XOR
2 1 7852 7851 7854 XOR
2 1 7852 7853 7855 AND
2 1 7851 7855 7856 XOR
2 1 7662 858 7857 XOR
2 1 7856 858 7858 XOR
2 1 7857 7856 7859 XOR
2 1 7857 7858 7860 AND
2 1 7856 7860 7861 XOR
2 1 7665 859 7862 XOR
2 1 7861 859 7863 XOR
2 1 7862 7861 7864 XOR
2 1 7862 7863 7865 AND
2 1 7861 7865 7866 XOR
2 1 7668 860 7867 XOR
2 1 7866 860 7868 XOR
2 1 7867 7866 7869 XOR
2 1 7867 7868 7870 AND
2 1 7866 7870 7871 XOR
2 1 7871 949 7872 XOR
2 1 7871 949 7873 AND
2 1 7872 7873 7874 XOR
2 1 465 7670 7875 XOR
2 1 7874 7875 7876 AND
2 1 7876 7670 7877 XOR
2 1 7551 7674 7878 XOR
2 1 7874 7878 7879 AND
2 1 7879 7674 7880 XOR
2 1 7554 7679 7881 XOR
2 1 7874 7881 7882 AND
2 1 7882 7679 7883 XOR
2 1 7557 7684 7884 XOR
2 1 7874 7884 7885 AND
2 1 7885 7684 7886 XOR
2 1 7560 7689 7887 XOR
2 1 7874 7887 7888 AND
2 1 7888 7689 7889 XOR
2 1 7563 7694 7890 XOR
2 1 7874 7890 7891 AND
2 1 7891 7694 7892 XOR
2 1 7566 7699 7893 XOR
2 1 7874 7893 7894 AND
2 1 7894 7699 7895 XOR
2 1 7569 7704 7896 XOR
2 1 7874 7896 7897 AND
2 1 7897 7704 7898 XOR
2 1 7572 7709 7899 XOR
2 1 7874 7899 7900 AND
2 1 7900 7709 7901 XOR
2 1 7575 7714 7902 XOR
2 1 7874 7902 7903 AND
2 1 7903 7714 7904 XOR
2 1 7578 7719 7905 XOR
2 1 7874 7905 7906 AND
2 1 7906 7719 7907 XOR
2 1 7581 7724 7908 XOR
2 1 7874 7908 7909 AND
2 1 7909 7724 7910 XOR
2 1 7584 7729 7911 XOR
2 1 7874 7911 7912 AND
2 1 7912 7729 7913 XOR
2 1 7587 7734 7914 XOR
2 1 7874 7914 7915 AND
2 1 7915 7734 7916 XOR
2 1 7590 7739 7917 XOR
2 1 7874 7917 7918 AND
2 1 7918 7739 7919 XOR
2 1 7593 7744 7920 XOR
2 1 7874 7920 7921 AND
2 1 7921 7744 7922 XOR
2 1 7596 7749 7923 XOR
2 1 7874 7923 7924 AND
2 1 7924 7749 7925 XOR
2 1 7599 7754 7926 XOR
2 1 7874 7926 7927 AND
2 1 7927 7754 7928 XOR
2 1 7602 7759 7929 XOR
2 1 7874 7929 7930 AND
2 1 7930 7759 7931 XOR
2 1 7605 7764 7932 XOR
2 1 7874 7932 7933 AND
2 1 7933 7764 7934 XOR
2 1 7608 7769 7935 XOR
2 1 7874 7935 7936 AND
2 1 7936 7769 7937 XOR
2 1 7611 7774 7938 XOR
2 1 7874 7938 7939 AND
2 1 7939 7774 7940 XOR
2 1 7614 7779 7941 XOR
2 1 7874 7941 7942 AND
2 1 7942 7779 7943 XOR
2 1 7617 7784 7944 XOR
2 1 7874 7944 7945 AND
2 1 7945 7784 7946 XOR
2 1 7620 7789 7947 XOR
2 1 7874 7947 7948 AND
2 1 7948 7789 7949 XOR
2 1 7623 7794 7950 XOR
2 1 7874 7950 7951 AND
2 1 7951 7794 7952 XOR
2 1 7626 7799 7953 XOR
2 1 7874 7953 7954 AND
2 1 7954 7799 7955 XOR
2 1 7629 7804 7956 XOR
2 1 7874 7956 7957 AND
2 1 7957 7804 7958 XOR
2 1 7632 7809 7959 XOR
2 1 7874 7959 7960 AND
2 1 7960 7809 7961 XOR
2 1 7635 7814 7962 XOR
2 1 7874 7962 7963 AND
2 1 7963 7814 7964 XOR
2 1 7638 7819 7965 XOR
2 1 7874 7965 7966 AND
2 1 7966 7819 7967 XOR
2 1 7641 7824 7968 XOR
2 1 7874 7968 7969 AND
2 1 7969 7824 7970 XOR
2 1 7644 7829 7971 XOR
2 1 7874 7971 7972 AND
2 1 7972 7829 7973 XOR
2 1 7647 7834 7974 XOR
2 1 7874 7974 7975 AND
2 1 7975 7834 7976 XOR
2 1 7650 7839 7977 XOR
2 1 7874 7977 7978 AND
2 1 7978 7839 7979 XOR
2 1 7653 7844 7980 XOR
2 1 7874 7980 7981 AND
2 1 7981 7844 7982 XOR
2 1 7656 7849 7983 XOR
2 1 7874 7983 7984 AND
2 1 7984 7849 7985 XOR
2 1 7659 7854 7986 XOR
2 1 7874 7986 7987 AND
2 1 7987 7854 7988 XOR
2 1 7662 7859 7989 XOR
2 1 7874 7989 7990 AND
2 1 7990 7859 7991 XOR
2 1 7665 7864 7992 XOR
2 1 7874 7992 7993 AND
2 1 7993 7864 7994 XOR
2 1 7668 7869 7995 XOR
2 1 7874 7995 7996 AND
2 1 7996 7869 7997 XOR
1 1 7874 7998 INV
2 1 464 820 7999 XOR
2 1 7999 820 8000 AND
2 1 7877 821 8001 XOR
2 1 8000 821 8002 XOR
2 1 8001 8000 8003 XOR
2 1 8001 8002 8004 AND
2 1 8000 8004 8005 XOR
2 1 7880 822 8006 XOR
2 1 8005 822 8007 XOR
2 1 8006 8005 8008 XOR
2 1 8006 8007 8009 AND
2 1 8005 8009 8010 XOR
2 1 7883 823 8011 XOR
2 1 8010 823 8012 XOR
2 1 8011 8010 8013 XOR
2 1 8011 8012 8014 AND
2 1 8010 8014 8015 XOR
2 1 7886 824 8016 XOR
2 1 8015 824 8017 XOR
2 1 8016 8015 8018 XOR
2 1 8016 8017 8019 AND
2 1 8015 8019 8020 XOR
2 1 7889 825 8021 XOR
2 1 8020 825 8022 XOR
2 1 8021 8020 8023 XOR
2 1 8021 8022 8024 AND
2 1 8020 8024 8025 XOR
2 1 7892 826 8026 XOR
2 1 8025 826 8027 XOR
2 1 8026 8025 8028 XOR
2 1 8026 8027 8029 AND
2 1 8025 8029 8030 XOR
2 1 7895 827 8031 XOR
2 1 8030 827 8032 XOR
2 1 8031 8030 8033 XOR
2 1 8031 8032 8034 AND
2 1 8030 8034 8035 XOR
2 1 7898 828 8036 XOR
2 1 8035 828 8037 XOR
2 1 8036 8035 8038 XOR
2 1 8036 8037 8039 AND
2 1 8035 8039 8040 XOR
2 1 7901 829 8041 XOR
2 1 8040 829 8042 XOR
2 1 8041 8040 8043 XOR
2 1 8041 8042 8044 AND
2 1 8040 8044 8045 XOR
2 1 7904 830 8046 XOR
2 1 8045 830 8047 XOR
2 1 8046 8045 8048 XOR
2 1 8046 8047 8049 AND
2 1 8045 8049 8050 XOR
2 1 7907 831 8051 XOR
2 1 8050 831 8052 XOR
2 1 8051 8050 8053 XOR
2 1 8051 8052 8054 AND
2 1 8050 8054 8055 XOR
2 1 7910 832 8056 XOR
2 1 8055 832 8057 XOR
2 1 8056 8055 8058 XOR
2 1 8056 8057 8059 AND
2 1 8055 8059 8060 XOR
2 1 7913 833 8061 XOR
2 1 8060 833 8062 XOR
2 1 8061 8060 8063 XOR
2 1 8061 8062 8064 AND
2 1 8060 8064 8065 XOR
2 1 7916 834 8066 XOR
2 1 8065 834 8067 XOR
2 1 8066 8065 8068 XOR
2 1 8066 8067 8069 AND
2 1 8065 8069 8070 XOR
2 1 7919 835 8071 XOR
2 1 8070 835 8072 XOR
2 1 8071 8070 8073 XOR
2 1 8071 8072 8074 AND
2 1 8070 8074 8075 XOR
2 1 7922 836 8076 XOR
2 1 8075 836 8077 XOR
2 1 8076 8075 8078 XOR
2 1 8076 8077 8079 AND
2 1 8075 8079 8080 XOR
2 1 7925 837 8081 XOR
2 1 8080 837 8082 XOR
2 1 8081 8080 8083 XOR
2 1 8081 8082 8084 AND
2 1 8080 8084 8085 XOR
2 1 7928 838 8086 XOR
2 1 8085 838 8087 XOR
2 1 8086 8085 8088 XOR
2 1 8086 8087 8089 AND
2 1 8085 8089 8090 XOR
2 1 7931 839 8091 XOR
2 1 8090 839 8092 XOR
2 1 8091 8090 8093 XOR
2 1 8091 8092 8094 AND
2 1 8090 8094 8095 XOR
2 1 7934 840 8096 XOR
2 1 8095 840 8097 XOR
2 1 8096 8095 8098 XOR
2 1 8096 8097 8099 AND
2 1 8095 8099 8100 XOR
2 1 7937 841 8101 XOR
2 1 8100 841 8102 XOR
2 1 8101 8100 8103 XOR
2 1 8101 8102 8104 AND
2 1 8100 8104 8105 XOR
2 1 7940 842 8106 XOR
2 1 8105 842 8107 XOR
2 1 8106 8105 8108 XOR
2 1 8106 8107 8109 AND
2 1 8105 8109 8110 XOR
2 1 7943 843 8111 XOR
2 1 8110 843 8112 XOR
2 1 8111 8110 8113 XOR
2 1 8111 8112 8114 AND
2 1 8110 8114 8115 XOR
2 1 7946 844 8116 XOR
2 1 8115 844 8117 XOR
2 1 8116 8115 8118 XOR
2 1 8116 8117 8119 AND
2 1 8115 8119 8120 XOR
2 1 7949 845 8121 XOR
2 1 8120 845 8122 XOR
2 1 8121 8120 8123 XOR
2 1 8121 8122 8124 AND
2 1 8120 8124 8125 XOR
2 1 7952 846 8126 XOR
2 1 8125 846 8127 XOR
2 1 8126 8125 8128 XOR
2 1 8126 8127 8129 AND
2 1 8125 8129 8130 XOR
2 1 7955 847 8131 XOR
2 1 8130 847 8132 XOR
2 1 8131 8130 8133 XOR
2 1 8131 8132 8134 AND
2 1 8130 8134 8135 XOR
2 1 7958 848 8136 XOR
2 1 8135 848 8137 XOR
2 1 8136 8135 8138 XOR
2 1 8136 8137 8139 AND
2 1 8135 8139 8140 XOR
2 1 7961 849 8141 XOR
2 1 8140 849 8142 XOR
2 1 8141 8140 8143 XOR
2 1 8141 8142 8144 AND
2 1 8140 8144 8145 XOR
2 1 7964 850 8146 XOR
2 1 8145 850 8147 XOR
2 1 8146 8145 8148 XOR
2 1 8146 8147 8149 AND
2 1 8145 8149 8150 XOR
2 1 7967 851 8151 XOR
2 1 8150 851 8152 XOR
2 1 8151 8150 8153 XOR
2 1 8151 8152 8154 AND
2 1 8150 8154 8155 XOR
2 1 7970 852 8156 XOR
2 1 8155 852 8157 XOR
2 1 8156 8155 8158 XOR
2 1 8156 8157 8159 AND
2 1 8155 8159 8160 XOR
2 1 7973 853 8161 XOR
2 1 8160 853 8162 XOR
2 1 8161 8160 8163 XOR
2 1 8161 8162 8164 AND
2 1 8160 8164 8165 XOR
2 1 7976 854 8166 XOR
2 1 8165 854 8167 XOR
2 1 8166 8165 8168 XOR
2 1 8166 8167 8169 AND
2 1 8165 8169 8170 XOR
2 1 7979 855 8171 XOR
2 1 8170 855 8172 XOR
2 1 8171 8170 8173 XOR
2 1 8171 8172 8174 AND
2 1 8170 8174 8175 XOR
2 1 7982 856 8176 XOR
2 1 8175 856 8177 XOR
2 1 8176 8175 8178 XOR
2 1 8176 8177 8179 AND
2 1 8175 8179 8180 XOR
2 1 7985 857 8181 XOR
2 1 8180 857 8182 XOR
2 1 8181 8180 8183 XOR
2 1 8181 8182 8184 AND
2 1 8180 8184 8185 XOR
2 1 7988 858 8186 XOR
2 1 8185 858 8187 XOR
2 1 8186 8185 8188 XOR
2 1 8186 8187 8189 AND
2 1 8185 8189 8190 XOR
2 1 7991 859 8191 XOR
2 1 8190 859 8192 XOR
2 1 8191 8190 8193 XOR
2 1 8191 8192 8194 AND
2 1 8190 8194 8195 XOR
2 1 7994 860 8196 XOR
2 1 8195 860 8197 XOR
2 1 8196 8195 8198 XOR
2 1 8196 8197 8199 AND
2 1 8195 8199 8200 XOR
2 1 7997 861 8201 XOR
2 1 8200 861 8202 XOR
2 1 8201 8200 8203 XOR
2 1 8201 8202 8204 AND
2 1 8200 8204 8205 XOR
2 1 8205 946 8206 XOR
2 1 8205 946 8207 AND
2 1 8206 8207 8208 XOR
2 1 464 7999 8209 XOR
2 1 8208 8209 8210 AND
2 1 8210 7999 8211 XOR
2 1 7877 8003 8212 XOR
2 1 8208 8212 8213 AND
2 1 8213 8003 8214 XOR
2 1 7880 8008 8215 XOR
2 1 8208 8215 8216 AND
2 1 8216 8008 8217 XOR
2 1 7883 8013 8218 XOR
2 1 8208 8218 8219 AND
2 1 8219 8013 8220 XOR
2 1 7886 8018 8221 XOR
2 1 8208 8221 8222 AND
2 1 8222 8018 8223 XOR
2 1 7889 8023 8224 XOR
2 1 8208 8224 8225 AND
2 1 8225 8023 8226 XOR
2 1 7892 8028 8227 XOR
2 1 8208 8227 8228 AND
2 1 8228 8028 8229 XOR
2 1 7895 8033 8230 XOR
2 1 8208 8230 8231 AND
2 1 8231 8033 8232 XOR
2 1 7898 8038 8233 XOR
2 1 8208 8233 8234 AND
2 1 8234 8038 8235 XOR
2 1 7901 8043 8236 XOR
2 1 8208 8236 8237 AND
2 1 8237 8043 8238 XOR
2 1 7904 8048 8239 XOR
2 1 8208 8239 8240 AND
2 1 8240 8048 8241 XOR
2 1 7907 8053 8242 XOR
2 1 8208 8242 8243 AND
2 1 8243 8053 8244 XOR
2 1 7910 8058 8245 XOR
2 1 8208 8245 8246 AND
2 1 8246 8058 8247 XOR
2 1 7913 8063 8248 XOR
2 1 8208 8248 8249 AND
2 1 8249 8063 8250 XOR
2 1 7916 8068 8251 XOR
2 1 8208 8251 8252 AND
2 1 8252 8068 8253 XOR
2 1 7919 8073 8254 XOR
2 1 8208 8254 8255 AND
2 1 8255 8073 8256 XOR
2 1 7922 8078 8257 XOR
2 1 8208 8257 8258 AND
2 1 8258 8078 8259 XOR
2 1 7925 8083 8260 XOR
2 1 8208 8260 8261 AND
2 1 8261 8083 8262 XOR
2 1 7928 8088 8263 XOR
2 1 8208 8263 8264 AND
2 1 8264 8088 8265 XOR
2 1 7931 8093 8266 XOR
2 1 8208 8266 8267 AND
2 1 8267 8093 8268 XOR
2 1 7934 8098 8269 XOR
2 1 8208 8269 8270 AND
2 1 8270 8098 8271 XOR
2 1 7937 8103 8272 XOR
2 1 8208 8272 8273 AND
2 1 8273 8103 8274 XOR
2 1 7940 8108 8275 XOR
2 1 8208 8275 8276 AND
2 1 8276 8108 8277 XOR
2 1 7943 8113 8278 XOR
2 1 8208 8278 8279 AND
2 1 8279 8113 8280 XOR
2 1 7946 8118 8281 XOR
2 1 8208 8281 8282 AND
2 1 8282 8118 8283 XOR
2 1 7949 8123 8284 XOR
2 1 8208 8284 8285 AND
2 1 8285 8123 8286 XOR
2 1 7952 8128 8287 XOR
2 1 8208 8287 8288 AND
2 1 8288 8128 8289 XOR
2 1 7955 8133 8290 XOR
2 1 8208 8290 8291 AND
2 1 8291 8133 8292 XOR
2 1 7958 8138 8293 XOR
2 1 8208 8293 8294 AND
2 1 8294 8138 8295 XOR
2 1 7961 8143 8296 XOR
2 1 8208 8296 8297 AND
2 1 8297 8143 8298 XOR
2 1 7964 8148 8299 XOR
2 1 8208 8299 8300 AND
2 1 8300 8148 8301 XOR
2 1 7967 8153 8302 XOR
2 1 8208 8302 8303 AND
2 1 8303 8153 8304 XOR
2 1 7970 8158 8305 XOR
2 1 8208 8305 8306 AND
2 1 8306 8158 8307 XOR
2 1 7973 8163 8308 XOR
2 1 8208 8308 8309 AND
2 1 8309 8163 8310 XOR
2 1 7976 8168 8311 XOR
2 1 8208 8311 8312 AND
2 1 8312 8168 8313 XOR
2 1 7979 8173 8314 XOR
2 1 8208 8314 8315 AND
2 1 8315 8173 8316 XOR
2 1 7982 8178 8317 XOR
2 1 8208 8317 8318 AND
2 1 8318 8178 8319 XOR
2 1 7985 8183 8320 XOR
2 1 8208 8320 8321 AND
2 1 8321 8183 8322 XOR
2 1 7988 8188 8323 XOR
2 1 8208 8323 8324 AND
2 1 8324 8188 8325 XOR
2 1 7991 8193 8326 XOR
2 1 8208 8326 8327 AND
2 1 8327 8193 8328 XOR
2 1 7994 8198 8329 XOR
2 1 8208 8329 8330 AND
2 1 8330 8198 8331 XOR
2 1 7997 8203 8332 XOR
2 1 8208 8332 8333 AND
2 1 8333 8203 8334 XOR
1 1 8208 8335 INV
2 1 463 820 8336 XOR
2 1 8336 820 8337 AND
2 1 8211 821 8338 XOR
2 1 8337 821 8339 XOR
2 1 8338 8337 8340 XOR
2 1 8338 8339 8341 AND
2 1 8337 8341 8342 XOR
2 1 8214 822 8343 XOR
2 1 8342 822 8344 XOR
2 1 8343 8342 8345 XOR
2 1 8343 8344 8346 AND
2 1 8342 8346 8347 XOR
2 1 8217 823 8348 XOR
2 1 8347 823 8349 XOR
2 1 8348 8347 8350 XOR
2 1 8348 8349 8351 AND
2 1 8347 8351 8352 XOR
2 1 8220 824 8353 XOR
2 1 8352 824 8354 XOR
2 1 8353 8352 8355 XOR
2 1 8353 8354 8356 AND
2 1 8352 8356 8357 XOR
2 1 8223 825 8358 XOR
2 1 8357 825 8359 XOR
2 1 8358 8357 8360 XOR
2 1 8358 8359 8361 AND
2 1 8357 8361 8362 XOR
2 1 8226 826 8363 XOR
2 1 8362 826 8364 XOR
2 1 8363 8362 8365 XOR
2 1 8363 8364 8366 AND
2 1 8362 8366 8367 XOR
2 1 8229 827 8368 XOR
2 1 8367 827 8369 XOR
2 1 8368 8367 8370 XOR
2 1 8368 8369 8371 AND
2 1 8367 8371 8372 XOR
2 1 8232 828 8373 XOR
2 1 8372 828 8374 XOR
2 1 8373 8372 8375 XOR
2 1 8373 8374 8376 AND
2 1 8372 8376 8377 XOR
2 1 8235 829 8378 XOR
2 1 8377 829 8379 XOR
2 1 8378 8377 8380 XOR
2 1 8378 8379 8381 AND
2 1 8377 8381 8382 XOR
2 1 8238 830 8383 XOR
2 1 8382 830 8384 XOR
2 1 8383 8382 8385 XOR
2 1 8383 8384 8386 AND
2 1 8382 8386 8387 XOR
2 1 8241 831 8388 XOR
2 1 8387 831 8389 XOR
2 1 8388 8387 8390 XOR
2 1 8388 8389 8391 AND
2 1 8387 8391 8392 XOR
2 1 8244 832 8393 XOR
2 1 8392 832 8394 XOR
2 1 8393 8392 8395 XOR
2 1 8393 8394 8396 AND
2 1 8392 8396 8397 XOR
2 1 8247 833 8398 XOR
2 1 8397 833 8399 XOR
2 1 8398 8397 8400 XOR
2 1 8398 8399 8401 AND
2 1 8397 8401 8402 XOR
2 1 8250 834 8403 XOR
2 1 8402 834 8404 XOR
2 1 8403 8402 8405 XOR
2 1 8403 8404 8406 AND
2 1 8402 8406 8407 XOR
2 1 8253 835 8408 XOR
2 1 8407 835 8409 XOR
2 1 8408 8407 8410 XOR
2 1 8408 8409 8411 AND
2 1 8407 8411 8412 XOR
2 1 8256 836 8413 XOR
2 1 8412 836 8414 XOR
2 1 8413 8412 8415 XOR
2 1 8413 8414 8416 AND
2 1 8412 8416 8417 XOR
2 1 8259 837 8418 XOR
2 1 8417 837 8419 XOR
2 1 8418 8417 8420 XOR
2 1 8418 8419 8421 AND
2 1 8417 8421 8422 XOR
2 1 8262 838 8423 XOR
2 1 8422 838 8424 XOR
2 1 8423 8422 8425 XOR
2 1 8423 8424 8426 AND
2 1 8422 8426 8427 XOR
2 1 8265 839 8428 XOR
2 1 8427 839 8429 XOR
2 1 8428 8427 8430 XOR
2 1 8428 8429 8431 AND
2 1 8427 8431 8432 XOR
2 1 8268 840 8433 XOR
2 1 8432 840 8434 XOR
2 1 8433 8432 8435 XOR
2 1 8433 8434 8436 AND
2 1 8432 8436 8437 XOR
2 1 8271 841 8438 XOR
2 1 8437 841 8439 XOR
2 1 8438 8437 8440 XOR
2 1 8438 8439 8441 AND
2 1 8437 8441 8442 XOR
2 1 8274 842 8443 XOR
2 1 8442 842 8444 XOR
2 1 8443 8442 8445 XOR
2 1 8443 8444 8446 AND
2 1 8442 8446 8447 XOR
2 1 8277 843 8448 XOR
2 1 8447 843 8449 XOR
2 1 8448 8447 8450 XOR
2 1 8448 8449 8451 AND
2 1 8447 8451 8452 XOR
2 1 8280 844 8453 XOR
2 1 8452 844 8454 XOR
2 1 8453 8452 8455 XOR
2 1 8453 8454 8456 AND
2 1 8452 8456 8457 XOR
2 1 8283 845 8458 XOR
2 1 8457 845 8459 XOR
2 1 8458 8457 8460 XOR
2 1 8458 8459 8461 AND
2 1 8457 8461 8462 XOR
2 1 8286 846 8463 XOR
2 1 8462 846 8464 XOR
2 1 8463 8462 8465 XOR
2 1 8463 8464 8466 AND
2 1 8462 8466 8467 XOR
2 1 8289 847 8468 XOR
2 1 8467 847 8469 XOR
2 1 8468 8467 8470 XOR
2 1 8468 8469 8471 AND
2 1 8467 8471 8472 XOR
2 1 8292 848 8473 XOR
2 1 8472 848 8474 XOR
2 1 8473 8472 8475 XOR
2 1 8473 8474 8476 AND
2 1 8472 8476 8477 XOR
2 1 8295 849 8478 XOR
2 1 8477 849 8479 XOR
2 1 8478 8477 8480 XOR
2 1 8478 8479 8481 AND
2 1 8477 8481 8482 XOR
2 1 8298 850 8483 XOR
2 1 8482 850 8484 XOR
2 1 8483 8482 8485 XOR
2 1 8483 8484 8486 AND
2 1 8482 8486 8487 XOR
2 1 8301 851 8488 XOR
2 1 8487 851 8489 XOR
2 1 8488 8487 8490 XOR
2 1 8488 8489 8491 AND
2 1 8487 8491 8492 XOR
2 1 8304 852 8493 XOR
2 1 8492 852 8494 XOR
2 1 8493 8492 8495 XOR
2 1 8493 8494 8496 AND
2 1 8492 8496 8497 XOR
2 1 8307 853 8498 XOR
2 1 8497 853 8499 XOR
2 1 8498 8497 8500 XOR
2 1 8498 8499 8501 AND
2 1 8497 8501 8502 XOR
2 1 8310 854 8503 XOR
2 1 8502 854 8504 XOR
2 1 8503 8502 8505 XOR
2 1 8503 8504 8506 AND
2 1 8502 8506 8507 XOR
2 1 8313 855 8508 XOR
2 1 8507 855 8509 XOR
2 1 8508 8507 8510 XOR
2 1 8508 8509 8511 AND
2 1 8507 8511 8512 XOR
2 1 8316 856 8513 XOR
2 1 8512 856 8514 XOR
2 1 8513 8512 8515 XOR
2 1 8513 8514 8516 AND
2 1 8512 8516 8517 XOR
2 1 8319 857 8518 XOR
2 1 8517 857 8519 XOR
2 1 8518 8517 8520 XOR
2 1 8518 8519 8521 AND
2 1 8517 8521 8522 XOR
2 1 8322 858 8523 XOR
2 1 8522 858 8524 XOR
2 1 8523 8522 8525 XOR
2 1 8523 8524 8526 AND
2 1 8522 8526 8527 XOR
2 1 8325 859 8528 XOR
2 1 8527 859 8529 XOR
2 1 8528 8527 8530 XOR
2 1 8528 8529 8531 AND
2 1 8527 8531 8532 XOR
2 1 8328 860 8533 XOR
2 1 8532 860 8534 XOR
2 1 8533 8532 8535 XOR
2 1 8533 8534 8536 AND
2 1 8532 8536 8537 XOR
2 1 8331 861 8538 XOR
2 1 8537 861 8539 XOR
2 1 8538 8537 8540 XOR
2 1 8538 8539 8541 AND
2 1 8537 8541 8542 XOR
2 1 8334 862 8543 XOR
2 1 8542 862 8544 XOR
2 1 8543 8542 8545 XOR
2 1 8543 8544 8546 AND
2 1 8542 8546 8547 XOR
2 1 8547 943 8548 XOR
2 1 8547 943 8549 AND
2 1 8548 8549 8550 XOR
2 1 463 8336 8551 XOR
2 1 8550 8551 8552 AND
2 1 8552 8336 8553 XOR
2 1 8211 8340 8554 XOR
2 1 8550 8554 8555 AND
2 1 8555 8340 8556 XOR
2 1 8214 8345 8557 XOR
2 1 8550 8557 8558 AND
2 1 8558 8345 8559 XOR
2 1 8217 8350 8560 XOR
2 1 8550 8560 8561 AND
2 1 8561 8350 8562 XOR
2 1 8220 8355 8563 XOR
2 1 8550 8563 8564 AND
2 1 8564 8355 8565 XOR
2 1 8223 8360 8566 XOR
2 1 8550 8566 8567 AND
2 1 8567 8360 8568 XOR
2 1 8226 8365 8569 XOR
2 1 8550 8569 8570 AND
2 1 8570 8365 8571 XOR
2 1 8229 8370 8572 XOR
2 1 8550 8572 8573 AND
2 1 8573 8370 8574 XOR
2 1 8232 8375 8575 XOR
2 1 8550 8575 8576 AND
2 1 8576 8375 8577 XOR
2 1 8235 8380 8578 XOR
2 1 8550 8578 8579 AND
2 1 8579 8380 8580 XOR
2 1 8238 8385 8581 XOR
2 1 8550 8581 8582 AND
2 1 8582 8385 8583 XOR
2 1 8241 8390 8584 XOR
2 1 8550 8584 8585 AND
2 1 8585 8390 8586 XOR
2 1 8244 8395 8587 XOR
2 1 8550 8587 8588 AND
2 1 8588 8395 8589 XOR
2 1 8247 8400 8590 XOR
2 1 8550 8590 8591 AND
2 1 8591 8400 8592 XOR
2 1 8250 8405 8593 XOR
2 1 8550 8593 8594 AND
2 1 8594 8405 8595 XOR
2 1 8253 8410 8596 XOR
2 1 8550 8596 8597 AND
2 1 8597 8410 8598 XOR
2 1 8256 8415 8599 XOR
2 1 8550 8599 8600 AND
2 1 8600 8415 8601 XOR
2 1 8259 8420 8602 XOR
2 1 8550 8602 8603 AND
2 1 8603 8420 8604 XOR
2 1 8262 8425 8605 XOR
2 1 8550 8605 8606 AND
2 1 8606 8425 8607 XOR
2 1 8265 8430 8608 XOR
2 1 8550 8608 8609 AND
2 1 8609 8430 8610 XOR
2 1 8268 8435 8611 XOR
2 1 8550 8611 8612 AND
2 1 8612 8435 8613 XOR
2 1 8271 8440 8614 XOR
2 1 8550 8614 8615 AND
2 1 8615 8440 8616 XOR
2 1 8274 8445 8617 XOR
2 1 8550 8617 8618 AND
2 1 8618 8445 8619 XOR
2 1 8277 8450 8620 XOR
2 1 8550 8620 8621 AND
2 1 8621 8450 8622 XOR
2 1 8280 8455 8623 XOR
2 1 8550 8623 8624 AND
2 1 8624 8455 8625 XOR
2 1 8283 8460 8626 XOR
2 1 8550 8626 8627 AND
2 1 8627 8460 8628 XOR
2 1 8286 8465 8629 XOR
2 1 8550 8629 8630 AND
2 1 8630 8465 8631 XOR
2 1 8289 8470 8632 XOR
2 1 8550 8632 8633 AND
2 1 8633 8470 8634 XOR
2 1 8292 8475 8635 XOR
2 1 8550 8635 8636 AND
2 1 8636 8475 8637 XOR
2 1 8295 8480 8638 XOR
2 1 8550 8638 8639 AND
2 1 8639 8480 8640 XOR
2 1 8298 8485 8641 XOR
2 1 8550 8641 8642 AND
2 1 8642 8485 8643 XOR
2 1 8301 8490 8644 XOR
2 1 8550 8644 8645 AND
2 1 8645 8490 8646 XOR
2 1 8304 8495 8647 XOR
2 1 8550 8647 8648 AND
2 1 8648 8495 8649 XOR
2 1 8307 8500 8650 XOR
2 1 8550 8650 8651 AND
2 1 8651 8500 8652 XOR
2 1 8310 8505 8653 XOR
2 1 8550 8653 8654 AND
2 1 8654 8505 8655 XOR
2 1 8313 8510 8656 XOR
2 1 8550 8656 8657 AND
2 1 8657 8510 8658 XOR
2 1 8316 8515 8659 XOR
2 1 8550 8659 8660 AND
2 1 8660 8515 8661 XOR
2 1 8319 8520 8662 XOR
2 1 8550 8662 8663 AND
2 1 8663 8520 8664 XOR
2 1 8322 8525 8665 XOR
2 1 8550 8665 8666 AND
2 1 8666 8525 8667 XOR
2 1 8325 8530 8668 XOR
2 1 8550 8668 8669 AND
2 1 8669 8530 8670 XOR
2 1 8328 8535 8671 XOR
2 1 8550 8671 8672 AND
2 1 8672 8535 8673 XOR
2 1 8331 8540 8674 XOR
2 1 8550 8674 8675 AND
2 1 8675 8540 8676 XOR
2 1 8334 8545 8677 XOR
2 1 8550 8677 8678 AND
2 1 8678 8545 8679 XOR
1 1 8550 8680 INV
2 1 462 820 8681 XOR
2 1 8681 820 8682 AND
2 1 8553 821 8683 XOR
2 1 8682 821 8684 XOR
2 1 8683 8682 8685 XOR
2 1 8683 8684 8686 AND
2 1 8682 8686 8687 XOR
2 1 8556 822 8688 XOR
2 1 8687 822 8689 XOR
2 1 8688 8687 8690 XOR
2 1 8688 8689 8691 AND
2 1 8687 8691 8692 XOR
2 1 8559 823 8693 XOR
2 1 8692 823 8694 XOR
2 1 8693 8692 8695 XOR
2 1 8693 8694 8696 AND
2 1 8692 8696 8697 XOR
2 1 8562 824 8698 XOR
2 1 8697 824 8699 XOR
2 1 8698 8697 8700 XOR
2 1 8698 8699 8701 AND
2 1 8697 8701 8702 XOR
2 1 8565 825 8703 XOR
2 1 8702 825 8704 XOR
2 1 8703 8702 8705 XOR
2 1 8703 8704 8706 AND
2 1 8702 8706 8707 XOR
2 1 8568 826 8708 XOR
2 1 8707 826 8709 XOR
2 1 8708 8707 8710 XOR
2 1 8708 8709 8711 AND
2 1 8707 8711 8712 XOR
2 1 8571 827 8713 XOR
2 1 8712 827 8714 XOR
2 1 8713 8712 8715 XOR
2 1 8713 8714 8716 AND
2 1 8712 8716 8717 XOR
2 1 8574 828 8718 XOR
2 1 8717 828 8719 XOR
2 1 8718 8717 8720 XOR
2 1 8718 8719 8721 AND
2 1 8717 8721 8722 XOR
2 1 8577 829 8723 XOR
2 1 8722 829 8724 XOR
2 1 8723 8722 8725 XOR
2 1 8723 8724 8726 AND
2 1 8722 8726 8727 XOR
2 1 8580 830 8728 XOR
2 1 8727 830 8729 XOR
2 1 8728 8727 8730 XOR
2 1 8728 8729 8731 AND
2 1 8727 8731 8732 XOR
2 1 8583 831 8733 XOR
2 1 8732 831 8734 XOR
2 1 8733 8732 8735 XOR
2 1 8733 8734 8736 AND
2 1 8732 8736 8737 XOR
2 1 8586 832 8738 XOR
2 1 8737 832 8739 XOR
2 1 8738 8737 8740 XOR
2 1 8738 8739 8741 AND
2 1 8737 8741 8742 XOR
2 1 8589 833 8743 XOR
2 1 8742 833 8744 XOR
2 1 8743 8742 8745 XOR
2 1 8743 8744 8746 AND
2 1 8742 8746 8747 XOR
2 1 8592 834 8748 XOR
2 1 8747 834 8749 XOR
2 1 8748 8747 8750 XOR
2 1 8748 8749 8751 AND
2 1 8747 8751 8752 XOR
2 1 8595 835 8753 XOR
2 1 8752 835 8754 XOR
2 1 8753 8752 8755 XOR
2 1 8753 8754 8756 AND
2 1 8752 8756 8757 XOR
2 1 8598 836 8758 XOR
2 1 8757 836 8759 XOR
2 1 8758 8757 8760 XOR
2 1 8758 8759 8761 AND
2 1 8757 8761 8762 XOR
2 1 8601 837 8763 XOR
2 1 8762 837 8764 XOR
2 1 8763 8762 8765 XOR
2 1 8763 8764 8766 AND
2 1 8762 8766 8767 XOR
2 1 8604 838 8768 XOR
2 1 8767 838 8769 XOR
2 1 8768 8767 8770 XOR
2 1 8768 8769 8771 AND
2 1 8767 8771 8772 XOR
2 1 8607 839 8773 XOR
2 1 8772 839 8774 XOR
2 1 8773 8772 8775 XOR
2 1 8773 8774 8776 AND
2 1 8772 8776 8777 XOR
2 1 8610 840 8778 XOR
2 1 8777 840 8779 XOR
2 1 8778 8777 8780 XOR
2 1 8778 8779 8781 AND
2 1 8777 8781 8782 XOR
2 1 8613 841 8783 XOR
2 1 8782 841 8784 XOR
2 1 8783 8782 8785 XOR
2 1 8783 8784 8786 AND
2 1 8782 8786 8787 XOR
2 1 8616 842 8788 XOR
2 1 8787 842 8789 XOR
2 1 8788 8787 8790 XOR
2 1 8788 8789 8791 AND
2 1 8787 8791 8792 XOR
2 1 8619 843 8793 XOR
2 1 8792 843 8794 XOR
2 1 8793 8792 8795 XOR
2 1 8793 8794 8796 AND
2 1 8792 8796 8797 XOR
2 1 8622 844 8798 XOR
2 1 8797 844 8799 XOR
2 1 8798 8797 8800 XOR
2 1 8798 8799 8801 AND
2 1 8797 8801 8802 XOR
2 1 8625 845 8803 XOR
2 1 8802 845 8804 XOR
2 1 8803 8802 8805 XOR
2 1 8803 8804 8806 AND
2 1 8802 8806 8807 XOR
2 1 8628 846 8808 XOR
2 1 8807 846 8809 XOR
2 1 8808 8807 8810 XOR
2 1 8808 8809 8811 AND
2 1 8807 8811 8812 XOR
2 1 8631 847 8813 XOR
2 1 8812 847 8814 XOR
2 1 8813 8812 8815 XOR
2 1 8813 8814 8816 AND
2 1 8812 8816 8817 XOR
2 1 8634 848 8818 XOR
2 1 8817 848 8819 XOR
2 1 8818 8817 8820 XOR
2 1 8818 8819 8821 AND
2 1 8817 8821 8822 XOR
2 1 8637 849 8823 XOR
2 1 8822 849 8824 XOR
2 1 8823 8822 8825 XOR
2 1 8823 8824 8826 AND
2 1 8822 8826 8827 XOR
2 1 8640 850 8828 XOR
2 1 8827 850 8829 XOR
2 1 8828 8827 8830 XOR
2 1 8828 8829 8831 AND
2 1 8827 8831 8832 XOR
2 1 8643 851 8833 XOR
2 1 8832 851 8834 XOR
2 1 8833 8832 8835 XOR
2 1 8833 8834 8836 AND
2 1 8832 8836 8837 XOR
2 1 8646 852 8838 XOR
2 1 8837 852 8839 XOR
2 1 8838 8837 8840 XOR
2 1 8838 8839 8841 AND
2 1 8837 8841 8842 XOR
2 1 8649 853 8843 XOR
2 1 8842 853 8844 XOR
2 1 8843 8842 8845 XOR
2 1 8843 8844 8846 AND
2 1 8842 8846 8847 XOR
2 1 8652 854 8848 XOR
2 1 8847 854 8849 XOR
2 1 8848 8847 8850 XOR
2 1 8848 8849 8851 AND
2 1 8847 8851 8852 XOR
2 1 8655 855 8853 XOR
2 1 8852 855 8854 XOR
2 1 8853 8852 8855 XOR
2 1 8853 8854 8856 AND
2 1 8852 8856 8857 XOR
2 1 8658 856 8858 XOR
2 1 8857 856 8859 XOR
2 1 8858 8857 8860 XOR
2 1 8858 8859 8861 AND
2 1 8857 8861 8862 XOR
2 1 8661 857 8863 XOR
2 1 8862 857 8864 XOR
2 1 8863 8862 8865 XOR
2 1 8863 8864 8866 AND
2 1 8862 8866 8867 XOR
2 1 8664 858 8868 XOR
2 1 8867 858 8869 XOR
2 1 8868 8867 8870 XOR
2 1 8868 8869 8871 AND
2 1 8867 8871 8872 XOR
2 1 8667 859 8873 XOR
2 1 8872 859 8874 XOR
2 1 8873 8872 8875 XOR
2 1 8873 8874 8876 AND
2 1 8872 8876 8877 XOR
2 1 8670 860 8878 XOR
2 1 8877 860 8879 XOR
2 1 8878 8877 8880 XOR
2 1 8878 8879 8881 AND
2 1 8877 8881 8882 XOR
2 1 8673 861 8883 XOR
2 1 8882 861 8884 XOR
2 1 8883 8882 8885 XOR
2 1 8883 8884 8886 AND
2 1 8882 8886 8887 XOR
2 1 8676 862 8888 XOR
2 1 8887 862 8889 XOR
2 1 8888 8887 8890 XOR
2 1 8888 8889 8891 AND
2 1 8887 8891 8892 XOR
2 1 8679 863 8893 XOR
2 1 8892 863 8894 XOR
2 1 8893 8892 8895 XOR
2 1 8893 8894 8896 AND
2 1 8892 8896 8897 XOR
2 1 8897 940 8898 XOR
2 1 8897 940 8899 AND
2 1 8898 8899 8900 XOR
2 1 462 8681 8901 XOR
2 1 8900 8901 8902 AND
2 1 8902 8681 8903 XOR
2 1 8553 8685 8904 XOR
2 1 8900 8904 8905 AND
2 1 8905 8685 8906 XOR
2 1 8556 8690 8907 XOR
2 1 8900 8907 8908 AND
2 1 8908 8690 8909 XOR
2 1 8559 8695 8910 XOR
2 1 8900 8910 8911 AND
2 1 8911 8695 8912 XOR
2 1 8562 8700 8913 XOR
2 1 8900 8913 8914 AND
2 1 8914 8700 8915 XOR
2 1 8565 8705 8916 XOR
2 1 8900 8916 8917 AND
2 1 8917 8705 8918 XOR
2 1 8568 8710 8919 XOR
2 1 8900 8919 8920 AND
2 1 8920 8710 8921 XOR
2 1 8571 8715 8922 XOR
2 1 8900 8922 8923 AND
2 1 8923 8715 8924 XOR
2 1 8574 8720 8925 XOR
2 1 8900 8925 8926 AND
2 1 8926 8720 8927 XOR
2 1 8577 8725 8928 XOR
2 1 8900 8928 8929 AND
2 1 8929 8725 8930 XOR
2 1 8580 8730 8931 XOR
2 1 8900 8931 8932 AND
2 1 8932 8730 8933 XOR
2 1 8583 8735 8934 XOR
2 1 8900 8934 8935 AND
2 1 8935 8735 8936 XOR
2 1 8586 8740 8937 XOR
2 1 8900 8937 8938 AND
2 1 8938 8740 8939 XOR
2 1 8589 8745 8940 XOR
2 1 8900 8940 8941 AND
2 1 8941 8745 8942 XOR
2 1 8592 8750 8943 XOR
2 1 8900 8943 8944 AND
2 1 8944 8750 8945 XOR
2 1 8595 8755 8946 XOR
2 1 8900 8946 8947 AND
2 1 8947 8755 8948 XOR
2 1 8598 8760 8949 XOR
2 1 8900 8949 8950 AND
2 1 8950 8760 8951 XOR
2 1 8601 8765 8952 XOR
2 1 8900 8952 8953 AND
2 1 8953 8765 8954 XOR
2 1 8604 8770 8955 XOR
2 1 8900 8955 8956 AND
2 1 8956 8770 8957 XOR
2 1 8607 8775 8958 XOR
2 1 8900 8958 8959 AND
2 1 8959 8775 8960 XOR
2 1 8610 8780 8961 XOR
2 1 8900 8961 8962 AND
2 1 8962 8780 8963 XOR
2 1 8613 8785 8964 XOR
2 1 8900 8964 8965 AND
2 1 8965 8785 8966 XOR
2 1 8616 8790 8967 XOR
2 1 8900 8967 8968 AND
2 1 8968 8790 8969 XOR
2 1 8619 8795 8970 XOR
2 1 8900 8970 8971 AND
2 1 8971 8795 8972 XOR
2 1 8622 8800 8973 XOR
2 1 8900 8973 8974 AND
2 1 8974 8800 8975 XOR
2 1 8625 8805 8976 XOR
2 1 8900 8976 8977 AND
2 1 8977 8805 8978 XOR
2 1 8628 8810 8979 XOR
2 1 8900 8979 8980 AND
2 1 8980 8810 8981 XOR
2 1 8631 8815 8982 XOR
2 1 8900 8982 8983 AND
2 1 8983 8815 8984 XOR
2 1 8634 8820 8985 XOR
2 1 8900 8985 8986 AND
2 1 8986 8820 8987 XOR
2 1 8637 8825 8988 XOR
2 1 8900 8988 8989 AND
2 1 8989 8825 8990 XOR
2 1 8640 8830 8991 XOR
2 1 8900 8991 8992 AND
2 1 8992 8830 8993 XOR
2 1 8643 8835 8994 XOR
2 1 8900 8994 8995 AND
2 1 8995 8835 8996 XOR
2 1 8646 8840 8997 XOR
2 1 8900 8997 8998 AND
2 1 8998 8840 8999 XOR
2 1 8649 8845 9000 XOR
2 1 8900 9000 9001 AND
2 1 9001 8845 9002 XOR
2 1 8652 8850 9003 XOR
2 1 8900 9003 9004 AND
2 1 9004 8850 9005 XOR
2 1 8655 8855 9006 XOR
2 1 8900 9006 9007 AND
2 1 9007 8855 9008 XOR
2 1 8658 8860 9009 XOR
2 1 8900 9009 9010 AND
2 1 9010 8860 9011 XOR
2 1 8661 8865 9012 XOR
2 1 8900 9012 9013 AND
2 1 9013 8865 9014 XOR
2 1 8664 8870 9015 XOR
2 1 8900 9015 9016 AND
2 1 9016 8870 9017 XOR
2 1 8667 8875 9018 XOR
2 1 8900 9018 9019 AND
2 1 9019 8875 9020 XOR
2 1 8670 8880 9021 XOR
2 1 8900 9021 9022 AND
2 1 9022 8880 9023 XOR
2 1 8673 8885 9024 XOR
2 1 8900 9024 9025 AND
2 1 9025 8885 9026 XOR
2 1 8676 8890 9027 XOR
2 1 8900 9027 9028 AND
2 1 9028 8890 9029 XOR
2 1 8679 8895 9030 XOR
2 1 8900 9030 9031 AND
2 1 9031 8895 9032 XOR
1 1 8900 9033 INV
2 1 461 820 9034 XOR
2 1 9034 820 9035 AND
2 1 8903 821 9036 XOR
2 1 9035 821 9037 XOR
2 1 9036 9035 9038 XOR
2 1 9036 9037 9039 AND
2 1 9035 9039 9040 XOR
2 1 8906 822 9041 XOR
2 1 9040 822 9042 XOR
2 1 9041 9040 9043 XOR
2 1 9041 9042 9044 AND
2 1 9040 9044 9045 XOR
2 1 8909 823 9046 XOR
2 1 9045 823 9047 XOR
2 1 9046 9045 9048 XOR
2 1 9046 9047 9049 AND
2 1 9045 9049 9050 XOR
2 1 8912 824 9051 XOR
2 1 9050 824 9052 XOR
2 1 9051 9050 9053 XOR
2 1 9051 9052 9054 AND
2 1 9050 9054 9055 XOR
2 1 8915 825 9056 XOR
2 1 9055 825 9057 XOR
2 1 9056 9055 9058 XOR
2 1 9056 9057 9059 AND
2 1 9055 9059 9060 XOR
2 1 8918 826 9061 XOR
2 1 9060 826 9062 XOR
2 1 9061 9060 9063 XOR
2 1 9061 9062 9064 AND
2 1 9060 9064 9065 XOR
2 1 8921 827 9066 XOR
2 1 9065 827 9067 XOR
2 1 9066 9065 9068 XOR
2 1 9066 9067 9069 AND
2 1 9065 9069 9070 XOR
2 1 8924 828 9071 XOR
2 1 9070 828 9072 XOR
2 1 9071 9070 9073 XOR
2 1 9071 9072 9074 AND
2 1 9070 9074 9075 XOR
2 1 8927 829 9076 XOR
2 1 9075 829 9077 XOR
2 1 9076 9075 9078 XOR
2 1 9076 9077 9079 AND
2 1 9075 9079 9080 XOR
2 1 8930 830 9081 XOR
2 1 9080 830 9082 XOR
2 1 9081 9080 9083 XOR
2 1 9081 9082 9084 AND
2 1 9080 9084 9085 XOR
2 1 8933 831 9086 XOR
2 1 9085 831 9087 XOR
2 1 9086 9085 9088 XOR
2 1 9086 9087 9089 AND
2 1 9085 9089 9090 XOR
2 1 8936 832 9091 XOR
2 1 9090 832 9092 XOR
2 1 9091 9090 9093 XOR
2 1 9091 9092 9094 AND
2 1 9090 9094 9095 XOR
2 1 8939 833 9096 XOR
2 1 9095 833 9097 XOR
2 1 9096 9095 9098 XOR
2 1 9096 9097 9099 AND
2 1 9095 9099 9100 XOR
2 1 8942 834 9101 XOR
2 1 9100 834 9102 XOR
2 1 9101 9100 9103 XOR
2 1 9101 9102 9104 AND
2 1 9100 9104 9105 XOR
2 1 8945 835 9106 XOR
2 1 9105 835 9107 XOR
2 1 9106 9105 9108 XOR
2 1 9106 9107 9109 AND
2 1 9105 9109 9110 XOR
2 1 8948 836 9111 XOR
2 1 9110 836 9112 XOR
2 1 9111 9110 9113 XOR
2 1 9111 9112 9114 AND
2 1 9110 9114 9115 XOR
2 1 8951 837 9116 XOR
2 1 9115 837 9117 XOR
2 1 9116 9115 9118 XOR
2 1 9116 9117 9119 AND
2 1 9115 9119 9120 XOR
2 1 8954 838 9121 XOR
2 1 9120 838 9122 XOR
2 1 9121 9120 9123 XOR
2 1 9121 9122 9124 AND
2 1 9120 9124 9125 XOR
2 1 8957 839 9126 XOR
2 1 9125 839 9127 XOR
2 1 9126 9125 9128 XOR
2 1 9126 9127 9129 AND
2 1 9125 9129 9130 XOR
2 1 8960 840 9131 XOR
2 1 9130 840 9132 XOR
2 1 9131 9130 9133 XOR
2 1 9131 9132 9134 AND
2 1 9130 9134 9135 XOR
2 1 8963 841 9136 XOR
2 1 9135 841 9137 XOR
2 1 9136 9135 9138 XOR
2 1 9136 9137 9139 AND
2 1 9135 9139 9140 XOR
2 1 8966 842 9141 XOR
2 1 9140 842 9142 XOR
2 1 9141 9140 9143 XOR
2 1 9141 9142 9144 AND
2 1 9140 9144 9145 XOR
2 1 8969 843 9146 XOR
2 1 9145 843 9147 XOR
2 1 9146 9145 9148 XOR
2 1 9146 9147 9149 AND
2 1 9145 9149 9150 XOR
2 1 8972 844 9151 XOR
2 1 9150 844 9152 XOR
2 1 9151 9150 9153 XOR
2 1 9151 9152 9154 AND
2 1 9150 9154 9155 XOR
2 1 8975 845 9156 XOR
2 1 9155 845 9157 XOR
2 1 9156 9155 9158 XOR
2 1 9156 9157 9159 AND
2 1 9155 9159 9160 XOR
2 1 8978 846 9161 XOR
2 1 9160 846 9162 XOR
2 1 9161 9160 9163 XOR
2 1 9161 9162 9164 AND
2 1 9160 9164 9165 XOR
2 1 8981 847 9166 XOR
2 1 9165 847 9167 XOR
2 1 9166 9165 9168 XOR
2 1 9166 9167 9169 AND
2 1 9165 9169 9170 XOR
2 1 8984 848 9171 XOR
2 1 9170 848 9172 XOR
2 1 9171 9170 9173 XOR
2 1 9171 9172 9174 AND
2 1 9170 9174 9175 XOR
2 1 8987 849 9176 XOR
2 1 9175 849 9177 XOR
2 1 9176 9175 9178 XOR
2 1 9176 9177 9179 AND
2 1 9175 9179 9180 XOR
2 1 8990 850 9181 XOR
2 1 9180 850 9182 XOR
2 1 9181 9180 9183 XOR
2 1 9181 9182 9184 AND
2 1 9180 9184 9185 XOR
2 1 8993 851 9186 XOR
2 1 9185 851 9187 XOR
2 1 9186 9185 9188 XOR
2 1 9186 9187 9189 AND
2 1 9185 9189 9190 XOR
2 1 8996 852 9191 XOR
2 1 9190 852 9192 XOR
2 1 9191 9190 9193 XOR
2 1 9191 9192 9194 AND
2 1 9190 9194 9195 XOR
2 1 8999 853 9196 XOR
2 1 9195 853 9197 XOR
2 1 9196 9195 9198 XOR
2 1 9196 9197 9199 AND
2 1 9195 9199 9200 XOR
2 1 9002 854 9201 XOR
2 1 9200 854 9202 XOR
2 1 9201 9200 9203 XOR
2 1 9201 9202 9204 AND
2 1 9200 9204 9205 XOR
2 1 9005 855 9206 XOR
2 1 9205 855 9207 XOR
2 1 9206 9205 9208 XOR
2 1 9206 9207 9209 AND
2 1 9205 9209 9210 XOR
2 1 9008 856 9211 XOR
2 1 9210 856 9212 XOR
2 1 9211 9210 9213 XOR
2 1 9211 9212 9214 AND
2 1 9210 9214 9215 XOR
2 1 9011 857 9216 XOR
2 1 9215 857 9217 XOR
2 1 9216 9215 9218 XOR
2 1 9216 9217 9219 AND
2 1 9215 9219 9220 XOR
2 1 9014 858 9221 XOR
2 1 9220 858 9222 XOR
2 1 9221 9220 9223 XOR
2 1 9221 9222 9224 AND
2 1 9220 9224 9225 XOR
2 1 9017 859 9226 XOR
2 1 9225 859 9227 XOR
2 1 9226 9225 9228 XOR
2 1 9226 9227 9229 AND
2 1 9225 9229 9230 XOR
2 1 9020 860 9231 XOR
2 1 9230 860 9232 XOR
2 1 9231 9230 9233 XOR
2 1 9231 9232 9234 AND
2 1 9230 9234 9235 XOR
2 1 9023 861 9236 XOR
2 1 9235 861 9237 XOR
2 1 9236 9235 9238 XOR
2 1 9236 9237 9239 AND
2 1 9235 9239 9240 XOR
2 1 9026 862 9241 XOR
2 1 9240 862 9242 XOR
2 1 9241 9240 9243 XOR
2 1 9241 9242 9244 AND
2 1 9240 9244 9245 XOR
2 1 9029 863 9246 XOR
2 1 9245 863 9247 XOR
2 1 9246 9245 9248 XOR
2 1 9246 9247 9249 AND
2 1 9245 9249 9250 XOR
2 1 9032 864 9251 XOR
2 1 9250 864 9252 XOR
2 1 9251 9250 9253 XOR
2 1 9251 9252 9254 AND
2 1 9250 9254 9255 XOR
2 1 9255 937 9256 XOR
2 1 9255 937 9257 AND
2 1 9256 9257 9258 XOR
2 1 461 9034 9259 XOR
2 1 9258 9259 9260 AND
2 1 9260 9034 9261 XOR
2 1 8903 9038 9262 XOR
2 1 9258 9262 9263 AND
2 1 9263 9038 9264 XOR
2 1 8906 9043 9265 XOR
2 1 9258 9265 9266 AND
2 1 9266 9043 9267 XOR
2 1 8909 9048 9268 XOR
2 1 9258 9268 9269 AND
2 1 9269 9048 9270 XOR
2 1 8912 9053 9271 XOR
2 1 9258 9271 9272 AND
2 1 9272 9053 9273 XOR
2 1 8915 9058 9274 XOR
2 1 9258 9274 9275 AND
2 1 9275 9058 9276 XOR
2 1 8918 9063 9277 XOR
2 1 9258 9277 9278 AND
2 1 9278 9063 9279 XOR
2 1 8921 9068 9280 XOR
2 1 9258 9280 9281 AND
2 1 9281 9068 9282 XOR
2 1 8924 9073 9283 XOR
2 1 9258 9283 9284 AND
2 1 9284 9073 9285 XOR
2 1 8927 9078 9286 XOR
2 1 9258 9286 9287 AND
2 1 9287 9078 9288 XOR
2 1 8930 9083 9289 XOR
2 1 9258 9289 9290 AND
2 1 9290 9083 9291 XOR
2 1 8933 9088 9292 XOR
2 1 9258 9292 9293 AND
2 1 9293 9088 9294 XOR
2 1 8936 9093 9295 XOR
2 1 9258 9295 9296 AND
2 1 9296 9093 9297 XOR
2 1 8939 9098 9298 XOR
2 1 9258 9298 9299 AND
2 1 9299 9098 9300 XOR
2 1 8942 9103 9301 XOR
2 1 9258 9301 9302 AND
2 1 9302 9103 9303 XOR
2 1 8945 9108 9304 XOR
2 1 9258 9304 9305 AND
2 1 9305 9108 9306 XOR
2 1 8948 9113 9307 XOR
2 1 9258 9307 9308 AND
2 1 9308 9113 9309 XOR
2 1 8951 9118 9310 XOR
2 1 9258 9310 9311 AND
2 1 9311 9118 9312 XOR
2 1 8954 9123 9313 XOR
2 1 9258 9313 9314 AND
2 1 9314 9123 9315 XOR
2 1 8957 9128 9316 XOR
2 1 9258 9316 9317 AND
2 1 9317 9128 9318 XOR
2 1 8960 9133 9319 XOR
2 1 9258 9319 9320 AND
2 1 9320 9133 9321 XOR
2 1 8963 9138 9322 XOR
2 1 9258 9322 9323 AND
2 1 9323 9138 9324 XOR
2 1 8966 9143 9325 XOR
2 1 9258 9325 9326 AND
2 1 9326 9143 9327 XOR
2 1 8969 9148 9328 XOR
2 1 9258 9328 9329 AND
2 1 9329 9148 9330 XOR
2 1 8972 9153 9331 XOR
2 1 9258 9331 9332 AND
2 1 9332 9153 9333 XOR
2 1 8975 9158 9334 XOR
2 1 9258 9334 9335 AND
2 1 9335 9158 9336 XOR
2 1 8978 9163 9337 XOR
2 1 9258 9337 9338 AND
2 1 9338 9163 9339 XOR
2 1 8981 9168 9340 XOR
2 1 9258 9340 9341 AND
2 1 9341 9168 9342 XOR
2 1 8984 9173 9343 XOR
2 1 9258 9343 9344 AND
2 1 9344 9173 9345 XOR
2 1 8987 9178 9346 XOR
2 1 9258 9346 9347 AND
2 1 9347 9178 9348 XOR
2 1 8990 9183 9349 XOR
2 1 9258 9349 9350 AND
2 1 9350 9183 9351 XOR
2 1 8993 9188 9352 XOR
2 1 9258 9352 9353 AND
2 1 9353 9188 9354 XOR
2 1 8996 9193 9355 XOR
2 1 9258 9355 9356 AND
2 1 9356 9193 9357 XOR
2 1 8999 9198 9358 XOR
2 1 9258 9358 9359 AND
2 1 9359 9198 9360 XOR
2 1 9002 9203 9361 XOR
2 1 9258 9361 9362 AND
2 1 9362 9203 9363 XOR
2 1 9005 9208 9364 XOR
2 1 9258 9364 9365 AND
2 1 9365 9208 9366 XOR
2 1 9008 9213 9367 XOR
2 1 9258 9367 9368 AND
2 1 9368 9213 9369 XOR
2 1 9011 9218 9370 XOR
2 1 9258 9370 9371 AND
2 1 9371 9218 9372 XOR
2 1 9014 9223 9373 XOR
2 1 9258 9373 9374 AND
2 1 9374 9223 9375 XOR
2 1 9017 9228 9376 XOR
2 1 9258 9376 9377 AND
2 1 9377 9228 9378 XOR
2 1 9020 9233 9379 XOR
2 1 9258 9379 9380 AND
2 1 9380 9233 9381 XOR
2 1 9023 9238 9382 XOR
2 1 9258 9382 9383 AND
2 1 9383 9238 9384 XOR
2 1 9026 9243 9385 XOR
2 1 9258 9385 9386 AND
2 1 9386 9243 9387 XOR
2 1 9029 9248 9388 XOR
2 1 9258 9388 9389 AND
2 1 9389 9248 9390 XOR
2 1 9032 9253 9391 XOR
2 1 9258 9391 9392 AND
2 1 9392 9253 9393 XOR
1 1 9258 9394 INV
2 1 460 820 9395 XOR
2 1 9395 820 9396 AND
2 1 9261 821 9397 XOR
2 1 9396 821 9398 XOR
2 1 9397 9396 9399 XOR
2 1 9397 9398 9400 AND
2 1 9396 9400 9401 XOR
2 1 9264 822 9402 XOR
2 1 9401 822 9403 XOR
2 1 9402 9401 9404 XOR
2 1 9402 9403 9405 AND
2 1 9401 9405 9406 XOR
2 1 9267 823 9407 XOR
2 1 9406 823 9408 XOR
2 1 9407 9406 9409 XOR
2 1 9407 9408 9410 AND
2 1 9406 9410 9411 XOR
2 1 9270 824 9412 XOR
2 1 9411 824 9413 XOR
2 1 9412 9411 9414 XOR
2 1 9412 9413 9415 AND
2 1 9411 9415 9416 XOR
2 1 9273 825 9417 XOR
2 1 9416 825 9418 XOR
2 1 9417 9416 9419 XOR
2 1 9417 9418 9420 AND
2 1 9416 9420 9421 XOR
2 1 9276 826 9422 XOR
2 1 9421 826 9423 XOR
2 1 9422 9421 9424 XOR
2 1 9422 9423 9425 AND
2 1 9421 9425 9426 XOR
2 1 9279 827 9427 XOR
2 1 9426 827 9428 XOR
2 1 9427 9426 9429 XOR
2 1 9427 9428 9430 AND
2 1 9426 9430 9431 XOR
2 1 9282 828 9432 XOR
2 1 9431 828 9433 XOR
2 1 9432 9431 9434 XOR
2 1 9432 9433 9435 AND
2 1 9431 9435 9436 XOR
2 1 9285 829 9437 XOR
2 1 9436 829 9438 XOR
2 1 9437 9436 9439 XOR
2 1 9437 9438 9440 AND
2 1 9436 9440 9441 XOR
2 1 9288 830 9442 XOR
2 1 9441 830 9443 XOR
2 1 9442 9441 9444 XOR
2 1 9442 9443 9445 AND
2 1 9441 9445 9446 XOR
2 1 9291 831 9447 XOR
2 1 9446 831 9448 XOR
2 1 9447 9446 9449 XOR
2 1 9447 9448 9450 AND
2 1 9446 9450 9451 XOR
2 1 9294 832 9452 XOR
2 1 9451 832 9453 XOR
2 1 9452 9451 9454 XOR
2 1 9452 9453 9455 AND
2 1 9451 9455 9456 XOR
2 1 9297 833 9457 XOR
2 1 9456 833 9458 XOR
2 1 9457 9456 9459 XOR
2 1 9457 9458 9460 AND
2 1 9456 9460 9461 XOR
2 1 9300 834 9462 XOR
2 1 9461 834 9463 XOR
2 1 9462 9461 9464 XOR
2 1 9462 9463 9465 AND
2 1 9461 9465 9466 XOR
2 1 9303 835 9467 XOR
2 1 9466 835 9468 XOR
2 1 9467 9466 9469 XOR
2 1 9467 9468 9470 AND
2 1 9466 9470 9471 XOR
2 1 9306 836 9472 XOR
2 1 9471 836 9473 XOR
2 1 9472 9471 9474 XOR
2 1 9472 9473 9475 AND
2 1 9471 9475 9476 XOR
2 1 9309 837 9477 XOR
2 1 9476 837 9478 XOR
2 1 9477 9476 9479 XOR
2 1 9477 9478 9480 AND
2 1 9476 9480 9481 XOR
2 1 9312 838 9482 XOR
2 1 9481 838 9483 XOR
2 1 9482 9481 9484 XOR
2 1 9482 9483 9485 AND
2 1 9481 9485 9486 XOR
2 1 9315 839 9487 XOR
2 1 9486 839 9488 XOR
2 1 9487 9486 9489 XOR
2 1 9487 9488 9490 AND
2 1 9486 9490 9491 XOR
2 1 9318 840 9492 XOR
2 1 9491 840 9493 XOR
2 1 9492 9491 9494 XOR
2 1 9492 9493 9495 AND
2 1 9491 9495 9496 XOR
2 1 9321 841 9497 XOR
2 1 9496 841 9498 XOR
2 1 9497 9496 9499 XOR
2 1 9497 9498 9500 AND
2 1 9496 9500 9501 XOR
2 1 9324 842 9502 XOR
2 1 9501 842 9503 XOR
2 1 9502 9501 9504 XOR
2 1 9502 9503 9505 AND
2 1 9501 9505 9506 XOR
2 1 9327 843 9507 XOR
2 1 9506 843 9508 XOR
2 1 9507 9506 9509 XOR
2 1 9507 9508 9510 AND
2 1 9506 9510 9511 XOR
2 1 9330 844 9512 XOR
2 1 9511 844 9513 XOR
2 1 9512 9511 9514 XOR
2 1 9512 9513 9515 AND
2 1 9511 9515 9516 XOR
2 1 9333 845 9517 XOR
2 1 9516 845 9518 XOR
2 1 9517 9516 9519 XOR
2 1 9517 9518 9520 AND
2 1 9516 9520 9521 XOR
2 1 9336 846 9522 XOR
2 1 9521 846 9523 XOR
2 1 9522 9521 9524 XOR
2 1 9522 9523 9525 AND
2 1 9521 9525 9526 XOR
2 1 9339 847 9527 XOR
2 1 9526 847 9528 XOR
2 1 9527 9526 9529 XOR
2 1 9527 9528 9530 AND
2 1 9526 9530 9531 XOR
2 1 9342 848 9532 XOR
2 1 9531 848 9533 XOR
2 1 9532 9531 9534 XOR
2 1 9532 9533 9535 AND
2 1 9531 9535 9536 XOR
2 1 9345 849 9537 XOR
2 1 9536 849 9538 XOR
2 1 9537 9536 9539 XOR
2 1 9537 9538 9540 AND
2 1 9536 9540 9541 XOR
2 1 9348 850 9542 XOR
2 1 9541 850 9543 XOR
2 1 9542 9541 9544 XOR
2 1 9542 9543 9545 AND
2 1 9541 9545 9546 XOR
2 1 9351 851 9547 XOR
2 1 9546 851 9548 XOR
2 1 9547 9546 9549 XOR
2 1 9547 9548 9550 AND
2 1 9546 9550 9551 XOR
2 1 9354 852 9552 XOR
2 1 9551 852 9553 XOR
2 1 9552 9551 9554 XOR
2 1 9552 9553 9555 AND
2 1 9551 9555 9556 XOR
2 1 9357 853 9557 XOR
2 1 9556 853 9558 XOR
2 1 9557 9556 9559 XOR
2 1 9557 9558 9560 AND
2 1 9556 9560 9561 XOR
2 1 9360 854 9562 XOR
2 1 9561 854 9563 XOR
2 1 9562 9561 9564 XOR
2 1 9562 9563 9565 AND
2 1 9561 9565 9566 XOR
2 1 9363 855 9567 XOR
2 1 9566 855 9568 XOR
2 1 9567 9566 9569 XOR
2 1 9567 9568 9570 AND
2 1 9566 9570 9571 XOR
2 1 9366 856 9572 XOR
2 1 9571 856 9573 XOR
2 1 9572 9571 9574 XOR
2 1 9572 9573 9575 AND
2 1 9571 9575 9576 XOR
2 1 9369 857 9577 XOR
2 1 9576 857 9578 XOR
2 1 9577 9576 9579 XOR
2 1 9577 9578 9580 AND
2 1 9576 9580 9581 XOR
2 1 9372 858 9582 XOR
2 1 9581 858 9583 XOR
2 1 9582 9581 9584 XOR
2 1 9582 9583 9585 AND
2 1 9581 9585 9586 XOR
2 1 9375 859 9587 XOR
2 1 9586 859 9588 XOR
2 1 9587 9586 9589 XOR
2 1 9587 9588 9590 AND
2 1 9586 9590 9591 XOR
2 1 9378 860 9592 XOR
2 1 9591 860 9593 XOR
2 1 9592 9591 9594 XOR
2 1 9592 9593 9595 AND
2 1 9591 9595 9596 XOR
2 1 9381 861 9597 XOR
2 1 9596 861 9598 XOR
2 1 9597 9596 9599 XOR
2 1 9597 9598 9600 AND
2 1 9596 9600 9601 XOR
2 1 9384 862 9602 XOR
2 1 9601 862 9603 XOR
2 1 9602 9601 9604 XOR
2 1 9602 9603 9605 AND
2 1 9601 9605 9606 XOR
2 1 9387 863 9607 XOR
2 1 9606 863 9608 XOR
2 1 9607 9606 9609 XOR
2 1 9607 9608 9610 AND
2 1 9606 9610 9611 XOR
2 1 9390 864 9612 XOR
2 1 9611 864 9613 XOR
2 1 9612 9611 9614 XOR
2 1 9612 9613 9615 AND
2 1 9611 9615 9616 XOR
2 1 9393 865 9617 XOR
2 1 9616 865 9618 XOR
2 1 9617 9616 9619 XOR
2 1 9617 9618 9620 AND
2 1 9616 9620 9621 XOR
2 1 9621 934 9622 XOR
2 1 9621 934 9623 AND
2 1 9622 9623 9624 XOR
2 1 460 9395 9625 XOR
2 1 9624 9625 9626 AND
2 1 9626 9395 9627 XOR
2 1 9261 9399 9628 XOR
2 1 9624 9628 9629 AND
2 1 9629 9399 9630 XOR
2 1 9264 9404 9631 XOR
2 1 9624 9631 9632 AND
2 1 9632 9404 9633 XOR
2 1 9267 9409 9634 XOR
2 1 9624 9634 9635 AND
2 1 9635 9409 9636 XOR
2 1 9270 9414 9637 XOR
2 1 9624 9637 9638 AND
2 1 9638 9414 9639 XOR
2 1 9273 9419 9640 XOR
2 1 9624 9640 9641 AND
2 1 9641 9419 9642 XOR
2 1 9276 9424 9643 XOR
2 1 9624 9643 9644 AND
2 1 9644 9424 9645 XOR
2 1 9279 9429 9646 XOR
2 1 9624 9646 9647 AND
2 1 9647 9429 9648 XOR
2 1 9282 9434 9649 XOR
2 1 9624 9649 9650 AND
2 1 9650 9434 9651 XOR
2 1 9285 9439 9652 XOR
2 1 9624 9652 9653 AND
2 1 9653 9439 9654 XOR
2 1 9288 9444 9655 XOR
2 1 9624 9655 9656 AND
2 1 9656 9444 9657 XOR
2 1 9291 9449 9658 XOR
2 1 9624 9658 9659 AND
2 1 9659 9449 9660 XOR
2 1 9294 9454 9661 XOR
2 1 9624 9661 9662 AND
2 1 9662 9454 9663 XOR
2 1 9297 9459 9664 XOR
2 1 9624 9664 9665 AND
2 1 9665 9459 9666 XOR
2 1 9300 9464 9667 XOR
2 1 9624 9667 9668 AND
2 1 9668 9464 9669 XOR
2 1 9303 9469 9670 XOR
2 1 9624 9670 9671 AND
2 1 9671 9469 9672 XOR
2 1 9306 9474 9673 XOR
2 1 9624 9673 9674 AND
2 1 9674 9474 9675 XOR
2 1 9309 9479 9676 XOR
2 1 9624 9676 9677 AND
2 1 9677 9479 9678 XOR
2 1 9312 9484 9679 XOR
2 1 9624 9679 9680 AND
2 1 9680 9484 9681 XOR
2 1 9315 9489 9682 XOR
2 1 9624 9682 9683 AND
2 1 9683 9489 9684 XOR
2 1 9318 9494 9685 XOR
2 1 9624 9685 9686 AND
2 1 9686 9494 9687 XOR
2 1 9321 9499 9688 XOR
2 1 9624 9688 9689 AND
2 1 9689 9499 9690 XOR
2 1 9324 9504 9691 XOR
2 1 9624 9691 9692 AND
2 1 9692 9504 9693 XOR
2 1 9327 9509 9694 XOR
2 1 9624 9694 9695 AND
2 1 9695 9509 9696 XOR
2 1 9330 9514 9697 XOR
2 1 9624 9697 9698 AND
2 1 9698 9514 9699 XOR
2 1 9333 9519 9700 XOR
2 1 9624 9700 9701 AND
2 1 9701 9519 9702 XOR
2 1 9336 9524 9703 XOR
2 1 9624 9703 9704 AND
2 1 9704 9524 9705 XOR
2 1 9339 9529 9706 XOR
2 1 9624 9706 9707 AND
2 1 9707 9529 9708 XOR
2 1 9342 9534 9709 XOR
2 1 9624 9709 9710 AND
2 1 9710 9534 9711 XOR
2 1 9345 9539 9712 XOR
2 1 9624 9712 9713 AND
2 1 9713 9539 9714 XOR
2 1 9348 9544 9715 XOR
2 1 9624 9715 9716 AND
2 1 9716 9544 9717 XOR
2 1 9351 9549 9718 XOR
2 1 9624 9718 9719 AND
2 1 9719 9549 9720 XOR
2 1 9354 9554 9721 XOR
2 1 9624 9721 9722 AND
2 1 9722 9554 9723 XOR
2 1 9357 9559 9724 XOR
2 1 9624 9724 9725 AND
2 1 9725 9559 9726 XOR
2 1 9360 9564 9727 XOR
2 1 9624 9727 9728 AND
2 1 9728 9564 9729 XOR
2 1 9363 9569 9730 XOR
2 1 9624 9730 9731 AND
2 1 9731 9569 9732 XOR
2 1 9366 9574 9733 XOR
2 1 9624 9733 9734 AND
2 1 9734 9574 9735 XOR
2 1 9369 9579 9736 XOR
2 1 9624 9736 9737 AND
2 1 9737 9579 9738 XOR
2 1 9372 9584 9739 XOR
2 1 9624 9739 9740 AND
2 1 9740 9584 9741 XOR
2 1 9375 9589 9742 XOR
2 1 9624 9742 9743 AND
2 1 9743 9589 9744 XOR
2 1 9378 9594 9745 XOR
2 1 9624 9745 9746 AND
2 1 9746 9594 9747 XOR
2 1 9381 9599 9748 XOR
2 1 9624 9748 9749 AND
2 1 9749 9599 9750 XOR
2 1 9384 9604 9751 XOR
2 1 9624 9751 9752 AND
2 1 9752 9604 9753 XOR
2 1 9387 9609 9754 XOR
2 1 9624 9754 9755 AND
2 1 9755 9609 9756 XOR
2 1 9390 9614 9757 XOR
2 1 9624 9757 9758 AND
2 1 9758 9614 9759 XOR
2 1 9393 9619 9760 XOR
2 1 9624 9760 9761 AND
2 1 9761 9619 9762 XOR
1 1 9624 9763 INV
2 1 459 820 9764 XOR
2 1 9764 820 9765 AND
2 1 9627 821 9766 XOR
2 1 9765 821 9767 XOR
2 1 9766 9765 9768 XOR
2 1 9766 9767 9769 AND
2 1 9765 9769 9770 XOR
2 1 9630 822 9771 XOR
2 1 9770 822 9772 XOR
2 1 9771 9770 9773 XOR
2 1 9771 9772 9774 AND
2 1 9770 9774 9775 XOR
2 1 9633 823 9776 XOR
2 1 9775 823 9777 XOR
2 1 9776 9775 9778 XOR
2 1 9776 9777 9779 AND
2 1 9775 9779 9780 XOR
2 1 9636 824 9781 XOR
2 1 9780 824 9782 XOR
2 1 9781 9780 9783 XOR
2 1 9781 9782 9784 AND
2 1 9780 9784 9785 XOR
2 1 9639 825 9786 XOR
2 1 9785 825 9787 XOR
2 1 9786 9785 9788 XOR
2 1 9786 9787 9789 AND
2 1 9785 9789 9790 XOR
2 1 9642 826 9791 XOR
2 1 9790 826 9792 XOR
2 1 9791 9790 9793 XOR
2 1 9791 9792 9794 AND
2 1 9790 9794 9795 XOR
2 1 9645 827 9796 XOR
2 1 9795 827 9797 XOR
2 1 9796 9795 9798 XOR
2 1 9796 9797 9799 AND
2 1 9795 9799 9800 XOR
2 1 9648 828 9801 XOR
2 1 9800 828 9802 XOR
2 1 9801 9800 9803 XOR
2 1 9801 9802 9804 AND
2 1 9800 9804 9805 XOR
2 1 9651 829 9806 XOR
2 1 9805 829 9807 XOR
2 1 9806 9805 9808 XOR
2 1 9806 9807 9809 AND
2 1 9805 9809 9810 XOR
2 1 9654 830 9811 XOR
2 1 9810 830 9812 XOR
2 1 9811 9810 9813 XOR
2 1 9811 9812 9814 AND
2 1 9810 9814 9815 XOR
2 1 9657 831 9816 XOR
2 1 9815 831 9817 XOR
2 1 9816 9815 9818 XOR
2 1 9816 9817 9819 AND
2 1 9815 9819 9820 XOR
2 1 9660 832 9821 XOR
2 1 9820 832 9822 XOR
2 1 9821 9820 9823 XOR
2 1 9821 9822 9824 AND
2 1 9820 9824 9825 XOR
2 1 9663 833 9826 XOR
2 1 9825 833 9827 XOR
2 1 9826 9825 9828 XOR
2 1 9826 9827 9829 AND
2 1 9825 9829 9830 XOR
2 1 9666 834 9831 XOR
2 1 9830 834 9832 XOR
2 1 9831 9830 9833 XOR
2 1 9831 9832 9834 AND
2 1 9830 9834 9835 XOR
2 1 9669 835 9836 XOR
2 1 9835 835 9837 XOR
2 1 9836 9835 9838 XOR
2 1 9836 9837 9839 AND
2 1 9835 9839 9840 XOR
2 1 9672 836 9841 XOR
2 1 9840 836 9842 XOR
2 1 9841 9840 9843 XOR
2 1 9841 9842 9844 AND
2 1 9840 9844 9845 XOR
2 1 9675 837 9846 XOR
2 1 9845 837 9847 XOR
2 1 9846 9845 9848 XOR
2 1 9846 9847 9849 AND
2 1 9845 9849 9850 XOR
2 1 9678 838 9851 XOR
2 1 9850 838 9852 XOR
2 1 9851 9850 9853 XOR
2 1 9851 9852 9854 AND
2 1 9850 9854 9855 XOR
2 1 9681 839 9856 XOR
2 1 9855 839 9857 XOR
2 1 9856 9855 9858 XOR
2 1 9856 9857 9859 AND
2 1 9855 9859 9860 XOR
2 1 9684 840 9861 XOR
2 1 9860 840 9862 XOR
2 1 9861 9860 9863 XOR
2 1 9861 9862 9864 AND
2 1 9860 9864 9865 XOR
2 1 9687 841 9866 XOR
2 1 9865 841 9867 XOR
2 1 9866 9865 9868 XOR
2 1 9866 9867 9869 AND
2 1 9865 9869 9870 XOR
2 1 9690 842 9871 XOR
2 1 9870 842 9872 XOR
2 1 9871 9870 9873 XOR
2 1 9871 9872 9874 AND
2 1 9870 9874 9875 XOR
2 1 9693 843 9876 XOR
2 1 9875 843 9877 XOR
2 1 9876 9875 9878 XOR
2 1 9876 9877 9879 AND
2 1 9875 9879 9880 XOR
2 1 9696 844 9881 XOR
2 1 9880 844 9882 XOR
2 1 9881 9880 9883 XOR
2 1 9881 9882 9884 AND
2 1 9880 9884 9885 XOR
2 1 9699 845 9886 XOR
2 1 9885 845 9887 XOR
2 1 9886 9885 9888 XOR
2 1 9886 9887 9889 AND
2 1 9885 9889 9890 XOR
2 1 9702 846 9891 XOR
2 1 9890 846 9892 XOR
2 1 9891 9890 9893 XOR
2 1 9891 9892 9894 AND
2 1 9890 9894 9895 XOR
2 1 9705 847 9896 XOR
2 1 9895 847 9897 XOR
2 1 9896 9895 9898 XOR
2 1 9896 9897 9899 AND
2 1 9895 9899 9900 XOR
2 1 9708 848 9901 XOR
2 1 9900 848 9902 XOR
2 1 9901 9900 9903 XOR
2 1 9901 9902 9904 AND
2 1 9900 9904 9905 XOR
2 1 9711 849 9906 XOR
2 1 9905 849 9907 XOR
2 1 9906 9905 9908 XOR
2 1 9906 9907 9909 AND
2 1 9905 9909 9910 XOR
2 1 9714 850 9911 XOR
2 1 9910 850 9912 XOR
2 1 9911 9910 9913 XOR
2 1 9911 9912 9914 AND
2 1 9910 9914 9915 XOR
2 1 9717 851 9916 XOR
2 1 9915 851 9917 XOR
2 1 9916 9915 9918 XOR
2 1 9916 9917 9919 AND
2 1 9915 9919 9920 XOR
2 1 9720 852 9921 XOR
2 1 9920 852 9922 XOR
2 1 9921 9920 9923 XOR
2 1 9921 9922 9924 AND
2 1 9920 9924 9925 XOR
2 1 9723 853 9926 XOR
2 1 9925 853 9927 XOR
2 1 9926 9925 9928 XOR
2 1 9926 9927 9929 AND
2 1 9925 9929 9930 XOR
2 1 9726 854 9931 XOR
2 1 9930 854 9932 XOR
2 1 9931 9930 9933 XOR
2 1 9931 9932 9934 AND
2 1 9930 9934 9935 XOR
2 1 9729 855 9936 XOR
2 1 9935 855 9937 XOR
2 1 9936 9935 9938 XOR
2 1 9936 9937 9939 AND
2 1 9935 9939 9940 XOR
2 1 9732 856 9941 XOR
2 1 9940 856 9942 XOR
2 1 9941 9940 9943 XOR
2 1 9941 9942 9944 AND
2 1 9940 9944 9945 XOR
2 1 9735 857 9946 XOR
2 1 9945 857 9947 XOR
2 1 9946 9945 9948 XOR
2 1 9946 9947 9949 AND
2 1 9945 9949 9950 XOR
2 1 9738 858 9951 XOR
2 1 9950 858 9952 XOR
2 1 9951 9950 9953 XOR
2 1 9951 9952 9954 AND
2 1 9950 9954 9955 XOR
2 1 9741 859 9956 XOR
2 1 9955 859 9957 XOR
2 1 9956 9955 9958 XOR
2 1 9956 9957 9959 AND
2 1 9955 9959 9960 XOR
2 1 9744 860 9961 XOR
2 1 9960 860 9962 XOR
2 1 9961 9960 9963 XOR
2 1 9961 9962 9964 AND
2 1 9960 9964 9965 XOR
2 1 9747 861 9966 XOR
2 1 9965 861 9967 XOR
2 1 9966 9965 9968 XOR
2 1 9966 9967 9969 AND
2 1 9965 9969 9970 XOR
2 1 9750 862 9971 XOR
2 1 9970 862 9972 XOR
2 1 9971 9970 9973 XOR
2 1 9971 9972 9974 AND
2 1 9970 9974 9975 XOR
2 1 9753 863 9976 XOR
2 1 9975 863 9977 XOR
2 1 9976 9975 9978 XOR
2 1 9976 9977 9979 AND
2 1 9975 9979 9980 XOR
2 1 9756 864 9981 XOR
2 1 9980 864 9982 XOR
2 1 9981 9980 9983 XOR
2 1 9981 9982 9984 AND
2 1 9980 9984 9985 XOR
2 1 9759 865 9986 XOR
2 1 9985 865 9987 XOR
2 1 9986 9985 9988 XOR
2 1 9986 9987 9989 AND
2 1 9985 9989 9990 XOR
2 1 9762 866 9991 XOR
2 1 9990 866 9992 XOR
2 1 9991 9990 9993 XOR
2 1 9991 9992 9994 AND
2 1 9990 9994 9995 XOR
2 1 9995 931 9996 XOR
2 1 9995 931 9997 AND
2 1 9996 9997 9998 XOR
2 1 459 9764 9999 XOR
2 1 9998 9999 10000 AND
2 1 10000 9764 10001 XOR
2 1 9627 9768 10002 XOR
2 1 9998 10002 10003 AND
2 1 10003 9768 10004 XOR
2 1 9630 9773 10005 XOR
2 1 9998 10005 10006 AND
2 1 10006 9773 10007 XOR
2 1 9633 9778 10008 XOR
2 1 9998 10008 10009 AND
2 1 10009 9778 10010 XOR
2 1 9636 9783 10011 XOR
2 1 9998 10011 10012 AND
2 1 10012 9783 10013 XOR
2 1 9639 9788 10014 XOR
2 1 9998 10014 10015 AND
2 1 10015 9788 10016 XOR
2 1 9642 9793 10017 XOR
2 1 9998 10017 10018 AND
2 1 10018 9793 10019 XOR
2 1 9645 9798 10020 XOR
2 1 9998 10020 10021 AND
2 1 10021 9798 10022 XOR
2 1 9648 9803 10023 XOR
2 1 9998 10023 10024 AND
2 1 10024 9803 10025 XOR
2 1 9651 9808 10026 XOR
2 1 9998 10026 10027 AND
2 1 10027 9808 10028 XOR
2 1 9654 9813 10029 XOR
2 1 9998 10029 10030 AND
2 1 10030 9813 10031 XOR
2 1 9657 9818 10032 XOR
2 1 9998 10032 10033 AND
2 1 10033 9818 10034 XOR
2 1 9660 9823 10035 XOR
2 1 9998 10035 10036 AND
2 1 10036 9823 10037 XOR
2 1 9663 9828 10038 XOR
2 1 9998 10038 10039 AND
2 1 10039 9828 10040 XOR
2 1 9666 9833 10041 XOR
2 1 9998 10041 10042 AND
2 1 10042 9833 10043 XOR
2 1 9669 9838 10044 XOR
2 1 9998 10044 10045 AND
2 1 10045 9838 10046 XOR
2 1 9672 9843 10047 XOR
2 1 9998 10047 10048 AND
2 1 10048 9843 10049 XOR
2 1 9675 9848 10050 XOR
2 1 9998 10050 10051 AND
2 1 10051 9848 10052 XOR
2 1 9678 9853 10053 XOR
2 1 9998 10053 10054 AND
2 1 10054 9853 10055 XOR
2 1 9681 9858 10056 XOR
2 1 9998 10056 10057 AND
2 1 10057 9858 10058 XOR
2 1 9684 9863 10059 XOR
2 1 9998 10059 10060 AND
2 1 10060 9863 10061 XOR
2 1 9687 9868 10062 XOR
2 1 9998 10062 10063 AND
2 1 10063 9868 10064 XOR
2 1 9690 9873 10065 XOR
2 1 9998 10065 10066 AND
2 1 10066 9873 10067 XOR
2 1 9693 9878 10068 XOR
2 1 9998 10068 10069 AND
2 1 10069 9878 10070 XOR
2 1 9696 9883 10071 XOR
2 1 9998 10071 10072 AND
2 1 10072 9883 10073 XOR
2 1 9699 9888 10074 XOR
2 1 9998 10074 10075 AND
2 1 10075 9888 10076 XOR
2 1 9702 9893 10077 XOR
2 1 9998 10077 10078 AND
2 1 10078 9893 10079 XOR
2 1 9705 9898 10080 XOR
2 1 9998 10080 10081 AND
2 1 10081 9898 10082 XOR
2 1 9708 9903 10083 XOR
2 1 9998 10083 10084 AND
2 1 10084 9903 10085 XOR
2 1 9711 9908 10086 XOR
2 1 9998 10086 10087 AND
2 1 10087 9908 10088 XOR
2 1 9714 9913 10089 XOR
2 1 9998 10089 10090 AND
2 1 10090 9913 10091 XOR
2 1 9717 9918 10092 XOR
2 1 9998 10092 10093 AND
2 1 10093 9918 10094 XOR
2 1 9720 9923 10095 XOR
2 1 9998 10095 10096 AND
2 1 10096 9923 10097 XOR
2 1 9723 9928 10098 XOR
2 1 9998 10098 10099 AND
2 1 10099 9928 10100 XOR
2 1 9726 9933 10101 XOR
2 1 9998 10101 10102 AND
2 1 10102 9933 10103 XOR
2 1 9729 9938 10104 XOR
2 1 9998 10104 10105 AND
2 1 10105 9938 10106 XOR
2 1 9732 9943 10107 XOR
2 1 9998 10107 10108 AND
2 1 10108 9943 10109 XOR
2 1 9735 9948 10110 XOR
2 1 9998 10110 10111 AND
2 1 10111 9948 10112 XOR
2 1 9738 9953 10113 XOR
2 1 9998 10113 10114 AND
2 1 10114 9953 10115 XOR
2 1 9741 9958 10116 XOR
2 1 9998 10116 10117 AND
2 1 10117 9958 10118 XOR
2 1 9744 9963 10119 XOR
2 1 9998 10119 10120 AND
2 1 10120 9963 10121 XOR
2 1 9747 9968 10122 XOR
2 1 9998 10122 10123 AND
2 1 10123 9968 10124 XOR
2 1 9750 9973 10125 XOR
2 1 9998 10125 10126 AND
2 1 10126 9973 10127 XOR
2 1 9753 9978 10128 XOR
2 1 9998 10128 10129 AND
2 1 10129 9978 10130 XOR
2 1 9756 9983 10131 XOR
2 1 9998 10131 10132 AND
2 1 10132 9983 10133 XOR
2 1 9759 9988 10134 XOR
2 1 9998 10134 10135 AND
2 1 10135 9988 10136 XOR
2 1 9762 9993 10137 XOR
2 1 9998 10137 10138 AND
2 1 10138 9993 10139 XOR
1 1 9998 10140 INV
2 1 458 820 10141 XOR
2 1 10141 820 10142 AND
2 1 10001 821 10143 XOR
2 1 10142 821 10144 XOR
2 1 10143 10142 10145 XOR
2 1 10143 10144 10146 AND
2 1 10142 10146 10147 XOR
2 1 10004 822 10148 XOR
2 1 10147 822 10149 XOR
2 1 10148 10147 10150 XOR
2 1 10148 10149 10151 AND
2 1 10147 10151 10152 XOR
2 1 10007 823 10153 XOR
2 1 10152 823 10154 XOR
2 1 10153 10152 10155 XOR
2 1 10153 10154 10156 AND
2 1 10152 10156 10157 XOR
2 1 10010 824 10158 XOR
2 1 10157 824 10159 XOR
2 1 10158 10157 10160 XOR
2 1 10158 10159 10161 AND
2 1 10157 10161 10162 XOR
2 1 10013 825 10163 XOR
2 1 10162 825 10164 XOR
2 1 10163 10162 10165 XOR
2 1 10163 10164 10166 AND
2 1 10162 10166 10167 XOR
2 1 10016 826 10168 XOR
2 1 10167 826 10169 XOR
2 1 10168 10167 10170 XOR
2 1 10168 10169 10171 AND
2 1 10167 10171 10172 XOR
2 1 10019 827 10173 XOR
2 1 10172 827 10174 XOR
2 1 10173 10172 10175 XOR
2 1 10173 10174 10176 AND
2 1 10172 10176 10177 XOR
2 1 10022 828 10178 XOR
2 1 10177 828 10179 XOR
2 1 10178 10177 10180 XOR
2 1 10178 10179 10181 AND
2 1 10177 10181 10182 XOR
2 1 10025 829 10183 XOR
2 1 10182 829 10184 XOR
2 1 10183 10182 10185 XOR
2 1 10183 10184 10186 AND
2 1 10182 10186 10187 XOR
2 1 10028 830 10188 XOR
2 1 10187 830 10189 XOR
2 1 10188 10187 10190 XOR
2 1 10188 10189 10191 AND
2 1 10187 10191 10192 XOR
2 1 10031 831 10193 XOR
2 1 10192 831 10194 XOR
2 1 10193 10192 10195 XOR
2 1 10193 10194 10196 AND
2 1 10192 10196 10197 XOR
2 1 10034 832 10198 XOR
2 1 10197 832 10199 XOR
2 1 10198 10197 10200 XOR
2 1 10198 10199 10201 AND
2 1 10197 10201 10202 XOR
2 1 10037 833 10203 XOR
2 1 10202 833 10204 XOR
2 1 10203 10202 10205 XOR
2 1 10203 10204 10206 AND
2 1 10202 10206 10207 XOR
2 1 10040 834 10208 XOR
2 1 10207 834 10209 XOR
2 1 10208 10207 10210 XOR
2 1 10208 10209 10211 AND
2 1 10207 10211 10212 XOR
2 1 10043 835 10213 XOR
2 1 10212 835 10214 XOR
2 1 10213 10212 10215 XOR
2 1 10213 10214 10216 AND
2 1 10212 10216 10217 XOR
2 1 10046 836 10218 XOR
2 1 10217 836 10219 XOR
2 1 10218 10217 10220 XOR
2 1 10218 10219 10221 AND
2 1 10217 10221 10222 XOR
2 1 10049 837 10223 XOR
2 1 10222 837 10224 XOR
2 1 10223 10222 10225 XOR
2 1 10223 10224 10226 AND
2 1 10222 10226 10227 XOR
2 1 10052 838 10228 XOR
2 1 10227 838 10229 XOR
2 1 10228 10227 10230 XOR
2 1 10228 10229 10231 AND
2 1 10227 10231 10232 XOR
2 1 10055 839 10233 XOR
2 1 10232 839 10234 XOR
2 1 10233 10232 10235 XOR
2 1 10233 10234 10236 AND
2 1 10232 10236 10237 XOR
2 1 10058 840 10238 XOR
2 1 10237 840 10239 XOR
2 1 10238 10237 10240 XOR
2 1 10238 10239 10241 AND
2 1 10237 10241 10242 XOR
2 1 10061 841 10243 XOR
2 1 10242 841 10244 XOR
2 1 10243 10242 10245 XOR
2 1 10243 10244 10246 AND
2 1 10242 10246 10247 XOR
2 1 10064 842 10248 XOR
2 1 10247 842 10249 XOR
2 1 10248 10247 10250 XOR
2 1 10248 10249 10251 AND
2 1 10247 10251 10252 XOR
2 1 10067 843 10253 XOR
2 1 10252 843 10254 XOR
2 1 10253 10252 10255 XOR
2 1 10253 10254 10256 AND
2 1 10252 10256 10257 XOR
2 1 10070 844 10258 XOR
2 1 10257 844 10259 XOR
2 1 10258 10257 10260 XOR
2 1 10258 10259 10261 AND
2 1 10257 10261 10262 XOR
2 1 10073 845 10263 XOR
2 1 10262 845 10264 XOR
2 1 10263 10262 10265 XOR
2 1 10263 10264 10266 AND
2 1 10262 10266 10267 XOR
2 1 10076 846 10268 XOR
2 1 10267 846 10269 XOR
2 1 10268 10267 10270 XOR
2 1 10268 10269 10271 AND
2 1 10267 10271 10272 XOR
2 1 10079 847 10273 XOR
2 1 10272 847 10274 XOR
2 1 10273 10272 10275 XOR
2 1 10273 10274 10276 AND
2 1 10272 10276 10277 XOR
2 1 10082 848 10278 XOR
2 1 10277 848 10279 XOR
2 1 10278 10277 10280 XOR
2 1 10278 10279 10281 AND
2 1 10277 10281 10282 XOR
2 1 10085 849 10283 XOR
2 1 10282 849 10284 XOR
2 1 10283 10282 10285 XOR
2 1 10283 10284 10286 AND
2 1 10282 10286 10287 XOR
2 1 10088 850 10288 XOR
2 1 10287 850 10289 XOR
2 1 10288 10287 10290 XOR
2 1 10288 10289 10291 AND
2 1 10287 10291 10292 XOR
2 1 10091 851 10293 XOR
2 1 10292 851 10294 XOR
2 1 10293 10292 10295 XOR
2 1 10293 10294 10296 AND
2 1 10292 10296 10297 XOR
2 1 10094 852 10298 XOR
2 1 10297 852 10299 XOR
2 1 10298 10297 10300 XOR
2 1 10298 10299 10301 AND
2 1 10297 10301 10302 XOR
2 1 10097 853 10303 XOR
2 1 10302 853 10304 XOR
2 1 10303 10302 10305 XOR
2 1 10303 10304 10306 AND
2 1 10302 10306 10307 XOR
2 1 10100 854 10308 XOR
2 1 10307 854 10309 XOR
2 1 10308 10307 10310 XOR
2 1 10308 10309 10311 AND
2 1 10307 10311 10312 XOR
2 1 10103 855 10313 XOR
2 1 10312 855 10314 XOR
2 1 10313 10312 10315 XOR
2 1 10313 10314 10316 AND
2 1 10312 10316 10317 XOR
2 1 10106 856 10318 XOR
2 1 10317 856 10319 XOR
2 1 10318 10317 10320 XOR
2 1 10318 10319 10321 AND
2 1 10317 10321 10322 XOR
2 1 10109 857 10323 XOR
2 1 10322 857 10324 XOR
2 1 10323 10322 10325 XOR
2 1 10323 10324 10326 AND
2 1 10322 10326 10327 XOR
2 1 10112 858 10328 XOR
2 1 10327 858 10329 XOR
2 1 10328 10327 10330 XOR
2 1 10328 10329 10331 AND
2 1 10327 10331 10332 XOR
2 1 10115 859 10333 XOR
2 1 10332 859 10334 XOR
2 1 10333 10332 10335 XOR
2 1 10333 10334 10336 AND
2 1 10332 10336 10337 XOR
2 1 10118 860 10338 XOR
2 1 10337 860 10339 XOR
2 1 10338 10337 10340 XOR
2 1 10338 10339 10341 AND
2 1 10337 10341 10342 XOR
2 1 10121 861 10343 XOR
2 1 10342 861 10344 XOR
2 1 10343 10342 10345 XOR
2 1 10343 10344 10346 AND
2 1 10342 10346 10347 XOR
2 1 10124 862 10348 XOR
2 1 10347 862 10349 XOR
2 1 10348 10347 10350 XOR
2 1 10348 10349 10351 AND
2 1 10347 10351 10352 XOR
2 1 10127 863 10353 XOR
2 1 10352 863 10354 XOR
2 1 10353 10352 10355 XOR
2 1 10353 10354 10356 AND
2 1 10352 10356 10357 XOR
2 1 10130 864 10358 XOR
2 1 10357 864 10359 XOR
2 1 10358 10357 10360 XOR
2 1 10358 10359 10361 AND
2 1 10357 10361 10362 XOR
2 1 10133 865 10363 XOR
2 1 10362 865 10364 XOR
2 1 10363 10362 10365 XOR
2 1 10363 10364 10366 AND
2 1 10362 10366 10367 XOR
2 1 10136 866 10368 XOR
2 1 10367 866 10369 XOR
2 1 10368 10367 10370 XOR
2 1 10368 10369 10371 AND
2 1 10367 10371 10372 XOR
2 1 10139 867 10373 XOR
2 1 10372 867 10374 XOR
2 1 10373 10372 10375 XOR
2 1 10373 10374 10376 AND
2 1 10372 10376 10377 XOR
2 1 10377 928 10378 XOR
2 1 10377 928 10379 AND
2 1 10378 10379 10380 XOR
2 1 458 10141 10381 XOR
2 1 10380 10381 10382 AND
2 1 10382 10141 10383 XOR
2 1 10001 10145 10384 XOR
2 1 10380 10384 10385 AND
2 1 10385 10145 10386 XOR
2 1 10004 10150 10387 XOR
2 1 10380 10387 10388 AND
2 1 10388 10150 10389 XOR
2 1 10007 10155 10390 XOR
2 1 10380 10390 10391 AND
2 1 10391 10155 10392 XOR
2 1 10010 10160 10393 XOR
2 1 10380 10393 10394 AND
2 1 10394 10160 10395 XOR
2 1 10013 10165 10396 XOR
2 1 10380 10396 10397 AND
2 1 10397 10165 10398 XOR
2 1 10016 10170 10399 XOR
2 1 10380 10399 10400 AND
2 1 10400 10170 10401 XOR
2 1 10019 10175 10402 XOR
2 1 10380 10402 10403 AND
2 1 10403 10175 10404 XOR
2 1 10022 10180 10405 XOR
2 1 10380 10405 10406 AND
2 1 10406 10180 10407 XOR
2 1 10025 10185 10408 XOR
2 1 10380 10408 10409 AND
2 1 10409 10185 10410 XOR
2 1 10028 10190 10411 XOR
2 1 10380 10411 10412 AND
2 1 10412 10190 10413 XOR
2 1 10031 10195 10414 XOR
2 1 10380 10414 10415 AND
2 1 10415 10195 10416 XOR
2 1 10034 10200 10417 XOR
2 1 10380 10417 10418 AND
2 1 10418 10200 10419 XOR
2 1 10037 10205 10420 XOR
2 1 10380 10420 10421 AND
2 1 10421 10205 10422 XOR
2 1 10040 10210 10423 XOR
2 1 10380 10423 10424 AND
2 1 10424 10210 10425 XOR
2 1 10043 10215 10426 XOR
2 1 10380 10426 10427 AND
2 1 10427 10215 10428 XOR
2 1 10046 10220 10429 XOR
2 1 10380 10429 10430 AND
2 1 10430 10220 10431 XOR
2 1 10049 10225 10432 XOR
2 1 10380 10432 10433 AND
2 1 10433 10225 10434 XOR
2 1 10052 10230 10435 XOR
2 1 10380 10435 10436 AND
2 1 10436 10230 10437 XOR
2 1 10055 10235 10438 XOR
2 1 10380 10438 10439 AND
2 1 10439 10235 10440 XOR
2 1 10058 10240 10441 XOR
2 1 10380 10441 10442 AND
2 1 10442 10240 10443 XOR
2 1 10061 10245 10444 XOR
2 1 10380 10444 10445 AND
2 1 10445 10245 10446 XOR
2 1 10064 10250 10447 XOR
2 1 10380 10447 10448 AND
2 1 10448 10250 10449 XOR
2 1 10067 10255 10450 XOR
2 1 10380 10450 10451 AND
2 1 10451 10255 10452 XOR
2 1 10070 10260 10453 XOR
2 1 10380 10453 10454 AND
2 1 10454 10260 10455 XOR
2 1 10073 10265 10456 XOR
2 1 10380 10456 10457 AND
2 1 10457 10265 10458 XOR
2 1 10076 10270 10459 XOR
2 1 10380 10459 10460 AND
2 1 10460 10270 10461 XOR
2 1 10079 10275 10462 XOR
2 1 10380 10462 10463 AND
2 1 10463 10275 10464 XOR
2 1 10082 10280 10465 XOR
2 1 10380 10465 10466 AND
2 1 10466 10280 10467 XOR
2 1 10085 10285 10468 XOR
2 1 10380 10468 10469 AND
2 1 10469 10285 10470 XOR
2 1 10088 10290 10471 XOR
2 1 10380 10471 10472 AND
2 1 10472 10290 10473 XOR
2 1 10091 10295 10474 XOR
2 1 10380 10474 10475 AND
2 1 10475 10295 10476 XOR
2 1 10094 10300 10477 XOR
2 1 10380 10477 10478 AND
2 1 10478 10300 10479 XOR
2 1 10097 10305 10480 XOR
2 1 10380 10480 10481 AND
2 1 10481 10305 10482 XOR
2 1 10100 10310 10483 XOR
2 1 10380 10483 10484 AND
2 1 10484 10310 10485 XOR
2 1 10103 10315 10486 XOR
2 1 10380 10486 10487 AND
2 1 10487 10315 10488 XOR
2 1 10106 10320 10489 XOR
2 1 10380 10489 10490 AND
2 1 10490 10320 10491 XOR
2 1 10109 10325 10492 XOR
2 1 10380 10492 10493 AND
2 1 10493 10325 10494 XOR
2 1 10112 10330 10495 XOR
2 1 10380 10495 10496 AND
2 1 10496 10330 10497 XOR
2 1 10115 10335 10498 XOR
2 1 10380 10498 10499 AND
2 1 10499 10335 10500 XOR
2 1 10118 10340 10501 XOR
2 1 10380 10501 10502 AND
2 1 10502 10340 10503 XOR
2 1 10121 10345 10504 XOR
2 1 10380 10504 10505 AND
2 1 10505 10345 10506 XOR
2 1 10124 10350 10507 XOR
2 1 10380 10507 10508 AND
2 1 10508 10350 10509 XOR
2 1 10127 10355 10510 XOR
2 1 10380 10510 10511 AND
2 1 10511 10355 10512 XOR
2 1 10130 10360 10513 XOR
2 1 10380 10513 10514 AND
2 1 10514 10360 10515 XOR
2 1 10133 10365 10516 XOR
2 1 10380 10516 10517 AND
2 1 10517 10365 10518 XOR
2 1 10136 10370 10519 XOR
2 1 10380 10519 10520 AND
2 1 10520 10370 10521 XOR
2 1 10139 10375 10522 XOR
2 1 10380 10522 10523 AND
2 1 10523 10375 10524 XOR
1 1 10380 10525 INV
2 1 457 820 10526 XOR
2 1 10526 820 10527 AND
2 1 10383 821 10528 XOR
2 1 10527 821 10529 XOR
2 1 10528 10527 10530 XOR
2 1 10528 10529 10531 AND
2 1 10527 10531 10532 XOR
2 1 10386 822 10533 XOR
2 1 10532 822 10534 XOR
2 1 10533 10532 10535 XOR
2 1 10533 10534 10536 AND
2 1 10532 10536 10537 XOR
2 1 10389 823 10538 XOR
2 1 10537 823 10539 XOR
2 1 10538 10537 10540 XOR
2 1 10538 10539 10541 AND
2 1 10537 10541 10542 XOR
2 1 10392 824 10543 XOR
2 1 10542 824 10544 XOR
2 1 10543 10542 10545 XOR
2 1 10543 10544 10546 AND
2 1 10542 10546 10547 XOR
2 1 10395 825 10548 XOR
2 1 10547 825 10549 XOR
2 1 10548 10547 10550 XOR
2 1 10548 10549 10551 AND
2 1 10547 10551 10552 XOR
2 1 10398 826 10553 XOR
2 1 10552 826 10554 XOR
2 1 10553 10552 10555 XOR
2 1 10553 10554 10556 AND
2 1 10552 10556 10557 XOR
2 1 10401 827 10558 XOR
2 1 10557 827 10559 XOR
2 1 10558 10557 10560 XOR
2 1 10558 10559 10561 AND
2 1 10557 10561 10562 XOR
2 1 10404 828 10563 XOR
2 1 10562 828 10564 XOR
2 1 10563 10562 10565 XOR
2 1 10563 10564 10566 AND
2 1 10562 10566 10567 XOR
2 1 10407 829 10568 XOR
2 1 10567 829 10569 XOR
2 1 10568 10567 10570 XOR
2 1 10568 10569 10571 AND
2 1 10567 10571 10572 XOR
2 1 10410 830 10573 XOR
2 1 10572 830 10574 XOR
2 1 10573 10572 10575 XOR
2 1 10573 10574 10576 AND
2 1 10572 10576 10577 XOR
2 1 10413 831 10578 XOR
2 1 10577 831 10579 XOR
2 1 10578 10577 10580 XOR
2 1 10578 10579 10581 AND
2 1 10577 10581 10582 XOR
2 1 10416 832 10583 XOR
2 1 10582 832 10584 XOR
2 1 10583 10582 10585 XOR
2 1 10583 10584 10586 AND
2 1 10582 10586 10587 XOR
2 1 10419 833 10588 XOR
2 1 10587 833 10589 XOR
2 1 10588 10587 10590 XOR
2 1 10588 10589 10591 AND
2 1 10587 10591 10592 XOR
2 1 10422 834 10593 XOR
2 1 10592 834 10594 XOR
2 1 10593 10592 10595 XOR
2 1 10593 10594 10596 AND
2 1 10592 10596 10597 XOR
2 1 10425 835 10598 XOR
2 1 10597 835 10599 XOR
2 1 10598 10597 10600 XOR
2 1 10598 10599 10601 AND
2 1 10597 10601 10602 XOR
2 1 10428 836 10603 XOR
2 1 10602 836 10604 XOR
2 1 10603 10602 10605 XOR
2 1 10603 10604 10606 AND
2 1 10602 10606 10607 XOR
2 1 10431 837 10608 XOR
2 1 10607 837 10609 XOR
2 1 10608 10607 10610 XOR
2 1 10608 10609 10611 AND
2 1 10607 10611 10612 XOR
2 1 10434 838 10613 XOR
2 1 10612 838 10614 XOR
2 1 10613 10612 10615 XOR
2 1 10613 10614 10616 AND
2 1 10612 10616 10617 XOR
2 1 10437 839 10618 XOR
2 1 10617 839 10619 XOR
2 1 10618 10617 10620 XOR
2 1 10618 10619 10621 AND
2 1 10617 10621 10622 XOR
2 1 10440 840 10623 XOR
2 1 10622 840 10624 XOR
2 1 10623 10622 10625 XOR
2 1 10623 10624 10626 AND
2 1 10622 10626 10627 XOR
2 1 10443 841 10628 XOR
2 1 10627 841 10629 XOR
2 1 10628 10627 10630 XOR
2 1 10628 10629 10631 AND
2 1 10627 10631 10632 XOR
2 1 10446 842 10633 XOR
2 1 10632 842 10634 XOR
2 1 10633 10632 10635 XOR
2 1 10633 10634 10636 AND
2 1 10632 10636 10637 XOR
2 1 10449 843 10638 XOR
2 1 10637 843 10639 XOR
2 1 10638 10637 10640 XOR
2 1 10638 10639 10641 AND
2 1 10637 10641 10642 XOR
2 1 10452 844 10643 XOR
2 1 10642 844 10644 XOR
2 1 10643 10642 10645 XOR
2 1 10643 10644 10646 AND
2 1 10642 10646 10647 XOR
2 1 10455 845 10648 XOR
2 1 10647 845 10649 XOR
2 1 10648 10647 10650 XOR
2 1 10648 10649 10651 AND
2 1 10647 10651 10652 XOR
2 1 10458 846 10653 XOR
2 1 10652 846 10654 XOR
2 1 10653 10652 10655 XOR
2 1 10653 10654 10656 AND
2 1 10652 10656 10657 XOR
2 1 10461 847 10658 XOR
2 1 10657 847 10659 XOR
2 1 10658 10657 10660 XOR
2 1 10658 10659 10661 AND
2 1 10657 10661 10662 XOR
2 1 10464 848 10663 XOR
2 1 10662 848 10664 XOR
2 1 10663 10662 10665 XOR
2 1 10663 10664 10666 AND
2 1 10662 10666 10667 XOR
2 1 10467 849 10668 XOR
2 1 10667 849 10669 XOR
2 1 10668 10667 10670 XOR
2 1 10668 10669 10671 AND
2 1 10667 10671 10672 XOR
2 1 10470 850 10673 XOR
2 1 10672 850 10674 XOR
2 1 10673 10672 10675 XOR
2 1 10673 10674 10676 AND
2 1 10672 10676 10677 XOR
2 1 10473 851 10678 XOR
2 1 10677 851 10679 XOR
2 1 10678 10677 10680 XOR
2 1 10678 10679 10681 AND
2 1 10677 10681 10682 XOR
2 1 10476 852 10683 XOR
2 1 10682 852 10684 XOR
2 1 10683 10682 10685 XOR
2 1 10683 10684 10686 AND
2 1 10682 10686 10687 XOR
2 1 10479 853 10688 XOR
2 1 10687 853 10689 XOR
2 1 10688 10687 10690 XOR
2 1 10688 10689 10691 AND
2 1 10687 10691 10692 XOR
2 1 10482 854 10693 XOR
2 1 10692 854 10694 XOR
2 1 10693 10692 10695 XOR
2 1 10693 10694 10696 AND
2 1 10692 10696 10697 XOR
2 1 10485 855 10698 XOR
2 1 10697 855 10699 XOR
2 1 10698 10697 10700 XOR
2 1 10698 10699 10701 AND
2 1 10697 10701 10702 XOR
2 1 10488 856 10703 XOR
2 1 10702 856 10704 XOR
2 1 10703 10702 10705 XOR
2 1 10703 10704 10706 AND
2 1 10702 10706 10707 XOR
2 1 10491 857 10708 XOR
2 1 10707 857 10709 XOR
2 1 10708 10707 10710 XOR
2 1 10708 10709 10711 AND
2 1 10707 10711 10712 XOR
2 1 10494 858 10713 XOR
2 1 10712 858 10714 XOR
2 1 10713 10712 10715 XOR
2 1 10713 10714 10716 AND
2 1 10712 10716 10717 XOR
2 1 10497 859 10718 XOR
2 1 10717 859 10719 XOR
2 1 10718 10717 10720 XOR
2 1 10718 10719 10721 AND
2 1 10717 10721 10722 XOR
2 1 10500 860 10723 XOR
2 1 10722 860 10724 XOR
2 1 10723 10722 10725 XOR
2 1 10723 10724 10726 AND
2 1 10722 10726 10727 XOR
2 1 10503 861 10728 XOR
2 1 10727 861 10729 XOR
2 1 10728 10727 10730 XOR
2 1 10728 10729 10731 AND
2 1 10727 10731 10732 XOR
2 1 10506 862 10733 XOR
2 1 10732 862 10734 XOR
2 1 10733 10732 10735 XOR
2 1 10733 10734 10736 AND
2 1 10732 10736 10737 XOR
2 1 10509 863 10738 XOR
2 1 10737 863 10739 XOR
2 1 10738 10737 10740 XOR
2 1 10738 10739 10741 AND
2 1 10737 10741 10742 XOR
2 1 10512 864 10743 XOR
2 1 10742 864 10744 XOR
2 1 10743 10742 10745 XOR
2 1 10743 10744 10746 AND
2 1 10742 10746 10747 XOR
2 1 10515 865 10748 XOR
2 1 10747 865 10749 XOR
2 1 10748 10747 10750 XOR
2 1 10748 10749 10751 AND
2 1 10747 10751 10752 XOR
2 1 10518 866 10753 XOR
2 1 10752 866 10754 XOR
2 1 10753 10752 10755 XOR
2 1 10753 10754 10756 AND
2 1 10752 10756 10757 XOR
2 1 10521 867 10758 XOR
2 1 10757 867 10759 XOR
2 1 10758 10757 10760 XOR
2 1 10758 10759 10761 AND
2 1 10757 10761 10762 XOR
2 1 10524 868 10763 XOR
2 1 10762 868 10764 XOR
2 1 10763 10762 10765 XOR
2 1 10763 10764 10766 AND
2 1 10762 10766 10767 XOR
2 1 10767 925 10768 XOR
2 1 10767 925 10769 AND
2 1 10768 10769 10770 XOR
2 1 457 10526 10771 XOR
2 1 10770 10771 10772 AND
2 1 10772 10526 10773 XOR
2 1 10383 10530 10774 XOR
2 1 10770 10774 10775 AND
2 1 10775 10530 10776 XOR
2 1 10386 10535 10777 XOR
2 1 10770 10777 10778 AND
2 1 10778 10535 10779 XOR
2 1 10389 10540 10780 XOR
2 1 10770 10780 10781 AND
2 1 10781 10540 10782 XOR
2 1 10392 10545 10783 XOR
2 1 10770 10783 10784 AND
2 1 10784 10545 10785 XOR
2 1 10395 10550 10786 XOR
2 1 10770 10786 10787 AND
2 1 10787 10550 10788 XOR
2 1 10398 10555 10789 XOR
2 1 10770 10789 10790 AND
2 1 10790 10555 10791 XOR
2 1 10401 10560 10792 XOR
2 1 10770 10792 10793 AND
2 1 10793 10560 10794 XOR
2 1 10404 10565 10795 XOR
2 1 10770 10795 10796 AND
2 1 10796 10565 10797 XOR
2 1 10407 10570 10798 XOR
2 1 10770 10798 10799 AND
2 1 10799 10570 10800 XOR
2 1 10410 10575 10801 XOR
2 1 10770 10801 10802 AND
2 1 10802 10575 10803 XOR
2 1 10413 10580 10804 XOR
2 1 10770 10804 10805 AND
2 1 10805 10580 10806 XOR
2 1 10416 10585 10807 XOR
2 1 10770 10807 10808 AND
2 1 10808 10585 10809 XOR
2 1 10419 10590 10810 XOR
2 1 10770 10810 10811 AND
2 1 10811 10590 10812 XOR
2 1 10422 10595 10813 XOR
2 1 10770 10813 10814 AND
2 1 10814 10595 10815 XOR
2 1 10425 10600 10816 XOR
2 1 10770 10816 10817 AND
2 1 10817 10600 10818 XOR
2 1 10428 10605 10819 XOR
2 1 10770 10819 10820 AND
2 1 10820 10605 10821 XOR
2 1 10431 10610 10822 XOR
2 1 10770 10822 10823 AND
2 1 10823 10610 10824 XOR
2 1 10434 10615 10825 XOR
2 1 10770 10825 10826 AND
2 1 10826 10615 10827 XOR
2 1 10437 10620 10828 XOR
2 1 10770 10828 10829 AND
2 1 10829 10620 10830 XOR
2 1 10440 10625 10831 XOR
2 1 10770 10831 10832 AND
2 1 10832 10625 10833 XOR
2 1 10443 10630 10834 XOR
2 1 10770 10834 10835 AND
2 1 10835 10630 10836 XOR
2 1 10446 10635 10837 XOR
2 1 10770 10837 10838 AND
2 1 10838 10635 10839 XOR
2 1 10449 10640 10840 XOR
2 1 10770 10840 10841 AND
2 1 10841 10640 10842 XOR
2 1 10452 10645 10843 XOR
2 1 10770 10843 10844 AND
2 1 10844 10645 10845 XOR
2 1 10455 10650 10846 XOR
2 1 10770 10846 10847 AND
2 1 10847 10650 10848 XOR
2 1 10458 10655 10849 XOR
2 1 10770 10849 10850 AND
2 1 10850 10655 10851 XOR
2 1 10461 10660 10852 XOR
2 1 10770 10852 10853 AND
2 1 10853 10660 10854 XOR
2 1 10464 10665 10855 XOR
2 1 10770 10855 10856 AND
2 1 10856 10665 10857 XOR
2 1 10467 10670 10858 XOR
2 1 10770 10858 10859 AND
2 1 10859 10670 10860 XOR
2 1 10470 10675 10861 XOR
2 1 10770 10861 10862 AND
2 1 10862 10675 10863 XOR
2 1 10473 10680 10864 XOR
2 1 10770 10864 10865 AND
2 1 10865 10680 10866 XOR
2 1 10476 10685 10867 XOR
2 1 10770 10867 10868 AND
2 1 10868 10685 10869 XOR
2 1 10479 10690 10870 XOR
2 1 10770 10870 10871 AND
2 1 10871 10690 10872 XOR
2 1 10482 10695 10873 XOR
2 1 10770 10873 10874 AND
2 1 10874 10695 10875 XOR
2 1 10485 10700 10876 XOR
2 1 10770 10876 10877 AND
2 1 10877 10700 10878 XOR
2 1 10488 10705 10879 XOR
2 1 10770 10879 10880 AND
2 1 10880 10705 10881 XOR
2 1 10491 10710 10882 XOR
2 1 10770 10882 10883 AND
2 1 10883 10710 10884 XOR
2 1 10494 10715 10885 XOR
2 1 10770 10885 10886 AND
2 1 10886 10715 10887 XOR
2 1 10497 10720 10888 XOR
2 1 10770 10888 10889 AND
2 1 10889 10720 10890 XOR
2 1 10500 10725 10891 XOR
2 1 10770 10891 10892 AND
2 1 10892 10725 10893 XOR
2 1 10503 10730 10894 XOR
2 1 10770 10894 10895 AND
2 1 10895 10730 10896 XOR
2 1 10506 10735 10897 XOR
2 1 10770 10897 10898 AND
2 1 10898 10735 10899 XOR
2 1 10509 10740 10900 XOR
2 1 10770 10900 10901 AND
2 1 10901 10740 10902 XOR
2 1 10512 10745 10903 XOR
2 1 10770 10903 10904 AND
2 1 10904 10745 10905 XOR
2 1 10515 10750 10906 XOR
2 1 10770 10906 10907 AND
2 1 10907 10750 10908 XOR
2 1 10518 10755 10909 XOR
2 1 10770 10909 10910 AND
2 1 10910 10755 10911 XOR
2 1 10521 10760 10912 XOR
2 1 10770 10912 10913 AND
2 1 10913 10760 10914 XOR
2 1 10524 10765 10915 XOR
2 1 10770 10915 10916 AND
2 1 10916 10765 10917 XOR
1 1 10770 10918 INV
2 1 456 820 10919 XOR
2 1 10919 820 10920 AND
2 1 10773 821 10921 XOR
2 1 10920 821 10922 XOR
2 1 10921 10920 10923 XOR
2 1 10921 10922 10924 AND
2 1 10920 10924 10925 XOR
2 1 10776 822 10926 XOR
2 1 10925 822 10927 XOR
2 1 10926 10925 10928 XOR
2 1 10926 10927 10929 AND
2 1 10925 10929 10930 XOR
2 1 10779 823 10931 XOR
2 1 10930 823 10932 XOR
2 1 10931 10930 10933 XOR
2 1 10931 10932 10934 AND
2 1 10930 10934 10935 XOR
2 1 10782 824 10936 XOR
2 1 10935 824 10937 XOR
2 1 10936 10935 10938 XOR
2 1 10936 10937 10939 AND
2 1 10935 10939 10940 XOR
2 1 10785 825 10941 XOR
2 1 10940 825 10942 XOR
2 1 10941 10940 10943 XOR
2 1 10941 10942 10944 AND
2 1 10940 10944 10945 XOR
2 1 10788 826 10946 XOR
2 1 10945 826 10947 XOR
2 1 10946 10945 10948 XOR
2 1 10946 10947 10949 AND
2 1 10945 10949 10950 XOR
2 1 10791 827 10951 XOR
2 1 10950 827 10952 XOR
2 1 10951 10950 10953 XOR
2 1 10951 10952 10954 AND
2 1 10950 10954 10955 XOR
2 1 10794 828 10956 XOR
2 1 10955 828 10957 XOR
2 1 10956 10955 10958 XOR
2 1 10956 10957 10959 AND
2 1 10955 10959 10960 XOR
2 1 10797 829 10961 XOR
2 1 10960 829 10962 XOR
2 1 10961 10960 10963 XOR
2 1 10961 10962 10964 AND
2 1 10960 10964 10965 XOR
2 1 10800 830 10966 XOR
2 1 10965 830 10967 XOR
2 1 10966 10965 10968 XOR
2 1 10966 10967 10969 AND
2 1 10965 10969 10970 XOR
2 1 10803 831 10971 XOR
2 1 10970 831 10972 XOR
2 1 10971 10970 10973 XOR
2 1 10971 10972 10974 AND
2 1 10970 10974 10975 XOR
2 1 10806 832 10976 XOR
2 1 10975 832 10977 XOR
2 1 10976 10975 10978 XOR
2 1 10976 10977 10979 AND
2 1 10975 10979 10980 XOR
2 1 10809 833 10981 XOR
2 1 10980 833 10982 XOR
2 1 10981 10980 10983 XOR
2 1 10981 10982 10984 AND
2 1 10980 10984 10985 XOR
2 1 10812 834 10986 XOR
2 1 10985 834 10987 XOR
2 1 10986 10985 10988 XOR
2 1 10986 10987 10989 AND
2 1 10985 10989 10990 XOR
2 1 10815 835 10991 XOR
2 1 10990 835 10992 XOR
2 1 10991 10990 10993 XOR
2 1 10991 10992 10994 AND
2 1 10990 10994 10995 XOR
2 1 10818 836 10996 XOR
2 1 10995 836 10997 XOR
2 1 10996 10995 10998 XOR
2 1 10996 10997 10999 AND
2 1 10995 10999 11000 XOR
2 1 10821 837 11001 XOR
2 1 11000 837 11002 XOR
2 1 11001 11000 11003 XOR
2 1 11001 11002 11004 AND
2 1 11000 11004 11005 XOR
2 1 10824 838 11006 XOR
2 1 11005 838 11007 XOR
2 1 11006 11005 11008 XOR
2 1 11006 11007 11009 AND
2 1 11005 11009 11010 XOR
2 1 10827 839 11011 XOR
2 1 11010 839 11012 XOR
2 1 11011 11010 11013 XOR
2 1 11011 11012 11014 AND
2 1 11010 11014 11015 XOR
2 1 10830 840 11016 XOR
2 1 11015 840 11017 XOR
2 1 11016 11015 11018 XOR
2 1 11016 11017 11019 AND
2 1 11015 11019 11020 XOR
2 1 10833 841 11021 XOR
2 1 11020 841 11022 XOR
2 1 11021 11020 11023 XOR
2 1 11021 11022 11024 AND
2 1 11020 11024 11025 XOR
2 1 10836 842 11026 XOR
2 1 11025 842 11027 XOR
2 1 11026 11025 11028 XOR
2 1 11026 11027 11029 AND
2 1 11025 11029 11030 XOR
2 1 10839 843 11031 XOR
2 1 11030 843 11032 XOR
2 1 11031 11030 11033 XOR
2 1 11031 11032 11034 AND
2 1 11030 11034 11035 XOR
2 1 10842 844 11036 XOR
2 1 11035 844 11037 XOR
2 1 11036 11035 11038 XOR
2 1 11036 11037 11039 AND
2 1 11035 11039 11040 XOR
2 1 10845 845 11041 XOR
2 1 11040 845 11042 XOR
2 1 11041 11040 11043 XOR
2 1 11041 11042 11044 AND
2 1 11040 11044 11045 XOR
2 1 10848 846 11046 XOR
2 1 11045 846 11047 XOR
2 1 11046 11045 11048 XOR
2 1 11046 11047 11049 AND
2 1 11045 11049 11050 XOR
2 1 10851 847 11051 XOR
2 1 11050 847 11052 XOR
2 1 11051 11050 11053 XOR
2 1 11051 11052 11054 AND
2 1 11050 11054 11055 XOR
2 1 10854 848 11056 XOR
2 1 11055 848 11057 XOR
2 1 11056 11055 11058 XOR
2 1 11056 11057 11059 AND
2 1 11055 11059 11060 XOR
2 1 10857 849 11061 XOR
2 1 11060 849 11062 XOR
2 1 11061 11060 11063 XOR
2 1 11061 11062 11064 AND
2 1 11060 11064 11065 XOR
2 1 10860 850 11066 XOR
2 1 11065 850 11067 XOR
2 1 11066 11065 11068 XOR
2 1 11066 11067 11069 AND
2 1 11065 11069 11070 XOR
2 1 10863 851 11071 XOR
2 1 11070 851 11072 XOR
2 1 11071 11070 11073 XOR
2 1 11071 11072 11074 AND
2 1 11070 11074 11075 XOR
2 1 10866 852 11076 XOR
2 1 11075 852 11077 XOR
2 1 11076 11075 11078 XOR
2 1 11076 11077 11079 AND
2 1 11075 11079 11080 XOR
2 1 10869 853 11081 XOR
2 1 11080 853 11082 XOR
2 1 11081 11080 11083 XOR
2 1 11081 11082 11084 AND
2 1 11080 11084 11085 XOR
2 1 10872 854 11086 XOR
2 1 11085 854 11087 XOR
2 1 11086 11085 11088 XOR
2 1 11086 11087 11089 AND
2 1 11085 11089 11090 XOR
2 1 10875 855 11091 XOR
2 1 11090 855 11092 XOR
2 1 11091 11090 11093 XOR
2 1 11091 11092 11094 AND
2 1 11090 11094 11095 XOR
2 1 10878 856 11096 XOR
2 1 11095 856 11097 XOR
2 1 11096 11095 11098 XOR
2 1 11096 11097 11099 AND
2 1 11095 11099 11100 XOR
2 1 10881 857 11101 XOR
2 1 11100 857 11102 XOR
2 1 11101 11100 11103 XOR
2 1 11101 11102 11104 AND
2 1 11100 11104 11105 XOR
2 1 10884 858 11106 XOR
2 1 11105 858 11107 XOR
2 1 11106 11105 11108 XOR
2 1 11106 11107 11109 AND
2 1 11105 11109 11110 XOR
2 1 10887 859 11111 XOR
2 1 11110 859 11112 XOR
2 1 11111 11110 11113 XOR
2 1 11111 11112 11114 AND
2 1 11110 11114 11115 XOR
2 1 10890 860 11116 XOR
2 1 11115 860 11117 XOR
2 1 11116 11115 11118 XOR
2 1 11116 11117 11119 AND
2 1 11115 11119 11120 XOR
2 1 10893 861 11121 XOR
2 1 11120 861 11122 XOR
2 1 11121 11120 11123 XOR
2 1 11121 11122 11124 AND
2 1 11120 11124 11125 XOR
2 1 10896 862 11126 XOR
2 1 11125 862 11127 XOR
2 1 11126 11125 11128 XOR
2 1 11126 11127 11129 AND
2 1 11125 11129 11130 XOR
2 1 10899 863 11131 XOR
2 1 11130 863 11132 XOR
2 1 11131 11130 11133 XOR
2 1 11131 11132 11134 AND
2 1 11130 11134 11135 XOR
2 1 10902 864 11136 XOR
2 1 11135 864 11137 XOR
2 1 11136 11135 11138 XOR
2 1 11136 11137 11139 AND
2 1 11135 11139 11140 XOR
2 1 10905 865 11141 XOR
2 1 11140 865 11142 XOR
2 1 11141 11140 11143 XOR
2 1 11141 11142 11144 AND
2 1 11140 11144 11145 XOR
2 1 10908 866 11146 XOR
2 1 11145 866 11147 XOR
2 1 11146 11145 11148 XOR
2 1 11146 11147 11149 AND
2 1 11145 11149 11150 XOR
2 1 10911 867 11151 XOR
2 1 11150 867 11152 XOR
2 1 11151 11150 11153 XOR
2 1 11151 11152 11154 AND
2 1 11150 11154 11155 XOR
2 1 10914 868 11156 XOR
2 1 11155 868 11157 XOR
2 1 11156 11155 11158 XOR
2 1 11156 11157 11159 AND
2 1 11155 11159 11160 XOR
2 1 10917 869 11161 XOR
2 1 11160 869 11162 XOR
2 1 11161 11160 11163 XOR
2 1 11161 11162 11164 AND
2 1 11160 11164 11165 XOR
2 1 11165 922 11166 XOR
2 1 11165 922 11167 AND
2 1 11166 11167 11168 XOR
2 1 456 10919 11169 XOR
2 1 11168 11169 11170 AND
2 1 11170 10919 11171 XOR
2 1 10773 10923 11172 XOR
2 1 11168 11172 11173 AND
2 1 11173 10923 11174 XOR
2 1 10776 10928 11175 XOR
2 1 11168 11175 11176 AND
2 1 11176 10928 11177 XOR
2 1 10779 10933 11178 XOR
2 1 11168 11178 11179 AND
2 1 11179 10933 11180 XOR
2 1 10782 10938 11181 XOR
2 1 11168 11181 11182 AND
2 1 11182 10938 11183 XOR
2 1 10785 10943 11184 XOR
2 1 11168 11184 11185 AND
2 1 11185 10943 11186 XOR
2 1 10788 10948 11187 XOR
2 1 11168 11187 11188 AND
2 1 11188 10948 11189 XOR
2 1 10791 10953 11190 XOR
2 1 11168 11190 11191 AND
2 1 11191 10953 11192 XOR
2 1 10794 10958 11193 XOR
2 1 11168 11193 11194 AND
2 1 11194 10958 11195 XOR
2 1 10797 10963 11196 XOR
2 1 11168 11196 11197 AND
2 1 11197 10963 11198 XOR
2 1 10800 10968 11199 XOR
2 1 11168 11199 11200 AND
2 1 11200 10968 11201 XOR
2 1 10803 10973 11202 XOR
2 1 11168 11202 11203 AND
2 1 11203 10973 11204 XOR
2 1 10806 10978 11205 XOR
2 1 11168 11205 11206 AND
2 1 11206 10978 11207 XOR
2 1 10809 10983 11208 XOR
2 1 11168 11208 11209 AND
2 1 11209 10983 11210 XOR
2 1 10812 10988 11211 XOR
2 1 11168 11211 11212 AND
2 1 11212 10988 11213 XOR
2 1 10815 10993 11214 XOR
2 1 11168 11214 11215 AND
2 1 11215 10993 11216 XOR
2 1 10818 10998 11217 XOR
2 1 11168 11217 11218 AND
2 1 11218 10998 11219 XOR
2 1 10821 11003 11220 XOR
2 1 11168 11220 11221 AND
2 1 11221 11003 11222 XOR
2 1 10824 11008 11223 XOR
2 1 11168 11223 11224 AND
2 1 11224 11008 11225 XOR
2 1 10827 11013 11226 XOR
2 1 11168 11226 11227 AND
2 1 11227 11013 11228 XOR
2 1 10830 11018 11229 XOR
2 1 11168 11229 11230 AND
2 1 11230 11018 11231 XOR
2 1 10833 11023 11232 XOR
2 1 11168 11232 11233 AND
2 1 11233 11023 11234 XOR
2 1 10836 11028 11235 XOR
2 1 11168 11235 11236 AND
2 1 11236 11028 11237 XOR
2 1 10839 11033 11238 XOR
2 1 11168 11238 11239 AND
2 1 11239 11033 11240 XOR
2 1 10842 11038 11241 XOR
2 1 11168 11241 11242 AND
2 1 11242 11038 11243 XOR
2 1 10845 11043 11244 XOR
2 1 11168 11244 11245 AND
2 1 11245 11043 11246 XOR
2 1 10848 11048 11247 XOR
2 1 11168 11247 11248 AND
2 1 11248 11048 11249 XOR
2 1 10851 11053 11250 XOR
2 1 11168 11250 11251 AND
2 1 11251 11053 11252 XOR
2 1 10854 11058 11253 XOR
2 1 11168 11253 11254 AND
2 1 11254 11058 11255 XOR
2 1 10857 11063 11256 XOR
2 1 11168 11256 11257 AND
2 1 11257 11063 11258 XOR
2 1 10860 11068 11259 XOR
2 1 11168 11259 11260 AND
2 1 11260 11068 11261 XOR
2 1 10863 11073 11262 XOR
2 1 11168 11262 11263 AND
2 1 11263 11073 11264 XOR
2 1 10866 11078 11265 XOR
2 1 11168 11265 11266 AND
2 1 11266 11078 11267 XOR
2 1 10869 11083 11268 XOR
2 1 11168 11268 11269 AND
2 1 11269 11083 11270 XOR
2 1 10872 11088 11271 XOR
2 1 11168 11271 11272 AND
2 1 11272 11088 11273 XOR
2 1 10875 11093 11274 XOR
2 1 11168 11274 11275 AND
2 1 11275 11093 11276 XOR
2 1 10878 11098 11277 XOR
2 1 11168 11277 11278 AND
2 1 11278 11098 11279 XOR
2 1 10881 11103 11280 XOR
2 1 11168 11280 11281 AND
2 1 11281 11103 11282 XOR
2 1 10884 11108 11283 XOR
2 1 11168 11283 11284 AND
2 1 11284 11108 11285 XOR
2 1 10887 11113 11286 XOR
2 1 11168 11286 11287 AND
2 1 11287 11113 11288 XOR
2 1 10890 11118 11289 XOR
2 1 11168 11289 11290 AND
2 1 11290 11118 11291 XOR
2 1 10893 11123 11292 XOR
2 1 11168 11292 11293 AND
2 1 11293 11123 11294 XOR
2 1 10896 11128 11295 XOR
2 1 11168 11295 11296 AND
2 1 11296 11128 11297 XOR
2 1 10899 11133 11298 XOR
2 1 11168 11298 11299 AND
2 1 11299 11133 11300 XOR
2 1 10902 11138 11301 XOR
2 1 11168 11301 11302 AND
2 1 11302 11138 11303 XOR
2 1 10905 11143 11304 XOR
2 1 11168 11304 11305 AND
2 1 11305 11143 11306 XOR
2 1 10908 11148 11307 XOR
2 1 11168 11307 11308 AND
2 1 11308 11148 11309 XOR
2 1 10911 11153 11310 XOR
2 1 11168 11310 11311 AND
2 1 11311 11153 11312 XOR
2 1 10914 11158 11313 XOR
2 1 11168 11313 11314 AND
2 1 11314 11158 11315 XOR
2 1 10917 11163 11316 XOR
2 1 11168 11316 11317 AND
2 1 11317 11163 11318 XOR
1 1 11168 11319 INV
2 1 455 820 11320 XOR
2 1 11320 820 11321 AND
2 1 11171 821 11322 XOR
2 1 11321 821 11323 XOR
2 1 11322 11321 11324 XOR
2 1 11322 11323 11325 AND
2 1 11321 11325 11326 XOR
2 1 11174 822 11327 XOR
2 1 11326 822 11328 XOR
2 1 11327 11326 11329 XOR
2 1 11327 11328 11330 AND
2 1 11326 11330 11331 XOR
2 1 11177 823 11332 XOR
2 1 11331 823 11333 XOR
2 1 11332 11331 11334 XOR
2 1 11332 11333 11335 AND
2 1 11331 11335 11336 XOR
2 1 11180 824 11337 XOR
2 1 11336 824 11338 XOR
2 1 11337 11336 11339 XOR
2 1 11337 11338 11340 AND
2 1 11336 11340 11341 XOR
2 1 11183 825 11342 XOR
2 1 11341 825 11343 XOR
2 1 11342 11341 11344 XOR
2 1 11342 11343 11345 AND
2 1 11341 11345 11346 XOR
2 1 11186 826 11347 XOR
2 1 11346 826 11348 XOR
2 1 11347 11346 11349 XOR
2 1 11347 11348 11350 AND
2 1 11346 11350 11351 XOR
2 1 11189 827 11352 XOR
2 1 11351 827 11353 XOR
2 1 11352 11351 11354 XOR
2 1 11352 11353 11355 AND
2 1 11351 11355 11356 XOR
2 1 11192 828 11357 XOR
2 1 11356 828 11358 XOR
2 1 11357 11356 11359 XOR
2 1 11357 11358 11360 AND
2 1 11356 11360 11361 XOR
2 1 11195 829 11362 XOR
2 1 11361 829 11363 XOR
2 1 11362 11361 11364 XOR
2 1 11362 11363 11365 AND
2 1 11361 11365 11366 XOR
2 1 11198 830 11367 XOR
2 1 11366 830 11368 XOR
2 1 11367 11366 11369 XOR
2 1 11367 11368 11370 AND
2 1 11366 11370 11371 XOR
2 1 11201 831 11372 XOR
2 1 11371 831 11373 XOR
2 1 11372 11371 11374 XOR
2 1 11372 11373 11375 AND
2 1 11371 11375 11376 XOR
2 1 11204 832 11377 XOR
2 1 11376 832 11378 XOR
2 1 11377 11376 11379 XOR
2 1 11377 11378 11380 AND
2 1 11376 11380 11381 XOR
2 1 11207 833 11382 XOR
2 1 11381 833 11383 XOR
2 1 11382 11381 11384 XOR
2 1 11382 11383 11385 AND
2 1 11381 11385 11386 XOR
2 1 11210 834 11387 XOR
2 1 11386 834 11388 XOR
2 1 11387 11386 11389 XOR
2 1 11387 11388 11390 AND
2 1 11386 11390 11391 XOR
2 1 11213 835 11392 XOR
2 1 11391 835 11393 XOR
2 1 11392 11391 11394 XOR
2 1 11392 11393 11395 AND
2 1 11391 11395 11396 XOR
2 1 11216 836 11397 XOR
2 1 11396 836 11398 XOR
2 1 11397 11396 11399 XOR
2 1 11397 11398 11400 AND
2 1 11396 11400 11401 XOR
2 1 11219 837 11402 XOR
2 1 11401 837 11403 XOR
2 1 11402 11401 11404 XOR
2 1 11402 11403 11405 AND
2 1 11401 11405 11406 XOR
2 1 11222 838 11407 XOR
2 1 11406 838 11408 XOR
2 1 11407 11406 11409 XOR
2 1 11407 11408 11410 AND
2 1 11406 11410 11411 XOR
2 1 11225 839 11412 XOR
2 1 11411 839 11413 XOR
2 1 11412 11411 11414 XOR
2 1 11412 11413 11415 AND
2 1 11411 11415 11416 XOR
2 1 11228 840 11417 XOR
2 1 11416 840 11418 XOR
2 1 11417 11416 11419 XOR
2 1 11417 11418 11420 AND
2 1 11416 11420 11421 XOR
2 1 11231 841 11422 XOR
2 1 11421 841 11423 XOR
2 1 11422 11421 11424 XOR
2 1 11422 11423 11425 AND
2 1 11421 11425 11426 XOR
2 1 11234 842 11427 XOR
2 1 11426 842 11428 XOR
2 1 11427 11426 11429 XOR
2 1 11427 11428 11430 AND
2 1 11426 11430 11431 XOR
2 1 11237 843 11432 XOR
2 1 11431 843 11433 XOR
2 1 11432 11431 11434 XOR
2 1 11432 11433 11435 AND
2 1 11431 11435 11436 XOR
2 1 11240 844 11437 XOR
2 1 11436 844 11438 XOR
2 1 11437 11436 11439 XOR
2 1 11437 11438 11440 AND
2 1 11436 11440 11441 XOR
2 1 11243 845 11442 XOR
2 1 11441 845 11443 XOR
2 1 11442 11441 11444 XOR
2 1 11442 11443 11445 AND
2 1 11441 11445 11446 XOR
2 1 11246 846 11447 XOR
2 1 11446 846 11448 XOR
2 1 11447 11446 11449 XOR
2 1 11447 11448 11450 AND
2 1 11446 11450 11451 XOR
2 1 11249 847 11452 XOR
2 1 11451 847 11453 XOR
2 1 11452 11451 11454 XOR
2 1 11452 11453 11455 AND
2 1 11451 11455 11456 XOR
2 1 11252 848 11457 XOR
2 1 11456 848 11458 XOR
2 1 11457 11456 11459 XOR
2 1 11457 11458 11460 AND
2 1 11456 11460 11461 XOR
2 1 11255 849 11462 XOR
2 1 11461 849 11463 XOR
2 1 11462 11461 11464 XOR
2 1 11462 11463 11465 AND
2 1 11461 11465 11466 XOR
2 1 11258 850 11467 XOR
2 1 11466 850 11468 XOR
2 1 11467 11466 11469 XOR
2 1 11467 11468 11470 AND
2 1 11466 11470 11471 XOR
2 1 11261 851 11472 XOR
2 1 11471 851 11473 XOR
2 1 11472 11471 11474 XOR
2 1 11472 11473 11475 AND
2 1 11471 11475 11476 XOR
2 1 11264 852 11477 XOR
2 1 11476 852 11478 XOR
2 1 11477 11476 11479 XOR
2 1 11477 11478 11480 AND
2 1 11476 11480 11481 XOR
2 1 11267 853 11482 XOR
2 1 11481 853 11483 XOR
2 1 11482 11481 11484 XOR
2 1 11482 11483 11485 AND
2 1 11481 11485 11486 XOR
2 1 11270 854 11487 XOR
2 1 11486 854 11488 XOR
2 1 11487 11486 11489 XOR
2 1 11487 11488 11490 AND
2 1 11486 11490 11491 XOR
2 1 11273 855 11492 XOR
2 1 11491 855 11493 XOR
2 1 11492 11491 11494 XOR
2 1 11492 11493 11495 AND
2 1 11491 11495 11496 XOR
2 1 11276 856 11497 XOR
2 1 11496 856 11498 XOR
2 1 11497 11496 11499 XOR
2 1 11497 11498 11500 AND
2 1 11496 11500 11501 XOR
2 1 11279 857 11502 XOR
2 1 11501 857 11503 XOR
2 1 11502 11501 11504 XOR
2 1 11502 11503 11505 AND
2 1 11501 11505 11506 XOR
2 1 11282 858 11507 XOR
2 1 11506 858 11508 XOR
2 1 11507 11506 11509 XOR
2 1 11507 11508 11510 AND
2 1 11506 11510 11511 XOR
2 1 11285 859 11512 XOR
2 1 11511 859 11513 XOR
2 1 11512 11511 11514 XOR
2 1 11512 11513 11515 AND
2 1 11511 11515 11516 XOR
2 1 11288 860 11517 XOR
2 1 11516 860 11518 XOR
2 1 11517 11516 11519 XOR
2 1 11517 11518 11520 AND
2 1 11516 11520 11521 XOR
2 1 11291 861 11522 XOR
2 1 11521 861 11523 XOR
2 1 11522 11521 11524 XOR
2 1 11522 11523 11525 AND
2 1 11521 11525 11526 XOR
2 1 11294 862 11527 XOR
2 1 11526 862 11528 XOR
2 1 11527 11526 11529 XOR
2 1 11527 11528 11530 AND
2 1 11526 11530 11531 XOR
2 1 11297 863 11532 XOR
2 1 11531 863 11533 XOR
2 1 11532 11531 11534 XOR
2 1 11532 11533 11535 AND
2 1 11531 11535 11536 XOR
2 1 11300 864 11537 XOR
2 1 11536 864 11538 XOR
2 1 11537 11536 11539 XOR
2 1 11537 11538 11540 AND
2 1 11536 11540 11541 XOR
2 1 11303 865 11542 XOR
2 1 11541 865 11543 XOR
2 1 11542 11541 11544 XOR
2 1 11542 11543 11545 AND
2 1 11541 11545 11546 XOR
2 1 11306 866 11547 XOR
2 1 11546 866 11548 XOR
2 1 11547 11546 11549 XOR
2 1 11547 11548 11550 AND
2 1 11546 11550 11551 XOR
2 1 11309 867 11552 XOR
2 1 11551 867 11553 XOR
2 1 11552 11551 11554 XOR
2 1 11552 11553 11555 AND
2 1 11551 11555 11556 XOR
2 1 11312 868 11557 XOR
2 1 11556 868 11558 XOR
2 1 11557 11556 11559 XOR
2 1 11557 11558 11560 AND
2 1 11556 11560 11561 XOR
2 1 11315 869 11562 XOR
2 1 11561 869 11563 XOR
2 1 11562 11561 11564 XOR
2 1 11562 11563 11565 AND
2 1 11561 11565 11566 XOR
2 1 11318 870 11567 XOR
2 1 11566 870 11568 XOR
2 1 11567 11566 11569 XOR
2 1 11567 11568 11570 AND
2 1 11566 11570 11571 XOR
2 1 11571 919 11572 XOR
2 1 11571 919 11573 AND
2 1 11572 11573 11574 XOR
2 1 455 11320 11575 XOR
2 1 11574 11575 11576 AND
2 1 11576 11320 11577 XOR
2 1 11171 11324 11578 XOR
2 1 11574 11578 11579 AND
2 1 11579 11324 11580 XOR
2 1 11174 11329 11581 XOR
2 1 11574 11581 11582 AND
2 1 11582 11329 11583 XOR
2 1 11177 11334 11584 XOR
2 1 11574 11584 11585 AND
2 1 11585 11334 11586 XOR
2 1 11180 11339 11587 XOR
2 1 11574 11587 11588 AND
2 1 11588 11339 11589 XOR
2 1 11183 11344 11590 XOR
2 1 11574 11590 11591 AND
2 1 11591 11344 11592 XOR
2 1 11186 11349 11593 XOR
2 1 11574 11593 11594 AND
2 1 11594 11349 11595 XOR
2 1 11189 11354 11596 XOR
2 1 11574 11596 11597 AND
2 1 11597 11354 11598 XOR
2 1 11192 11359 11599 XOR
2 1 11574 11599 11600 AND
2 1 11600 11359 11601 XOR
2 1 11195 11364 11602 XOR
2 1 11574 11602 11603 AND
2 1 11603 11364 11604 XOR
2 1 11198 11369 11605 XOR
2 1 11574 11605 11606 AND
2 1 11606 11369 11607 XOR
2 1 11201 11374 11608 XOR
2 1 11574 11608 11609 AND
2 1 11609 11374 11610 XOR
2 1 11204 11379 11611 XOR
2 1 11574 11611 11612 AND
2 1 11612 11379 11613 XOR
2 1 11207 11384 11614 XOR
2 1 11574 11614 11615 AND
2 1 11615 11384 11616 XOR
2 1 11210 11389 11617 XOR
2 1 11574 11617 11618 AND
2 1 11618 11389 11619 XOR
2 1 11213 11394 11620 XOR
2 1 11574 11620 11621 AND
2 1 11621 11394 11622 XOR
2 1 11216 11399 11623 XOR
2 1 11574 11623 11624 AND
2 1 11624 11399 11625 XOR
2 1 11219 11404 11626 XOR
2 1 11574 11626 11627 AND
2 1 11627 11404 11628 XOR
2 1 11222 11409 11629 XOR
2 1 11574 11629 11630 AND
2 1 11630 11409 11631 XOR
2 1 11225 11414 11632 XOR
2 1 11574 11632 11633 AND
2 1 11633 11414 11634 XOR
2 1 11228 11419 11635 XOR
2 1 11574 11635 11636 AND
2 1 11636 11419 11637 XOR
2 1 11231 11424 11638 XOR
2 1 11574 11638 11639 AND
2 1 11639 11424 11640 XOR
2 1 11234 11429 11641 XOR
2 1 11574 11641 11642 AND
2 1 11642 11429 11643 XOR
2 1 11237 11434 11644 XOR
2 1 11574 11644 11645 AND
2 1 11645 11434 11646 XOR
2 1 11240 11439 11647 XOR
2 1 11574 11647 11648 AND
2 1 11648 11439 11649 XOR
2 1 11243 11444 11650 XOR
2 1 11574 11650 11651 AND
2 1 11651 11444 11652 XOR
2 1 11246 11449 11653 XOR
2 1 11574 11653 11654 AND
2 1 11654 11449 11655 XOR
2 1 11249 11454 11656 XOR
2 1 11574 11656 11657 AND
2 1 11657 11454 11658 XOR
2 1 11252 11459 11659 XOR
2 1 11574 11659 11660 AND
2 1 11660 11459 11661 XOR
2 1 11255 11464 11662 XOR
2 1 11574 11662 11663 AND
2 1 11663 11464 11664 XOR
2 1 11258 11469 11665 XOR
2 1 11574 11665 11666 AND
2 1 11666 11469 11667 XOR
2 1 11261 11474 11668 XOR
2 1 11574 11668 11669 AND
2 1 11669 11474 11670 XOR
2 1 11264 11479 11671 XOR
2 1 11574 11671 11672 AND
2 1 11672 11479 11673 XOR
2 1 11267 11484 11674 XOR
2 1 11574 11674 11675 AND
2 1 11675 11484 11676 XOR
2 1 11270 11489 11677 XOR
2 1 11574 11677 11678 AND
2 1 11678 11489 11679 XOR
2 1 11273 11494 11680 XOR
2 1 11574 11680 11681 AND
2 1 11681 11494 11682 XOR
2 1 11276 11499 11683 XOR
2 1 11574 11683 11684 AND
2 1 11684 11499 11685 XOR
2 1 11279 11504 11686 XOR
2 1 11574 11686 11687 AND
2 1 11687 11504 11688 XOR
2 1 11282 11509 11689 XOR
2 1 11574 11689 11690 AND
2 1 11690 11509 11691 XOR
2 1 11285 11514 11692 XOR
2 1 11574 11692 11693 AND
2 1 11693 11514 11694 XOR
2 1 11288 11519 11695 XOR
2 1 11574 11695 11696 AND
2 1 11696 11519 11697 XOR
2 1 11291 11524 11698 XOR
2 1 11574 11698 11699 AND
2 1 11699 11524 11700 XOR
2 1 11294 11529 11701 XOR
2 1 11574 11701 11702 AND
2 1 11702 11529 11703 XOR
2 1 11297 11534 11704 XOR
2 1 11574 11704 11705 AND
2 1 11705 11534 11706 XOR
2 1 11300 11539 11707 XOR
2 1 11574 11707 11708 AND
2 1 11708 11539 11709 XOR
2 1 11303 11544 11710 XOR
2 1 11574 11710 11711 AND
2 1 11711 11544 11712 XOR
2 1 11306 11549 11713 XOR
2 1 11574 11713 11714 AND
2 1 11714 11549 11715 XOR
2 1 11309 11554 11716 XOR
2 1 11574 11716 11717 AND
2 1 11717 11554 11718 XOR
2 1 11312 11559 11719 XOR
2 1 11574 11719 11720 AND
2 1 11720 11559 11721 XOR
2 1 11315 11564 11722 XOR
2 1 11574 11722 11723 AND
2 1 11723 11564 11724 XOR
2 1 11318 11569 11725 XOR
2 1 11574 11725 11726 AND
2 1 11726 11569 11727 XOR
1 1 11574 11728 INV
2 1 454 820 11729 XOR
2 1 11729 820 11730 AND
2 1 11577 821 11731 XOR
2 1 11730 821 11732 XOR
2 1 11731 11730 11733 XOR
2 1 11731 11732 11734 AND
2 1 11730 11734 11735 XOR
2 1 11580 822 11736 XOR
2 1 11735 822 11737 XOR
2 1 11736 11735 11738 XOR
2 1 11736 11737 11739 AND
2 1 11735 11739 11740 XOR
2 1 11583 823 11741 XOR
2 1 11740 823 11742 XOR
2 1 11741 11740 11743 XOR
2 1 11741 11742 11744 AND
2 1 11740 11744 11745 XOR
2 1 11586 824 11746 XOR
2 1 11745 824 11747 XOR
2 1 11746 11745 11748 XOR
2 1 11746 11747 11749 AND
2 1 11745 11749 11750 XOR
2 1 11589 825 11751 XOR
2 1 11750 825 11752 XOR
2 1 11751 11750 11753 XOR
2 1 11751 11752 11754 AND
2 1 11750 11754 11755 XOR
2 1 11592 826 11756 XOR
2 1 11755 826 11757 XOR
2 1 11756 11755 11758 XOR
2 1 11756 11757 11759 AND
2 1 11755 11759 11760 XOR
2 1 11595 827 11761 XOR
2 1 11760 827 11762 XOR
2 1 11761 11760 11763 XOR
2 1 11761 11762 11764 AND
2 1 11760 11764 11765 XOR
2 1 11598 828 11766 XOR
2 1 11765 828 11767 XOR
2 1 11766 11765 11768 XOR
2 1 11766 11767 11769 AND
2 1 11765 11769 11770 XOR
2 1 11601 829 11771 XOR
2 1 11770 829 11772 XOR
2 1 11771 11770 11773 XOR
2 1 11771 11772 11774 AND
2 1 11770 11774 11775 XOR
2 1 11604 830 11776 XOR
2 1 11775 830 11777 XOR
2 1 11776 11775 11778 XOR
2 1 11776 11777 11779 AND
2 1 11775 11779 11780 XOR
2 1 11607 831 11781 XOR
2 1 11780 831 11782 XOR
2 1 11781 11780 11783 XOR
2 1 11781 11782 11784 AND
2 1 11780 11784 11785 XOR
2 1 11610 832 11786 XOR
2 1 11785 832 11787 XOR
2 1 11786 11785 11788 XOR
2 1 11786 11787 11789 AND
2 1 11785 11789 11790 XOR
2 1 11613 833 11791 XOR
2 1 11790 833 11792 XOR
2 1 11791 11790 11793 XOR
2 1 11791 11792 11794 AND
2 1 11790 11794 11795 XOR
2 1 11616 834 11796 XOR
2 1 11795 834 11797 XOR
2 1 11796 11795 11798 XOR
2 1 11796 11797 11799 AND
2 1 11795 11799 11800 XOR
2 1 11619 835 11801 XOR
2 1 11800 835 11802 XOR
2 1 11801 11800 11803 XOR
2 1 11801 11802 11804 AND
2 1 11800 11804 11805 XOR
2 1 11622 836 11806 XOR
2 1 11805 836 11807 XOR
2 1 11806 11805 11808 XOR
2 1 11806 11807 11809 AND
2 1 11805 11809 11810 XOR
2 1 11625 837 11811 XOR
2 1 11810 837 11812 XOR
2 1 11811 11810 11813 XOR
2 1 11811 11812 11814 AND
2 1 11810 11814 11815 XOR
2 1 11628 838 11816 XOR
2 1 11815 838 11817 XOR
2 1 11816 11815 11818 XOR
2 1 11816 11817 11819 AND
2 1 11815 11819 11820 XOR
2 1 11631 839 11821 XOR
2 1 11820 839 11822 XOR
2 1 11821 11820 11823 XOR
2 1 11821 11822 11824 AND
2 1 11820 11824 11825 XOR
2 1 11634 840 11826 XOR
2 1 11825 840 11827 XOR
2 1 11826 11825 11828 XOR
2 1 11826 11827 11829 AND
2 1 11825 11829 11830 XOR
2 1 11637 841 11831 XOR
2 1 11830 841 11832 XOR
2 1 11831 11830 11833 XOR
2 1 11831 11832 11834 AND
2 1 11830 11834 11835 XOR
2 1 11640 842 11836 XOR
2 1 11835 842 11837 XOR
2 1 11836 11835 11838 XOR
2 1 11836 11837 11839 AND
2 1 11835 11839 11840 XOR
2 1 11643 843 11841 XOR
2 1 11840 843 11842 XOR
2 1 11841 11840 11843 XOR
2 1 11841 11842 11844 AND
2 1 11840 11844 11845 XOR
2 1 11646 844 11846 XOR
2 1 11845 844 11847 XOR
2 1 11846 11845 11848 XOR
2 1 11846 11847 11849 AND
2 1 11845 11849 11850 XOR
2 1 11649 845 11851 XOR
2 1 11850 845 11852 XOR
2 1 11851 11850 11853 XOR
2 1 11851 11852 11854 AND
2 1 11850 11854 11855 XOR
2 1 11652 846 11856 XOR
2 1 11855 846 11857 XOR
2 1 11856 11855 11858 XOR
2 1 11856 11857 11859 AND
2 1 11855 11859 11860 XOR
2 1 11655 847 11861 XOR
2 1 11860 847 11862 XOR
2 1 11861 11860 11863 XOR
2 1 11861 11862 11864 AND
2 1 11860 11864 11865 XOR
2 1 11658 848 11866 XOR
2 1 11865 848 11867 XOR
2 1 11866 11865 11868 XOR
2 1 11866 11867 11869 AND
2 1 11865 11869 11870 XOR
2 1 11661 849 11871 XOR
2 1 11870 849 11872 XOR
2 1 11871 11870 11873 XOR
2 1 11871 11872 11874 AND
2 1 11870 11874 11875 XOR
2 1 11664 850 11876 XOR
2 1 11875 850 11877 XOR
2 1 11876 11875 11878 XOR
2 1 11876 11877 11879 AND
2 1 11875 11879 11880 XOR
2 1 11667 851 11881 XOR
2 1 11880 851 11882 XOR
2 1 11881 11880 11883 XOR
2 1 11881 11882 11884 AND
2 1 11880 11884 11885 XOR
2 1 11670 852 11886 XOR
2 1 11885 852 11887 XOR
2 1 11886 11885 11888 XOR
2 1 11886 11887 11889 AND
2 1 11885 11889 11890 XOR
2 1 11673 853 11891 XOR
2 1 11890 853 11892 XOR
2 1 11891 11890 11893 XOR
2 1 11891 11892 11894 AND
2 1 11890 11894 11895 XOR
2 1 11676 854 11896 XOR
2 1 11895 854 11897 XOR
2 1 11896 11895 11898 XOR
2 1 11896 11897 11899 AND
2 1 11895 11899 11900 XOR
2 1 11679 855 11901 XOR
2 1 11900 855 11902 XOR
2 1 11901 11900 11903 XOR
2 1 11901 11902 11904 AND
2 1 11900 11904 11905 XOR
2 1 11682 856 11906 XOR
2 1 11905 856 11907 XOR
2 1 11906 11905 11908 XOR
2 1 11906 11907 11909 AND
2 1 11905 11909 11910 XOR
2 1 11685 857 11911 XOR
2 1 11910 857 11912 XOR
2 1 11911 11910 11913 XOR
2 1 11911 11912 11914 AND
2 1 11910 11914 11915 XOR
2 1 11688 858 11916 XOR
2 1 11915 858 11917 XOR
2 1 11916 11915 11918 XOR
2 1 11916 11917 11919 AND
2 1 11915 11919 11920 XOR
2 1 11691 859 11921 XOR
2 1 11920 859 11922 XOR
2 1 11921 11920 11923 XOR
2 1 11921 11922 11924 AND
2 1 11920 11924 11925 XOR
2 1 11694 860 11926 XOR
2 1 11925 860 11927 XOR
2 1 11926 11925 11928 XOR
2 1 11926 11927 11929 AND
2 1 11925 11929 11930 XOR
2 1 11697 861 11931 XOR
2 1 11930 861 11932 XOR
2 1 11931 11930 11933 XOR
2 1 11931 11932 11934 AND
2 1 11930 11934 11935 XOR
2 1 11700 862 11936 XOR
2 1 11935 862 11937 XOR
2 1 11936 11935 11938 XOR
2 1 11936 11937 11939 AND
2 1 11935 11939 11940 XOR
2 1 11703 863 11941 XOR
2 1 11940 863 11942 XOR
2 1 11941 11940 11943 XOR
2 1 11941 11942 11944 AND
2 1 11940 11944 11945 XOR
2 1 11706 864 11946 XOR
2 1 11945 864 11947 XOR
2 1 11946 11945 11948 XOR
2 1 11946 11947 11949 AND
2 1 11945 11949 11950 XOR
2 1 11709 865 11951 XOR
2 1 11950 865 11952 XOR
2 1 11951 11950 11953 XOR
2 1 11951 11952 11954 AND
2 1 11950 11954 11955 XOR
2 1 11712 866 11956 XOR
2 1 11955 866 11957 XOR
2 1 11956 11955 11958 XOR
2 1 11956 11957 11959 AND
2 1 11955 11959 11960 XOR
2 1 11715 867 11961 XOR
2 1 11960 867 11962 XOR
2 1 11961 11960 11963 XOR
2 1 11961 11962 11964 AND
2 1 11960 11964 11965 XOR
2 1 11718 868 11966 XOR
2 1 11965 868 11967 XOR
2 1 11966 11965 11968 XOR
2 1 11966 11967 11969 AND
2 1 11965 11969 11970 XOR
2 1 11721 869 11971 XOR
2 1 11970 869 11972 XOR
2 1 11971 11970 11973 XOR
2 1 11971 11972 11974 AND
2 1 11970 11974 11975 XOR
2 1 11724 870 11976 XOR
2 1 11975 870 11977 XOR
2 1 11976 11975 11978 XOR
2 1 11976 11977 11979 AND
2 1 11975 11979 11980 XOR
2 1 11727 871 11981 XOR
2 1 11980 871 11982 XOR
2 1 11981 11980 11983 XOR
2 1 11981 11982 11984 AND
2 1 11980 11984 11985 XOR
2 1 11985 916 11986 XOR
2 1 11985 916 11987 AND
2 1 11986 11987 11988 XOR
2 1 454 11729 11989 XOR
2 1 11988 11989 11990 AND
2 1 11990 11729 11991 XOR
2 1 11577 11733 11992 XOR
2 1 11988 11992 11993 AND
2 1 11993 11733 11994 XOR
2 1 11580 11738 11995 XOR
2 1 11988 11995 11996 AND
2 1 11996 11738 11997 XOR
2 1 11583 11743 11998 XOR
2 1 11988 11998 11999 AND
2 1 11999 11743 12000 XOR
2 1 11586 11748 12001 XOR
2 1 11988 12001 12002 AND
2 1 12002 11748 12003 XOR
2 1 11589 11753 12004 XOR
2 1 11988 12004 12005 AND
2 1 12005 11753 12006 XOR
2 1 11592 11758 12007 XOR
2 1 11988 12007 12008 AND
2 1 12008 11758 12009 XOR
2 1 11595 11763 12010 XOR
2 1 11988 12010 12011 AND
2 1 12011 11763 12012 XOR
2 1 11598 11768 12013 XOR
2 1 11988 12013 12014 AND
2 1 12014 11768 12015 XOR
2 1 11601 11773 12016 XOR
2 1 11988 12016 12017 AND
2 1 12017 11773 12018 XOR
2 1 11604 11778 12019 XOR
2 1 11988 12019 12020 AND
2 1 12020 11778 12021 XOR
2 1 11607 11783 12022 XOR
2 1 11988 12022 12023 AND
2 1 12023 11783 12024 XOR
2 1 11610 11788 12025 XOR
2 1 11988 12025 12026 AND
2 1 12026 11788 12027 XOR
2 1 11613 11793 12028 XOR
2 1 11988 12028 12029 AND
2 1 12029 11793 12030 XOR
2 1 11616 11798 12031 XOR
2 1 11988 12031 12032 AND
2 1 12032 11798 12033 XOR
2 1 11619 11803 12034 XOR
2 1 11988 12034 12035 AND
2 1 12035 11803 12036 XOR
2 1 11622 11808 12037 XOR
2 1 11988 12037 12038 AND
2 1 12038 11808 12039 XOR
2 1 11625 11813 12040 XOR
2 1 11988 12040 12041 AND
2 1 12041 11813 12042 XOR
2 1 11628 11818 12043 XOR
2 1 11988 12043 12044 AND
2 1 12044 11818 12045 XOR
2 1 11631 11823 12046 XOR
2 1 11988 12046 12047 AND
2 1 12047 11823 12048 XOR
2 1 11634 11828 12049 XOR
2 1 11988 12049 12050 AND
2 1 12050 11828 12051 XOR
2 1 11637 11833 12052 XOR
2 1 11988 12052 12053 AND
2 1 12053 11833 12054 XOR
2 1 11640 11838 12055 XOR
2 1 11988 12055 12056 AND
2 1 12056 11838 12057 XOR
2 1 11643 11843 12058 XOR
2 1 11988 12058 12059 AND
2 1 12059 11843 12060 XOR
2 1 11646 11848 12061 XOR
2 1 11988 12061 12062 AND
2 1 12062 11848 12063 XOR
2 1 11649 11853 12064 XOR
2 1 11988 12064 12065 AND
2 1 12065 11853 12066 XOR
2 1 11652 11858 12067 XOR
2 1 11988 12067 12068 AND
2 1 12068 11858 12069 XOR
2 1 11655 11863 12070 XOR
2 1 11988 12070 12071 AND
2 1 12071 11863 12072 XOR
2 1 11658 11868 12073 XOR
2 1 11988 12073 12074 AND
2 1 12074 11868 12075 XOR
2 1 11661 11873 12076 XOR
2 1 11988 12076 12077 AND
2 1 12077 11873 12078 XOR
2 1 11664 11878 12079 XOR
2 1 11988 12079 12080 AND
2 1 12080 11878 12081 XOR
2 1 11667 11883 12082 XOR
2 1 11988 12082 12083 AND
2 1 12083 11883 12084 XOR
2 1 11670 11888 12085 XOR
2 1 11988 12085 12086 AND
2 1 12086 11888 12087 XOR
2 1 11673 11893 12088 XOR
2 1 11988 12088 12089 AND
2 1 12089 11893 12090 XOR
2 1 11676 11898 12091 XOR
2 1 11988 12091 12092 AND
2 1 12092 11898 12093 XOR
2 1 11679 11903 12094 XOR
2 1 11988 12094 12095 AND
2 1 12095 11903 12096 XOR
2 1 11682 11908 12097 XOR
2 1 11988 12097 12098 AND
2 1 12098 11908 12099 XOR
2 1 11685 11913 12100 XOR
2 1 11988 12100 12101 AND
2 1 12101 11913 12102 XOR
2 1 11688 11918 12103 XOR
2 1 11988 12103 12104 AND
2 1 12104 11918 12105 XOR
2 1 11691 11923 12106 XOR
2 1 11988 12106 12107 AND
2 1 12107 11923 12108 XOR
2 1 11694 11928 12109 XOR
2 1 11988 12109 12110 AND
2 1 12110 11928 12111 XOR
2 1 11697 11933 12112 XOR
2 1 11988 12112 12113 AND
2 1 12113 11933 12114 XOR
2 1 11700 11938 12115 XOR
2 1 11988 12115 12116 AND
2 1 12116 11938 12117 XOR
2 1 11703 11943 12118 XOR
2 1 11988 12118 12119 AND
2 1 12119 11943 12120 XOR
2 1 11706 11948 12121 XOR
2 1 11988 12121 12122 AND
2 1 12122 11948 12123 XOR
2 1 11709 11953 12124 XOR
2 1 11988 12124 12125 AND
2 1 12125 11953 12126 XOR
2 1 11712 11958 12127 XOR
2 1 11988 12127 12128 AND
2 1 12128 11958 12129 XOR
2 1 11715 11963 12130 XOR
2 1 11988 12130 12131 AND
2 1 12131 11963 12132 XOR
2 1 11718 11968 12133 XOR
2 1 11988 12133 12134 AND
2 1 12134 11968 12135 XOR
2 1 11721 11973 12136 XOR
2 1 11988 12136 12137 AND
2 1 12137 11973 12138 XOR
2 1 11724 11978 12139 XOR
2 1 11988 12139 12140 AND
2 1 12140 11978 12141 XOR
2 1 11727 11983 12142 XOR
2 1 11988 12142 12143 AND
2 1 12143 11983 12144 XOR
1 1 11988 12145 INV
2 1 453 820 12146 XOR
2 1 12146 820 12147 AND
2 1 11991 821 12148 XOR
2 1 12147 821 12149 XOR
2 1 12148 12147 12150 XOR
2 1 12148 12149 12151 AND
2 1 12147 12151 12152 XOR
2 1 11994 822 12153 XOR
2 1 12152 822 12154 XOR
2 1 12153 12152 12155 XOR
2 1 12153 12154 12156 AND
2 1 12152 12156 12157 XOR
2 1 11997 823 12158 XOR
2 1 12157 823 12159 XOR
2 1 12158 12157 12160 XOR
2 1 12158 12159 12161 AND
2 1 12157 12161 12162 XOR
2 1 12000 824 12163 XOR
2 1 12162 824 12164 XOR
2 1 12163 12162 12165 XOR
2 1 12163 12164 12166 AND
2 1 12162 12166 12167 XOR
2 1 12003 825 12168 XOR
2 1 12167 825 12169 XOR
2 1 12168 12167 12170 XOR
2 1 12168 12169 12171 AND
2 1 12167 12171 12172 XOR
2 1 12006 826 12173 XOR
2 1 12172 826 12174 XOR
2 1 12173 12172 12175 XOR
2 1 12173 12174 12176 AND
2 1 12172 12176 12177 XOR
2 1 12009 827 12178 XOR
2 1 12177 827 12179 XOR
2 1 12178 12177 12180 XOR
2 1 12178 12179 12181 AND
2 1 12177 12181 12182 XOR
2 1 12012 828 12183 XOR
2 1 12182 828 12184 XOR
2 1 12183 12182 12185 XOR
2 1 12183 12184 12186 AND
2 1 12182 12186 12187 XOR
2 1 12015 829 12188 XOR
2 1 12187 829 12189 XOR
2 1 12188 12187 12190 XOR
2 1 12188 12189 12191 AND
2 1 12187 12191 12192 XOR
2 1 12018 830 12193 XOR
2 1 12192 830 12194 XOR
2 1 12193 12192 12195 XOR
2 1 12193 12194 12196 AND
2 1 12192 12196 12197 XOR
2 1 12021 831 12198 XOR
2 1 12197 831 12199 XOR
2 1 12198 12197 12200 XOR
2 1 12198 12199 12201 AND
2 1 12197 12201 12202 XOR
2 1 12024 832 12203 XOR
2 1 12202 832 12204 XOR
2 1 12203 12202 12205 XOR
2 1 12203 12204 12206 AND
2 1 12202 12206 12207 XOR
2 1 12027 833 12208 XOR
2 1 12207 833 12209 XOR
2 1 12208 12207 12210 XOR
2 1 12208 12209 12211 AND
2 1 12207 12211 12212 XOR
2 1 12030 834 12213 XOR
2 1 12212 834 12214 XOR
2 1 12213 12212 12215 XOR
2 1 12213 12214 12216 AND
2 1 12212 12216 12217 XOR
2 1 12033 835 12218 XOR
2 1 12217 835 12219 XOR
2 1 12218 12217 12220 XOR
2 1 12218 12219 12221 AND
2 1 12217 12221 12222 XOR
2 1 12036 836 12223 XOR
2 1 12222 836 12224 XOR
2 1 12223 12222 12225 XOR
2 1 12223 12224 12226 AND
2 1 12222 12226 12227 XOR
2 1 12039 837 12228 XOR
2 1 12227 837 12229 XOR
2 1 12228 12227 12230 XOR
2 1 12228 12229 12231 AND
2 1 12227 12231 12232 XOR
2 1 12042 838 12233 XOR
2 1 12232 838 12234 XOR
2 1 12233 12232 12235 XOR
2 1 12233 12234 12236 AND
2 1 12232 12236 12237 XOR
2 1 12045 839 12238 XOR
2 1 12237 839 12239 XOR
2 1 12238 12237 12240 XOR
2 1 12238 12239 12241 AND
2 1 12237 12241 12242 XOR
2 1 12048 840 12243 XOR
2 1 12242 840 12244 XOR
2 1 12243 12242 12245 XOR
2 1 12243 12244 12246 AND
2 1 12242 12246 12247 XOR
2 1 12051 841 12248 XOR
2 1 12247 841 12249 XOR
2 1 12248 12247 12250 XOR
2 1 12248 12249 12251 AND
2 1 12247 12251 12252 XOR
2 1 12054 842 12253 XOR
2 1 12252 842 12254 XOR
2 1 12253 12252 12255 XOR
2 1 12253 12254 12256 AND
2 1 12252 12256 12257 XOR
2 1 12057 843 12258 XOR
2 1 12257 843 12259 XOR
2 1 12258 12257 12260 XOR
2 1 12258 12259 12261 AND
2 1 12257 12261 12262 XOR
2 1 12060 844 12263 XOR
2 1 12262 844 12264 XOR
2 1 12263 12262 12265 XOR
2 1 12263 12264 12266 AND
2 1 12262 12266 12267 XOR
2 1 12063 845 12268 XOR
2 1 12267 845 12269 XOR
2 1 12268 12267 12270 XOR
2 1 12268 12269 12271 AND
2 1 12267 12271 12272 XOR
2 1 12066 846 12273 XOR
2 1 12272 846 12274 XOR
2 1 12273 12272 12275 XOR
2 1 12273 12274 12276 AND
2 1 12272 12276 12277 XOR
2 1 12069 847 12278 XOR
2 1 12277 847 12279 XOR
2 1 12278 12277 12280 XOR
2 1 12278 12279 12281 AND
2 1 12277 12281 12282 XOR
2 1 12072 848 12283 XOR
2 1 12282 848 12284 XOR
2 1 12283 12282 12285 XOR
2 1 12283 12284 12286 AND
2 1 12282 12286 12287 XOR
2 1 12075 849 12288 XOR
2 1 12287 849 12289 XOR
2 1 12288 12287 12290 XOR
2 1 12288 12289 12291 AND
2 1 12287 12291 12292 XOR
2 1 12078 850 12293 XOR
2 1 12292 850 12294 XOR
2 1 12293 12292 12295 XOR
2 1 12293 12294 12296 AND
2 1 12292 12296 12297 XOR
2 1 12081 851 12298 XOR
2 1 12297 851 12299 XOR
2 1 12298 12297 12300 XOR
2 1 12298 12299 12301 AND
2 1 12297 12301 12302 XOR
2 1 12084 852 12303 XOR
2 1 12302 852 12304 XOR
2 1 12303 12302 12305 XOR
2 1 12303 12304 12306 AND
2 1 12302 12306 12307 XOR
2 1 12087 853 12308 XOR
2 1 12307 853 12309 XOR
2 1 12308 12307 12310 XOR
2 1 12308 12309 12311 AND
2 1 12307 12311 12312 XOR
2 1 12090 854 12313 XOR
2 1 12312 854 12314 XOR
2 1 12313 12312 12315 XOR
2 1 12313 12314 12316 AND
2 1 12312 12316 12317 XOR
2 1 12093 855 12318 XOR
2 1 12317 855 12319 XOR
2 1 12318 12317 12320 XOR
2 1 12318 12319 12321 AND
2 1 12317 12321 12322 XOR
2 1 12096 856 12323 XOR
2 1 12322 856 12324 XOR
2 1 12323 12322 12325 XOR
2 1 12323 12324 12326 AND
2 1 12322 12326 12327 XOR
2 1 12099 857 12328 XOR
2 1 12327 857 12329 XOR
2 1 12328 12327 12330 XOR
2 1 12328 12329 12331 AND
2 1 12327 12331 12332 XOR
2 1 12102 858 12333 XOR
2 1 12332 858 12334 XOR
2 1 12333 12332 12335 XOR
2 1 12333 12334 12336 AND
2 1 12332 12336 12337 XOR
2 1 12105 859 12338 XOR
2 1 12337 859 12339 XOR
2 1 12338 12337 12340 XOR
2 1 12338 12339 12341 AND
2 1 12337 12341 12342 XOR
2 1 12108 860 12343 XOR
2 1 12342 860 12344 XOR
2 1 12343 12342 12345 XOR
2 1 12343 12344 12346 AND
2 1 12342 12346 12347 XOR
2 1 12111 861 12348 XOR
2 1 12347 861 12349 XOR
2 1 12348 12347 12350 XOR
2 1 12348 12349 12351 AND
2 1 12347 12351 12352 XOR
2 1 12114 862 12353 XOR
2 1 12352 862 12354 XOR
2 1 12353 12352 12355 XOR
2 1 12353 12354 12356 AND
2 1 12352 12356 12357 XOR
2 1 12117 863 12358 XOR
2 1 12357 863 12359 XOR
2 1 12358 12357 12360 XOR
2 1 12358 12359 12361 AND
2 1 12357 12361 12362 XOR
2 1 12120 864 12363 XOR
2 1 12362 864 12364 XOR
2 1 12363 12362 12365 XOR
2 1 12363 12364 12366 AND
2 1 12362 12366 12367 XOR
2 1 12123 865 12368 XOR
2 1 12367 865 12369 XOR
2 1 12368 12367 12370 XOR
2 1 12368 12369 12371 AND
2 1 12367 12371 12372 XOR
2 1 12126 866 12373 XOR
2 1 12372 866 12374 XOR
2 1 12373 12372 12375 XOR
2 1 12373 12374 12376 AND
2 1 12372 12376 12377 XOR
2 1 12129 867 12378 XOR
2 1 12377 867 12379 XOR
2 1 12378 12377 12380 XOR
2 1 12378 12379 12381 AND
2 1 12377 12381 12382 XOR
2 1 12132 868 12383 XOR
2 1 12382 868 12384 XOR
2 1 12383 12382 12385 XOR
2 1 12383 12384 12386 AND
2 1 12382 12386 12387 XOR
2 1 12135 869 12388 XOR
2 1 12387 869 12389 XOR
2 1 12388 12387 12390 XOR
2 1 12388 12389 12391 AND
2 1 12387 12391 12392 XOR
2 1 12138 870 12393 XOR
2 1 12392 870 12394 XOR
2 1 12393 12392 12395 XOR
2 1 12393 12394 12396 AND
2 1 12392 12396 12397 XOR
2 1 12141 871 12398 XOR
2 1 12397 871 12399 XOR
2 1 12398 12397 12400 XOR
2 1 12398 12399 12401 AND
2 1 12397 12401 12402 XOR
2 1 12144 872 12403 XOR
2 1 12402 872 12404 XOR
2 1 12403 12402 12405 XOR
2 1 12403 12404 12406 AND
2 1 12402 12406 12407 XOR
2 1 12407 913 12408 XOR
2 1 12407 913 12409 AND
2 1 12408 12409 12410 XOR
2 1 453 12146 12411 XOR
2 1 12410 12411 12412 AND
2 1 12412 12146 12413 XOR
2 1 11991 12150 12414 XOR
2 1 12410 12414 12415 AND
2 1 12415 12150 12416 XOR
2 1 11994 12155 12417 XOR
2 1 12410 12417 12418 AND
2 1 12418 12155 12419 XOR
2 1 11997 12160 12420 XOR
2 1 12410 12420 12421 AND
2 1 12421 12160 12422 XOR
2 1 12000 12165 12423 XOR
2 1 12410 12423 12424 AND
2 1 12424 12165 12425 XOR
2 1 12003 12170 12426 XOR
2 1 12410 12426 12427 AND
2 1 12427 12170 12428 XOR
2 1 12006 12175 12429 XOR
2 1 12410 12429 12430 AND
2 1 12430 12175 12431 XOR
2 1 12009 12180 12432 XOR
2 1 12410 12432 12433 AND
2 1 12433 12180 12434 XOR
2 1 12012 12185 12435 XOR
2 1 12410 12435 12436 AND
2 1 12436 12185 12437 XOR
2 1 12015 12190 12438 XOR
2 1 12410 12438 12439 AND
2 1 12439 12190 12440 XOR
2 1 12018 12195 12441 XOR
2 1 12410 12441 12442 AND
2 1 12442 12195 12443 XOR
2 1 12021 12200 12444 XOR
2 1 12410 12444 12445 AND
2 1 12445 12200 12446 XOR
2 1 12024 12205 12447 XOR
2 1 12410 12447 12448 AND
2 1 12448 12205 12449 XOR
2 1 12027 12210 12450 XOR
2 1 12410 12450 12451 AND
2 1 12451 12210 12452 XOR
2 1 12030 12215 12453 XOR
2 1 12410 12453 12454 AND
2 1 12454 12215 12455 XOR
2 1 12033 12220 12456 XOR
2 1 12410 12456 12457 AND
2 1 12457 12220 12458 XOR
2 1 12036 12225 12459 XOR
2 1 12410 12459 12460 AND
2 1 12460 12225 12461 XOR
2 1 12039 12230 12462 XOR
2 1 12410 12462 12463 AND
2 1 12463 12230 12464 XOR
2 1 12042 12235 12465 XOR
2 1 12410 12465 12466 AND
2 1 12466 12235 12467 XOR
2 1 12045 12240 12468 XOR
2 1 12410 12468 12469 AND
2 1 12469 12240 12470 XOR
2 1 12048 12245 12471 XOR
2 1 12410 12471 12472 AND
2 1 12472 12245 12473 XOR
2 1 12051 12250 12474 XOR
2 1 12410 12474 12475 AND
2 1 12475 12250 12476 XOR
2 1 12054 12255 12477 XOR
2 1 12410 12477 12478 AND
2 1 12478 12255 12479 XOR
2 1 12057 12260 12480 XOR
2 1 12410 12480 12481 AND
2 1 12481 12260 12482 XOR
2 1 12060 12265 12483 XOR
2 1 12410 12483 12484 AND
2 1 12484 12265 12485 XOR
2 1 12063 12270 12486 XOR
2 1 12410 12486 12487 AND
2 1 12487 12270 12488 XOR
2 1 12066 12275 12489 XOR
2 1 12410 12489 12490 AND
2 1 12490 12275 12491 XOR
2 1 12069 12280 12492 XOR
2 1 12410 12492 12493 AND
2 1 12493 12280 12494 XOR
2 1 12072 12285 12495 XOR
2 1 12410 12495 12496 AND
2 1 12496 12285 12497 XOR
2 1 12075 12290 12498 XOR
2 1 12410 12498 12499 AND
2 1 12499 12290 12500 XOR
2 1 12078 12295 12501 XOR
2 1 12410 12501 12502 AND
2 1 12502 12295 12503 XOR
2 1 12081 12300 12504 XOR
2 1 12410 12504 12505 AND
2 1 12505 12300 12506 XOR
2 1 12084 12305 12507 XOR
2 1 12410 12507 12508 AND
2 1 12508 12305 12509 XOR
2 1 12087 12310 12510 XOR
2 1 12410 12510 12511 AND
2 1 12511 12310 12512 XOR
2 1 12090 12315 12513 XOR
2 1 12410 12513 12514 AND
2 1 12514 12315 12515 XOR
2 1 12093 12320 12516 XOR
2 1 12410 12516 12517 AND
2 1 12517 12320 12518 XOR
2 1 12096 12325 12519 XOR
2 1 12410 12519 12520 AND
2 1 12520 12325 12521 XOR
2 1 12099 12330 12522 XOR
2 1 12410 12522 12523 AND
2 1 12523 12330 12524 XOR
2 1 12102 12335 12525 XOR
2 1 12410 12525 12526 AND
2 1 12526 12335 12527 XOR
2 1 12105 12340 12528 XOR
2 1 12410 12528 12529 AND
2 1 12529 12340 12530 XOR
2 1 12108 12345 12531 XOR
2 1 12410 12531 12532 AND
2 1 12532 12345 12533 XOR
2 1 12111 12350 12534 XOR
2 1 12410 12534 12535 AND
2 1 12535 12350 12536 XOR
2 1 12114 12355 12537 XOR
2 1 12410 12537 12538 AND
2 1 12538 12355 12539 XOR
2 1 12117 12360 12540 XOR
2 1 12410 12540 12541 AND
2 1 12541 12360 12542 XOR
2 1 12120 12365 12543 XOR
2 1 12410 12543 12544 AND
2 1 12544 12365 12545 XOR
2 1 12123 12370 12546 XOR
2 1 12410 12546 12547 AND
2 1 12547 12370 12548 XOR
2 1 12126 12375 12549 XOR
2 1 12410 12549 12550 AND
2 1 12550 12375 12551 XOR
2 1 12129 12380 12552 XOR
2 1 12410 12552 12553 AND
2 1 12553 12380 12554 XOR
2 1 12132 12385 12555 XOR
2 1 12410 12555 12556 AND
2 1 12556 12385 12557 XOR
2 1 12135 12390 12558 XOR
2 1 12410 12558 12559 AND
2 1 12559 12390 12560 XOR
2 1 12138 12395 12561 XOR
2 1 12410 12561 12562 AND
2 1 12562 12395 12563 XOR
2 1 12141 12400 12564 XOR
2 1 12410 12564 12565 AND
2 1 12565 12400 12566 XOR
2 1 12144 12405 12567 XOR
2 1 12410 12567 12568 AND
2 1 12568 12405 12569 XOR
1 1 12410 12570 INV
2 1 452 820 12571 XOR
2 1 12571 820 12572 AND
2 1 12413 821 12573 XOR
2 1 12572 821 12574 XOR
2 1 12573 12572 12575 XOR
2 1 12573 12574 12576 AND
2 1 12572 12576 12577 XOR
2 1 12416 822 12578 XOR
2 1 12577 822 12579 XOR
2 1 12578 12577 12580 XOR
2 1 12578 12579 12581 AND
2 1 12577 12581 12582 XOR
2 1 12419 823 12583 XOR
2 1 12582 823 12584 XOR
2 1 12583 12582 12585 XOR
2 1 12583 12584 12586 AND
2 1 12582 12586 12587 XOR
2 1 12422 824 12588 XOR
2 1 12587 824 12589 XOR
2 1 12588 12587 12590 XOR
2 1 12588 12589 12591 AND
2 1 12587 12591 12592 XOR
2 1 12425 825 12593 XOR
2 1 12592 825 12594 XOR
2 1 12593 12592 12595 XOR
2 1 12593 12594 12596 AND
2 1 12592 12596 12597 XOR
2 1 12428 826 12598 XOR
2 1 12597 826 12599 XOR
2 1 12598 12597 12600 XOR
2 1 12598 12599 12601 AND
2 1 12597 12601 12602 XOR
2 1 12431 827 12603 XOR
2 1 12602 827 12604 XOR
2 1 12603 12602 12605 XOR
2 1 12603 12604 12606 AND
2 1 12602 12606 12607 XOR
2 1 12434 828 12608 XOR
2 1 12607 828 12609 XOR
2 1 12608 12607 12610 XOR
2 1 12608 12609 12611 AND
2 1 12607 12611 12612 XOR
2 1 12437 829 12613 XOR
2 1 12612 829 12614 XOR
2 1 12613 12612 12615 XOR
2 1 12613 12614 12616 AND
2 1 12612 12616 12617 XOR
2 1 12440 830 12618 XOR
2 1 12617 830 12619 XOR
2 1 12618 12617 12620 XOR
2 1 12618 12619 12621 AND
2 1 12617 12621 12622 XOR
2 1 12443 831 12623 XOR
2 1 12622 831 12624 XOR
2 1 12623 12622 12625 XOR
2 1 12623 12624 12626 AND
2 1 12622 12626 12627 XOR
2 1 12446 832 12628 XOR
2 1 12627 832 12629 XOR
2 1 12628 12627 12630 XOR
2 1 12628 12629 12631 AND
2 1 12627 12631 12632 XOR
2 1 12449 833 12633 XOR
2 1 12632 833 12634 XOR
2 1 12633 12632 12635 XOR
2 1 12633 12634 12636 AND
2 1 12632 12636 12637 XOR
2 1 12452 834 12638 XOR
2 1 12637 834 12639 XOR
2 1 12638 12637 12640 XOR
2 1 12638 12639 12641 AND
2 1 12637 12641 12642 XOR
2 1 12455 835 12643 XOR
2 1 12642 835 12644 XOR
2 1 12643 12642 12645 XOR
2 1 12643 12644 12646 AND
2 1 12642 12646 12647 XOR
2 1 12458 836 12648 XOR
2 1 12647 836 12649 XOR
2 1 12648 12647 12650 XOR
2 1 12648 12649 12651 AND
2 1 12647 12651 12652 XOR
2 1 12461 837 12653 XOR
2 1 12652 837 12654 XOR
2 1 12653 12652 12655 XOR
2 1 12653 12654 12656 AND
2 1 12652 12656 12657 XOR
2 1 12464 838 12658 XOR
2 1 12657 838 12659 XOR
2 1 12658 12657 12660 XOR
2 1 12658 12659 12661 AND
2 1 12657 12661 12662 XOR
2 1 12467 839 12663 XOR
2 1 12662 839 12664 XOR
2 1 12663 12662 12665 XOR
2 1 12663 12664 12666 AND
2 1 12662 12666 12667 XOR
2 1 12470 840 12668 XOR
2 1 12667 840 12669 XOR
2 1 12668 12667 12670 XOR
2 1 12668 12669 12671 AND
2 1 12667 12671 12672 XOR
2 1 12473 841 12673 XOR
2 1 12672 841 12674 XOR
2 1 12673 12672 12675 XOR
2 1 12673 12674 12676 AND
2 1 12672 12676 12677 XOR
2 1 12476 842 12678 XOR
2 1 12677 842 12679 XOR
2 1 12678 12677 12680 XOR
2 1 12678 12679 12681 AND
2 1 12677 12681 12682 XOR
2 1 12479 843 12683 XOR
2 1 12682 843 12684 XOR
2 1 12683 12682 12685 XOR
2 1 12683 12684 12686 AND
2 1 12682 12686 12687 XOR
2 1 12482 844 12688 XOR
2 1 12687 844 12689 XOR
2 1 12688 12687 12690 XOR
2 1 12688 12689 12691 AND
2 1 12687 12691 12692 XOR
2 1 12485 845 12693 XOR
2 1 12692 845 12694 XOR
2 1 12693 12692 12695 XOR
2 1 12693 12694 12696 AND
2 1 12692 12696 12697 XOR
2 1 12488 846 12698 XOR
2 1 12697 846 12699 XOR
2 1 12698 12697 12700 XOR
2 1 12698 12699 12701 AND
2 1 12697 12701 12702 XOR
2 1 12491 847 12703 XOR
2 1 12702 847 12704 XOR
2 1 12703 12702 12705 XOR
2 1 12703 12704 12706 AND
2 1 12702 12706 12707 XOR
2 1 12494 848 12708 XOR
2 1 12707 848 12709 XOR
2 1 12708 12707 12710 XOR
2 1 12708 12709 12711 AND
2 1 12707 12711 12712 XOR
2 1 12497 849 12713 XOR
2 1 12712 849 12714 XOR
2 1 12713 12712 12715 XOR
2 1 12713 12714 12716 AND
2 1 12712 12716 12717 XOR
2 1 12500 850 12718 XOR
2 1 12717 850 12719 XOR
2 1 12718 12717 12720 XOR
2 1 12718 12719 12721 AND
2 1 12717 12721 12722 XOR
2 1 12503 851 12723 XOR
2 1 12722 851 12724 XOR
2 1 12723 12722 12725 XOR
2 1 12723 12724 12726 AND
2 1 12722 12726 12727 XOR
2 1 12506 852 12728 XOR
2 1 12727 852 12729 XOR
2 1 12728 12727 12730 XOR
2 1 12728 12729 12731 AND
2 1 12727 12731 12732 XOR
2 1 12509 853 12733 XOR
2 1 12732 853 12734 XOR
2 1 12733 12732 12735 XOR
2 1 12733 12734 12736 AND
2 1 12732 12736 12737 XOR
2 1 12512 854 12738 XOR
2 1 12737 854 12739 XOR
2 1 12738 12737 12740 XOR
2 1 12738 12739 12741 AND
2 1 12737 12741 12742 XOR
2 1 12515 855 12743 XOR
2 1 12742 855 12744 XOR
2 1 12743 12742 12745 XOR
2 1 12743 12744 12746 AND
2 1 12742 12746 12747 XOR
2 1 12518 856 12748 XOR
2 1 12747 856 12749 XOR
2 1 12748 12747 12750 XOR
2 1 12748 12749 12751 AND
2 1 12747 12751 12752 XOR
2 1 12521 857 12753 XOR
2 1 12752 857 12754 XOR
2 1 12753 12752 12755 XOR
2 1 12753 12754 12756 AND
2 1 12752 12756 12757 XOR
2 1 12524 858 12758 XOR
2 1 12757 858 12759 XOR
2 1 12758 12757 12760 XOR
2 1 12758 12759 12761 AND
2 1 12757 12761 12762 XOR
2 1 12527 859 12763 XOR
2 1 12762 859 12764 XOR
2 1 12763 12762 12765 XOR
2 1 12763 12764 12766 AND
2 1 12762 12766 12767 XOR
2 1 12530 860 12768 XOR
2 1 12767 860 12769 XOR
2 1 12768 12767 12770 XOR
2 1 12768 12769 12771 AND
2 1 12767 12771 12772 XOR
2 1 12533 861 12773 XOR
2 1 12772 861 12774 XOR
2 1 12773 12772 12775 XOR
2 1 12773 12774 12776 AND
2 1 12772 12776 12777 XOR
2 1 12536 862 12778 XOR
2 1 12777 862 12779 XOR
2 1 12778 12777 12780 XOR
2 1 12778 12779 12781 AND
2 1 12777 12781 12782 XOR
2 1 12539 863 12783 XOR
2 1 12782 863 12784 XOR
2 1 12783 12782 12785 XOR
2 1 12783 12784 12786 AND
2 1 12782 12786 12787 XOR
2 1 12542 864 12788 XOR
2 1 12787 864 12789 XOR
2 1 12788 12787 12790 XOR
2 1 12788 12789 12791 AND
2 1 12787 12791 12792 XOR
2 1 12545 865 12793 XOR
2 1 12792 865 12794 XOR
2 1 12793 12792 12795 XOR
2 1 12793 12794 12796 AND
2 1 12792 12796 12797 XOR
2 1 12548 866 12798 XOR
2 1 12797 866 12799 XOR
2 1 12798 12797 12800 XOR
2 1 12798 12799 12801 AND
2 1 12797 12801 12802 XOR
2 1 12551 867 12803 XOR
2 1 12802 867 12804 XOR
2 1 12803 12802 12805 XOR
2 1 12803 12804 12806 AND
2 1 12802 12806 12807 XOR
2 1 12554 868 12808 XOR
2 1 12807 868 12809 XOR
2 1 12808 12807 12810 XOR
2 1 12808 12809 12811 AND
2 1 12807 12811 12812 XOR
2 1 12557 869 12813 XOR
2 1 12812 869 12814 XOR
2 1 12813 12812 12815 XOR
2 1 12813 12814 12816 AND
2 1 12812 12816 12817 XOR
2 1 12560 870 12818 XOR
2 1 12817 870 12819 XOR
2 1 12818 12817 12820 XOR
2 1 12818 12819 12821 AND
2 1 12817 12821 12822 XOR
2 1 12563 871 12823 XOR
2 1 12822 871 12824 XOR
2 1 12823 12822 12825 XOR
2 1 12823 12824 12826 AND
2 1 12822 12826 12827 XOR
2 1 12566 872 12828 XOR
2 1 12827 872 12829 XOR
2 1 12828 12827 12830 XOR
2 1 12828 12829 12831 AND
2 1 12827 12831 12832 XOR
2 1 12569 873 12833 XOR
2 1 12832 873 12834 XOR
2 1 12833 12832 12835 XOR
2 1 12833 12834 12836 AND
2 1 12832 12836 12837 XOR
2 1 12837 910 12838 XOR
2 1 12837 910 12839 AND
2 1 12838 12839 12840 XOR
2 1 452 12571 12841 XOR
2 1 12840 12841 12842 AND
2 1 12842 12571 12843 XOR
2 1 12413 12575 12844 XOR
2 1 12840 12844 12845 AND
2 1 12845 12575 12846 XOR
2 1 12416 12580 12847 XOR
2 1 12840 12847 12848 AND
2 1 12848 12580 12849 XOR
2 1 12419 12585 12850 XOR
2 1 12840 12850 12851 AND
2 1 12851 12585 12852 XOR
2 1 12422 12590 12853 XOR
2 1 12840 12853 12854 AND
2 1 12854 12590 12855 XOR
2 1 12425 12595 12856 XOR
2 1 12840 12856 12857 AND
2 1 12857 12595 12858 XOR
2 1 12428 12600 12859 XOR
2 1 12840 12859 12860 AND
2 1 12860 12600 12861 XOR
2 1 12431 12605 12862 XOR
2 1 12840 12862 12863 AND
2 1 12863 12605 12864 XOR
2 1 12434 12610 12865 XOR
2 1 12840 12865 12866 AND
2 1 12866 12610 12867 XOR
2 1 12437 12615 12868 XOR
2 1 12840 12868 12869 AND
2 1 12869 12615 12870 XOR
2 1 12440 12620 12871 XOR
2 1 12840 12871 12872 AND
2 1 12872 12620 12873 XOR
2 1 12443 12625 12874 XOR
2 1 12840 12874 12875 AND
2 1 12875 12625 12876 XOR
2 1 12446 12630 12877 XOR
2 1 12840 12877 12878 AND
2 1 12878 12630 12879 XOR
2 1 12449 12635 12880 XOR
2 1 12840 12880 12881 AND
2 1 12881 12635 12882 XOR
2 1 12452 12640 12883 XOR
2 1 12840 12883 12884 AND
2 1 12884 12640 12885 XOR
2 1 12455 12645 12886 XOR
2 1 12840 12886 12887 AND
2 1 12887 12645 12888 XOR
2 1 12458 12650 12889 XOR
2 1 12840 12889 12890 AND
2 1 12890 12650 12891 XOR
2 1 12461 12655 12892 XOR
2 1 12840 12892 12893 AND
2 1 12893 12655 12894 XOR
2 1 12464 12660 12895 XOR
2 1 12840 12895 12896 AND
2 1 12896 12660 12897 XOR
2 1 12467 12665 12898 XOR
2 1 12840 12898 12899 AND
2 1 12899 12665 12900 XOR
2 1 12470 12670 12901 XOR
2 1 12840 12901 12902 AND
2 1 12902 12670 12903 XOR
2 1 12473 12675 12904 XOR
2 1 12840 12904 12905 AND
2 1 12905 12675 12906 XOR
2 1 12476 12680 12907 XOR
2 1 12840 12907 12908 AND
2 1 12908 12680 12909 XOR
2 1 12479 12685 12910 XOR
2 1 12840 12910 12911 AND
2 1 12911 12685 12912 XOR
2 1 12482 12690 12913 XOR
2 1 12840 12913 12914 AND
2 1 12914 12690 12915 XOR
2 1 12485 12695 12916 XOR
2 1 12840 12916 12917 AND
2 1 12917 12695 12918 XOR
2 1 12488 12700 12919 XOR
2 1 12840 12919 12920 AND
2 1 12920 12700 12921 XOR
2 1 12491 12705 12922 XOR
2 1 12840 12922 12923 AND
2 1 12923 12705 12924 XOR
2 1 12494 12710 12925 XOR
2 1 12840 12925 12926 AND
2 1 12926 12710 12927 XOR
2 1 12497 12715 12928 XOR
2 1 12840 12928 12929 AND
2 1 12929 12715 12930 XOR
2 1 12500 12720 12931 XOR
2 1 12840 12931 12932 AND
2 1 12932 12720 12933 XOR
2 1 12503 12725 12934 XOR
2 1 12840 12934 12935 AND
2 1 12935 12725 12936 XOR
2 1 12506 12730 12937 XOR
2 1 12840 12937 12938 AND
2 1 12938 12730 12939 XOR
2 1 12509 12735 12940 XOR
2 1 12840 12940 12941 AND
2 1 12941 12735 12942 XOR
2 1 12512 12740 12943 XOR
2 1 12840 12943 12944 AND
2 1 12944 12740 12945 XOR
2 1 12515 12745 12946 XOR
2 1 12840 12946 12947 AND
2 1 12947 12745 12948 XOR
2 1 12518 12750 12949 XOR
2 1 12840 12949 12950 AND
2 1 12950 12750 12951 XOR
2 1 12521 12755 12952 XOR
2 1 12840 12952 12953 AND
2 1 12953 12755 12954 XOR
2 1 12524 12760 12955 XOR
2 1 12840 12955 12956 AND
2 1 12956 12760 12957 XOR
2 1 12527 12765 12958 XOR
2 1 12840 12958 12959 AND
2 1 12959 12765 12960 XOR
2 1 12530 12770 12961 XOR
2 1 12840 12961 12962 AND
2 1 12962 12770 12963 XOR
2 1 12533 12775 12964 XOR
2 1 12840 12964 12965 AND
2 1 12965 12775 12966 XOR
2 1 12536 12780 12967 XOR
2 1 12840 12967 12968 AND
2 1 12968 12780 12969 XOR
2 1 12539 12785 12970 XOR
2 1 12840 12970 12971 AND
2 1 12971 12785 12972 XOR
2 1 12542 12790 12973 XOR
2 1 12840 12973 12974 AND
2 1 12974 12790 12975 XOR
2 1 12545 12795 12976 XOR
2 1 12840 12976 12977 AND
2 1 12977 12795 12978 XOR
2 1 12548 12800 12979 XOR
2 1 12840 12979 12980 AND
2 1 12980 12800 12981 XOR
2 1 12551 12805 12982 XOR
2 1 12840 12982 12983 AND
2 1 12983 12805 12984 XOR
2 1 12554 12810 12985 XOR
2 1 12840 12985 12986 AND
2 1 12986 12810 12987 XOR
2 1 12557 12815 12988 XOR
2 1 12840 12988 12989 AND
2 1 12989 12815 12990 XOR
2 1 12560 12820 12991 XOR
2 1 12840 12991 12992 AND
2 1 12992 12820 12993 XOR
2 1 12563 12825 12994 XOR
2 1 12840 12994 12995 AND
2 1 12995 12825 12996 XOR
2 1 12566 12830 12997 XOR
2 1 12840 12997 12998 AND
2 1 12998 12830 12999 XOR
2 1 12569 12835 13000 XOR
2 1 12840 13000 13001 AND
2 1 13001 12835 13002 XOR
1 1 12840 13003 INV
2 1 451 820 13004 XOR
2 1 13004 820 13005 AND
2 1 12843 821 13006 XOR
2 1 13005 821 13007 XOR
2 1 13006 13005 13008 XOR
2 1 13006 13007 13009 AND
2 1 13005 13009 13010 XOR
2 1 12846 822 13011 XOR
2 1 13010 822 13012 XOR
2 1 13011 13010 13013 XOR
2 1 13011 13012 13014 AND
2 1 13010 13014 13015 XOR
2 1 12849 823 13016 XOR
2 1 13015 823 13017 XOR
2 1 13016 13015 13018 XOR
2 1 13016 13017 13019 AND
2 1 13015 13019 13020 XOR
2 1 12852 824 13021 XOR
2 1 13020 824 13022 XOR
2 1 13021 13020 13023 XOR
2 1 13021 13022 13024 AND
2 1 13020 13024 13025 XOR
2 1 12855 825 13026 XOR
2 1 13025 825 13027 XOR
2 1 13026 13025 13028 XOR
2 1 13026 13027 13029 AND
2 1 13025 13029 13030 XOR
2 1 12858 826 13031 XOR
2 1 13030 826 13032 XOR
2 1 13031 13030 13033 XOR
2 1 13031 13032 13034 AND
2 1 13030 13034 13035 XOR
2 1 12861 827 13036 XOR
2 1 13035 827 13037 XOR
2 1 13036 13035 13038 XOR
2 1 13036 13037 13039 AND
2 1 13035 13039 13040 XOR
2 1 12864 828 13041 XOR
2 1 13040 828 13042 XOR
2 1 13041 13040 13043 XOR
2 1 13041 13042 13044 AND
2 1 13040 13044 13045 XOR
2 1 12867 829 13046 XOR
2 1 13045 829 13047 XOR
2 1 13046 13045 13048 XOR
2 1 13046 13047 13049 AND
2 1 13045 13049 13050 XOR
2 1 12870 830 13051 XOR
2 1 13050 830 13052 XOR
2 1 13051 13050 13053 XOR
2 1 13051 13052 13054 AND
2 1 13050 13054 13055 XOR
2 1 12873 831 13056 XOR
2 1 13055 831 13057 XOR
2 1 13056 13055 13058 XOR
2 1 13056 13057 13059 AND
2 1 13055 13059 13060 XOR
2 1 12876 832 13061 XOR
2 1 13060 832 13062 XOR
2 1 13061 13060 13063 XOR
2 1 13061 13062 13064 AND
2 1 13060 13064 13065 XOR
2 1 12879 833 13066 XOR
2 1 13065 833 13067 XOR
2 1 13066 13065 13068 XOR
2 1 13066 13067 13069 AND
2 1 13065 13069 13070 XOR
2 1 12882 834 13071 XOR
2 1 13070 834 13072 XOR
2 1 13071 13070 13073 XOR
2 1 13071 13072 13074 AND
2 1 13070 13074 13075 XOR
2 1 12885 835 13076 XOR
2 1 13075 835 13077 XOR
2 1 13076 13075 13078 XOR
2 1 13076 13077 13079 AND
2 1 13075 13079 13080 XOR
2 1 12888 836 13081 XOR
2 1 13080 836 13082 XOR
2 1 13081 13080 13083 XOR
2 1 13081 13082 13084 AND
2 1 13080 13084 13085 XOR
2 1 12891 837 13086 XOR
2 1 13085 837 13087 XOR
2 1 13086 13085 13088 XOR
2 1 13086 13087 13089 AND
2 1 13085 13089 13090 XOR
2 1 12894 838 13091 XOR
2 1 13090 838 13092 XOR
2 1 13091 13090 13093 XOR
2 1 13091 13092 13094 AND
2 1 13090 13094 13095 XOR
2 1 12897 839 13096 XOR
2 1 13095 839 13097 XOR
2 1 13096 13095 13098 XOR
2 1 13096 13097 13099 AND
2 1 13095 13099 13100 XOR
2 1 12900 840 13101 XOR
2 1 13100 840 13102 XOR
2 1 13101 13100 13103 XOR
2 1 13101 13102 13104 AND
2 1 13100 13104 13105 XOR
2 1 12903 841 13106 XOR
2 1 13105 841 13107 XOR
2 1 13106 13105 13108 XOR
2 1 13106 13107 13109 AND
2 1 13105 13109 13110 XOR
2 1 12906 842 13111 XOR
2 1 13110 842 13112 XOR
2 1 13111 13110 13113 XOR
2 1 13111 13112 13114 AND
2 1 13110 13114 13115 XOR
2 1 12909 843 13116 XOR
2 1 13115 843 13117 XOR
2 1 13116 13115 13118 XOR
2 1 13116 13117 13119 AND
2 1 13115 13119 13120 XOR
2 1 12912 844 13121 XOR
2 1 13120 844 13122 XOR
2 1 13121 13120 13123 XOR
2 1 13121 13122 13124 AND
2 1 13120 13124 13125 XOR
2 1 12915 845 13126 XOR
2 1 13125 845 13127 XOR
2 1 13126 13125 13128 XOR
2 1 13126 13127 13129 AND
2 1 13125 13129 13130 XOR
2 1 12918 846 13131 XOR
2 1 13130 846 13132 XOR
2 1 13131 13130 13133 XOR
2 1 13131 13132 13134 AND
2 1 13130 13134 13135 XOR
2 1 12921 847 13136 XOR
2 1 13135 847 13137 XOR
2 1 13136 13135 13138 XOR
2 1 13136 13137 13139 AND
2 1 13135 13139 13140 XOR
2 1 12924 848 13141 XOR
2 1 13140 848 13142 XOR
2 1 13141 13140 13143 XOR
2 1 13141 13142 13144 AND
2 1 13140 13144 13145 XOR
2 1 12927 849 13146 XOR
2 1 13145 849 13147 XOR
2 1 13146 13145 13148 XOR
2 1 13146 13147 13149 AND
2 1 13145 13149 13150 XOR
2 1 12930 850 13151 XOR
2 1 13150 850 13152 XOR
2 1 13151 13150 13153 XOR
2 1 13151 13152 13154 AND
2 1 13150 13154 13155 XOR
2 1 12933 851 13156 XOR
2 1 13155 851 13157 XOR
2 1 13156 13155 13158 XOR
2 1 13156 13157 13159 AND
2 1 13155 13159 13160 XOR
2 1 12936 852 13161 XOR
2 1 13160 852 13162 XOR
2 1 13161 13160 13163 XOR
2 1 13161 13162 13164 AND
2 1 13160 13164 13165 XOR
2 1 12939 853 13166 XOR
2 1 13165 853 13167 XOR
2 1 13166 13165 13168 XOR
2 1 13166 13167 13169 AND
2 1 13165 13169 13170 XOR
2 1 12942 854 13171 XOR
2 1 13170 854 13172 XOR
2 1 13171 13170 13173 XOR
2 1 13171 13172 13174 AND
2 1 13170 13174 13175 XOR
2 1 12945 855 13176 XOR
2 1 13175 855 13177 XOR
2 1 13176 13175 13178 XOR
2 1 13176 13177 13179 AND
2 1 13175 13179 13180 XOR
2 1 12948 856 13181 XOR
2 1 13180 856 13182 XOR
2 1 13181 13180 13183 XOR
2 1 13181 13182 13184 AND
2 1 13180 13184 13185 XOR
2 1 12951 857 13186 XOR
2 1 13185 857 13187 XOR
2 1 13186 13185 13188 XOR
2 1 13186 13187 13189 AND
2 1 13185 13189 13190 XOR
2 1 12954 858 13191 XOR
2 1 13190 858 13192 XOR
2 1 13191 13190 13193 XOR
2 1 13191 13192 13194 AND
2 1 13190 13194 13195 XOR
2 1 12957 859 13196 XOR
2 1 13195 859 13197 XOR
2 1 13196 13195 13198 XOR
2 1 13196 13197 13199 AND
2 1 13195 13199 13200 XOR
2 1 12960 860 13201 XOR
2 1 13200 860 13202 XOR
2 1 13201 13200 13203 XOR
2 1 13201 13202 13204 AND
2 1 13200 13204 13205 XOR
2 1 12963 861 13206 XOR
2 1 13205 861 13207 XOR
2 1 13206 13205 13208 XOR
2 1 13206 13207 13209 AND
2 1 13205 13209 13210 XOR
2 1 12966 862 13211 XOR
2 1 13210 862 13212 XOR
2 1 13211 13210 13213 XOR
2 1 13211 13212 13214 AND
2 1 13210 13214 13215 XOR
2 1 12969 863 13216 XOR
2 1 13215 863 13217 XOR
2 1 13216 13215 13218 XOR
2 1 13216 13217 13219 AND
2 1 13215 13219 13220 XOR
2 1 12972 864 13221 XOR
2 1 13220 864 13222 XOR
2 1 13221 13220 13223 XOR
2 1 13221 13222 13224 AND
2 1 13220 13224 13225 XOR
2 1 12975 865 13226 XOR
2 1 13225 865 13227 XOR
2 1 13226 13225 13228 XOR
2 1 13226 13227 13229 AND
2 1 13225 13229 13230 XOR
2 1 12978 866 13231 XOR
2 1 13230 866 13232 XOR
2 1 13231 13230 13233 XOR
2 1 13231 13232 13234 AND
2 1 13230 13234 13235 XOR
2 1 12981 867 13236 XOR
2 1 13235 867 13237 XOR
2 1 13236 13235 13238 XOR
2 1 13236 13237 13239 AND
2 1 13235 13239 13240 XOR
2 1 12984 868 13241 XOR
2 1 13240 868 13242 XOR
2 1 13241 13240 13243 XOR
2 1 13241 13242 13244 AND
2 1 13240 13244 13245 XOR
2 1 12987 869 13246 XOR
2 1 13245 869 13247 XOR
2 1 13246 13245 13248 XOR
2 1 13246 13247 13249 AND
2 1 13245 13249 13250 XOR
2 1 12990 870 13251 XOR
2 1 13250 870 13252 XOR
2 1 13251 13250 13253 XOR
2 1 13251 13252 13254 AND
2 1 13250 13254 13255 XOR
2 1 12993 871 13256 XOR
2 1 13255 871 13257 XOR
2 1 13256 13255 13258 XOR
2 1 13256 13257 13259 AND
2 1 13255 13259 13260 XOR
2 1 12996 872 13261 XOR
2 1 13260 872 13262 XOR
2 1 13261 13260 13263 XOR
2 1 13261 13262 13264 AND
2 1 13260 13264 13265 XOR
2 1 12999 873 13266 XOR
2 1 13265 873 13267 XOR
2 1 13266 13265 13268 XOR
2 1 13266 13267 13269 AND
2 1 13265 13269 13270 XOR
2 1 13002 874 13271 XOR
2 1 13270 874 13272 XOR
2 1 13271 13270 13273 XOR
2 1 13271 13272 13274 AND
2 1 13270 13274 13275 XOR
2 1 13275 907 13276 XOR
2 1 13275 907 13277 AND
2 1 13276 13277 13278 XOR
2 1 451 13004 13279 XOR
2 1 13278 13279 13280 AND
2 1 13280 13004 13281 XOR
2 1 12843 13008 13282 XOR
2 1 13278 13282 13283 AND
2 1 13283 13008 13284 XOR
2 1 12846 13013 13285 XOR
2 1 13278 13285 13286 AND
2 1 13286 13013 13287 XOR
2 1 12849 13018 13288 XOR
2 1 13278 13288 13289 AND
2 1 13289 13018 13290 XOR
2 1 12852 13023 13291 XOR
2 1 13278 13291 13292 AND
2 1 13292 13023 13293 XOR
2 1 12855 13028 13294 XOR
2 1 13278 13294 13295 AND
2 1 13295 13028 13296 XOR
2 1 12858 13033 13297 XOR
2 1 13278 13297 13298 AND
2 1 13298 13033 13299 XOR
2 1 12861 13038 13300 XOR
2 1 13278 13300 13301 AND
2 1 13301 13038 13302 XOR
2 1 12864 13043 13303 XOR
2 1 13278 13303 13304 AND
2 1 13304 13043 13305 XOR
2 1 12867 13048 13306 XOR
2 1 13278 13306 13307 AND
2 1 13307 13048 13308 XOR
2 1 12870 13053 13309 XOR
2 1 13278 13309 13310 AND
2 1 13310 13053 13311 XOR
2 1 12873 13058 13312 XOR
2 1 13278 13312 13313 AND
2 1 13313 13058 13314 XOR
2 1 12876 13063 13315 XOR
2 1 13278 13315 13316 AND
2 1 13316 13063 13317 XOR
2 1 12879 13068 13318 XOR
2 1 13278 13318 13319 AND
2 1 13319 13068 13320 XOR
2 1 12882 13073 13321 XOR
2 1 13278 13321 13322 AND
2 1 13322 13073 13323 XOR
2 1 12885 13078 13324 XOR
2 1 13278 13324 13325 AND
2 1 13325 13078 13326 XOR
2 1 12888 13083 13327 XOR
2 1 13278 13327 13328 AND
2 1 13328 13083 13329 XOR
2 1 12891 13088 13330 XOR
2 1 13278 13330 13331 AND
2 1 13331 13088 13332 XOR
2 1 12894 13093 13333 XOR
2 1 13278 13333 13334 AND
2 1 13334 13093 13335 XOR
2 1 12897 13098 13336 XOR
2 1 13278 13336 13337 AND
2 1 13337 13098 13338 XOR
2 1 12900 13103 13339 XOR
2 1 13278 13339 13340 AND
2 1 13340 13103 13341 XOR
2 1 12903 13108 13342 XOR
2 1 13278 13342 13343 AND
2 1 13343 13108 13344 XOR
2 1 12906 13113 13345 XOR
2 1 13278 13345 13346 AND
2 1 13346 13113 13347 XOR
2 1 12909 13118 13348 XOR
2 1 13278 13348 13349 AND
2 1 13349 13118 13350 XOR
2 1 12912 13123 13351 XOR
2 1 13278 13351 13352 AND
2 1 13352 13123 13353 XOR
2 1 12915 13128 13354 XOR
2 1 13278 13354 13355 AND
2 1 13355 13128 13356 XOR
2 1 12918 13133 13357 XOR
2 1 13278 13357 13358 AND
2 1 13358 13133 13359 XOR
2 1 12921 13138 13360 XOR
2 1 13278 13360 13361 AND
2 1 13361 13138 13362 XOR
2 1 12924 13143 13363 XOR
2 1 13278 13363 13364 AND
2 1 13364 13143 13365 XOR
2 1 12927 13148 13366 XOR
2 1 13278 13366 13367 AND
2 1 13367 13148 13368 XOR
2 1 12930 13153 13369 XOR
2 1 13278 13369 13370 AND
2 1 13370 13153 13371 XOR
2 1 12933 13158 13372 XOR
2 1 13278 13372 13373 AND
2 1 13373 13158 13374 XOR
2 1 12936 13163 13375 XOR
2 1 13278 13375 13376 AND
2 1 13376 13163 13377 XOR
2 1 12939 13168 13378 XOR
2 1 13278 13378 13379 AND
2 1 13379 13168 13380 XOR
2 1 12942 13173 13381 XOR
2 1 13278 13381 13382 AND
2 1 13382 13173 13383 XOR
2 1 12945 13178 13384 XOR
2 1 13278 13384 13385 AND
2 1 13385 13178 13386 XOR
2 1 12948 13183 13387 XOR
2 1 13278 13387 13388 AND
2 1 13388 13183 13389 XOR
2 1 12951 13188 13390 XOR
2 1 13278 13390 13391 AND
2 1 13391 13188 13392 XOR
2 1 12954 13193 13393 XOR
2 1 13278 13393 13394 AND
2 1 13394 13193 13395 XOR
2 1 12957 13198 13396 XOR
2 1 13278 13396 13397 AND
2 1 13397 13198 13398 XOR
2 1 12960 13203 13399 XOR
2 1 13278 13399 13400 AND
2 1 13400 13203 13401 XOR
2 1 12963 13208 13402 XOR
2 1 13278 13402 13403 AND
2 1 13403 13208 13404 XOR
2 1 12966 13213 13405 XOR
2 1 13278 13405 13406 AND
2 1 13406 13213 13407 XOR
2 1 12969 13218 13408 XOR
2 1 13278 13408 13409 AND
2 1 13409 13218 13410 XOR
2 1 12972 13223 13411 XOR
2 1 13278 13411 13412 AND
2 1 13412 13223 13413 XOR
2 1 12975 13228 13414 XOR
2 1 13278 13414 13415 AND
2 1 13415 13228 13416 XOR
2 1 12978 13233 13417 XOR
2 1 13278 13417 13418 AND
2 1 13418 13233 13419 XOR
2 1 12981 13238 13420 XOR
2 1 13278 13420 13421 AND
2 1 13421 13238 13422 XOR
2 1 12984 13243 13423 XOR
2 1 13278 13423 13424 AND
2 1 13424 13243 13425 XOR
2 1 12987 13248 13426 XOR
2 1 13278 13426 13427 AND
2 1 13427 13248 13428 XOR
2 1 12990 13253 13429 XOR
2 1 13278 13429 13430 AND
2 1 13430 13253 13431 XOR
2 1 12993 13258 13432 XOR
2 1 13278 13432 13433 AND
2 1 13433 13258 13434 XOR
2 1 12996 13263 13435 XOR
2 1 13278 13435 13436 AND
2 1 13436 13263 13437 XOR
2 1 12999 13268 13438 XOR
2 1 13278 13438 13439 AND
2 1 13439 13268 13440 XOR
2 1 13002 13273 13441 XOR
2 1 13278 13441 13442 AND
2 1 13442 13273 13443 XOR
1 1 13278 13444 INV
2 1 450 820 13445 XOR
2 1 13445 820 13446 AND
2 1 13281 821 13447 XOR
2 1 13446 821 13448 XOR
2 1 13447 13446 13449 XOR
2 1 13447 13448 13450 AND
2 1 13446 13450 13451 XOR
2 1 13284 822 13452 XOR
2 1 13451 822 13453 XOR
2 1 13452 13451 13454 XOR
2 1 13452 13453 13455 AND
2 1 13451 13455 13456 XOR
2 1 13287 823 13457 XOR
2 1 13456 823 13458 XOR
2 1 13457 13456 13459 XOR
2 1 13457 13458 13460 AND
2 1 13456 13460 13461 XOR
2 1 13290 824 13462 XOR
2 1 13461 824 13463 XOR
2 1 13462 13461 13464 XOR
2 1 13462 13463 13465 AND
2 1 13461 13465 13466 XOR
2 1 13293 825 13467 XOR
2 1 13466 825 13468 XOR
2 1 13467 13466 13469 XOR
2 1 13467 13468 13470 AND
2 1 13466 13470 13471 XOR
2 1 13296 826 13472 XOR
2 1 13471 826 13473 XOR
2 1 13472 13471 13474 XOR
2 1 13472 13473 13475 AND
2 1 13471 13475 13476 XOR
2 1 13299 827 13477 XOR
2 1 13476 827 13478 XOR
2 1 13477 13476 13479 XOR
2 1 13477 13478 13480 AND
2 1 13476 13480 13481 XOR
2 1 13302 828 13482 XOR
2 1 13481 828 13483 XOR
2 1 13482 13481 13484 XOR
2 1 13482 13483 13485 AND
2 1 13481 13485 13486 XOR
2 1 13305 829 13487 XOR
2 1 13486 829 13488 XOR
2 1 13487 13486 13489 XOR
2 1 13487 13488 13490 AND
2 1 13486 13490 13491 XOR
2 1 13308 830 13492 XOR
2 1 13491 830 13493 XOR
2 1 13492 13491 13494 XOR
2 1 13492 13493 13495 AND
2 1 13491 13495 13496 XOR
2 1 13311 831 13497 XOR
2 1 13496 831 13498 XOR
2 1 13497 13496 13499 XOR
2 1 13497 13498 13500 AND
2 1 13496 13500 13501 XOR
2 1 13314 832 13502 XOR
2 1 13501 832 13503 XOR
2 1 13502 13501 13504 XOR
2 1 13502 13503 13505 AND
2 1 13501 13505 13506 XOR
2 1 13317 833 13507 XOR
2 1 13506 833 13508 XOR
2 1 13507 13506 13509 XOR
2 1 13507 13508 13510 AND
2 1 13506 13510 13511 XOR
2 1 13320 834 13512 XOR
2 1 13511 834 13513 XOR
2 1 13512 13511 13514 XOR
2 1 13512 13513 13515 AND
2 1 13511 13515 13516 XOR
2 1 13323 835 13517 XOR
2 1 13516 835 13518 XOR
2 1 13517 13516 13519 XOR
2 1 13517 13518 13520 AND
2 1 13516 13520 13521 XOR
2 1 13326 836 13522 XOR
2 1 13521 836 13523 XOR
2 1 13522 13521 13524 XOR
2 1 13522 13523 13525 AND
2 1 13521 13525 13526 XOR
2 1 13329 837 13527 XOR
2 1 13526 837 13528 XOR
2 1 13527 13526 13529 XOR
2 1 13527 13528 13530 AND
2 1 13526 13530 13531 XOR
2 1 13332 838 13532 XOR
2 1 13531 838 13533 XOR
2 1 13532 13531 13534 XOR
2 1 13532 13533 13535 AND
2 1 13531 13535 13536 XOR
2 1 13335 839 13537 XOR
2 1 13536 839 13538 XOR
2 1 13537 13536 13539 XOR
2 1 13537 13538 13540 AND
2 1 13536 13540 13541 XOR
2 1 13338 840 13542 XOR
2 1 13541 840 13543 XOR
2 1 13542 13541 13544 XOR
2 1 13542 13543 13545 AND
2 1 13541 13545 13546 XOR
2 1 13341 841 13547 XOR
2 1 13546 841 13548 XOR
2 1 13547 13546 13549 XOR
2 1 13547 13548 13550 AND
2 1 13546 13550 13551 XOR
2 1 13344 842 13552 XOR
2 1 13551 842 13553 XOR
2 1 13552 13551 13554 XOR
2 1 13552 13553 13555 AND
2 1 13551 13555 13556 XOR
2 1 13347 843 13557 XOR
2 1 13556 843 13558 XOR
2 1 13557 13556 13559 XOR
2 1 13557 13558 13560 AND
2 1 13556 13560 13561 XOR
2 1 13350 844 13562 XOR
2 1 13561 844 13563 XOR
2 1 13562 13561 13564 XOR
2 1 13562 13563 13565 AND
2 1 13561 13565 13566 XOR
2 1 13353 845 13567 XOR
2 1 13566 845 13568 XOR
2 1 13567 13566 13569 XOR
2 1 13567 13568 13570 AND
2 1 13566 13570 13571 XOR
2 1 13356 846 13572 XOR
2 1 13571 846 13573 XOR
2 1 13572 13571 13574 XOR
2 1 13572 13573 13575 AND
2 1 13571 13575 13576 XOR
2 1 13359 847 13577 XOR
2 1 13576 847 13578 XOR
2 1 13577 13576 13579 XOR
2 1 13577 13578 13580 AND
2 1 13576 13580 13581 XOR
2 1 13362 848 13582 XOR
2 1 13581 848 13583 XOR
2 1 13582 13581 13584 XOR
2 1 13582 13583 13585 AND
2 1 13581 13585 13586 XOR
2 1 13365 849 13587 XOR
2 1 13586 849 13588 XOR
2 1 13587 13586 13589 XOR
2 1 13587 13588 13590 AND
2 1 13586 13590 13591 XOR
2 1 13368 850 13592 XOR
2 1 13591 850 13593 XOR
2 1 13592 13591 13594 XOR
2 1 13592 13593 13595 AND
2 1 13591 13595 13596 XOR
2 1 13371 851 13597 XOR
2 1 13596 851 13598 XOR
2 1 13597 13596 13599 XOR
2 1 13597 13598 13600 AND
2 1 13596 13600 13601 XOR
2 1 13374 852 13602 XOR
2 1 13601 852 13603 XOR
2 1 13602 13601 13604 XOR
2 1 13602 13603 13605 AND
2 1 13601 13605 13606 XOR
2 1 13377 853 13607 XOR
2 1 13606 853 13608 XOR
2 1 13607 13606 13609 XOR
2 1 13607 13608 13610 AND
2 1 13606 13610 13611 XOR
2 1 13380 854 13612 XOR
2 1 13611 854 13613 XOR
2 1 13612 13611 13614 XOR
2 1 13612 13613 13615 AND
2 1 13611 13615 13616 XOR
2 1 13383 855 13617 XOR
2 1 13616 855 13618 XOR
2 1 13617 13616 13619 XOR
2 1 13617 13618 13620 AND
2 1 13616 13620 13621 XOR
2 1 13386 856 13622 XOR
2 1 13621 856 13623 XOR
2 1 13622 13621 13624 XOR
2 1 13622 13623 13625 AND
2 1 13621 13625 13626 XOR
2 1 13389 857 13627 XOR
2 1 13626 857 13628 XOR
2 1 13627 13626 13629 XOR
2 1 13627 13628 13630 AND
2 1 13626 13630 13631 XOR
2 1 13392 858 13632 XOR
2 1 13631 858 13633 XOR
2 1 13632 13631 13634 XOR
2 1 13632 13633 13635 AND
2 1 13631 13635 13636 XOR
2 1 13395 859 13637 XOR
2 1 13636 859 13638 XOR
2 1 13637 13636 13639 XOR
2 1 13637 13638 13640 AND
2 1 13636 13640 13641 XOR
2 1 13398 860 13642 XOR
2 1 13641 860 13643 XOR
2 1 13642 13641 13644 XOR
2 1 13642 13643 13645 AND
2 1 13641 13645 13646 XOR
2 1 13401 861 13647 XOR
2 1 13646 861 13648 XOR
2 1 13647 13646 13649 XOR
2 1 13647 13648 13650 AND
2 1 13646 13650 13651 XOR
2 1 13404 862 13652 XOR
2 1 13651 862 13653 XOR
2 1 13652 13651 13654 XOR
2 1 13652 13653 13655 AND
2 1 13651 13655 13656 XOR
2 1 13407 863 13657 XOR
2 1 13656 863 13658 XOR
2 1 13657 13656 13659 XOR
2 1 13657 13658 13660 AND
2 1 13656 13660 13661 XOR
2 1 13410 864 13662 XOR
2 1 13661 864 13663 XOR
2 1 13662 13661 13664 XOR
2 1 13662 13663 13665 AND
2 1 13661 13665 13666 XOR
2 1 13413 865 13667 XOR
2 1 13666 865 13668 XOR
2 1 13667 13666 13669 XOR
2 1 13667 13668 13670 AND
2 1 13666 13670 13671 XOR
2 1 13416 866 13672 XOR
2 1 13671 866 13673 XOR
2 1 13672 13671 13674 XOR
2 1 13672 13673 13675 AND
2 1 13671 13675 13676 XOR
2 1 13419 867 13677 XOR
2 1 13676 867 13678 XOR
2 1 13677 13676 13679 XOR
2 1 13677 13678 13680 AND
2 1 13676 13680 13681 XOR
2 1 13422 868 13682 XOR
2 1 13681 868 13683 XOR
2 1 13682 13681 13684 XOR
2 1 13682 13683 13685 AND
2 1 13681 13685 13686 XOR
2 1 13425 869 13687 XOR
2 1 13686 869 13688 XOR
2 1 13687 13686 13689 XOR
2 1 13687 13688 13690 AND
2 1 13686 13690 13691 XOR
2 1 13428 870 13692 XOR
2 1 13691 870 13693 XOR
2 1 13692 13691 13694 XOR
2 1 13692 13693 13695 AND
2 1 13691 13695 13696 XOR
2 1 13431 871 13697 XOR
2 1 13696 871 13698 XOR
2 1 13697 13696 13699 XOR
2 1 13697 13698 13700 AND
2 1 13696 13700 13701 XOR
2 1 13434 872 13702 XOR
2 1 13701 872 13703 XOR
2 1 13702 13701 13704 XOR
2 1 13702 13703 13705 AND
2 1 13701 13705 13706 XOR
2 1 13437 873 13707 XOR
2 1 13706 873 13708 XOR
2 1 13707 13706 13709 XOR
2 1 13707 13708 13710 AND
2 1 13706 13710 13711 XOR
2 1 13440 874 13712 XOR
2 1 13711 874 13713 XOR
2 1 13712 13711 13714 XOR
2 1 13712 13713 13715 AND
2 1 13711 13715 13716 XOR
2 1 13443 875 13717 XOR
2 1 13716 875 13718 XOR
2 1 13717 13716 13719 XOR
2 1 13717 13718 13720 AND
2 1 13716 13720 13721 XOR
2 1 13721 904 13722 XOR
2 1 13721 904 13723 AND
2 1 13722 13723 13724 XOR
2 1 450 13445 13725 XOR
2 1 13724 13725 13726 AND
2 1 13726 13445 13727 XOR
2 1 13281 13449 13728 XOR
2 1 13724 13728 13729 AND
2 1 13729 13449 13730 XOR
2 1 13284 13454 13731 XOR
2 1 13724 13731 13732 AND
2 1 13732 13454 13733 XOR
2 1 13287 13459 13734 XOR
2 1 13724 13734 13735 AND
2 1 13735 13459 13736 XOR
2 1 13290 13464 13737 XOR
2 1 13724 13737 13738 AND
2 1 13738 13464 13739 XOR
2 1 13293 13469 13740 XOR
2 1 13724 13740 13741 AND
2 1 13741 13469 13742 XOR
2 1 13296 13474 13743 XOR
2 1 13724 13743 13744 AND
2 1 13744 13474 13745 XOR
2 1 13299 13479 13746 XOR
2 1 13724 13746 13747 AND
2 1 13747 13479 13748 XOR
2 1 13302 13484 13749 XOR
2 1 13724 13749 13750 AND
2 1 13750 13484 13751 XOR
2 1 13305 13489 13752 XOR
2 1 13724 13752 13753 AND
2 1 13753 13489 13754 XOR
2 1 13308 13494 13755 XOR
2 1 13724 13755 13756 AND
2 1 13756 13494 13757 XOR
2 1 13311 13499 13758 XOR
2 1 13724 13758 13759 AND
2 1 13759 13499 13760 XOR
2 1 13314 13504 13761 XOR
2 1 13724 13761 13762 AND
2 1 13762 13504 13763 XOR
2 1 13317 13509 13764 XOR
2 1 13724 13764 13765 AND
2 1 13765 13509 13766 XOR
2 1 13320 13514 13767 XOR
2 1 13724 13767 13768 AND
2 1 13768 13514 13769 XOR
2 1 13323 13519 13770 XOR
2 1 13724 13770 13771 AND
2 1 13771 13519 13772 XOR
2 1 13326 13524 13773 XOR
2 1 13724 13773 13774 AND
2 1 13774 13524 13775 XOR
2 1 13329 13529 13776 XOR
2 1 13724 13776 13777 AND
2 1 13777 13529 13778 XOR
2 1 13332 13534 13779 XOR
2 1 13724 13779 13780 AND
2 1 13780 13534 13781 XOR
2 1 13335 13539 13782 XOR
2 1 13724 13782 13783 AND
2 1 13783 13539 13784 XOR
2 1 13338 13544 13785 XOR
2 1 13724 13785 13786 AND
2 1 13786 13544 13787 XOR
2 1 13341 13549 13788 XOR
2 1 13724 13788 13789 AND
2 1 13789 13549 13790 XOR
2 1 13344 13554 13791 XOR
2 1 13724 13791 13792 AND
2 1 13792 13554 13793 XOR
2 1 13347 13559 13794 XOR
2 1 13724 13794 13795 AND
2 1 13795 13559 13796 XOR
2 1 13350 13564 13797 XOR
2 1 13724 13797 13798 AND
2 1 13798 13564 13799 XOR
2 1 13353 13569 13800 XOR
2 1 13724 13800 13801 AND
2 1 13801 13569 13802 XOR
2 1 13356 13574 13803 XOR
2 1 13724 13803 13804 AND
2 1 13804 13574 13805 XOR
2 1 13359 13579 13806 XOR
2 1 13724 13806 13807 AND
2 1 13807 13579 13808 XOR
2 1 13362 13584 13809 XOR
2 1 13724 13809 13810 AND
2 1 13810 13584 13811 XOR
2 1 13365 13589 13812 XOR
2 1 13724 13812 13813 AND
2 1 13813 13589 13814 XOR
2 1 13368 13594 13815 XOR
2 1 13724 13815 13816 AND
2 1 13816 13594 13817 XOR
2 1 13371 13599 13818 XOR
2 1 13724 13818 13819 AND
2 1 13819 13599 13820 XOR
2 1 13374 13604 13821 XOR
2 1 13724 13821 13822 AND
2 1 13822 13604 13823 XOR
2 1 13377 13609 13824 XOR
2 1 13724 13824 13825 AND
2 1 13825 13609 13826 XOR
2 1 13380 13614 13827 XOR
2 1 13724 13827 13828 AND
2 1 13828 13614 13829 XOR
2 1 13383 13619 13830 XOR
2 1 13724 13830 13831 AND
2 1 13831 13619 13832 XOR
2 1 13386 13624 13833 XOR
2 1 13724 13833 13834 AND
2 1 13834 13624 13835 XOR
2 1 13389 13629 13836 XOR
2 1 13724 13836 13837 AND
2 1 13837 13629 13838 XOR
2 1 13392 13634 13839 XOR
2 1 13724 13839 13840 AND
2 1 13840 13634 13841 XOR
2 1 13395 13639 13842 XOR
2 1 13724 13842 13843 AND
2 1 13843 13639 13844 XOR
2 1 13398 13644 13845 XOR
2 1 13724 13845 13846 AND
2 1 13846 13644 13847 XOR
2 1 13401 13649 13848 XOR
2 1 13724 13848 13849 AND
2 1 13849 13649 13850 XOR
2 1 13404 13654 13851 XOR
2 1 13724 13851 13852 AND
2 1 13852 13654 13853 XOR
2 1 13407 13659 13854 XOR
2 1 13724 13854 13855 AND
2 1 13855 13659 13856 XOR
2 1 13410 13664 13857 XOR
2 1 13724 13857 13858 AND
2 1 13858 13664 13859 XOR
2 1 13413 13669 13860 XOR
2 1 13724 13860 13861 AND
2 1 13861 13669 13862 XOR
2 1 13416 13674 13863 XOR
2 1 13724 13863 13864 AND
2 1 13864 13674 13865 XOR
2 1 13419 13679 13866 XOR
2 1 13724 13866 13867 AND
2 1 13867 13679 13868 XOR
2 1 13422 13684 13869 XOR
2 1 13724 13869 13870 AND
2 1 13870 13684 13871 XOR
2 1 13425 13689 13872 XOR
2 1 13724 13872 13873 AND
2 1 13873 13689 13874 XOR
2 1 13428 13694 13875 XOR
2 1 13724 13875 13876 AND
2 1 13876 13694 13877 XOR
2 1 13431 13699 13878 XOR
2 1 13724 13878 13879 AND
2 1 13879 13699 13880 XOR
2 1 13434 13704 13881 XOR
2 1 13724 13881 13882 AND
2 1 13882 13704 13883 XOR
2 1 13437 13709 13884 XOR
2 1 13724 13884 13885 AND
2 1 13885 13709 13886 XOR
2 1 13440 13714 13887 XOR
2 1 13724 13887 13888 AND
2 1 13888 13714 13889 XOR
2 1 13443 13719 13890 XOR
2 1 13724 13890 13891 AND
2 1 13891 13719 13892 XOR
1 1 13724 13893 INV
2 1 449 820 13894 XOR
2 1 13894 820 13895 AND
2 1 13727 821 13896 XOR
2 1 13895 821 13897 XOR
2 1 13896 13895 13898 XOR
2 1 13896 13897 13899 AND
2 1 13895 13899 13900 XOR
2 1 13730 822 13901 XOR
2 1 13900 822 13902 XOR
2 1 13901 13900 13903 XOR
2 1 13901 13902 13904 AND
2 1 13900 13904 13905 XOR
2 1 13733 823 13906 XOR
2 1 13905 823 13907 XOR
2 1 13906 13905 13908 XOR
2 1 13906 13907 13909 AND
2 1 13905 13909 13910 XOR
2 1 13736 824 13911 XOR
2 1 13910 824 13912 XOR
2 1 13911 13910 13913 XOR
2 1 13911 13912 13914 AND
2 1 13910 13914 13915 XOR
2 1 13739 825 13916 XOR
2 1 13915 825 13917 XOR
2 1 13916 13915 13918 XOR
2 1 13916 13917 13919 AND
2 1 13915 13919 13920 XOR
2 1 13742 826 13921 XOR
2 1 13920 826 13922 XOR
2 1 13921 13920 13923 XOR
2 1 13921 13922 13924 AND
2 1 13920 13924 13925 XOR
2 1 13745 827 13926 XOR
2 1 13925 827 13927 XOR
2 1 13926 13925 13928 XOR
2 1 13926 13927 13929 AND
2 1 13925 13929 13930 XOR
2 1 13748 828 13931 XOR
2 1 13930 828 13932 XOR
2 1 13931 13930 13933 XOR
2 1 13931 13932 13934 AND
2 1 13930 13934 13935 XOR
2 1 13751 829 13936 XOR
2 1 13935 829 13937 XOR
2 1 13936 13935 13938 XOR
2 1 13936 13937 13939 AND
2 1 13935 13939 13940 XOR
2 1 13754 830 13941 XOR
2 1 13940 830 13942 XOR
2 1 13941 13940 13943 XOR
2 1 13941 13942 13944 AND
2 1 13940 13944 13945 XOR
2 1 13757 831 13946 XOR
2 1 13945 831 13947 XOR
2 1 13946 13945 13948 XOR
2 1 13946 13947 13949 AND
2 1 13945 13949 13950 XOR
2 1 13760 832 13951 XOR
2 1 13950 832 13952 XOR
2 1 13951 13950 13953 XOR
2 1 13951 13952 13954 AND
2 1 13950 13954 13955 XOR
2 1 13763 833 13956 XOR
2 1 13955 833 13957 XOR
2 1 13956 13955 13958 XOR
2 1 13956 13957 13959 AND
2 1 13955 13959 13960 XOR
2 1 13766 834 13961 XOR
2 1 13960 834 13962 XOR
2 1 13961 13960 13963 XOR
2 1 13961 13962 13964 AND
2 1 13960 13964 13965 XOR
2 1 13769 835 13966 XOR
2 1 13965 835 13967 XOR
2 1 13966 13965 13968 XOR
2 1 13966 13967 13969 AND
2 1 13965 13969 13970 XOR
2 1 13772 836 13971 XOR
2 1 13970 836 13972 XOR
2 1 13971 13970 13973 XOR
2 1 13971 13972 13974 AND
2 1 13970 13974 13975 XOR
2 1 13775 837 13976 XOR
2 1 13975 837 13977 XOR
2 1 13976 13975 13978 XOR
2 1 13976 13977 13979 AND
2 1 13975 13979 13980 XOR
2 1 13778 838 13981 XOR
2 1 13980 838 13982 XOR
2 1 13981 13980 13983 XOR
2 1 13981 13982 13984 AND
2 1 13980 13984 13985 XOR
2 1 13781 839 13986 XOR
2 1 13985 839 13987 XOR
2 1 13986 13985 13988 XOR
2 1 13986 13987 13989 AND
2 1 13985 13989 13990 XOR
2 1 13784 840 13991 XOR
2 1 13990 840 13992 XOR
2 1 13991 13990 13993 XOR
2 1 13991 13992 13994 AND
2 1 13990 13994 13995 XOR
2 1 13787 841 13996 XOR
2 1 13995 841 13997 XOR
2 1 13996 13995 13998 XOR
2 1 13996 13997 13999 AND
2 1 13995 13999 14000 XOR
2 1 13790 842 14001 XOR
2 1 14000 842 14002 XOR
2 1 14001 14000 14003 XOR
2 1 14001 14002 14004 AND
2 1 14000 14004 14005 XOR
2 1 13793 843 14006 XOR
2 1 14005 843 14007 XOR
2 1 14006 14005 14008 XOR
2 1 14006 14007 14009 AND
2 1 14005 14009 14010 XOR
2 1 13796 844 14011 XOR
2 1 14010 844 14012 XOR
2 1 14011 14010 14013 XOR
2 1 14011 14012 14014 AND
2 1 14010 14014 14015 XOR
2 1 13799 845 14016 XOR
2 1 14015 845 14017 XOR
2 1 14016 14015 14018 XOR
2 1 14016 14017 14019 AND
2 1 14015 14019 14020 XOR
2 1 13802 846 14021 XOR
2 1 14020 846 14022 XOR
2 1 14021 14020 14023 XOR
2 1 14021 14022 14024 AND
2 1 14020 14024 14025 XOR
2 1 13805 847 14026 XOR
2 1 14025 847 14027 XOR
2 1 14026 14025 14028 XOR
2 1 14026 14027 14029 AND
2 1 14025 14029 14030 XOR
2 1 13808 848 14031 XOR
2 1 14030 848 14032 XOR
2 1 14031 14030 14033 XOR
2 1 14031 14032 14034 AND
2 1 14030 14034 14035 XOR
2 1 13811 849 14036 XOR
2 1 14035 849 14037 XOR
2 1 14036 14035 14038 XOR
2 1 14036 14037 14039 AND
2 1 14035 14039 14040 XOR
2 1 13814 850 14041 XOR
2 1 14040 850 14042 XOR
2 1 14041 14040 14043 XOR
2 1 14041 14042 14044 AND
2 1 14040 14044 14045 XOR
2 1 13817 851 14046 XOR
2 1 14045 851 14047 XOR
2 1 14046 14045 14048 XOR
2 1 14046 14047 14049 AND
2 1 14045 14049 14050 XOR
2 1 13820 852 14051 XOR
2 1 14050 852 14052 XOR
2 1 14051 14050 14053 XOR
2 1 14051 14052 14054 AND
2 1 14050 14054 14055 XOR
2 1 13823 853 14056 XOR
2 1 14055 853 14057 XOR
2 1 14056 14055 14058 XOR
2 1 14056 14057 14059 AND
2 1 14055 14059 14060 XOR
2 1 13826 854 14061 XOR
2 1 14060 854 14062 XOR
2 1 14061 14060 14063 XOR
2 1 14061 14062 14064 AND
2 1 14060 14064 14065 XOR
2 1 13829 855 14066 XOR
2 1 14065 855 14067 XOR
2 1 14066 14065 14068 XOR
2 1 14066 14067 14069 AND
2 1 14065 14069 14070 XOR
2 1 13832 856 14071 XOR
2 1 14070 856 14072 XOR
2 1 14071 14070 14073 XOR
2 1 14071 14072 14074 AND
2 1 14070 14074 14075 XOR
2 1 13835 857 14076 XOR
2 1 14075 857 14077 XOR
2 1 14076 14075 14078 XOR
2 1 14076 14077 14079 AND
2 1 14075 14079 14080 XOR
2 1 13838 858 14081 XOR
2 1 14080 858 14082 XOR
2 1 14081 14080 14083 XOR
2 1 14081 14082 14084 AND
2 1 14080 14084 14085 XOR
2 1 13841 859 14086 XOR
2 1 14085 859 14087 XOR
2 1 14086 14085 14088 XOR
2 1 14086 14087 14089 AND
2 1 14085 14089 14090 XOR
2 1 13844 860 14091 XOR
2 1 14090 860 14092 XOR
2 1 14091 14090 14093 XOR
2 1 14091 14092 14094 AND
2 1 14090 14094 14095 XOR
2 1 13847 861 14096 XOR
2 1 14095 861 14097 XOR
2 1 14096 14095 14098 XOR
2 1 14096 14097 14099 AND
2 1 14095 14099 14100 XOR
2 1 13850 862 14101 XOR
2 1 14100 862 14102 XOR
2 1 14101 14100 14103 XOR
2 1 14101 14102 14104 AND
2 1 14100 14104 14105 XOR
2 1 13853 863 14106 XOR
2 1 14105 863 14107 XOR
2 1 14106 14105 14108 XOR
2 1 14106 14107 14109 AND
2 1 14105 14109 14110 XOR
2 1 13856 864 14111 XOR
2 1 14110 864 14112 XOR
2 1 14111 14110 14113 XOR
2 1 14111 14112 14114 AND
2 1 14110 14114 14115 XOR
2 1 13859 865 14116 XOR
2 1 14115 865 14117 XOR
2 1 14116 14115 14118 XOR
2 1 14116 14117 14119 AND
2 1 14115 14119 14120 XOR
2 1 13862 866 14121 XOR
2 1 14120 866 14122 XOR
2 1 14121 14120 14123 XOR
2 1 14121 14122 14124 AND
2 1 14120 14124 14125 XOR
2 1 13865 867 14126 XOR
2 1 14125 867 14127 XOR
2 1 14126 14125 14128 XOR
2 1 14126 14127 14129 AND
2 1 14125 14129 14130 XOR
2 1 13868 868 14131 XOR
2 1 14130 868 14132 XOR
2 1 14131 14130 14133 XOR
2 1 14131 14132 14134 AND
2 1 14130 14134 14135 XOR
2 1 13871 869 14136 XOR
2 1 14135 869 14137 XOR
2 1 14136 14135 14138 XOR
2 1 14136 14137 14139 AND
2 1 14135 14139 14140 XOR
2 1 13874 870 14141 XOR
2 1 14140 870 14142 XOR
2 1 14141 14140 14143 XOR
2 1 14141 14142 14144 AND
2 1 14140 14144 14145 XOR
2 1 13877 871 14146 XOR
2 1 14145 871 14147 XOR
2 1 14146 14145 14148 XOR
2 1 14146 14147 14149 AND
2 1 14145 14149 14150 XOR
2 1 13880 872 14151 XOR
2 1 14150 872 14152 XOR
2 1 14151 14150 14153 XOR
2 1 14151 14152 14154 AND
2 1 14150 14154 14155 XOR
2 1 13883 873 14156 XOR
2 1 14155 873 14157 XOR
2 1 14156 14155 14158 XOR
2 1 14156 14157 14159 AND
2 1 14155 14159 14160 XOR
2 1 13886 874 14161 XOR
2 1 14160 874 14162 XOR
2 1 14161 14160 14163 XOR
2 1 14161 14162 14164 AND
2 1 14160 14164 14165 XOR
2 1 13889 875 14166 XOR
2 1 14165 875 14167 XOR
2 1 14166 14165 14168 XOR
2 1 14166 14167 14169 AND
2 1 14165 14169 14170 XOR
2 1 13892 876 14171 XOR
2 1 14170 876 14172 XOR
2 1 14171 14170 14173 XOR
2 1 14171 14172 14174 AND
2 1 14170 14174 14175 XOR
2 1 14175 901 14176 XOR
2 1 14175 901 14177 AND
2 1 14176 14177 14178 XOR
2 1 449 13894 14179 XOR
2 1 14178 14179 14180 AND
2 1 14180 13894 14181 XOR
2 1 13727 13898 14182 XOR
2 1 14178 14182 14183 AND
2 1 14183 13898 14184 XOR
2 1 13730 13903 14185 XOR
2 1 14178 14185 14186 AND
2 1 14186 13903 14187 XOR
2 1 13733 13908 14188 XOR
2 1 14178 14188 14189 AND
2 1 14189 13908 14190 XOR
2 1 13736 13913 14191 XOR
2 1 14178 14191 14192 AND
2 1 14192 13913 14193 XOR
2 1 13739 13918 14194 XOR
2 1 14178 14194 14195 AND
2 1 14195 13918 14196 XOR
2 1 13742 13923 14197 XOR
2 1 14178 14197 14198 AND
2 1 14198 13923 14199 XOR
2 1 13745 13928 14200 XOR
2 1 14178 14200 14201 AND
2 1 14201 13928 14202 XOR
2 1 13748 13933 14203 XOR
2 1 14178 14203 14204 AND
2 1 14204 13933 14205 XOR
2 1 13751 13938 14206 XOR
2 1 14178 14206 14207 AND
2 1 14207 13938 14208 XOR
2 1 13754 13943 14209 XOR
2 1 14178 14209 14210 AND
2 1 14210 13943 14211 XOR
2 1 13757 13948 14212 XOR
2 1 14178 14212 14213 AND
2 1 14213 13948 14214 XOR
2 1 13760 13953 14215 XOR
2 1 14178 14215 14216 AND
2 1 14216 13953 14217 XOR
2 1 13763 13958 14218 XOR
2 1 14178 14218 14219 AND
2 1 14219 13958 14220 XOR
2 1 13766 13963 14221 XOR
2 1 14178 14221 14222 AND
2 1 14222 13963 14223 XOR
2 1 13769 13968 14224 XOR
2 1 14178 14224 14225 AND
2 1 14225 13968 14226 XOR
2 1 13772 13973 14227 XOR
2 1 14178 14227 14228 AND
2 1 14228 13973 14229 XOR
2 1 13775 13978 14230 XOR
2 1 14178 14230 14231 AND
2 1 14231 13978 14232 XOR
2 1 13778 13983 14233 XOR
2 1 14178 14233 14234 AND
2 1 14234 13983 14235 XOR
2 1 13781 13988 14236 XOR
2 1 14178 14236 14237 AND
2 1 14237 13988 14238 XOR
2 1 13784 13993 14239 XOR
2 1 14178 14239 14240 AND
2 1 14240 13993 14241 XOR
2 1 13787 13998 14242 XOR
2 1 14178 14242 14243 AND
2 1 14243 13998 14244 XOR
2 1 13790 14003 14245 XOR
2 1 14178 14245 14246 AND
2 1 14246 14003 14247 XOR
2 1 13793 14008 14248 XOR
2 1 14178 14248 14249 AND
2 1 14249 14008 14250 XOR
2 1 13796 14013 14251 XOR
2 1 14178 14251 14252 AND
2 1 14252 14013 14253 XOR
2 1 13799 14018 14254 XOR
2 1 14178 14254 14255 AND
2 1 14255 14018 14256 XOR
2 1 13802 14023 14257 XOR
2 1 14178 14257 14258 AND
2 1 14258 14023 14259 XOR
2 1 13805 14028 14260 XOR
2 1 14178 14260 14261 AND
2 1 14261 14028 14262 XOR
2 1 13808 14033 14263 XOR
2 1 14178 14263 14264 AND
2 1 14264 14033 14265 XOR
2 1 13811 14038 14266 XOR
2 1 14178 14266 14267 AND
2 1 14267 14038 14268 XOR
2 1 13814 14043 14269 XOR
2 1 14178 14269 14270 AND
2 1 14270 14043 14271 XOR
2 1 13817 14048 14272 XOR
2 1 14178 14272 14273 AND
2 1 14273 14048 14274 XOR
2 1 13820 14053 14275 XOR
2 1 14178 14275 14276 AND
2 1 14276 14053 14277 XOR
2 1 13823 14058 14278 XOR
2 1 14178 14278 14279 AND
2 1 14279 14058 14280 XOR
2 1 13826 14063 14281 XOR
2 1 14178 14281 14282 AND
2 1 14282 14063 14283 XOR
2 1 13829 14068 14284 XOR
2 1 14178 14284 14285 AND
2 1 14285 14068 14286 XOR
2 1 13832 14073 14287 XOR
2 1 14178 14287 14288 AND
2 1 14288 14073 14289 XOR
2 1 13835 14078 14290 XOR
2 1 14178 14290 14291 AND
2 1 14291 14078 14292 XOR
2 1 13838 14083 14293 XOR
2 1 14178 14293 14294 AND
2 1 14294 14083 14295 XOR
2 1 13841 14088 14296 XOR
2 1 14178 14296 14297 AND
2 1 14297 14088 14298 XOR
2 1 13844 14093 14299 XOR
2 1 14178 14299 14300 AND
2 1 14300 14093 14301 XOR
2 1 13847 14098 14302 XOR
2 1 14178 14302 14303 AND
2 1 14303 14098 14304 XOR
2 1 13850 14103 14305 XOR
2 1 14178 14305 14306 AND
2 1 14306 14103 14307 XOR
2 1 13853 14108 14308 XOR
2 1 14178 14308 14309 AND
2 1 14309 14108 14310 XOR
2 1 13856 14113 14311 XOR
2 1 14178 14311 14312 AND
2 1 14312 14113 14313 XOR
2 1 13859 14118 14314 XOR
2 1 14178 14314 14315 AND
2 1 14315 14118 14316 XOR
2 1 13862 14123 14317 XOR
2 1 14178 14317 14318 AND
2 1 14318 14123 14319 XOR
2 1 13865 14128 14320 XOR
2 1 14178 14320 14321 AND
2 1 14321 14128 14322 XOR
2 1 13868 14133 14323 XOR
2 1 14178 14323 14324 AND
2 1 14324 14133 14325 XOR
2 1 13871 14138 14326 XOR
2 1 14178 14326 14327 AND
2 1 14327 14138 14328 XOR
2 1 13874 14143 14329 XOR
2 1 14178 14329 14330 AND
2 1 14330 14143 14331 XOR
2 1 13877 14148 14332 XOR
2 1 14178 14332 14333 AND
2 1 14333 14148 14334 XOR
2 1 13880 14153 14335 XOR
2 1 14178 14335 14336 AND
2 1 14336 14153 14337 XOR
2 1 13883 14158 14338 XOR
2 1 14178 14338 14339 AND
2 1 14339 14158 14340 XOR
2 1 13886 14163 14341 XOR
2 1 14178 14341 14342 AND
2 1 14342 14163 14343 XOR
2 1 13889 14168 14344 XOR
2 1 14178 14344 14345 AND
2 1 14345 14168 14346 XOR
2 1 13892 14173 14347 XOR
2 1 14178 14347 14348 AND
2 1 14348 14173 14349 XOR
1 1 14178 14350 INV
2 1 448 820 14351 XOR
2 1 14351 820 14352 AND
2 1 14181 821 14353 XOR
2 1 14352 821 14354 XOR
2 1 14353 14352 14355 XOR
2 1 14353 14354 14356 AND
2 1 14352 14356 14357 XOR
2 1 14184 822 14358 XOR
2 1 14357 822 14359 XOR
2 1 14358 14357 14360 XOR
2 1 14358 14359 14361 AND
2 1 14357 14361 14362 XOR
2 1 14187 823 14363 XOR
2 1 14362 823 14364 XOR
2 1 14363 14362 14365 XOR
2 1 14363 14364 14366 AND
2 1 14362 14366 14367 XOR
2 1 14190 824 14368 XOR
2 1 14367 824 14369 XOR
2 1 14368 14367 14370 XOR
2 1 14368 14369 14371 AND
2 1 14367 14371 14372 XOR
2 1 14193 825 14373 XOR
2 1 14372 825 14374 XOR
2 1 14373 14372 14375 XOR
2 1 14373 14374 14376 AND
2 1 14372 14376 14377 XOR
2 1 14196 826 14378 XOR
2 1 14377 826 14379 XOR
2 1 14378 14377 14380 XOR
2 1 14378 14379 14381 AND
2 1 14377 14381 14382 XOR
2 1 14199 827 14383 XOR
2 1 14382 827 14384 XOR
2 1 14383 14382 14385 XOR
2 1 14383 14384 14386 AND
2 1 14382 14386 14387 XOR
2 1 14202 828 14388 XOR
2 1 14387 828 14389 XOR
2 1 14388 14387 14390 XOR
2 1 14388 14389 14391 AND
2 1 14387 14391 14392 XOR
2 1 14205 829 14393 XOR
2 1 14392 829 14394 XOR
2 1 14393 14392 14395 XOR
2 1 14393 14394 14396 AND
2 1 14392 14396 14397 XOR
2 1 14208 830 14398 XOR
2 1 14397 830 14399 XOR
2 1 14398 14397 14400 XOR
2 1 14398 14399 14401 AND
2 1 14397 14401 14402 XOR
2 1 14211 831 14403 XOR
2 1 14402 831 14404 XOR
2 1 14403 14402 14405 XOR
2 1 14403 14404 14406 AND
2 1 14402 14406 14407 XOR
2 1 14214 832 14408 XOR
2 1 14407 832 14409 XOR
2 1 14408 14407 14410 XOR
2 1 14408 14409 14411 AND
2 1 14407 14411 14412 XOR
2 1 14217 833 14413 XOR
2 1 14412 833 14414 XOR
2 1 14413 14412 14415 XOR
2 1 14413 14414 14416 AND
2 1 14412 14416 14417 XOR
2 1 14220 834 14418 XOR
2 1 14417 834 14419 XOR
2 1 14418 14417 14420 XOR
2 1 14418 14419 14421 AND
2 1 14417 14421 14422 XOR
2 1 14223 835 14423 XOR
2 1 14422 835 14424 XOR
2 1 14423 14422 14425 XOR
2 1 14423 14424 14426 AND
2 1 14422 14426 14427 XOR
2 1 14226 836 14428 XOR
2 1 14427 836 14429 XOR
2 1 14428 14427 14430 XOR
2 1 14428 14429 14431 AND
2 1 14427 14431 14432 XOR
2 1 14229 837 14433 XOR
2 1 14432 837 14434 XOR
2 1 14433 14432 14435 XOR
2 1 14433 14434 14436 AND
2 1 14432 14436 14437 XOR
2 1 14232 838 14438 XOR
2 1 14437 838 14439 XOR
2 1 14438 14437 14440 XOR
2 1 14438 14439 14441 AND
2 1 14437 14441 14442 XOR
2 1 14235 839 14443 XOR
2 1 14442 839 14444 XOR
2 1 14443 14442 14445 XOR
2 1 14443 14444 14446 AND
2 1 14442 14446 14447 XOR
2 1 14238 840 14448 XOR
2 1 14447 840 14449 XOR
2 1 14448 14447 14450 XOR
2 1 14448 14449 14451 AND
2 1 14447 14451 14452 XOR
2 1 14241 841 14453 XOR
2 1 14452 841 14454 XOR
2 1 14453 14452 14455 XOR
2 1 14453 14454 14456 AND
2 1 14452 14456 14457 XOR
2 1 14244 842 14458 XOR
2 1 14457 842 14459 XOR
2 1 14458 14457 14460 XOR
2 1 14458 14459 14461 AND
2 1 14457 14461 14462 XOR
2 1 14247 843 14463 XOR
2 1 14462 843 14464 XOR
2 1 14463 14462 14465 XOR
2 1 14463 14464 14466 AND
2 1 14462 14466 14467 XOR
2 1 14250 844 14468 XOR
2 1 14467 844 14469 XOR
2 1 14468 14467 14470 XOR
2 1 14468 14469 14471 AND
2 1 14467 14471 14472 XOR
2 1 14253 845 14473 XOR
2 1 14472 845 14474 XOR
2 1 14473 14472 14475 XOR
2 1 14473 14474 14476 AND
2 1 14472 14476 14477 XOR
2 1 14256 846 14478 XOR
2 1 14477 846 14479 XOR
2 1 14478 14477 14480 XOR
2 1 14478 14479 14481 AND
2 1 14477 14481 14482 XOR
2 1 14259 847 14483 XOR
2 1 14482 847 14484 XOR
2 1 14483 14482 14485 XOR
2 1 14483 14484 14486 AND
2 1 14482 14486 14487 XOR
2 1 14262 848 14488 XOR
2 1 14487 848 14489 XOR
2 1 14488 14487 14490 XOR
2 1 14488 14489 14491 AND
2 1 14487 14491 14492 XOR
2 1 14265 849 14493 XOR
2 1 14492 849 14494 XOR
2 1 14493 14492 14495 XOR
2 1 14493 14494 14496 AND
2 1 14492 14496 14497 XOR
2 1 14268 850 14498 XOR
2 1 14497 850 14499 XOR
2 1 14498 14497 14500 XOR
2 1 14498 14499 14501 AND
2 1 14497 14501 14502 XOR
2 1 14271 851 14503 XOR
2 1 14502 851 14504 XOR
2 1 14503 14502 14505 XOR
2 1 14503 14504 14506 AND
2 1 14502 14506 14507 XOR
2 1 14274 852 14508 XOR
2 1 14507 852 14509 XOR
2 1 14508 14507 14510 XOR
2 1 14508 14509 14511 AND
2 1 14507 14511 14512 XOR
2 1 14277 853 14513 XOR
2 1 14512 853 14514 XOR
2 1 14513 14512 14515 XOR
2 1 14513 14514 14516 AND
2 1 14512 14516 14517 XOR
2 1 14280 854 14518 XOR
2 1 14517 854 14519 XOR
2 1 14518 14517 14520 XOR
2 1 14518 14519 14521 AND
2 1 14517 14521 14522 XOR
2 1 14283 855 14523 XOR
2 1 14522 855 14524 XOR
2 1 14523 14522 14525 XOR
2 1 14523 14524 14526 AND
2 1 14522 14526 14527 XOR
2 1 14286 856 14528 XOR
2 1 14527 856 14529 XOR
2 1 14528 14527 14530 XOR
2 1 14528 14529 14531 AND
2 1 14527 14531 14532 XOR
2 1 14289 857 14533 XOR
2 1 14532 857 14534 XOR
2 1 14533 14532 14535 XOR
2 1 14533 14534 14536 AND
2 1 14532 14536 14537 XOR
2 1 14292 858 14538 XOR
2 1 14537 858 14539 XOR
2 1 14538 14537 14540 XOR
2 1 14538 14539 14541 AND
2 1 14537 14541 14542 XOR
2 1 14295 859 14543 XOR
2 1 14542 859 14544 XOR
2 1 14543 14542 14545 XOR
2 1 14543 14544 14546 AND
2 1 14542 14546 14547 XOR
2 1 14298 860 14548 XOR
2 1 14547 860 14549 XOR
2 1 14548 14547 14550 XOR
2 1 14548 14549 14551 AND
2 1 14547 14551 14552 XOR
2 1 14301 861 14553 XOR
2 1 14552 861 14554 XOR
2 1 14553 14552 14555 XOR
2 1 14553 14554 14556 AND
2 1 14552 14556 14557 XOR
2 1 14304 862 14558 XOR
2 1 14557 862 14559 XOR
2 1 14558 14557 14560 XOR
2 1 14558 14559 14561 AND
2 1 14557 14561 14562 XOR
2 1 14307 863 14563 XOR
2 1 14562 863 14564 XOR
2 1 14563 14562 14565 XOR
2 1 14563 14564 14566 AND
2 1 14562 14566 14567 XOR
2 1 14310 864 14568 XOR
2 1 14567 864 14569 XOR
2 1 14568 14567 14570 XOR
2 1 14568 14569 14571 AND
2 1 14567 14571 14572 XOR
2 1 14313 865 14573 XOR
2 1 14572 865 14574 XOR
2 1 14573 14572 14575 XOR
2 1 14573 14574 14576 AND
2 1 14572 14576 14577 XOR
2 1 14316 866 14578 XOR
2 1 14577 866 14579 XOR
2 1 14578 14577 14580 XOR
2 1 14578 14579 14581 AND
2 1 14577 14581 14582 XOR
2 1 14319 867 14583 XOR
2 1 14582 867 14584 XOR
2 1 14583 14582 14585 XOR
2 1 14583 14584 14586 AND
2 1 14582 14586 14587 XOR
2 1 14322 868 14588 XOR
2 1 14587 868 14589 XOR
2 1 14588 14587 14590 XOR
2 1 14588 14589 14591 AND
2 1 14587 14591 14592 XOR
2 1 14325 869 14593 XOR
2 1 14592 869 14594 XOR
2 1 14593 14592 14595 XOR
2 1 14593 14594 14596 AND
2 1 14592 14596 14597 XOR
2 1 14328 870 14598 XOR
2 1 14597 870 14599 XOR
2 1 14598 14597 14600 XOR
2 1 14598 14599 14601 AND
2 1 14597 14601 14602 XOR
2 1 14331 871 14603 XOR
2 1 14602 871 14604 XOR
2 1 14603 14602 14605 XOR
2 1 14603 14604 14606 AND
2 1 14602 14606 14607 XOR
2 1 14334 872 14608 XOR
2 1 14607 872 14609 XOR
2 1 14608 14607 14610 XOR
2 1 14608 14609 14611 AND
2 1 14607 14611 14612 XOR
2 1 14337 873 14613 XOR
2 1 14612 873 14614 XOR
2 1 14613 14612 14615 XOR
2 1 14613 14614 14616 AND
2 1 14612 14616 14617 XOR
2 1 14340 874 14618 XOR
2 1 14617 874 14619 XOR
2 1 14618 14617 14620 XOR
2 1 14618 14619 14621 AND
2 1 14617 14621 14622 XOR
2 1 14343 875 14623 XOR
2 1 14622 875 14624 XOR
2 1 14623 14622 14625 XOR
2 1 14623 14624 14626 AND
2 1 14622 14626 14627 XOR
2 1 14346 876 14628 XOR
2 1 14627 876 14629 XOR
2 1 14628 14627 14630 XOR
2 1 14628 14629 14631 AND
2 1 14627 14631 14632 XOR
2 1 14349 877 14633 XOR
2 1 14632 877 14634 XOR
2 1 14633 14632 14635 XOR
2 1 14633 14634 14636 AND
2 1 14632 14636 14637 XOR
2 1 14637 898 14638 XOR
2 1 14637 898 14639 AND
2 1 14638 14639 14640 XOR
2 1 448 14351 14641 XOR
2 1 14640 14641 14642 AND
2 1 14642 14351 14643 XOR
2 1 14181 14355 14644 XOR
2 1 14640 14644 14645 AND
2 1 14645 14355 14646 XOR
2 1 14184 14360 14647 XOR
2 1 14640 14647 14648 AND
2 1 14648 14360 14649 XOR
2 1 14187 14365 14650 XOR
2 1 14640 14650 14651 AND
2 1 14651 14365 14652 XOR
2 1 14190 14370 14653 XOR
2 1 14640 14653 14654 AND
2 1 14654 14370 14655 XOR
2 1 14193 14375 14656 XOR
2 1 14640 14656 14657 AND
2 1 14657 14375 14658 XOR
2 1 14196 14380 14659 XOR
2 1 14640 14659 14660 AND
2 1 14660 14380 14661 XOR
2 1 14199 14385 14662 XOR
2 1 14640 14662 14663 AND
2 1 14663 14385 14664 XOR
2 1 14202 14390 14665 XOR
2 1 14640 14665 14666 AND
2 1 14666 14390 14667 XOR
2 1 14205 14395 14668 XOR
2 1 14640 14668 14669 AND
2 1 14669 14395 14670 XOR
2 1 14208 14400 14671 XOR
2 1 14640 14671 14672 AND
2 1 14672 14400 14673 XOR
2 1 14211 14405 14674 XOR
2 1 14640 14674 14675 AND
2 1 14675 14405 14676 XOR
2 1 14214 14410 14677 XOR
2 1 14640 14677 14678 AND
2 1 14678 14410 14679 XOR
2 1 14217 14415 14680 XOR
2 1 14640 14680 14681 AND
2 1 14681 14415 14682 XOR
2 1 14220 14420 14683 XOR
2 1 14640 14683 14684 AND
2 1 14684 14420 14685 XOR
2 1 14223 14425 14686 XOR
2 1 14640 14686 14687 AND
2 1 14687 14425 14688 XOR
2 1 14226 14430 14689 XOR
2 1 14640 14689 14690 AND
2 1 14690 14430 14691 XOR
2 1 14229 14435 14692 XOR
2 1 14640 14692 14693 AND
2 1 14693 14435 14694 XOR
2 1 14232 14440 14695 XOR
2 1 14640 14695 14696 AND
2 1 14696 14440 14697 XOR
2 1 14235 14445 14698 XOR
2 1 14640 14698 14699 AND
2 1 14699 14445 14700 XOR
2 1 14238 14450 14701 XOR
2 1 14640 14701 14702 AND
2 1 14702 14450 14703 XOR
2 1 14241 14455 14704 XOR
2 1 14640 14704 14705 AND
2 1 14705 14455 14706 XOR
2 1 14244 14460 14707 XOR
2 1 14640 14707 14708 AND
2 1 14708 14460 14709 XOR
2 1 14247 14465 14710 XOR
2 1 14640 14710 14711 AND
2 1 14711 14465 14712 XOR
2 1 14250 14470 14713 XOR
2 1 14640 14713 14714 AND
2 1 14714 14470 14715 XOR
2 1 14253 14475 14716 XOR
2 1 14640 14716 14717 AND
2 1 14717 14475 14718 XOR
2 1 14256 14480 14719 XOR
2 1 14640 14719 14720 AND
2 1 14720 14480 14721 XOR
2 1 14259 14485 14722 XOR
2 1 14640 14722 14723 AND
2 1 14723 14485 14724 XOR
2 1 14262 14490 14725 XOR
2 1 14640 14725 14726 AND
2 1 14726 14490 14727 XOR
2 1 14265 14495 14728 XOR
2 1 14640 14728 14729 AND
2 1 14729 14495 14730 XOR
2 1 14268 14500 14731 XOR
2 1 14640 14731 14732 AND
2 1 14732 14500 14733 XOR
2 1 14271 14505 14734 XOR
2 1 14640 14734 14735 AND
2 1 14735 14505 14736 XOR
2 1 14274 14510 14737 XOR
2 1 14640 14737 14738 AND
2 1 14738 14510 14739 XOR
2 1 14277 14515 14740 XOR
2 1 14640 14740 14741 AND
2 1 14741 14515 14742 XOR
2 1 14280 14520 14743 XOR
2 1 14640 14743 14744 AND
2 1 14744 14520 14745 XOR
2 1 14283 14525 14746 XOR
2 1 14640 14746 14747 AND
2 1 14747 14525 14748 XOR
2 1 14286 14530 14749 XOR
2 1 14640 14749 14750 AND
2 1 14750 14530 14751 XOR
2 1 14289 14535 14752 XOR
2 1 14640 14752 14753 AND
2 1 14753 14535 14754 XOR
2 1 14292 14540 14755 XOR
2 1 14640 14755 14756 AND
2 1 14756 14540 14757 XOR
2 1 14295 14545 14758 XOR
2 1 14640 14758 14759 AND
2 1 14759 14545 14760 XOR
2 1 14298 14550 14761 XOR
2 1 14640 14761 14762 AND
2 1 14762 14550 14763 XOR
2 1 14301 14555 14764 XOR
2 1 14640 14764 14765 AND
2 1 14765 14555 14766 XOR
2 1 14304 14560 14767 XOR
2 1 14640 14767 14768 AND
2 1 14768 14560 14769 XOR
2 1 14307 14565 14770 XOR
2 1 14640 14770 14771 AND
2 1 14771 14565 14772 XOR
2 1 14310 14570 14773 XOR
2 1 14640 14773 14774 AND
2 1 14774 14570 14775 XOR
2 1 14313 14575 14776 XOR
2 1 14640 14776 14777 AND
2 1 14777 14575 14778 XOR
2 1 14316 14580 14779 XOR
2 1 14640 14779 14780 AND
2 1 14780 14580 14781 XOR
2 1 14319 14585 14782 XOR
2 1 14640 14782 14783 AND
2 1 14783 14585 14784 XOR
2 1 14322 14590 14785 XOR
2 1 14640 14785 14786 AND
2 1 14786 14590 14787 XOR
2 1 14325 14595 14788 XOR
2 1 14640 14788 14789 AND
2 1 14789 14595 14790 XOR
2 1 14328 14600 14791 XOR
2 1 14640 14791 14792 AND
2 1 14792 14600 14793 XOR
2 1 14331 14605 14794 XOR
2 1 14640 14794 14795 AND
2 1 14795 14605 14796 XOR
2 1 14334 14610 14797 XOR
2 1 14640 14797 14798 AND
2 1 14798 14610 14799 XOR
2 1 14337 14615 14800 XOR
2 1 14640 14800 14801 AND
2 1 14801 14615 14802 XOR
2 1 14340 14620 14803 XOR
2 1 14640 14803 14804 AND
2 1 14804 14620 14805 XOR
2 1 14343 14625 14806 XOR
2 1 14640 14806 14807 AND
2 1 14807 14625 14808 XOR
2 1 14346 14630 14809 XOR
2 1 14640 14809 14810 AND
2 1 14810 14630 14811 XOR
2 1 14349 14635 14812 XOR
2 1 14640 14812 14813 AND
2 1 14813 14635 14814 XOR
1 1 14640 14815 INV
2 1 447 820 14816 XOR
2 1 14816 820 14817 AND
2 1 14643 821 14818 XOR
2 1 14817 821 14819 XOR
2 1 14818 14817 14820 XOR
2 1 14818 14819 14821 AND
2 1 14817 14821 14822 XOR
2 1 14646 822 14823 XOR
2 1 14822 822 14824 XOR
2 1 14823 14822 14825 XOR
2 1 14823 14824 14826 AND
2 1 14822 14826 14827 XOR
2 1 14649 823 14828 XOR
2 1 14827 823 14829 XOR
2 1 14828 14827 14830 XOR
2 1 14828 14829 14831 AND
2 1 14827 14831 14832 XOR
2 1 14652 824 14833 XOR
2 1 14832 824 14834 XOR
2 1 14833 14832 14835 XOR
2 1 14833 14834 14836 AND
2 1 14832 14836 14837 XOR
2 1 14655 825 14838 XOR
2 1 14837 825 14839 XOR
2 1 14838 14837 14840 XOR
2 1 14838 14839 14841 AND
2 1 14837 14841 14842 XOR
2 1 14658 826 14843 XOR
2 1 14842 826 14844 XOR
2 1 14843 14842 14845 XOR
2 1 14843 14844 14846 AND
2 1 14842 14846 14847 XOR
2 1 14661 827 14848 XOR
2 1 14847 827 14849 XOR
2 1 14848 14847 14850 XOR
2 1 14848 14849 14851 AND
2 1 14847 14851 14852 XOR
2 1 14664 828 14853 XOR
2 1 14852 828 14854 XOR
2 1 14853 14852 14855 XOR
2 1 14853 14854 14856 AND
2 1 14852 14856 14857 XOR
2 1 14667 829 14858 XOR
2 1 14857 829 14859 XOR
2 1 14858 14857 14860 XOR
2 1 14858 14859 14861 AND
2 1 14857 14861 14862 XOR
2 1 14670 830 14863 XOR
2 1 14862 830 14864 XOR
2 1 14863 14862 14865 XOR
2 1 14863 14864 14866 AND
2 1 14862 14866 14867 XOR
2 1 14673 831 14868 XOR
2 1 14867 831 14869 XOR
2 1 14868 14867 14870 XOR
2 1 14868 14869 14871 AND
2 1 14867 14871 14872 XOR
2 1 14676 832 14873 XOR
2 1 14872 832 14874 XOR
2 1 14873 14872 14875 XOR
2 1 14873 14874 14876 AND
2 1 14872 14876 14877 XOR
2 1 14679 833 14878 XOR
2 1 14877 833 14879 XOR
2 1 14878 14877 14880 XOR
2 1 14878 14879 14881 AND
2 1 14877 14881 14882 XOR
2 1 14682 834 14883 XOR
2 1 14882 834 14884 XOR
2 1 14883 14882 14885 XOR
2 1 14883 14884 14886 AND
2 1 14882 14886 14887 XOR
2 1 14685 835 14888 XOR
2 1 14887 835 14889 XOR
2 1 14888 14887 14890 XOR
2 1 14888 14889 14891 AND
2 1 14887 14891 14892 XOR
2 1 14688 836 14893 XOR
2 1 14892 836 14894 XOR
2 1 14893 14892 14895 XOR
2 1 14893 14894 14896 AND
2 1 14892 14896 14897 XOR
2 1 14691 837 14898 XOR
2 1 14897 837 14899 XOR
2 1 14898 14897 14900 XOR
2 1 14898 14899 14901 AND
2 1 14897 14901 14902 XOR
2 1 14694 838 14903 XOR
2 1 14902 838 14904 XOR
2 1 14903 14902 14905 XOR
2 1 14903 14904 14906 AND
2 1 14902 14906 14907 XOR
2 1 14697 839 14908 XOR
2 1 14907 839 14909 XOR
2 1 14908 14907 14910 XOR
2 1 14908 14909 14911 AND
2 1 14907 14911 14912 XOR
2 1 14700 840 14913 XOR
2 1 14912 840 14914 XOR
2 1 14913 14912 14915 XOR
2 1 14913 14914 14916 AND
2 1 14912 14916 14917 XOR
2 1 14703 841 14918 XOR
2 1 14917 841 14919 XOR
2 1 14918 14917 14920 XOR
2 1 14918 14919 14921 AND
2 1 14917 14921 14922 XOR
2 1 14706 842 14923 XOR
2 1 14922 842 14924 XOR
2 1 14923 14922 14925 XOR
2 1 14923 14924 14926 AND
2 1 14922 14926 14927 XOR
2 1 14709 843 14928 XOR
2 1 14927 843 14929 XOR
2 1 14928 14927 14930 XOR
2 1 14928 14929 14931 AND
2 1 14927 14931 14932 XOR
2 1 14712 844 14933 XOR
2 1 14932 844 14934 XOR
2 1 14933 14932 14935 XOR
2 1 14933 14934 14936 AND
2 1 14932 14936 14937 XOR
2 1 14715 845 14938 XOR
2 1 14937 845 14939 XOR
2 1 14938 14937 14940 XOR
2 1 14938 14939 14941 AND
2 1 14937 14941 14942 XOR
2 1 14718 846 14943 XOR
2 1 14942 846 14944 XOR
2 1 14943 14942 14945 XOR
2 1 14943 14944 14946 AND
2 1 14942 14946 14947 XOR
2 1 14721 847 14948 XOR
2 1 14947 847 14949 XOR
2 1 14948 14947 14950 XOR
2 1 14948 14949 14951 AND
2 1 14947 14951 14952 XOR
2 1 14724 848 14953 XOR
2 1 14952 848 14954 XOR
2 1 14953 14952 14955 XOR
2 1 14953 14954 14956 AND
2 1 14952 14956 14957 XOR
2 1 14727 849 14958 XOR
2 1 14957 849 14959 XOR
2 1 14958 14957 14960 XOR
2 1 14958 14959 14961 AND
2 1 14957 14961 14962 XOR
2 1 14730 850 14963 XOR
2 1 14962 850 14964 XOR
2 1 14963 14962 14965 XOR
2 1 14963 14964 14966 AND
2 1 14962 14966 14967 XOR
2 1 14733 851 14968 XOR
2 1 14967 851 14969 XOR
2 1 14968 14967 14970 XOR
2 1 14968 14969 14971 AND
2 1 14967 14971 14972 XOR
2 1 14736 852 14973 XOR
2 1 14972 852 14974 XOR
2 1 14973 14972 14975 XOR
2 1 14973 14974 14976 AND
2 1 14972 14976 14977 XOR
2 1 14739 853 14978 XOR
2 1 14977 853 14979 XOR
2 1 14978 14977 14980 XOR
2 1 14978 14979 14981 AND
2 1 14977 14981 14982 XOR
2 1 14742 854 14983 XOR
2 1 14982 854 14984 XOR
2 1 14983 14982 14985 XOR
2 1 14983 14984 14986 AND
2 1 14982 14986 14987 XOR
2 1 14745 855 14988 XOR
2 1 14987 855 14989 XOR
2 1 14988 14987 14990 XOR
2 1 14988 14989 14991 AND
2 1 14987 14991 14992 XOR
2 1 14748 856 14993 XOR
2 1 14992 856 14994 XOR
2 1 14993 14992 14995 XOR
2 1 14993 14994 14996 AND
2 1 14992 14996 14997 XOR
2 1 14751 857 14998 XOR
2 1 14997 857 14999 XOR
2 1 14998 14997 15000 XOR
2 1 14998 14999 15001 AND
2 1 14997 15001 15002 XOR
2 1 14754 858 15003 XOR
2 1 15002 858 15004 XOR
2 1 15003 15002 15005 XOR
2 1 15003 15004 15006 AND
2 1 15002 15006 15007 XOR
2 1 14757 859 15008 XOR
2 1 15007 859 15009 XOR
2 1 15008 15007 15010 XOR
2 1 15008 15009 15011 AND
2 1 15007 15011 15012 XOR
2 1 14760 860 15013 XOR
2 1 15012 860 15014 XOR
2 1 15013 15012 15015 XOR
2 1 15013 15014 15016 AND
2 1 15012 15016 15017 XOR
2 1 14763 861 15018 XOR
2 1 15017 861 15019 XOR
2 1 15018 15017 15020 XOR
2 1 15018 15019 15021 AND
2 1 15017 15021 15022 XOR
2 1 14766 862 15023 XOR
2 1 15022 862 15024 XOR
2 1 15023 15022 15025 XOR
2 1 15023 15024 15026 AND
2 1 15022 15026 15027 XOR
2 1 14769 863 15028 XOR
2 1 15027 863 15029 XOR
2 1 15028 15027 15030 XOR
2 1 15028 15029 15031 AND
2 1 15027 15031 15032 XOR
2 1 14772 864 15033 XOR
2 1 15032 864 15034 XOR
2 1 15033 15032 15035 XOR
2 1 15033 15034 15036 AND
2 1 15032 15036 15037 XOR
2 1 14775 865 15038 XOR
2 1 15037 865 15039 XOR
2 1 15038 15037 15040 XOR
2 1 15038 15039 15041 AND
2 1 15037 15041 15042 XOR
2 1 14778 866 15043 XOR
2 1 15042 866 15044 XOR
2 1 15043 15042 15045 XOR
2 1 15043 15044 15046 AND
2 1 15042 15046 15047 XOR
2 1 14781 867 15048 XOR
2 1 15047 867 15049 XOR
2 1 15048 15047 15050 XOR
2 1 15048 15049 15051 AND
2 1 15047 15051 15052 XOR
2 1 14784 868 15053 XOR
2 1 15052 868 15054 XOR
2 1 15053 15052 15055 XOR
2 1 15053 15054 15056 AND
2 1 15052 15056 15057 XOR
2 1 14787 869 15058 XOR
2 1 15057 869 15059 XOR
2 1 15058 15057 15060 XOR
2 1 15058 15059 15061 AND
2 1 15057 15061 15062 XOR
2 1 14790 870 15063 XOR
2 1 15062 870 15064 XOR
2 1 15063 15062 15065 XOR
2 1 15063 15064 15066 AND
2 1 15062 15066 15067 XOR
2 1 14793 871 15068 XOR
2 1 15067 871 15069 XOR
2 1 15068 15067 15070 XOR
2 1 15068 15069 15071 AND
2 1 15067 15071 15072 XOR
2 1 14796 872 15073 XOR
2 1 15072 872 15074 XOR
2 1 15073 15072 15075 XOR
2 1 15073 15074 15076 AND
2 1 15072 15076 15077 XOR
2 1 14799 873 15078 XOR
2 1 15077 873 15079 XOR
2 1 15078 15077 15080 XOR
2 1 15078 15079 15081 AND
2 1 15077 15081 15082 XOR
2 1 14802 874 15083 XOR
2 1 15082 874 15084 XOR
2 1 15083 15082 15085 XOR
2 1 15083 15084 15086 AND
2 1 15082 15086 15087 XOR
2 1 14805 875 15088 XOR
2 1 15087 875 15089 XOR
2 1 15088 15087 15090 XOR
2 1 15088 15089 15091 AND
2 1 15087 15091 15092 XOR
2 1 14808 876 15093 XOR
2 1 15092 876 15094 XOR
2 1 15093 15092 15095 XOR
2 1 15093 15094 15096 AND
2 1 15092 15096 15097 XOR
2 1 14811 877 15098 XOR
2 1 15097 877 15099 XOR
2 1 15098 15097 15100 XOR
2 1 15098 15099 15101 AND
2 1 15097 15101 15102 XOR
2 1 14814 878 15103 XOR
2 1 15102 878 15104 XOR
2 1 15103 15102 15105 XOR
2 1 15103 15104 15106 AND
2 1 15102 15106 15107 XOR
2 1 15107 895 15108 XOR
2 1 15107 895 15109 AND
2 1 15108 15109 15110 XOR
2 1 447 14816 15111 XOR
2 1 15110 15111 15112 AND
2 1 15112 14816 15113 XOR
2 1 14643 14820 15114 XOR
2 1 15110 15114 15115 AND
2 1 15115 14820 15116 XOR
2 1 14646 14825 15117 XOR
2 1 15110 15117 15118 AND
2 1 15118 14825 15119 XOR
2 1 14649 14830 15120 XOR
2 1 15110 15120 15121 AND
2 1 15121 14830 15122 XOR
2 1 14652 14835 15123 XOR
2 1 15110 15123 15124 AND
2 1 15124 14835 15125 XOR
2 1 14655 14840 15126 XOR
2 1 15110 15126 15127 AND
2 1 15127 14840 15128 XOR
2 1 14658 14845 15129 XOR
2 1 15110 15129 15130 AND
2 1 15130 14845 15131 XOR
2 1 14661 14850 15132 XOR
2 1 15110 15132 15133 AND
2 1 15133 14850 15134 XOR
2 1 14664 14855 15135 XOR
2 1 15110 15135 15136 AND
2 1 15136 14855 15137 XOR
2 1 14667 14860 15138 XOR
2 1 15110 15138 15139 AND
2 1 15139 14860 15140 XOR
2 1 14670 14865 15141 XOR
2 1 15110 15141 15142 AND
2 1 15142 14865 15143 XOR
2 1 14673 14870 15144 XOR
2 1 15110 15144 15145 AND
2 1 15145 14870 15146 XOR
2 1 14676 14875 15147 XOR
2 1 15110 15147 15148 AND
2 1 15148 14875 15149 XOR
2 1 14679 14880 15150 XOR
2 1 15110 15150 15151 AND
2 1 15151 14880 15152 XOR
2 1 14682 14885 15153 XOR
2 1 15110 15153 15154 AND
2 1 15154 14885 15155 XOR
2 1 14685 14890 15156 XOR
2 1 15110 15156 15157 AND
2 1 15157 14890 15158 XOR
2 1 14688 14895 15159 XOR
2 1 15110 15159 15160 AND
2 1 15160 14895 15161 XOR
2 1 14691 14900 15162 XOR
2 1 15110 15162 15163 AND
2 1 15163 14900 15164 XOR
2 1 14694 14905 15165 XOR
2 1 15110 15165 15166 AND
2 1 15166 14905 15167 XOR
2 1 14697 14910 15168 XOR
2 1 15110 15168 15169 AND
2 1 15169 14910 15170 XOR
2 1 14700 14915 15171 XOR
2 1 15110 15171 15172 AND
2 1 15172 14915 15173 XOR
2 1 14703 14920 15174 XOR
2 1 15110 15174 15175 AND
2 1 15175 14920 15176 XOR
2 1 14706 14925 15177 XOR
2 1 15110 15177 15178 AND
2 1 15178 14925 15179 XOR
2 1 14709 14930 15180 XOR
2 1 15110 15180 15181 AND
2 1 15181 14930 15182 XOR
2 1 14712 14935 15183 XOR
2 1 15110 15183 15184 AND
2 1 15184 14935 15185 XOR
2 1 14715 14940 15186 XOR
2 1 15110 15186 15187 AND
2 1 15187 14940 15188 XOR
2 1 14718 14945 15189 XOR
2 1 15110 15189 15190 AND
2 1 15190 14945 15191 XOR
2 1 14721 14950 15192 XOR
2 1 15110 15192 15193 AND
2 1 15193 14950 15194 XOR
2 1 14724 14955 15195 XOR
2 1 15110 15195 15196 AND
2 1 15196 14955 15197 XOR
2 1 14727 14960 15198 XOR
2 1 15110 15198 15199 AND
2 1 15199 14960 15200 XOR
2 1 14730 14965 15201 XOR
2 1 15110 15201 15202 AND
2 1 15202 14965 15203 XOR
2 1 14733 14970 15204 XOR
2 1 15110 15204 15205 AND
2 1 15205 14970 15206 XOR
2 1 14736 14975 15207 XOR
2 1 15110 15207 15208 AND
2 1 15208 14975 15209 XOR
2 1 14739 14980 15210 XOR
2 1 15110 15210 15211 AND
2 1 15211 14980 15212 XOR
2 1 14742 14985 15213 XOR
2 1 15110 15213 15214 AND
2 1 15214 14985 15215 XOR
2 1 14745 14990 15216 XOR
2 1 15110 15216 15217 AND
2 1 15217 14990 15218 XOR
2 1 14748 14995 15219 XOR
2 1 15110 15219 15220 AND
2 1 15220 14995 15221 XOR
2 1 14751 15000 15222 XOR
2 1 15110 15222 15223 AND
2 1 15223 15000 15224 XOR
2 1 14754 15005 15225 XOR
2 1 15110 15225 15226 AND
2 1 15226 15005 15227 XOR
2 1 14757 15010 15228 XOR
2 1 15110 15228 15229 AND
2 1 15229 15010 15230 XOR
2 1 14760 15015 15231 XOR
2 1 15110 15231 15232 AND
2 1 15232 15015 15233 XOR
2 1 14763 15020 15234 XOR
2 1 15110 15234 15235 AND
2 1 15235 15020 15236 XOR
2 1 14766 15025 15237 XOR
2 1 15110 15237 15238 AND
2 1 15238 15025 15239 XOR
2 1 14769 15030 15240 XOR
2 1 15110 15240 15241 AND
2 1 15241 15030 15242 XOR
2 1 14772 15035 15243 XOR
2 1 15110 15243 15244 AND
2 1 15244 15035 15245 XOR
2 1 14775 15040 15246 XOR
2 1 15110 15246 15247 AND
2 1 15247 15040 15248 XOR
2 1 14778 15045 15249 XOR
2 1 15110 15249 15250 AND
2 1 15250 15045 15251 XOR
2 1 14781 15050 15252 XOR
2 1 15110 15252 15253 AND
2 1 15253 15050 15254 XOR
2 1 14784 15055 15255 XOR
2 1 15110 15255 15256 AND
2 1 15256 15055 15257 XOR
2 1 14787 15060 15258 XOR
2 1 15110 15258 15259 AND
2 1 15259 15060 15260 XOR
2 1 14790 15065 15261 XOR
2 1 15110 15261 15262 AND
2 1 15262 15065 15263 XOR
2 1 14793 15070 15264 XOR
2 1 15110 15264 15265 AND
2 1 15265 15070 15266 XOR
2 1 14796 15075 15267 XOR
2 1 15110 15267 15268 AND
2 1 15268 15075 15269 XOR
2 1 14799 15080 15270 XOR
2 1 15110 15270 15271 AND
2 1 15271 15080 15272 XOR
2 1 14802 15085 15273 XOR
2 1 15110 15273 15274 AND
2 1 15274 15085 15275 XOR
2 1 14805 15090 15276 XOR
2 1 15110 15276 15277 AND
2 1 15277 15090 15278 XOR
2 1 14808 15095 15279 XOR
2 1 15110 15279 15280 AND
2 1 15280 15095 15281 XOR
2 1 14811 15100 15282 XOR
2 1 15110 15282 15283 AND
2 1 15283 15100 15284 XOR
2 1 14814 15105 15285 XOR
2 1 15110 15285 15286 AND
2 1 15286 15105 15287 XOR
1 1 15110 15288 INV
2 1 446 820 15289 XOR
2 1 15289 820 15290 AND
2 1 15113 821 15291 XOR
2 1 15290 821 15292 XOR
2 1 15291 15290 15293 XOR
2 1 15291 15292 15294 AND
2 1 15290 15294 15295 XOR
2 1 15116 822 15296 XOR
2 1 15295 822 15297 XOR
2 1 15296 15295 15298 XOR
2 1 15296 15297 15299 AND
2 1 15295 15299 15300 XOR
2 1 15119 823 15301 XOR
2 1 15300 823 15302 XOR
2 1 15301 15300 15303 XOR
2 1 15301 15302 15304 AND
2 1 15300 15304 15305 XOR
2 1 15122 824 15306 XOR
2 1 15305 824 15307 XOR
2 1 15306 15305 15308 XOR
2 1 15306 15307 15309 AND
2 1 15305 15309 15310 XOR
2 1 15125 825 15311 XOR
2 1 15310 825 15312 XOR
2 1 15311 15310 15313 XOR
2 1 15311 15312 15314 AND
2 1 15310 15314 15315 XOR
2 1 15128 826 15316 XOR
2 1 15315 826 15317 XOR
2 1 15316 15315 15318 XOR
2 1 15316 15317 15319 AND
2 1 15315 15319 15320 XOR
2 1 15131 827 15321 XOR
2 1 15320 827 15322 XOR
2 1 15321 15320 15323 XOR
2 1 15321 15322 15324 AND
2 1 15320 15324 15325 XOR
2 1 15134 828 15326 XOR
2 1 15325 828 15327 XOR
2 1 15326 15325 15328 XOR
2 1 15326 15327 15329 AND
2 1 15325 15329 15330 XOR
2 1 15137 829 15331 XOR
2 1 15330 829 15332 XOR
2 1 15331 15330 15333 XOR
2 1 15331 15332 15334 AND
2 1 15330 15334 15335 XOR
2 1 15140 830 15336 XOR
2 1 15335 830 15337 XOR
2 1 15336 15335 15338 XOR
2 1 15336 15337 15339 AND
2 1 15335 15339 15340 XOR
2 1 15143 831 15341 XOR
2 1 15340 831 15342 XOR
2 1 15341 15340 15343 XOR
2 1 15341 15342 15344 AND
2 1 15340 15344 15345 XOR
2 1 15146 832 15346 XOR
2 1 15345 832 15347 XOR
2 1 15346 15345 15348 XOR
2 1 15346 15347 15349 AND
2 1 15345 15349 15350 XOR
2 1 15149 833 15351 XOR
2 1 15350 833 15352 XOR
2 1 15351 15350 15353 XOR
2 1 15351 15352 15354 AND
2 1 15350 15354 15355 XOR
2 1 15152 834 15356 XOR
2 1 15355 834 15357 XOR
2 1 15356 15355 15358 XOR
2 1 15356 15357 15359 AND
2 1 15355 15359 15360 XOR
2 1 15155 835 15361 XOR
2 1 15360 835 15362 XOR
2 1 15361 15360 15363 XOR
2 1 15361 15362 15364 AND
2 1 15360 15364 15365 XOR
2 1 15158 836 15366 XOR
2 1 15365 836 15367 XOR
2 1 15366 15365 15368 XOR
2 1 15366 15367 15369 AND
2 1 15365 15369 15370 XOR
2 1 15161 837 15371 XOR
2 1 15370 837 15372 XOR
2 1 15371 15370 15373 XOR
2 1 15371 15372 15374 AND
2 1 15370 15374 15375 XOR
2 1 15164 838 15376 XOR
2 1 15375 838 15377 XOR
2 1 15376 15375 15378 XOR
2 1 15376 15377 15379 AND
2 1 15375 15379 15380 XOR
2 1 15167 839 15381 XOR
2 1 15380 839 15382 XOR
2 1 15381 15380 15383 XOR
2 1 15381 15382 15384 AND
2 1 15380 15384 15385 XOR
2 1 15170 840 15386 XOR
2 1 15385 840 15387 XOR
2 1 15386 15385 15388 XOR
2 1 15386 15387 15389 AND
2 1 15385 15389 15390 XOR
2 1 15173 841 15391 XOR
2 1 15390 841 15392 XOR
2 1 15391 15390 15393 XOR
2 1 15391 15392 15394 AND
2 1 15390 15394 15395 XOR
2 1 15176 842 15396 XOR
2 1 15395 842 15397 XOR
2 1 15396 15395 15398 XOR
2 1 15396 15397 15399 AND
2 1 15395 15399 15400 XOR
2 1 15179 843 15401 XOR
2 1 15400 843 15402 XOR
2 1 15401 15400 15403 XOR
2 1 15401 15402 15404 AND
2 1 15400 15404 15405 XOR
2 1 15182 844 15406 XOR
2 1 15405 844 15407 XOR
2 1 15406 15405 15408 XOR
2 1 15406 15407 15409 AND
2 1 15405 15409 15410 XOR
2 1 15185 845 15411 XOR
2 1 15410 845 15412 XOR
2 1 15411 15410 15413 XOR
2 1 15411 15412 15414 AND
2 1 15410 15414 15415 XOR
2 1 15188 846 15416 XOR
2 1 15415 846 15417 XOR
2 1 15416 15415 15418 XOR
2 1 15416 15417 15419 AND
2 1 15415 15419 15420 XOR
2 1 15191 847 15421 XOR
2 1 15420 847 15422 XOR
2 1 15421 15420 15423 XOR
2 1 15421 15422 15424 AND
2 1 15420 15424 15425 XOR
2 1 15194 848 15426 XOR
2 1 15425 848 15427 XOR
2 1 15426 15425 15428 XOR
2 1 15426 15427 15429 AND
2 1 15425 15429 15430 XOR
2 1 15197 849 15431 XOR
2 1 15430 849 15432 XOR
2 1 15431 15430 15433 XOR
2 1 15431 15432 15434 AND
2 1 15430 15434 15435 XOR
2 1 15200 850 15436 XOR
2 1 15435 850 15437 XOR
2 1 15436 15435 15438 XOR
2 1 15436 15437 15439 AND
2 1 15435 15439 15440 XOR
2 1 15203 851 15441 XOR
2 1 15440 851 15442 XOR
2 1 15441 15440 15443 XOR
2 1 15441 15442 15444 AND
2 1 15440 15444 15445 XOR
2 1 15206 852 15446 XOR
2 1 15445 852 15447 XOR
2 1 15446 15445 15448 XOR
2 1 15446 15447 15449 AND
2 1 15445 15449 15450 XOR
2 1 15209 853 15451 XOR
2 1 15450 853 15452 XOR
2 1 15451 15450 15453 XOR
2 1 15451 15452 15454 AND
2 1 15450 15454 15455 XOR
2 1 15212 854 15456 XOR
2 1 15455 854 15457 XOR
2 1 15456 15455 15458 XOR
2 1 15456 15457 15459 AND
2 1 15455 15459 15460 XOR
2 1 15215 855 15461 XOR
2 1 15460 855 15462 XOR
2 1 15461 15460 15463 XOR
2 1 15461 15462 15464 AND
2 1 15460 15464 15465 XOR
2 1 15218 856 15466 XOR
2 1 15465 856 15467 XOR
2 1 15466 15465 15468 XOR
2 1 15466 15467 15469 AND
2 1 15465 15469 15470 XOR
2 1 15221 857 15471 XOR
2 1 15470 857 15472 XOR
2 1 15471 15470 15473 XOR
2 1 15471 15472 15474 AND
2 1 15470 15474 15475 XOR
2 1 15224 858 15476 XOR
2 1 15475 858 15477 XOR
2 1 15476 15475 15478 XOR
2 1 15476 15477 15479 AND
2 1 15475 15479 15480 XOR
2 1 15227 859 15481 XOR
2 1 15480 859 15482 XOR
2 1 15481 15480 15483 XOR
2 1 15481 15482 15484 AND
2 1 15480 15484 15485 XOR
2 1 15230 860 15486 XOR
2 1 15485 860 15487 XOR
2 1 15486 15485 15488 XOR
2 1 15486 15487 15489 AND
2 1 15485 15489 15490 XOR
2 1 15233 861 15491 XOR
2 1 15490 861 15492 XOR
2 1 15491 15490 15493 XOR
2 1 15491 15492 15494 AND
2 1 15490 15494 15495 XOR
2 1 15236 862 15496 XOR
2 1 15495 862 15497 XOR
2 1 15496 15495 15498 XOR
2 1 15496 15497 15499 AND
2 1 15495 15499 15500 XOR
2 1 15239 863 15501 XOR
2 1 15500 863 15502 XOR
2 1 15501 15500 15503 XOR
2 1 15501 15502 15504 AND
2 1 15500 15504 15505 XOR
2 1 15242 864 15506 XOR
2 1 15505 864 15507 XOR
2 1 15506 15505 15508 XOR
2 1 15506 15507 15509 AND
2 1 15505 15509 15510 XOR
2 1 15245 865 15511 XOR
2 1 15510 865 15512 XOR
2 1 15511 15510 15513 XOR
2 1 15511 15512 15514 AND
2 1 15510 15514 15515 XOR
2 1 15248 866 15516 XOR
2 1 15515 866 15517 XOR
2 1 15516 15515 15518 XOR
2 1 15516 15517 15519 AND
2 1 15515 15519 15520 XOR
2 1 15251 867 15521 XOR
2 1 15520 867 15522 XOR
2 1 15521 15520 15523 XOR
2 1 15521 15522 15524 AND
2 1 15520 15524 15525 XOR
2 1 15254 868 15526 XOR
2 1 15525 868 15527 XOR
2 1 15526 15525 15528 XOR
2 1 15526 15527 15529 AND
2 1 15525 15529 15530 XOR
2 1 15257 869 15531 XOR
2 1 15530 869 15532 XOR
2 1 15531 15530 15533 XOR
2 1 15531 15532 15534 AND
2 1 15530 15534 15535 XOR
2 1 15260 870 15536 XOR
2 1 15535 870 15537 XOR
2 1 15536 15535 15538 XOR
2 1 15536 15537 15539 AND
2 1 15535 15539 15540 XOR
2 1 15263 871 15541 XOR
2 1 15540 871 15542 XOR
2 1 15541 15540 15543 XOR
2 1 15541 15542 15544 AND
2 1 15540 15544 15545 XOR
2 1 15266 872 15546 XOR
2 1 15545 872 15547 XOR
2 1 15546 15545 15548 XOR
2 1 15546 15547 15549 AND
2 1 15545 15549 15550 XOR
2 1 15269 873 15551 XOR
2 1 15550 873 15552 XOR
2 1 15551 15550 15553 XOR
2 1 15551 15552 15554 AND
2 1 15550 15554 15555 XOR
2 1 15272 874 15556 XOR
2 1 15555 874 15557 XOR
2 1 15556 15555 15558 XOR
2 1 15556 15557 15559 AND
2 1 15555 15559 15560 XOR
2 1 15275 875 15561 XOR
2 1 15560 875 15562 XOR
2 1 15561 15560 15563 XOR
2 1 15561 15562 15564 AND
2 1 15560 15564 15565 XOR
2 1 15278 876 15566 XOR
2 1 15565 876 15567 XOR
2 1 15566 15565 15568 XOR
2 1 15566 15567 15569 AND
2 1 15565 15569 15570 XOR
2 1 15281 877 15571 XOR
2 1 15570 877 15572 XOR
2 1 15571 15570 15573 XOR
2 1 15571 15572 15574 AND
2 1 15570 15574 15575 XOR
2 1 15284 878 15576 XOR
2 1 15575 878 15577 XOR
2 1 15576 15575 15578 XOR
2 1 15576 15577 15579 AND
2 1 15575 15579 15580 XOR
2 1 15287 879 15581 XOR
2 1 15580 879 15582 XOR
2 1 15581 15580 15583 XOR
2 1 15581 15582 15584 AND
2 1 15580 15584 15585 XOR
2 1 15585 892 15586 XOR
2 1 15585 892 15587 AND
2 1 15586 15587 15588 XOR
2 1 446 15289 15589 XOR
2 1 15588 15589 15590 AND
2 1 15590 15289 15591 XOR
2 1 15113 15293 15592 XOR
2 1 15588 15592 15593 AND
2 1 15593 15293 15594 XOR
2 1 15116 15298 15595 XOR
2 1 15588 15595 15596 AND
2 1 15596 15298 15597 XOR
2 1 15119 15303 15598 XOR
2 1 15588 15598 15599 AND
2 1 15599 15303 15600 XOR
2 1 15122 15308 15601 XOR
2 1 15588 15601 15602 AND
2 1 15602 15308 15603 XOR
2 1 15125 15313 15604 XOR
2 1 15588 15604 15605 AND
2 1 15605 15313 15606 XOR
2 1 15128 15318 15607 XOR
2 1 15588 15607 15608 AND
2 1 15608 15318 15609 XOR
2 1 15131 15323 15610 XOR
2 1 15588 15610 15611 AND
2 1 15611 15323 15612 XOR
2 1 15134 15328 15613 XOR
2 1 15588 15613 15614 AND
2 1 15614 15328 15615 XOR
2 1 15137 15333 15616 XOR
2 1 15588 15616 15617 AND
2 1 15617 15333 15618 XOR
2 1 15140 15338 15619 XOR
2 1 15588 15619 15620 AND
2 1 15620 15338 15621 XOR
2 1 15143 15343 15622 XOR
2 1 15588 15622 15623 AND
2 1 15623 15343 15624 XOR
2 1 15146 15348 15625 XOR
2 1 15588 15625 15626 AND
2 1 15626 15348 15627 XOR
2 1 15149 15353 15628 XOR
2 1 15588 15628 15629 AND
2 1 15629 15353 15630 XOR
2 1 15152 15358 15631 XOR
2 1 15588 15631 15632 AND
2 1 15632 15358 15633 XOR
2 1 15155 15363 15634 XOR
2 1 15588 15634 15635 AND
2 1 15635 15363 15636 XOR
2 1 15158 15368 15637 XOR
2 1 15588 15637 15638 AND
2 1 15638 15368 15639 XOR
2 1 15161 15373 15640 XOR
2 1 15588 15640 15641 AND
2 1 15641 15373 15642 XOR
2 1 15164 15378 15643 XOR
2 1 15588 15643 15644 AND
2 1 15644 15378 15645 XOR
2 1 15167 15383 15646 XOR
2 1 15588 15646 15647 AND
2 1 15647 15383 15648 XOR
2 1 15170 15388 15649 XOR
2 1 15588 15649 15650 AND
2 1 15650 15388 15651 XOR
2 1 15173 15393 15652 XOR
2 1 15588 15652 15653 AND
2 1 15653 15393 15654 XOR
2 1 15176 15398 15655 XOR
2 1 15588 15655 15656 AND
2 1 15656 15398 15657 XOR
2 1 15179 15403 15658 XOR
2 1 15588 15658 15659 AND
2 1 15659 15403 15660 XOR
2 1 15182 15408 15661 XOR
2 1 15588 15661 15662 AND
2 1 15662 15408 15663 XOR
2 1 15185 15413 15664 XOR
2 1 15588 15664 15665 AND
2 1 15665 15413 15666 XOR
2 1 15188 15418 15667 XOR
2 1 15588 15667 15668 AND
2 1 15668 15418 15669 XOR
2 1 15191 15423 15670 XOR
2 1 15588 15670 15671 AND
2 1 15671 15423 15672 XOR
2 1 15194 15428 15673 XOR
2 1 15588 15673 15674 AND
2 1 15674 15428 15675 XOR
2 1 15197 15433 15676 XOR
2 1 15588 15676 15677 AND
2 1 15677 15433 15678 XOR
2 1 15200 15438 15679 XOR
2 1 15588 15679 15680 AND
2 1 15680 15438 15681 XOR
2 1 15203 15443 15682 XOR
2 1 15588 15682 15683 AND
2 1 15683 15443 15684 XOR
2 1 15206 15448 15685 XOR
2 1 15588 15685 15686 AND
2 1 15686 15448 15687 XOR
2 1 15209 15453 15688 XOR
2 1 15588 15688 15689 AND
2 1 15689 15453 15690 XOR
2 1 15212 15458 15691 XOR
2 1 15588 15691 15692 AND
2 1 15692 15458 15693 XOR
2 1 15215 15463 15694 XOR
2 1 15588 15694 15695 AND
2 1 15695 15463 15696 XOR
2 1 15218 15468 15697 XOR
2 1 15588 15697 15698 AND
2 1 15698 15468 15699 XOR
2 1 15221 15473 15700 XOR
2 1 15588 15700 15701 AND
2 1 15701 15473 15702 XOR
2 1 15224 15478 15703 XOR
2 1 15588 15703 15704 AND
2 1 15704 15478 15705 XOR
2 1 15227 15483 15706 XOR
2 1 15588 15706 15707 AND
2 1 15707 15483 15708 XOR
2 1 15230 15488 15709 XOR
2 1 15588 15709 15710 AND
2 1 15710 15488 15711 XOR
2 1 15233 15493 15712 XOR
2 1 15588 15712 15713 AND
2 1 15713 15493 15714 XOR
2 1 15236 15498 15715 XOR
2 1 15588 15715 15716 AND
2 1 15716 15498 15717 XOR
2 1 15239 15503 15718 XOR
2 1 15588 15718 15719 AND
2 1 15719 15503 15720 XOR
2 1 15242 15508 15721 XOR
2 1 15588 15721 15722 AND
2 1 15722 15508 15723 XOR
2 1 15245 15513 15724 XOR
2 1 15588 15724 15725 AND
2 1 15725 15513 15726 XOR
2 1 15248 15518 15727 XOR
2 1 15588 15727 15728 AND
2 1 15728 15518 15729 XOR
2 1 15251 15523 15730 XOR
2 1 15588 15730 15731 AND
2 1 15731 15523 15732 XOR
2 1 15254 15528 15733 XOR
2 1 15588 15733 15734 AND
2 1 15734 15528 15735 XOR
2 1 15257 15533 15736 XOR
2 1 15588 15736 15737 AND
2 1 15737 15533 15738 XOR
2 1 15260 15538 15739 XOR
2 1 15588 15739 15740 AND
2 1 15740 15538 15741 XOR
2 1 15263 15543 15742 XOR
2 1 15588 15742 15743 AND
2 1 15743 15543 15744 XOR
2 1 15266 15548 15745 XOR
2 1 15588 15745 15746 AND
2 1 15746 15548 15747 XOR
2 1 15269 15553 15748 XOR
2 1 15588 15748 15749 AND
2 1 15749 15553 15750 XOR
2 1 15272 15558 15751 XOR
2 1 15588 15751 15752 AND
2 1 15752 15558 15753 XOR
2 1 15275 15563 15754 XOR
2 1 15588 15754 15755 AND
2 1 15755 15563 15756 XOR
2 1 15278 15568 15757 XOR
2 1 15588 15757 15758 AND
2 1 15758 15568 15759 XOR
2 1 15281 15573 15760 XOR
2 1 15588 15760 15761 AND
2 1 15761 15573 15762 XOR
2 1 15284 15578 15763 XOR
2 1 15588 15763 15764 AND
2 1 15764 15578 15765 XOR
2 1 15287 15583 15766 XOR
2 1 15588 15766 15767 AND
2 1 15767 15583 15768 XOR
1 1 15588 15769 INV
2 1 445 820 15770 XOR
2 1 15770 820 15771 AND
2 1 15591 821 15772 XOR
2 1 15771 821 15773 XOR
2 1 15772 15771 15774 XOR
2 1 15772 15773 15775 AND
2 1 15771 15775 15776 XOR
2 1 15594 822 15777 XOR
2 1 15776 822 15778 XOR
2 1 15777 15776 15779 XOR
2 1 15777 15778 15780 AND
2 1 15776 15780 15781 XOR
2 1 15597 823 15782 XOR
2 1 15781 823 15783 XOR
2 1 15782 15781 15784 XOR
2 1 15782 15783 15785 AND
2 1 15781 15785 15786 XOR
2 1 15600 824 15787 XOR
2 1 15786 824 15788 XOR
2 1 15787 15786 15789 XOR
2 1 15787 15788 15790 AND
2 1 15786 15790 15791 XOR
2 1 15603 825 15792 XOR
2 1 15791 825 15793 XOR
2 1 15792 15791 15794 XOR
2 1 15792 15793 15795 AND
2 1 15791 15795 15796 XOR
2 1 15606 826 15797 XOR
2 1 15796 826 15798 XOR
2 1 15797 15796 15799 XOR
2 1 15797 15798 15800 AND
2 1 15796 15800 15801 XOR
2 1 15609 827 15802 XOR
2 1 15801 827 15803 XOR
2 1 15802 15801 15804 XOR
2 1 15802 15803 15805 AND
2 1 15801 15805 15806 XOR
2 1 15612 828 15807 XOR
2 1 15806 828 15808 XOR
2 1 15807 15806 15809 XOR
2 1 15807 15808 15810 AND
2 1 15806 15810 15811 XOR
2 1 15615 829 15812 XOR
2 1 15811 829 15813 XOR
2 1 15812 15811 15814 XOR
2 1 15812 15813 15815 AND
2 1 15811 15815 15816 XOR
2 1 15618 830 15817 XOR
2 1 15816 830 15818 XOR
2 1 15817 15816 15819 XOR
2 1 15817 15818 15820 AND
2 1 15816 15820 15821 XOR
2 1 15621 831 15822 XOR
2 1 15821 831 15823 XOR
2 1 15822 15821 15824 XOR
2 1 15822 15823 15825 AND
2 1 15821 15825 15826 XOR
2 1 15624 832 15827 XOR
2 1 15826 832 15828 XOR
2 1 15827 15826 15829 XOR
2 1 15827 15828 15830 AND
2 1 15826 15830 15831 XOR
2 1 15627 833 15832 XOR
2 1 15831 833 15833 XOR
2 1 15832 15831 15834 XOR
2 1 15832 15833 15835 AND
2 1 15831 15835 15836 XOR
2 1 15630 834 15837 XOR
2 1 15836 834 15838 XOR
2 1 15837 15836 15839 XOR
2 1 15837 15838 15840 AND
2 1 15836 15840 15841 XOR
2 1 15633 835 15842 XOR
2 1 15841 835 15843 XOR
2 1 15842 15841 15844 XOR
2 1 15842 15843 15845 AND
2 1 15841 15845 15846 XOR
2 1 15636 836 15847 XOR
2 1 15846 836 15848 XOR
2 1 15847 15846 15849 XOR
2 1 15847 15848 15850 AND
2 1 15846 15850 15851 XOR
2 1 15639 837 15852 XOR
2 1 15851 837 15853 XOR
2 1 15852 15851 15854 XOR
2 1 15852 15853 15855 AND
2 1 15851 15855 15856 XOR
2 1 15642 838 15857 XOR
2 1 15856 838 15858 XOR
2 1 15857 15856 15859 XOR
2 1 15857 15858 15860 AND
2 1 15856 15860 15861 XOR
2 1 15645 839 15862 XOR
2 1 15861 839 15863 XOR
2 1 15862 15861 15864 XOR
2 1 15862 15863 15865 AND
2 1 15861 15865 15866 XOR
2 1 15648 840 15867 XOR
2 1 15866 840 15868 XOR
2 1 15867 15866 15869 XOR
2 1 15867 15868 15870 AND
2 1 15866 15870 15871 XOR
2 1 15651 841 15872 XOR
2 1 15871 841 15873 XOR
2 1 15872 15871 15874 XOR
2 1 15872 15873 15875 AND
2 1 15871 15875 15876 XOR
2 1 15654 842 15877 XOR
2 1 15876 842 15878 XOR
2 1 15877 15876 15879 XOR
2 1 15877 15878 15880 AND
2 1 15876 15880 15881 XOR
2 1 15657 843 15882 XOR
2 1 15881 843 15883 XOR
2 1 15882 15881 15884 XOR
2 1 15882 15883 15885 AND
2 1 15881 15885 15886 XOR
2 1 15660 844 15887 XOR
2 1 15886 844 15888 XOR
2 1 15887 15886 15889 XOR
2 1 15887 15888 15890 AND
2 1 15886 15890 15891 XOR
2 1 15663 845 15892 XOR
2 1 15891 845 15893 XOR
2 1 15892 15891 15894 XOR
2 1 15892 15893 15895 AND
2 1 15891 15895 15896 XOR
2 1 15666 846 15897 XOR
2 1 15896 846 15898 XOR
2 1 15897 15896 15899 XOR
2 1 15897 15898 15900 AND
2 1 15896 15900 15901 XOR
2 1 15669 847 15902 XOR
2 1 15901 847 15903 XOR
2 1 15902 15901 15904 XOR
2 1 15902 15903 15905 AND
2 1 15901 15905 15906 XOR
2 1 15672 848 15907 XOR
2 1 15906 848 15908 XOR
2 1 15907 15906 15909 XOR
2 1 15907 15908 15910 AND
2 1 15906 15910 15911 XOR
2 1 15675 849 15912 XOR
2 1 15911 849 15913 XOR
2 1 15912 15911 15914 XOR
2 1 15912 15913 15915 AND
2 1 15911 15915 15916 XOR
2 1 15678 850 15917 XOR
2 1 15916 850 15918 XOR
2 1 15917 15916 15919 XOR
2 1 15917 15918 15920 AND
2 1 15916 15920 15921 XOR
2 1 15681 851 15922 XOR
2 1 15921 851 15923 XOR
2 1 15922 15921 15924 XOR
2 1 15922 15923 15925 AND
2 1 15921 15925 15926 XOR
2 1 15684 852 15927 XOR
2 1 15926 852 15928 XOR
2 1 15927 15926 15929 XOR
2 1 15927 15928 15930 AND
2 1 15926 15930 15931 XOR
2 1 15687 853 15932 XOR
2 1 15931 853 15933 XOR
2 1 15932 15931 15934 XOR
2 1 15932 15933 15935 AND
2 1 15931 15935 15936 XOR
2 1 15690 854 15937 XOR
2 1 15936 854 15938 XOR
2 1 15937 15936 15939 XOR
2 1 15937 15938 15940 AND
2 1 15936 15940 15941 XOR
2 1 15693 855 15942 XOR
2 1 15941 855 15943 XOR
2 1 15942 15941 15944 XOR
2 1 15942 15943 15945 AND
2 1 15941 15945 15946 XOR
2 1 15696 856 15947 XOR
2 1 15946 856 15948 XOR
2 1 15947 15946 15949 XOR
2 1 15947 15948 15950 AND
2 1 15946 15950 15951 XOR
2 1 15699 857 15952 XOR
2 1 15951 857 15953 XOR
2 1 15952 15951 15954 XOR
2 1 15952 15953 15955 AND
2 1 15951 15955 15956 XOR
2 1 15702 858 15957 XOR
2 1 15956 858 15958 XOR
2 1 15957 15956 15959 XOR
2 1 15957 15958 15960 AND
2 1 15956 15960 15961 XOR
2 1 15705 859 15962 XOR
2 1 15961 859 15963 XOR
2 1 15962 15961 15964 XOR
2 1 15962 15963 15965 AND
2 1 15961 15965 15966 XOR
2 1 15708 860 15967 XOR
2 1 15966 860 15968 XOR
2 1 15967 15966 15969 XOR
2 1 15967 15968 15970 AND
2 1 15966 15970 15971 XOR
2 1 15711 861 15972 XOR
2 1 15971 861 15973 XOR
2 1 15972 15971 15974 XOR
2 1 15972 15973 15975 AND
2 1 15971 15975 15976 XOR
2 1 15714 862 15977 XOR
2 1 15976 862 15978 XOR
2 1 15977 15976 15979 XOR
2 1 15977 15978 15980 AND
2 1 15976 15980 15981 XOR
2 1 15717 863 15982 XOR
2 1 15981 863 15983 XOR
2 1 15982 15981 15984 XOR
2 1 15982 15983 15985 AND
2 1 15981 15985 15986 XOR
2 1 15720 864 15987 XOR
2 1 15986 864 15988 XOR
2 1 15987 15986 15989 XOR
2 1 15987 15988 15990 AND
2 1 15986 15990 15991 XOR
2 1 15723 865 15992 XOR
2 1 15991 865 15993 XOR
2 1 15992 15991 15994 XOR
2 1 15992 15993 15995 AND
2 1 15991 15995 15996 XOR
2 1 15726 866 15997 XOR
2 1 15996 866 15998 XOR
2 1 15997 15996 15999 XOR
2 1 15997 15998 16000 AND
2 1 15996 16000 16001 XOR
2 1 15729 867 16002 XOR
2 1 16001 867 16003 XOR
2 1 16002 16001 16004 XOR
2 1 16002 16003 16005 AND
2 1 16001 16005 16006 XOR
2 1 15732 868 16007 XOR
2 1 16006 868 16008 XOR
2 1 16007 16006 16009 XOR
2 1 16007 16008 16010 AND
2 1 16006 16010 16011 XOR
2 1 15735 869 16012 XOR
2 1 16011 869 16013 XOR
2 1 16012 16011 16014 XOR
2 1 16012 16013 16015 AND
2 1 16011 16015 16016 XOR
2 1 15738 870 16017 XOR
2 1 16016 870 16018 XOR
2 1 16017 16016 16019 XOR
2 1 16017 16018 16020 AND
2 1 16016 16020 16021 XOR
2 1 15741 871 16022 XOR
2 1 16021 871 16023 XOR
2 1 16022 16021 16024 XOR
2 1 16022 16023 16025 AND
2 1 16021 16025 16026 XOR
2 1 15744 872 16027 XOR
2 1 16026 872 16028 XOR
2 1 16027 16026 16029 XOR
2 1 16027 16028 16030 AND
2 1 16026 16030 16031 XOR
2 1 15747 873 16032 XOR
2 1 16031 873 16033 XOR
2 1 16032 16031 16034 XOR
2 1 16032 16033 16035 AND
2 1 16031 16035 16036 XOR
2 1 15750 874 16037 XOR
2 1 16036 874 16038 XOR
2 1 16037 16036 16039 XOR
2 1 16037 16038 16040 AND
2 1 16036 16040 16041 XOR
2 1 15753 875 16042 XOR
2 1 16041 875 16043 XOR
2 1 16042 16041 16044 XOR
2 1 16042 16043 16045 AND
2 1 16041 16045 16046 XOR
2 1 15756 876 16047 XOR
2 1 16046 876 16048 XOR
2 1 16047 16046 16049 XOR
2 1 16047 16048 16050 AND
2 1 16046 16050 16051 XOR
2 1 15759 877 16052 XOR
2 1 16051 877 16053 XOR
2 1 16052 16051 16054 XOR
2 1 16052 16053 16055 AND
2 1 16051 16055 16056 XOR
2 1 15762 878 16057 XOR
2 1 16056 878 16058 XOR
2 1 16057 16056 16059 XOR
2 1 16057 16058 16060 AND
2 1 16056 16060 16061 XOR
2 1 15765 879 16062 XOR
2 1 16061 879 16063 XOR
2 1 16062 16061 16064 XOR
2 1 16062 16063 16065 AND
2 1 16061 16065 16066 XOR
2 1 15768 880 16067 XOR
2 1 16066 880 16068 XOR
2 1 16067 16066 16069 XOR
2 1 16067 16068 16070 AND
2 1 16066 16070 16071 XOR
2 1 16071 889 16072 XOR
2 1 16071 889 16073 AND
2 1 16072 16073 16074 XOR
2 1 445 15770 16075 XOR
2 1 16074 16075 16076 AND
2 1 16076 15770 16077 XOR
2 1 15591 15774 16078 XOR
2 1 16074 16078 16079 AND
2 1 16079 15774 16080 XOR
2 1 15594 15779 16081 XOR
2 1 16074 16081 16082 AND
2 1 16082 15779 16083 XOR
2 1 15597 15784 16084 XOR
2 1 16074 16084 16085 AND
2 1 16085 15784 16086 XOR
2 1 15600 15789 16087 XOR
2 1 16074 16087 16088 AND
2 1 16088 15789 16089 XOR
2 1 15603 15794 16090 XOR
2 1 16074 16090 16091 AND
2 1 16091 15794 16092 XOR
2 1 15606 15799 16093 XOR
2 1 16074 16093 16094 AND
2 1 16094 15799 16095 XOR
2 1 15609 15804 16096 XOR
2 1 16074 16096 16097 AND
2 1 16097 15804 16098 XOR
2 1 15612 15809 16099 XOR
2 1 16074 16099 16100 AND
2 1 16100 15809 16101 XOR
2 1 15615 15814 16102 XOR
2 1 16074 16102 16103 AND
2 1 16103 15814 16104 XOR
2 1 15618 15819 16105 XOR
2 1 16074 16105 16106 AND
2 1 16106 15819 16107 XOR
2 1 15621 15824 16108 XOR
2 1 16074 16108 16109 AND
2 1 16109 15824 16110 XOR
2 1 15624 15829 16111 XOR
2 1 16074 16111 16112 AND
2 1 16112 15829 16113 XOR
2 1 15627 15834 16114 XOR
2 1 16074 16114 16115 AND
2 1 16115 15834 16116 XOR
2 1 15630 15839 16117 XOR
2 1 16074 16117 16118 AND
2 1 16118 15839 16119 XOR
2 1 15633 15844 16120 XOR
2 1 16074 16120 16121 AND
2 1 16121 15844 16122 XOR
2 1 15636 15849 16123 XOR
2 1 16074 16123 16124 AND
2 1 16124 15849 16125 XOR
2 1 15639 15854 16126 XOR
2 1 16074 16126 16127 AND
2 1 16127 15854 16128 XOR
2 1 15642 15859 16129 XOR
2 1 16074 16129 16130 AND
2 1 16130 15859 16131 XOR
2 1 15645 15864 16132 XOR
2 1 16074 16132 16133 AND
2 1 16133 15864 16134 XOR
2 1 15648 15869 16135 XOR
2 1 16074 16135 16136 AND
2 1 16136 15869 16137 XOR
2 1 15651 15874 16138 XOR
2 1 16074 16138 16139 AND
2 1 16139 15874 16140 XOR
2 1 15654 15879 16141 XOR
2 1 16074 16141 16142 AND
2 1 16142 15879 16143 XOR
2 1 15657 15884 16144 XOR
2 1 16074 16144 16145 AND
2 1 16145 15884 16146 XOR
2 1 15660 15889 16147 XOR
2 1 16074 16147 16148 AND
2 1 16148 15889 16149 XOR
2 1 15663 15894 16150 XOR
2 1 16074 16150 16151 AND
2 1 16151 15894 16152 XOR
2 1 15666 15899 16153 XOR
2 1 16074 16153 16154 AND
2 1 16154 15899 16155 XOR
2 1 15669 15904 16156 XOR
2 1 16074 16156 16157 AND
2 1 16157 15904 16158 XOR
2 1 15672 15909 16159 XOR
2 1 16074 16159 16160 AND
2 1 16160 15909 16161 XOR
2 1 15675 15914 16162 XOR
2 1 16074 16162 16163 AND
2 1 16163 15914 16164 XOR
2 1 15678 15919 16165 XOR
2 1 16074 16165 16166 AND
2 1 16166 15919 16167 XOR
2 1 15681 15924 16168 XOR
2 1 16074 16168 16169 AND
2 1 16169 15924 16170 XOR
2 1 15684 15929 16171 XOR
2 1 16074 16171 16172 AND
2 1 16172 15929 16173 XOR
2 1 15687 15934 16174 XOR
2 1 16074 16174 16175 AND
2 1 16175 15934 16176 XOR
2 1 15690 15939 16177 XOR
2 1 16074 16177 16178 AND
2 1 16178 15939 16179 XOR
2 1 15693 15944 16180 XOR
2 1 16074 16180 16181 AND
2 1 16181 15944 16182 XOR
2 1 15696 15949 16183 XOR
2 1 16074 16183 16184 AND
2 1 16184 15949 16185 XOR
2 1 15699 15954 16186 XOR
2 1 16074 16186 16187 AND
2 1 16187 15954 16188 XOR
2 1 15702 15959 16189 XOR
2 1 16074 16189 16190 AND
2 1 16190 15959 16191 XOR
2 1 15705 15964 16192 XOR
2 1 16074 16192 16193 AND
2 1 16193 15964 16194 XOR
2 1 15708 15969 16195 XOR
2 1 16074 16195 16196 AND
2 1 16196 15969 16197 XOR
2 1 15711 15974 16198 XOR
2 1 16074 16198 16199 AND
2 1 16199 15974 16200 XOR
2 1 15714 15979 16201 XOR
2 1 16074 16201 16202 AND
2 1 16202 15979 16203 XOR
2 1 15717 15984 16204 XOR
2 1 16074 16204 16205 AND
2 1 16205 15984 16206 XOR
2 1 15720 15989 16207 XOR
2 1 16074 16207 16208 AND
2 1 16208 15989 16209 XOR
2 1 15723 15994 16210 XOR
2 1 16074 16210 16211 AND
2 1 16211 15994 16212 XOR
2 1 15726 15999 16213 XOR
2 1 16074 16213 16214 AND
2 1 16214 15999 16215 XOR
2 1 15729 16004 16216 XOR
2 1 16074 16216 16217 AND
2 1 16217 16004 16218 XOR
2 1 15732 16009 16219 XOR
2 1 16074 16219 16220 AND
2 1 16220 16009 16221 XOR
2 1 15735 16014 16222 XOR
2 1 16074 16222 16223 AND
2 1 16223 16014 16224 XOR
2 1 15738 16019 16225 XOR
2 1 16074 16225 16226 AND
2 1 16226 16019 16227 XOR
2 1 15741 16024 16228 XOR
2 1 16074 16228 16229 AND
2 1 16229 16024 16230 XOR
2 1 15744 16029 16231 XOR
2 1 16074 16231 16232 AND
2 1 16232 16029 16233 XOR
2 1 15747 16034 16234 XOR
2 1 16074 16234 16235 AND
2 1 16235 16034 16236 XOR
2 1 15750 16039 16237 XOR
2 1 16074 16237 16238 AND
2 1 16238 16039 16239 XOR
2 1 15753 16044 16240 XOR
2 1 16074 16240 16241 AND
2 1 16241 16044 16242 XOR
2 1 15756 16049 16243 XOR
2 1 16074 16243 16244 AND
2 1 16244 16049 16245 XOR
2 1 15759 16054 16246 XOR
2 1 16074 16246 16247 AND
2 1 16247 16054 16248 XOR
2 1 15762 16059 16249 XOR
2 1 16074 16249 16250 AND
2 1 16250 16059 16251 XOR
2 1 15765 16064 16252 XOR
2 1 16074 16252 16253 AND
2 1 16253 16064 16254 XOR
2 1 15768 16069 16255 XOR
2 1 16074 16255 16256 AND
2 1 16256 16069 16257 XOR
1 1 16074 16258 INV
2 1 444 820 16259 XOR
2 1 16259 820 16260 AND
2 1 16077 821 16261 XOR
2 1 16260 821 16262 XOR
2 1 16261 16260 16263 XOR
2 1 16261 16262 16264 AND
2 1 16260 16264 16265 XOR
2 1 16080 822 16266 XOR
2 1 16265 822 16267 XOR
2 1 16266 16265 16268 XOR
2 1 16266 16267 16269 AND
2 1 16265 16269 16270 XOR
2 1 16083 823 16271 XOR
2 1 16270 823 16272 XOR
2 1 16271 16270 16273 XOR
2 1 16271 16272 16274 AND
2 1 16270 16274 16275 XOR
2 1 16086 824 16276 XOR
2 1 16275 824 16277 XOR
2 1 16276 16275 16278 XOR
2 1 16276 16277 16279 AND
2 1 16275 16279 16280 XOR
2 1 16089 825 16281 XOR
2 1 16280 825 16282 XOR
2 1 16281 16280 16283 XOR
2 1 16281 16282 16284 AND
2 1 16280 16284 16285 XOR
2 1 16092 826 16286 XOR
2 1 16285 826 16287 XOR
2 1 16286 16285 16288 XOR
2 1 16286 16287 16289 AND
2 1 16285 16289 16290 XOR
2 1 16095 827 16291 XOR
2 1 16290 827 16292 XOR
2 1 16291 16290 16293 XOR
2 1 16291 16292 16294 AND
2 1 16290 16294 16295 XOR
2 1 16098 828 16296 XOR
2 1 16295 828 16297 XOR
2 1 16296 16295 16298 XOR
2 1 16296 16297 16299 AND
2 1 16295 16299 16300 XOR
2 1 16101 829 16301 XOR
2 1 16300 829 16302 XOR
2 1 16301 16300 16303 XOR
2 1 16301 16302 16304 AND
2 1 16300 16304 16305 XOR
2 1 16104 830 16306 XOR
2 1 16305 830 16307 XOR
2 1 16306 16305 16308 XOR
2 1 16306 16307 16309 AND
2 1 16305 16309 16310 XOR
2 1 16107 831 16311 XOR
2 1 16310 831 16312 XOR
2 1 16311 16310 16313 XOR
2 1 16311 16312 16314 AND
2 1 16310 16314 16315 XOR
2 1 16110 832 16316 XOR
2 1 16315 832 16317 XOR
2 1 16316 16315 16318 XOR
2 1 16316 16317 16319 AND
2 1 16315 16319 16320 XOR
2 1 16113 833 16321 XOR
2 1 16320 833 16322 XOR
2 1 16321 16320 16323 XOR
2 1 16321 16322 16324 AND
2 1 16320 16324 16325 XOR
2 1 16116 834 16326 XOR
2 1 16325 834 16327 XOR
2 1 16326 16325 16328 XOR
2 1 16326 16327 16329 AND
2 1 16325 16329 16330 XOR
2 1 16119 835 16331 XOR
2 1 16330 835 16332 XOR
2 1 16331 16330 16333 XOR
2 1 16331 16332 16334 AND
2 1 16330 16334 16335 XOR
2 1 16122 836 16336 XOR
2 1 16335 836 16337 XOR
2 1 16336 16335 16338 XOR
2 1 16336 16337 16339 AND
2 1 16335 16339 16340 XOR
2 1 16125 837 16341 XOR
2 1 16340 837 16342 XOR
2 1 16341 16340 16343 XOR
2 1 16341 16342 16344 AND
2 1 16340 16344 16345 XOR
2 1 16128 838 16346 XOR
2 1 16345 838 16347 XOR
2 1 16346 16345 16348 XOR
2 1 16346 16347 16349 AND
2 1 16345 16349 16350 XOR
2 1 16131 839 16351 XOR
2 1 16350 839 16352 XOR
2 1 16351 16350 16353 XOR
2 1 16351 16352 16354 AND
2 1 16350 16354 16355 XOR
2 1 16134 840 16356 XOR
2 1 16355 840 16357 XOR
2 1 16356 16355 16358 XOR
2 1 16356 16357 16359 AND
2 1 16355 16359 16360 XOR
2 1 16137 841 16361 XOR
2 1 16360 841 16362 XOR
2 1 16361 16360 16363 XOR
2 1 16361 16362 16364 AND
2 1 16360 16364 16365 XOR
2 1 16140 842 16366 XOR
2 1 16365 842 16367 XOR
2 1 16366 16365 16368 XOR
2 1 16366 16367 16369 AND
2 1 16365 16369 16370 XOR
2 1 16143 843 16371 XOR
2 1 16370 843 16372 XOR
2 1 16371 16370 16373 XOR
2 1 16371 16372 16374 AND
2 1 16370 16374 16375 XOR
2 1 16146 844 16376 XOR
2 1 16375 844 16377 XOR
2 1 16376 16375 16378 XOR
2 1 16376 16377 16379 AND
2 1 16375 16379 16380 XOR
2 1 16149 845 16381 XOR
2 1 16380 845 16382 XOR
2 1 16381 16380 16383 XOR
2 1 16381 16382 16384 AND
2 1 16380 16384 16385 XOR
2 1 16152 846 16386 XOR
2 1 16385 846 16387 XOR
2 1 16386 16385 16388 XOR
2 1 16386 16387 16389 AND
2 1 16385 16389 16390 XOR
2 1 16155 847 16391 XOR
2 1 16390 847 16392 XOR
2 1 16391 16390 16393 XOR
2 1 16391 16392 16394 AND
2 1 16390 16394 16395 XOR
2 1 16158 848 16396 XOR
2 1 16395 848 16397 XOR
2 1 16396 16395 16398 XOR
2 1 16396 16397 16399 AND
2 1 16395 16399 16400 XOR
2 1 16161 849 16401 XOR
2 1 16400 849 16402 XOR
2 1 16401 16400 16403 XOR
2 1 16401 16402 16404 AND
2 1 16400 16404 16405 XOR
2 1 16164 850 16406 XOR
2 1 16405 850 16407 XOR
2 1 16406 16405 16408 XOR
2 1 16406 16407 16409 AND
2 1 16405 16409 16410 XOR
2 1 16167 851 16411 XOR
2 1 16410 851 16412 XOR
2 1 16411 16410 16413 XOR
2 1 16411 16412 16414 AND
2 1 16410 16414 16415 XOR
2 1 16170 852 16416 XOR
2 1 16415 852 16417 XOR
2 1 16416 16415 16418 XOR
2 1 16416 16417 16419 AND
2 1 16415 16419 16420 XOR
2 1 16173 853 16421 XOR
2 1 16420 853 16422 XOR
2 1 16421 16420 16423 XOR
2 1 16421 16422 16424 AND
2 1 16420 16424 16425 XOR
2 1 16176 854 16426 XOR
2 1 16425 854 16427 XOR
2 1 16426 16425 16428 XOR
2 1 16426 16427 16429 AND
2 1 16425 16429 16430 XOR
2 1 16179 855 16431 XOR
2 1 16430 855 16432 XOR
2 1 16431 16430 16433 XOR
2 1 16431 16432 16434 AND
2 1 16430 16434 16435 XOR
2 1 16182 856 16436 XOR
2 1 16435 856 16437 XOR
2 1 16436 16435 16438 XOR
2 1 16436 16437 16439 AND
2 1 16435 16439 16440 XOR
2 1 16185 857 16441 XOR
2 1 16440 857 16442 XOR
2 1 16441 16440 16443 XOR
2 1 16441 16442 16444 AND
2 1 16440 16444 16445 XOR
2 1 16188 858 16446 XOR
2 1 16445 858 16447 XOR
2 1 16446 16445 16448 XOR
2 1 16446 16447 16449 AND
2 1 16445 16449 16450 XOR
2 1 16191 859 16451 XOR
2 1 16450 859 16452 XOR
2 1 16451 16450 16453 XOR
2 1 16451 16452 16454 AND
2 1 16450 16454 16455 XOR
2 1 16194 860 16456 XOR
2 1 16455 860 16457 XOR
2 1 16456 16455 16458 XOR
2 1 16456 16457 16459 AND
2 1 16455 16459 16460 XOR
2 1 16197 861 16461 XOR
2 1 16460 861 16462 XOR
2 1 16461 16460 16463 XOR
2 1 16461 16462 16464 AND
2 1 16460 16464 16465 XOR
2 1 16200 862 16466 XOR
2 1 16465 862 16467 XOR
2 1 16466 16465 16468 XOR
2 1 16466 16467 16469 AND
2 1 16465 16469 16470 XOR
2 1 16203 863 16471 XOR
2 1 16470 863 16472 XOR
2 1 16471 16470 16473 XOR
2 1 16471 16472 16474 AND
2 1 16470 16474 16475 XOR
2 1 16206 864 16476 XOR
2 1 16475 864 16477 XOR
2 1 16476 16475 16478 XOR
2 1 16476 16477 16479 AND
2 1 16475 16479 16480 XOR
2 1 16209 865 16481 XOR
2 1 16480 865 16482 XOR
2 1 16481 16480 16483 XOR
2 1 16481 16482 16484 AND
2 1 16480 16484 16485 XOR
2 1 16212 866 16486 XOR
2 1 16485 866 16487 XOR
2 1 16486 16485 16488 XOR
2 1 16486 16487 16489 AND
2 1 16485 16489 16490 XOR
2 1 16215 867 16491 XOR
2 1 16490 867 16492 XOR
2 1 16491 16490 16493 XOR
2 1 16491 16492 16494 AND
2 1 16490 16494 16495 XOR
2 1 16218 868 16496 XOR
2 1 16495 868 16497 XOR
2 1 16496 16495 16498 XOR
2 1 16496 16497 16499 AND
2 1 16495 16499 16500 XOR
2 1 16221 869 16501 XOR
2 1 16500 869 16502 XOR
2 1 16501 16500 16503 XOR
2 1 16501 16502 16504 AND
2 1 16500 16504 16505 XOR
2 1 16224 870 16506 XOR
2 1 16505 870 16507 XOR
2 1 16506 16505 16508 XOR
2 1 16506 16507 16509 AND
2 1 16505 16509 16510 XOR
2 1 16227 871 16511 XOR
2 1 16510 871 16512 XOR
2 1 16511 16510 16513 XOR
2 1 16511 16512 16514 AND
2 1 16510 16514 16515 XOR
2 1 16230 872 16516 XOR
2 1 16515 872 16517 XOR
2 1 16516 16515 16518 XOR
2 1 16516 16517 16519 AND
2 1 16515 16519 16520 XOR
2 1 16233 873 16521 XOR
2 1 16520 873 16522 XOR
2 1 16521 16520 16523 XOR
2 1 16521 16522 16524 AND
2 1 16520 16524 16525 XOR
2 1 16236 874 16526 XOR
2 1 16525 874 16527 XOR
2 1 16526 16525 16528 XOR
2 1 16526 16527 16529 AND
2 1 16525 16529 16530 XOR
2 1 16239 875 16531 XOR
2 1 16530 875 16532 XOR
2 1 16531 16530 16533 XOR
2 1 16531 16532 16534 AND
2 1 16530 16534 16535 XOR
2 1 16242 876 16536 XOR
2 1 16535 876 16537 XOR
2 1 16536 16535 16538 XOR
2 1 16536 16537 16539 AND
2 1 16535 16539 16540 XOR
2 1 16245 877 16541 XOR
2 1 16540 877 16542 XOR
2 1 16541 16540 16543 XOR
2 1 16541 16542 16544 AND
2 1 16540 16544 16545 XOR
2 1 16248 878 16546 XOR
2 1 16545 878 16547 XOR
2 1 16546 16545 16548 XOR
2 1 16546 16547 16549 AND
2 1 16545 16549 16550 XOR
2 1 16251 879 16551 XOR
2 1 16550 879 16552 XOR
2 1 16551 16550 16553 XOR
2 1 16551 16552 16554 AND
2 1 16550 16554 16555 XOR
2 1 16254 880 16556 XOR
2 1 16555 880 16557 XOR
2 1 16556 16555 16558 XOR
2 1 16556 16557 16559 AND
2 1 16555 16559 16560 XOR
2 1 16257 881 16561 XOR
2 1 16560 881 16562 XOR
2 1 16561 16560 16563 XOR
2 1 16561 16562 16564 AND
2 1 16560 16564 16565 XOR
2 1 16565 886 16566 XOR
2 1 16565 886 16567 AND
2 1 16566 16567 16568 XOR
2 1 444 16259 16569 XOR
2 1 16568 16569 16570 AND
2 1 16570 16259 16571 XOR
2 1 16077 16263 16572 XOR
2 1 16568 16572 16573 AND
2 1 16573 16263 16574 XOR
2 1 16080 16268 16575 XOR
2 1 16568 16575 16576 AND
2 1 16576 16268 16577 XOR
2 1 16083 16273 16578 XOR
2 1 16568 16578 16579 AND
2 1 16579 16273 16580 XOR
2 1 16086 16278 16581 XOR
2 1 16568 16581 16582 AND
2 1 16582 16278 16583 XOR
2 1 16089 16283 16584 XOR
2 1 16568 16584 16585 AND
2 1 16585 16283 16586 XOR
2 1 16092 16288 16587 XOR
2 1 16568 16587 16588 AND
2 1 16588 16288 16589 XOR
2 1 16095 16293 16590 XOR
2 1 16568 16590 16591 AND
2 1 16591 16293 16592 XOR
2 1 16098 16298 16593 XOR
2 1 16568 16593 16594 AND
2 1 16594 16298 16595 XOR
2 1 16101 16303 16596 XOR
2 1 16568 16596 16597 AND
2 1 16597 16303 16598 XOR
2 1 16104 16308 16599 XOR
2 1 16568 16599 16600 AND
2 1 16600 16308 16601 XOR
2 1 16107 16313 16602 XOR
2 1 16568 16602 16603 AND
2 1 16603 16313 16604 XOR
2 1 16110 16318 16605 XOR
2 1 16568 16605 16606 AND
2 1 16606 16318 16607 XOR
2 1 16113 16323 16608 XOR
2 1 16568 16608 16609 AND
2 1 16609 16323 16610 XOR
2 1 16116 16328 16611 XOR
2 1 16568 16611 16612 AND
2 1 16612 16328 16613 XOR
2 1 16119 16333 16614 XOR
2 1 16568 16614 16615 AND
2 1 16615 16333 16616 XOR
2 1 16122 16338 16617 XOR
2 1 16568 16617 16618 AND
2 1 16618 16338 16619 XOR
2 1 16125 16343 16620 XOR
2 1 16568 16620 16621 AND
2 1 16621 16343 16622 XOR
2 1 16128 16348 16623 XOR
2 1 16568 16623 16624 AND
2 1 16624 16348 16625 XOR
2 1 16131 16353 16626 XOR
2 1 16568 16626 16627 AND
2 1 16627 16353 16628 XOR
2 1 16134 16358 16629 XOR
2 1 16568 16629 16630 AND
2 1 16630 16358 16631 XOR
2 1 16137 16363 16632 XOR
2 1 16568 16632 16633 AND
2 1 16633 16363 16634 XOR
2 1 16140 16368 16635 XOR
2 1 16568 16635 16636 AND
2 1 16636 16368 16637 XOR
2 1 16143 16373 16638 XOR
2 1 16568 16638 16639 AND
2 1 16639 16373 16640 XOR
2 1 16146 16378 16641 XOR
2 1 16568 16641 16642 AND
2 1 16642 16378 16643 XOR
2 1 16149 16383 16644 XOR
2 1 16568 16644 16645 AND
2 1 16645 16383 16646 XOR
2 1 16152 16388 16647 XOR
2 1 16568 16647 16648 AND
2 1 16648 16388 16649 XOR
2 1 16155 16393 16650 XOR
2 1 16568 16650 16651 AND
2 1 16651 16393 16652 XOR
2 1 16158 16398 16653 XOR
2 1 16568 16653 16654 AND
2 1 16654 16398 16655 XOR
2 1 16161 16403 16656 XOR
2 1 16568 16656 16657 AND
2 1 16657 16403 16658 XOR
2 1 16164 16408 16659 XOR
2 1 16568 16659 16660 AND
2 1 16660 16408 16661 XOR
2 1 16167 16413 16662 XOR
2 1 16568 16662 16663 AND
2 1 16663 16413 16664 XOR
2 1 16170 16418 16665 XOR
2 1 16568 16665 16666 AND
2 1 16666 16418 16667 XOR
2 1 16173 16423 16668 XOR
2 1 16568 16668 16669 AND
2 1 16669 16423 16670 XOR
2 1 16176 16428 16671 XOR
2 1 16568 16671 16672 AND
2 1 16672 16428 16673 XOR
2 1 16179 16433 16674 XOR
2 1 16568 16674 16675 AND
2 1 16675 16433 16676 XOR
2 1 16182 16438 16677 XOR
2 1 16568 16677 16678 AND
2 1 16678 16438 16679 XOR
2 1 16185 16443 16680 XOR
2 1 16568 16680 16681 AND
2 1 16681 16443 16682 XOR
2 1 16188 16448 16683 XOR
2 1 16568 16683 16684 AND
2 1 16684 16448 16685 XOR
2 1 16191 16453 16686 XOR
2 1 16568 16686 16687 AND
2 1 16687 16453 16688 XOR
2 1 16194 16458 16689 XOR
2 1 16568 16689 16690 AND
2 1 16690 16458 16691 XOR
2 1 16197 16463 16692 XOR
2 1 16568 16692 16693 AND
2 1 16693 16463 16694 XOR
2 1 16200 16468 16695 XOR
2 1 16568 16695 16696 AND
2 1 16696 16468 16697 XOR
2 1 16203 16473 16698 XOR
2 1 16568 16698 16699 AND
2 1 16699 16473 16700 XOR
2 1 16206 16478 16701 XOR
2 1 16568 16701 16702 AND
2 1 16702 16478 16703 XOR
2 1 16209 16483 16704 XOR
2 1 16568 16704 16705 AND
2 1 16705 16483 16706 XOR
2 1 16212 16488 16707 XOR
2 1 16568 16707 16708 AND
2 1 16708 16488 16709 XOR
2 1 16215 16493 16710 XOR
2 1 16568 16710 16711 AND
2 1 16711 16493 16712 XOR
2 1 16218 16498 16713 XOR
2 1 16568 16713 16714 AND
2 1 16714 16498 16715 XOR
2 1 16221 16503 16716 XOR
2 1 16568 16716 16717 AND
2 1 16717 16503 16718 XOR
2 1 16224 16508 16719 XOR
2 1 16568 16719 16720 AND
2 1 16720 16508 16721 XOR
2 1 16227 16513 16722 XOR
2 1 16568 16722 16723 AND
2 1 16723 16513 16724 XOR
2 1 16230 16518 16725 XOR
2 1 16568 16725 16726 AND
2 1 16726 16518 16727 XOR
2 1 16233 16523 16728 XOR
2 1 16568 16728 16729 AND
2 1 16729 16523 16730 XOR
2 1 16236 16528 16731 XOR
2 1 16568 16731 16732 AND
2 1 16732 16528 16733 XOR
2 1 16239 16533 16734 XOR
2 1 16568 16734 16735 AND
2 1 16735 16533 16736 XOR
2 1 16242 16538 16737 XOR
2 1 16568 16737 16738 AND
2 1 16738 16538 16739 XOR
2 1 16245 16543 16740 XOR
2 1 16568 16740 16741 AND
2 1 16741 16543 16742 XOR
2 1 16248 16548 16743 XOR
2 1 16568 16743 16744 AND
2 1 16744 16548 16745 XOR
2 1 16251 16553 16746 XOR
2 1 16568 16746 16747 AND
2 1 16747 16553 16748 XOR
2 1 16254 16558 16749 XOR
2 1 16568 16749 16750 AND
2 1 16750 16558 16751 XOR
2 1 16257 16563 16752 XOR
2 1 16568 16752 16753 AND
2 1 16753 16563 16754 XOR
1 1 16568 16755 INV
2 1 443 820 16756 XOR
2 1 16756 820 16757 AND
2 1 16571 821 16758 XOR
2 1 16757 821 16759 XOR
2 1 16758 16757 16760 XOR
2 1 16758 16759 16761 AND
2 1 16757 16761 16762 XOR
2 1 16574 822 16763 XOR
2 1 16762 822 16764 XOR
2 1 16763 16762 16765 XOR
2 1 16763 16764 16766 AND
2 1 16762 16766 16767 XOR
2 1 16577 823 16768 XOR
2 1 16767 823 16769 XOR
2 1 16768 16767 16770 XOR
2 1 16768 16769 16771 AND
2 1 16767 16771 16772 XOR
2 1 16580 824 16773 XOR
2 1 16772 824 16774 XOR
2 1 16773 16772 16775 XOR
2 1 16773 16774 16776 AND
2 1 16772 16776 16777 XOR
2 1 16583 825 16778 XOR
2 1 16777 825 16779 XOR
2 1 16778 16777 16780 XOR
2 1 16778 16779 16781 AND
2 1 16777 16781 16782 XOR
2 1 16586 826 16783 XOR
2 1 16782 826 16784 XOR
2 1 16783 16782 16785 XOR
2 1 16783 16784 16786 AND
2 1 16782 16786 16787 XOR
2 1 16589 827 16788 XOR
2 1 16787 827 16789 XOR
2 1 16788 16787 16790 XOR
2 1 16788 16789 16791 AND
2 1 16787 16791 16792 XOR
2 1 16592 828 16793 XOR
2 1 16792 828 16794 XOR
2 1 16793 16792 16795 XOR
2 1 16793 16794 16796 AND
2 1 16792 16796 16797 XOR
2 1 16595 829 16798 XOR
2 1 16797 829 16799 XOR
2 1 16798 16797 16800 XOR
2 1 16798 16799 16801 AND
2 1 16797 16801 16802 XOR
2 1 16598 830 16803 XOR
2 1 16802 830 16804 XOR
2 1 16803 16802 16805 XOR
2 1 16803 16804 16806 AND
2 1 16802 16806 16807 XOR
2 1 16601 831 16808 XOR
2 1 16807 831 16809 XOR
2 1 16808 16807 16810 XOR
2 1 16808 16809 16811 AND
2 1 16807 16811 16812 XOR
2 1 16604 832 16813 XOR
2 1 16812 832 16814 XOR
2 1 16813 16812 16815 XOR
2 1 16813 16814 16816 AND
2 1 16812 16816 16817 XOR
2 1 16607 833 16818 XOR
2 1 16817 833 16819 XOR
2 1 16818 16817 16820 XOR
2 1 16818 16819 16821 AND
2 1 16817 16821 16822 XOR
2 1 16610 834 16823 XOR
2 1 16822 834 16824 XOR
2 1 16823 16822 16825 XOR
2 1 16823 16824 16826 AND
2 1 16822 16826 16827 XOR
2 1 16613 835 16828 XOR
2 1 16827 835 16829 XOR
2 1 16828 16827 16830 XOR
2 1 16828 16829 16831 AND
2 1 16827 16831 16832 XOR
2 1 16616 836 16833 XOR
2 1 16832 836 16834 XOR
2 1 16833 16832 16835 XOR
2 1 16833 16834 16836 AND
2 1 16832 16836 16837 XOR
2 1 16619 837 16838 XOR
2 1 16837 837 16839 XOR
2 1 16838 16837 16840 XOR
2 1 16838 16839 16841 AND
2 1 16837 16841 16842 XOR
2 1 16622 838 16843 XOR
2 1 16842 838 16844 XOR
2 1 16843 16842 16845 XOR
2 1 16843 16844 16846 AND
2 1 16842 16846 16847 XOR
2 1 16625 839 16848 XOR
2 1 16847 839 16849 XOR
2 1 16848 16847 16850 XOR
2 1 16848 16849 16851 AND
2 1 16847 16851 16852 XOR
2 1 16628 840 16853 XOR
2 1 16852 840 16854 XOR
2 1 16853 16852 16855 XOR
2 1 16853 16854 16856 AND
2 1 16852 16856 16857 XOR
2 1 16631 841 16858 XOR
2 1 16857 841 16859 XOR
2 1 16858 16857 16860 XOR
2 1 16858 16859 16861 AND
2 1 16857 16861 16862 XOR
2 1 16634 842 16863 XOR
2 1 16862 842 16864 XOR
2 1 16863 16862 16865 XOR
2 1 16863 16864 16866 AND
2 1 16862 16866 16867 XOR
2 1 16637 843 16868 XOR
2 1 16867 843 16869 XOR
2 1 16868 16867 16870 XOR
2 1 16868 16869 16871 AND
2 1 16867 16871 16872 XOR
2 1 16640 844 16873 XOR
2 1 16872 844 16874 XOR
2 1 16873 16872 16875 XOR
2 1 16873 16874 16876 AND
2 1 16872 16876 16877 XOR
2 1 16643 845 16878 XOR
2 1 16877 845 16879 XOR
2 1 16878 16877 16880 XOR
2 1 16878 16879 16881 AND
2 1 16877 16881 16882 XOR
2 1 16646 846 16883 XOR
2 1 16882 846 16884 XOR
2 1 16883 16882 16885 XOR
2 1 16883 16884 16886 AND
2 1 16882 16886 16887 XOR
2 1 16649 847 16888 XOR
2 1 16887 847 16889 XOR
2 1 16888 16887 16890 XOR
2 1 16888 16889 16891 AND
2 1 16887 16891 16892 XOR
2 1 16652 848 16893 XOR
2 1 16892 848 16894 XOR
2 1 16893 16892 16895 XOR
2 1 16893 16894 16896 AND
2 1 16892 16896 16897 XOR
2 1 16655 849 16898 XOR
2 1 16897 849 16899 XOR
2 1 16898 16897 16900 XOR
2 1 16898 16899 16901 AND
2 1 16897 16901 16902 XOR
2 1 16658 850 16903 XOR
2 1 16902 850 16904 XOR
2 1 16903 16902 16905 XOR
2 1 16903 16904 16906 AND
2 1 16902 16906 16907 XOR
2 1 16661 851 16908 XOR
2 1 16907 851 16909 XOR
2 1 16908 16907 16910 XOR
2 1 16908 16909 16911 AND
2 1 16907 16911 16912 XOR
2 1 16664 852 16913 XOR
2 1 16912 852 16914 XOR
2 1 16913 16912 16915 XOR
2 1 16913 16914 16916 AND
2 1 16912 16916 16917 XOR
2 1 16667 853 16918 XOR
2 1 16917 853 16919 XOR
2 1 16918 16917 16920 XOR
2 1 16918 16919 16921 AND
2 1 16917 16921 16922 XOR
2 1 16670 854 16923 XOR
2 1 16922 854 16924 XOR
2 1 16923 16922 16925 XOR
2 1 16923 16924 16926 AND
2 1 16922 16926 16927 XOR
2 1 16673 855 16928 XOR
2 1 16927 855 16929 XOR
2 1 16928 16927 16930 XOR
2 1 16928 16929 16931 AND
2 1 16927 16931 16932 XOR
2 1 16676 856 16933 XOR
2 1 16932 856 16934 XOR
2 1 16933 16932 16935 XOR
2 1 16933 16934 16936 AND
2 1 16932 16936 16937 XOR
2 1 16679 857 16938 XOR
2 1 16937 857 16939 XOR
2 1 16938 16937 16940 XOR
2 1 16938 16939 16941 AND
2 1 16937 16941 16942 XOR
2 1 16682 858 16943 XOR
2 1 16942 858 16944 XOR
2 1 16943 16942 16945 XOR
2 1 16943 16944 16946 AND
2 1 16942 16946 16947 XOR
2 1 16685 859 16948 XOR
2 1 16947 859 16949 XOR
2 1 16948 16947 16950 XOR
2 1 16948 16949 16951 AND
2 1 16947 16951 16952 XOR
2 1 16688 860 16953 XOR
2 1 16952 860 16954 XOR
2 1 16953 16952 16955 XOR
2 1 16953 16954 16956 AND
2 1 16952 16956 16957 XOR
2 1 16691 861 16958 XOR
2 1 16957 861 16959 XOR
2 1 16958 16957 16960 XOR
2 1 16958 16959 16961 AND
2 1 16957 16961 16962 XOR
2 1 16694 862 16963 XOR
2 1 16962 862 16964 XOR
2 1 16963 16962 16965 XOR
2 1 16963 16964 16966 AND
2 1 16962 16966 16967 XOR
2 1 16697 863 16968 XOR
2 1 16967 863 16969 XOR
2 1 16968 16967 16970 XOR
2 1 16968 16969 16971 AND
2 1 16967 16971 16972 XOR
2 1 16700 864 16973 XOR
2 1 16972 864 16974 XOR
2 1 16973 16972 16975 XOR
2 1 16973 16974 16976 AND
2 1 16972 16976 16977 XOR
2 1 16703 865 16978 XOR
2 1 16977 865 16979 XOR
2 1 16978 16977 16980 XOR
2 1 16978 16979 16981 AND
2 1 16977 16981 16982 XOR
2 1 16706 866 16983 XOR
2 1 16982 866 16984 XOR
2 1 16983 16982 16985 XOR
2 1 16983 16984 16986 AND
2 1 16982 16986 16987 XOR
2 1 16709 867 16988 XOR
2 1 16987 867 16989 XOR
2 1 16988 16987 16990 XOR
2 1 16988 16989 16991 AND
2 1 16987 16991 16992 XOR
2 1 16712 868 16993 XOR
2 1 16992 868 16994 XOR
2 1 16993 16992 16995 XOR
2 1 16993 16994 16996 AND
2 1 16992 16996 16997 XOR
2 1 16715 869 16998 XOR
2 1 16997 869 16999 XOR
2 1 16998 16997 17000 XOR
2 1 16998 16999 17001 AND
2 1 16997 17001 17002 XOR
2 1 16718 870 17003 XOR
2 1 17002 870 17004 XOR
2 1 17003 17002 17005 XOR
2 1 17003 17004 17006 AND
2 1 17002 17006 17007 XOR
2 1 16721 871 17008 XOR
2 1 17007 871 17009 XOR
2 1 17008 17007 17010 XOR
2 1 17008 17009 17011 AND
2 1 17007 17011 17012 XOR
2 1 16724 872 17013 XOR
2 1 17012 872 17014 XOR
2 1 17013 17012 17015 XOR
2 1 17013 17014 17016 AND
2 1 17012 17016 17017 XOR
2 1 16727 873 17018 XOR
2 1 17017 873 17019 XOR
2 1 17018 17017 17020 XOR
2 1 17018 17019 17021 AND
2 1 17017 17021 17022 XOR
2 1 16730 874 17023 XOR
2 1 17022 874 17024 XOR
2 1 17023 17022 17025 XOR
2 1 17023 17024 17026 AND
2 1 17022 17026 17027 XOR
2 1 16733 875 17028 XOR
2 1 17027 875 17029 XOR
2 1 17028 17027 17030 XOR
2 1 17028 17029 17031 AND
2 1 17027 17031 17032 XOR
2 1 16736 876 17033 XOR
2 1 17032 876 17034 XOR
2 1 17033 17032 17035 XOR
2 1 17033 17034 17036 AND
2 1 17032 17036 17037 XOR
2 1 16739 877 17038 XOR
2 1 17037 877 17039 XOR
2 1 17038 17037 17040 XOR
2 1 17038 17039 17041 AND
2 1 17037 17041 17042 XOR
2 1 16742 878 17043 XOR
2 1 17042 878 17044 XOR
2 1 17043 17042 17045 XOR
2 1 17043 17044 17046 AND
2 1 17042 17046 17047 XOR
2 1 16745 879 17048 XOR
2 1 17047 879 17049 XOR
2 1 17048 17047 17050 XOR
2 1 17048 17049 17051 AND
2 1 17047 17051 17052 XOR
2 1 16748 880 17053 XOR
2 1 17052 880 17054 XOR
2 1 17053 17052 17055 XOR
2 1 17053 17054 17056 AND
2 1 17052 17056 17057 XOR
2 1 16751 881 17058 XOR
2 1 17057 881 17059 XOR
2 1 17058 17057 17060 XOR
2 1 17058 17059 17061 AND
2 1 17057 17061 17062 XOR
2 1 16754 882 17063 XOR
2 1 17062 882 17064 XOR
2 1 17063 17062 17065 XOR
2 1 17063 17064 17066 AND
2 1 17062 17066 17067 XOR
2 1 17067 883 17068 XOR
2 1 17067 883 17069 AND
2 1 17068 17069 17070 XOR
2 1 443 16756 17071 XOR
2 1 17070 17071 17072 AND
2 1 17072 16756 17073 XOR
2 1 16571 16760 17074 XOR
2 1 17070 17074 17075 AND
2 1 17075 16760 17076 XOR
2 1 16574 16765 17077 XOR
2 1 17070 17077 17078 AND
2 1 17078 16765 17079 XOR
2 1 16577 16770 17080 XOR
2 1 17070 17080 17081 AND
2 1 17081 16770 17082 XOR
2 1 16580 16775 17083 XOR
2 1 17070 17083 17084 AND
2 1 17084 16775 17085 XOR
2 1 16583 16780 17086 XOR
2 1 17070 17086 17087 AND
2 1 17087 16780 17088 XOR
2 1 16586 16785 17089 XOR
2 1 17070 17089 17090 AND
2 1 17090 16785 17091 XOR
2 1 16589 16790 17092 XOR
2 1 17070 17092 17093 AND
2 1 17093 16790 17094 XOR
2 1 16592 16795 17095 XOR
2 1 17070 17095 17096 AND
2 1 17096 16795 17097 XOR
2 1 16595 16800 17098 XOR
2 1 17070 17098 17099 AND
2 1 17099 16800 17100 XOR
2 1 16598 16805 17101 XOR
2 1 17070 17101 17102 AND
2 1 17102 16805 17103 XOR
2 1 16601 16810 17104 XOR
2 1 17070 17104 17105 AND
2 1 17105 16810 17106 XOR
2 1 16604 16815 17107 XOR
2 1 17070 17107 17108 AND
2 1 17108 16815 17109 XOR
2 1 16607 16820 17110 XOR
2 1 17070 17110 17111 AND
2 1 17111 16820 17112 XOR
2 1 16610 16825 17113 XOR
2 1 17070 17113 17114 AND
2 1 17114 16825 17115 XOR
2 1 16613 16830 17116 XOR
2 1 17070 17116 17117 AND
2 1 17117 16830 17118 XOR
2 1 16616 16835 17119 XOR
2 1 17070 17119 17120 AND
2 1 17120 16835 17121 XOR
2 1 16619 16840 17122 XOR
2 1 17070 17122 17123 AND
2 1 17123 16840 17124 XOR
2 1 16622 16845 17125 XOR
2 1 17070 17125 17126 AND
2 1 17126 16845 17127 XOR
2 1 16625 16850 17128 XOR
2 1 17070 17128 17129 AND
2 1 17129 16850 17130 XOR
2 1 16628 16855 17131 XOR
2 1 17070 17131 17132 AND
2 1 17132 16855 17133 XOR
2 1 16631 16860 17134 XOR
2 1 17070 17134 17135 AND
2 1 17135 16860 17136 XOR
2 1 16634 16865 17137 XOR
2 1 17070 17137 17138 AND
2 1 17138 16865 17139 XOR
2 1 16637 16870 17140 XOR
2 1 17070 17140 17141 AND
2 1 17141 16870 17142 XOR
2 1 16640 16875 17143 XOR
2 1 17070 17143 17144 AND
2 1 17144 16875 17145 XOR
2 1 16643 16880 17146 XOR
2 1 17070 17146 17147 AND
2 1 17147 16880 17148 XOR
2 1 16646 16885 17149 XOR
2 1 17070 17149 17150 AND
2 1 17150 16885 17151 XOR
2 1 16649 16890 17152 XOR
2 1 17070 17152 17153 AND
2 1 17153 16890 17154 XOR
2 1 16652 16895 17155 XOR
2 1 17070 17155 17156 AND
2 1 17156 16895 17157 XOR
2 1 16655 16900 17158 XOR
2 1 17070 17158 17159 AND
2 1 17159 16900 17160 XOR
2 1 16658 16905 17161 XOR
2 1 17070 17161 17162 AND
2 1 17162 16905 17163 XOR
2 1 16661 16910 17164 XOR
2 1 17070 17164 17165 AND
2 1 17165 16910 17166 XOR
2 1 16664 16915 17167 XOR
2 1 17070 17167 17168 AND
2 1 17168 16915 17169 XOR
2 1 16667 16920 17170 XOR
2 1 17070 17170 17171 AND
2 1 17171 16920 17172 XOR
2 1 16670 16925 17173 XOR
2 1 17070 17173 17174 AND
2 1 17174 16925 17175 XOR
2 1 16673 16930 17176 XOR
2 1 17070 17176 17177 AND
2 1 17177 16930 17178 XOR
2 1 16676 16935 17179 XOR
2 1 17070 17179 17180 AND
2 1 17180 16935 17181 XOR
2 1 16679 16940 17182 XOR
2 1 17070 17182 17183 AND
2 1 17183 16940 17184 XOR
2 1 16682 16945 17185 XOR
2 1 17070 17185 17186 AND
2 1 17186 16945 17187 XOR
2 1 16685 16950 17188 XOR
2 1 17070 17188 17189 AND
2 1 17189 16950 17190 XOR
2 1 16688 16955 17191 XOR
2 1 17070 17191 17192 AND
2 1 17192 16955 17193 XOR
2 1 16691 16960 17194 XOR
2 1 17070 17194 17195 AND
2 1 17195 16960 17196 XOR
2 1 16694 16965 17197 XOR
2 1 17070 17197 17198 AND
2 1 17198 16965 17199 XOR
2 1 16697 16970 17200 XOR
2 1 17070 17200 17201 AND
2 1 17201 16970 17202 XOR
2 1 16700 16975 17203 XOR
2 1 17070 17203 17204 AND
2 1 17204 16975 17205 XOR
2 1 16703 16980 17206 XOR
2 1 17070 17206 17207 AND
2 1 17207 16980 17208 XOR
2 1 16706 16985 17209 XOR
2 1 17070 17209 17210 AND
2 1 17210 16985 17211 XOR
2 1 16709 16990 17212 XOR
2 1 17070 17212 17213 AND
2 1 17213 16990 17214 XOR
2 1 16712 16995 17215 XOR
2 1 17070 17215 17216 AND
2 1 17216 16995 17217 XOR
2 1 16715 17000 17218 XOR
2 1 17070 17218 17219 AND
2 1 17219 17000 17220 XOR
2 1 16718 17005 17221 XOR
2 1 17070 17221 17222 AND
2 1 17222 17005 17223 XOR
2 1 16721 17010 17224 XOR
2 1 17070 17224 17225 AND
2 1 17225 17010 17226 XOR
2 1 16724 17015 17227 XOR
2 1 17070 17227 17228 AND
2 1 17228 17015 17229 XOR
2 1 16727 17020 17230 XOR
2 1 17070 17230 17231 AND
2 1 17231 17020 17232 XOR
2 1 16730 17025 17233 XOR
2 1 17070 17233 17234 AND
2 1 17234 17025 17235 XOR
2 1 16733 17030 17236 XOR
2 1 17070 17236 17237 AND
2 1 17237 17030 17238 XOR
2 1 16736 17035 17239 XOR
2 1 17070 17239 17240 AND
2 1 17240 17035 17241 XOR
2 1 16739 17040 17242 XOR
2 1 17070 17242 17243 AND
2 1 17243 17040 17244 XOR
2 1 16742 17045 17245 XOR
2 1 17070 17245 17246 AND
2 1 17246 17045 17247 XOR
2 1 16745 17050 17248 XOR
2 1 17070 17248 17249 AND
2 1 17249 17050 17250 XOR
2 1 16748 17055 17251 XOR
2 1 17070 17251 17252 AND
2 1 17252 17055 17253 XOR
2 1 16751 17060 17254 XOR
2 1 17070 17254 17255 AND
2 1 17255 17060 17256 XOR
2 1 16754 17065 17257 XOR
2 1 17070 17257 17258 AND
2 1 17258 17065 17259 XOR
1 1 17070 17260 INV
2 1 442 820 17261 XOR
2 1 17261 820 17262 AND
2 1 17073 821 17263 XOR
2 1 17262 821 17264 XOR
2 1 17263 17262 17265 XOR
2 1 17263 17264 17266 AND
2 1 17262 17266 17267 XOR
2 1 17076 822 17268 XOR
2 1 17267 822 17269 XOR
2 1 17268 17267 17270 XOR
2 1 17268 17269 17271 AND
2 1 17267 17271 17272 XOR
2 1 17079 823 17273 XOR
2 1 17272 823 17274 XOR
2 1 17273 17272 17275 XOR
2 1 17273 17274 17276 AND
2 1 17272 17276 17277 XOR
2 1 17082 824 17278 XOR
2 1 17277 824 17279 XOR
2 1 17278 17277 17280 XOR
2 1 17278 17279 17281 AND
2 1 17277 17281 17282 XOR
2 1 17085 825 17283 XOR
2 1 17282 825 17284 XOR
2 1 17283 17282 17285 XOR
2 1 17283 17284 17286 AND
2 1 17282 17286 17287 XOR
2 1 17088 826 17288 XOR
2 1 17287 826 17289 XOR
2 1 17288 17287 17290 XOR
2 1 17288 17289 17291 AND
2 1 17287 17291 17292 XOR
2 1 17091 827 17293 XOR
2 1 17292 827 17294 XOR
2 1 17293 17292 17295 XOR
2 1 17293 17294 17296 AND
2 1 17292 17296 17297 XOR
2 1 17094 828 17298 XOR
2 1 17297 828 17299 XOR
2 1 17298 17297 17300 XOR
2 1 17298 17299 17301 AND
2 1 17297 17301 17302 XOR
2 1 17097 829 17303 XOR
2 1 17302 829 17304 XOR
2 1 17303 17302 17305 XOR
2 1 17303 17304 17306 AND
2 1 17302 17306 17307 XOR
2 1 17100 830 17308 XOR
2 1 17307 830 17309 XOR
2 1 17308 17307 17310 XOR
2 1 17308 17309 17311 AND
2 1 17307 17311 17312 XOR
2 1 17103 831 17313 XOR
2 1 17312 831 17314 XOR
2 1 17313 17312 17315 XOR
2 1 17313 17314 17316 AND
2 1 17312 17316 17317 XOR
2 1 17106 832 17318 XOR
2 1 17317 832 17319 XOR
2 1 17318 17317 17320 XOR
2 1 17318 17319 17321 AND
2 1 17317 17321 17322 XOR
2 1 17109 833 17323 XOR
2 1 17322 833 17324 XOR
2 1 17323 17322 17325 XOR
2 1 17323 17324 17326 AND
2 1 17322 17326 17327 XOR
2 1 17112 834 17328 XOR
2 1 17327 834 17329 XOR
2 1 17328 17327 17330 XOR
2 1 17328 17329 17331 AND
2 1 17327 17331 17332 XOR
2 1 17115 835 17333 XOR
2 1 17332 835 17334 XOR
2 1 17333 17332 17335 XOR
2 1 17333 17334 17336 AND
2 1 17332 17336 17337 XOR
2 1 17118 836 17338 XOR
2 1 17337 836 17339 XOR
2 1 17338 17337 17340 XOR
2 1 17338 17339 17341 AND
2 1 17337 17341 17342 XOR
2 1 17121 837 17343 XOR
2 1 17342 837 17344 XOR
2 1 17343 17342 17345 XOR
2 1 17343 17344 17346 AND
2 1 17342 17346 17347 XOR
2 1 17124 838 17348 XOR
2 1 17347 838 17349 XOR
2 1 17348 17347 17350 XOR
2 1 17348 17349 17351 AND
2 1 17347 17351 17352 XOR
2 1 17127 839 17353 XOR
2 1 17352 839 17354 XOR
2 1 17353 17352 17355 XOR
2 1 17353 17354 17356 AND
2 1 17352 17356 17357 XOR
2 1 17130 840 17358 XOR
2 1 17357 840 17359 XOR
2 1 17358 17357 17360 XOR
2 1 17358 17359 17361 AND
2 1 17357 17361 17362 XOR
2 1 17133 841 17363 XOR
2 1 17362 841 17364 XOR
2 1 17363 17362 17365 XOR
2 1 17363 17364 17366 AND
2 1 17362 17366 17367 XOR
2 1 17136 842 17368 XOR
2 1 17367 842 17369 XOR
2 1 17368 17367 17370 XOR
2 1 17368 17369 17371 AND
2 1 17367 17371 17372 XOR
2 1 17139 843 17373 XOR
2 1 17372 843 17374 XOR
2 1 17373 17372 17375 XOR
2 1 17373 17374 17376 AND
2 1 17372 17376 17377 XOR
2 1 17142 844 17378 XOR
2 1 17377 844 17379 XOR
2 1 17378 17377 17380 XOR
2 1 17378 17379 17381 AND
2 1 17377 17381 17382 XOR
2 1 17145 845 17383 XOR
2 1 17382 845 17384 XOR
2 1 17383 17382 17385 XOR
2 1 17383 17384 17386 AND
2 1 17382 17386 17387 XOR
2 1 17148 846 17388 XOR
2 1 17387 846 17389 XOR
2 1 17388 17387 17390 XOR
2 1 17388 17389 17391 AND
2 1 17387 17391 17392 XOR
2 1 17151 847 17393 XOR
2 1 17392 847 17394 XOR
2 1 17393 17392 17395 XOR
2 1 17393 17394 17396 AND
2 1 17392 17396 17397 XOR
2 1 17154 848 17398 XOR
2 1 17397 848 17399 XOR
2 1 17398 17397 17400 XOR
2 1 17398 17399 17401 AND
2 1 17397 17401 17402 XOR
2 1 17157 849 17403 XOR
2 1 17402 849 17404 XOR
2 1 17403 17402 17405 XOR
2 1 17403 17404 17406 AND
2 1 17402 17406 17407 XOR
2 1 17160 850 17408 XOR
2 1 17407 850 17409 XOR
2 1 17408 17407 17410 XOR
2 1 17408 17409 17411 AND
2 1 17407 17411 17412 XOR
2 1 17163 851 17413 XOR
2 1 17412 851 17414 XOR
2 1 17413 17412 17415 XOR
2 1 17413 17414 17416 AND
2 1 17412 17416 17417 XOR
2 1 17166 852 17418 XOR
2 1 17417 852 17419 XOR
2 1 17418 17417 17420 XOR
2 1 17418 17419 17421 AND
2 1 17417 17421 17422 XOR
2 1 17169 853 17423 XOR
2 1 17422 853 17424 XOR
2 1 17423 17422 17425 XOR
2 1 17423 17424 17426 AND
2 1 17422 17426 17427 XOR
2 1 17172 854 17428 XOR
2 1 17427 854 17429 XOR
2 1 17428 17427 17430 XOR
2 1 17428 17429 17431 AND
2 1 17427 17431 17432 XOR
2 1 17175 855 17433 XOR
2 1 17432 855 17434 XOR
2 1 17433 17432 17435 XOR
2 1 17433 17434 17436 AND
2 1 17432 17436 17437 XOR
2 1 17178 856 17438 XOR
2 1 17437 856 17439 XOR
2 1 17438 17437 17440 XOR
2 1 17438 17439 17441 AND
2 1 17437 17441 17442 XOR
2 1 17181 857 17443 XOR
2 1 17442 857 17444 XOR
2 1 17443 17442 17445 XOR
2 1 17443 17444 17446 AND
2 1 17442 17446 17447 XOR
2 1 17184 858 17448 XOR
2 1 17447 858 17449 XOR
2 1 17448 17447 17450 XOR
2 1 17448 17449 17451 AND
2 1 17447 17451 17452 XOR
2 1 17187 859 17453 XOR
2 1 17452 859 17454 XOR
2 1 17453 17452 17455 XOR
2 1 17453 17454 17456 AND
2 1 17452 17456 17457 XOR
2 1 17190 860 17458 XOR
2 1 17457 860 17459 XOR
2 1 17458 17457 17460 XOR
2 1 17458 17459 17461 AND
2 1 17457 17461 17462 XOR
2 1 17193 861 17463 XOR
2 1 17462 861 17464 XOR
2 1 17463 17462 17465 XOR
2 1 17463 17464 17466 AND
2 1 17462 17466 17467 XOR
2 1 17196 862 17468 XOR
2 1 17467 862 17469 XOR
2 1 17468 17467 17470 XOR
2 1 17468 17469 17471 AND
2 1 17467 17471 17472 XOR
2 1 17199 863 17473 XOR
2 1 17472 863 17474 XOR
2 1 17473 17472 17475 XOR
2 1 17473 17474 17476 AND
2 1 17472 17476 17477 XOR
2 1 17202 864 17478 XOR
2 1 17477 864 17479 XOR
2 1 17478 17477 17480 XOR
2 1 17478 17479 17481 AND
2 1 17477 17481 17482 XOR
2 1 17205 865 17483 XOR
2 1 17482 865 17484 XOR
2 1 17483 17482 17485 XOR
2 1 17483 17484 17486 AND
2 1 17482 17486 17487 XOR
2 1 17208 866 17488 XOR
2 1 17487 866 17489 XOR
2 1 17488 17487 17490 XOR
2 1 17488 17489 17491 AND
2 1 17487 17491 17492 XOR
2 1 17211 867 17493 XOR
2 1 17492 867 17494 XOR
2 1 17493 17492 17495 XOR
2 1 17493 17494 17496 AND
2 1 17492 17496 17497 XOR
2 1 17214 868 17498 XOR
2 1 17497 868 17499 XOR
2 1 17498 17497 17500 XOR
2 1 17498 17499 17501 AND
2 1 17497 17501 17502 XOR
2 1 17217 869 17503 XOR
2 1 17502 869 17504 XOR
2 1 17503 17502 17505 XOR
2 1 17503 17504 17506 AND
2 1 17502 17506 17507 XOR
2 1 17220 870 17508 XOR
2 1 17507 870 17509 XOR
2 1 17508 17507 17510 XOR
2 1 17508 17509 17511 AND
2 1 17507 17511 17512 XOR
2 1 17223 871 17513 XOR
2 1 17512 871 17514 XOR
2 1 17513 17512 17515 XOR
2 1 17513 17514 17516 AND
2 1 17512 17516 17517 XOR
2 1 17226 872 17518 XOR
2 1 17517 872 17519 XOR
2 1 17518 17517 17520 XOR
2 1 17518 17519 17521 AND
2 1 17517 17521 17522 XOR
2 1 17229 873 17523 XOR
2 1 17522 873 17524 XOR
2 1 17523 17522 17525 XOR
2 1 17523 17524 17526 AND
2 1 17522 17526 17527 XOR
2 1 17232 874 17528 XOR
2 1 17527 874 17529 XOR
2 1 17528 17527 17530 XOR
2 1 17528 17529 17531 AND
2 1 17527 17531 17532 XOR
2 1 17235 875 17533 XOR
2 1 17532 875 17534 XOR
2 1 17533 17532 17535 XOR
2 1 17533 17534 17536 AND
2 1 17532 17536 17537 XOR
2 1 17238 876 17538 XOR
2 1 17537 876 17539 XOR
2 1 17538 17537 17540 XOR
2 1 17538 17539 17541 AND
2 1 17537 17541 17542 XOR
2 1 17241 877 17543 XOR
2 1 17542 877 17544 XOR
2 1 17543 17542 17545 XOR
2 1 17543 17544 17546 AND
2 1 17542 17546 17547 XOR
2 1 17244 878 17548 XOR
2 1 17547 878 17549 XOR
2 1 17548 17547 17550 XOR
2 1 17548 17549 17551 AND
2 1 17547 17551 17552 XOR
2 1 17247 879 17553 XOR
2 1 17552 879 17554 XOR
2 1 17553 17552 17555 XOR
2 1 17553 17554 17556 AND
2 1 17552 17556 17557 XOR
2 1 17250 880 17558 XOR
2 1 17557 880 17559 XOR
2 1 17558 17557 17560 XOR
2 1 17558 17559 17561 AND
2 1 17557 17561 17562 XOR
2 1 17253 881 17563 XOR
2 1 17562 881 17564 XOR
2 1 17563 17562 17565 XOR
2 1 17563 17564 17566 AND
2 1 17562 17566 17567 XOR
2 1 17256 882 17568 XOR
2 1 17567 882 17569 XOR
2 1 17568 17567 17570 XOR
2 1 17568 17569 17571 AND
2 1 17567 17571 17572 XOR
2 1 17259 883 17573 XOR
2 1 17572 883 17574 XOR
2 1 17573 17572 17575 XOR
2 1 17573 17574 17576 AND
2 1 17572 17576 17577 XOR
2 1 442 17261 17578 XOR
2 1 17577 17578 17579 AND
2 1 17579 17261 17580 XOR
2 1 17073 17265 17581 XOR
2 1 17577 17581 17582 AND
2 1 17582 17265 17583 XOR
2 1 17076 17270 17584 XOR
2 1 17577 17584 17585 AND
2 1 17585 17270 17586 XOR
2 1 17079 17275 17587 XOR
2 1 17577 17587 17588 AND
2 1 17588 17275 17589 XOR
2 1 17082 17280 17590 XOR
2 1 17577 17590 17591 AND
2 1 17591 17280 17592 XOR
2 1 17085 17285 17593 XOR
2 1 17577 17593 17594 AND
2 1 17594 17285 17595 XOR
2 1 17088 17290 17596 XOR
2 1 17577 17596 17597 AND
2 1 17597 17290 17598 XOR
2 1 17091 17295 17599 XOR
2 1 17577 17599 17600 AND
2 1 17600 17295 17601 XOR
2 1 17094 17300 17602 XOR
2 1 17577 17602 17603 AND
2 1 17603 17300 17604 XOR
2 1 17097 17305 17605 XOR
2 1 17577 17605 17606 AND
2 1 17606 17305 17607 XOR
2 1 17100 17310 17608 XOR
2 1 17577 17608 17609 AND
2 1 17609 17310 17610 XOR
2 1 17103 17315 17611 XOR
2 1 17577 17611 17612 AND
2 1 17612 17315 17613 XOR
2 1 17106 17320 17614 XOR
2 1 17577 17614 17615 AND
2 1 17615 17320 17616 XOR
2 1 17109 17325 17617 XOR
2 1 17577 17617 17618 AND
2 1 17618 17325 17619 XOR
2 1 17112 17330 17620 XOR
2 1 17577 17620 17621 AND
2 1 17621 17330 17622 XOR
2 1 17115 17335 17623 XOR
2 1 17577 17623 17624 AND
2 1 17624 17335 17625 XOR
2 1 17118 17340 17626 XOR
2 1 17577 17626 17627 AND
2 1 17627 17340 17628 XOR
2 1 17121 17345 17629 XOR
2 1 17577 17629 17630 AND
2 1 17630 17345 17631 XOR
2 1 17124 17350 17632 XOR
2 1 17577 17632 17633 AND
2 1 17633 17350 17634 XOR
2 1 17127 17355 17635 XOR
2 1 17577 17635 17636 AND
2 1 17636 17355 17637 XOR
2 1 17130 17360 17638 XOR
2 1 17577 17638 17639 AND
2 1 17639 17360 17640 XOR
2 1 17133 17365 17641 XOR
2 1 17577 17641 17642 AND
2 1 17642 17365 17643 XOR
2 1 17136 17370 17644 XOR
2 1 17577 17644 17645 AND
2 1 17645 17370 17646 XOR
2 1 17139 17375 17647 XOR
2 1 17577 17647 17648 AND
2 1 17648 17375 17649 XOR
2 1 17142 17380 17650 XOR
2 1 17577 17650 17651 AND
2 1 17651 17380 17652 XOR
2 1 17145 17385 17653 XOR
2 1 17577 17653 17654 AND
2 1 17654 17385 17655 XOR
2 1 17148 17390 17656 XOR
2 1 17577 17656 17657 AND
2 1 17657 17390 17658 XOR
2 1 17151 17395 17659 XOR
2 1 17577 17659 17660 AND
2 1 17660 17395 17661 XOR
2 1 17154 17400 17662 XOR
2 1 17577 17662 17663 AND
2 1 17663 17400 17664 XOR
2 1 17157 17405 17665 XOR
2 1 17577 17665 17666 AND
2 1 17666 17405 17667 XOR
2 1 17160 17410 17668 XOR
2 1 17577 17668 17669 AND
2 1 17669 17410 17670 XOR
2 1 17163 17415 17671 XOR
2 1 17577 17671 17672 AND
2 1 17672 17415 17673 XOR
2 1 17166 17420 17674 XOR
2 1 17577 17674 17675 AND
2 1 17675 17420 17676 XOR
2 1 17169 17425 17677 XOR
2 1 17577 17677 17678 AND
2 1 17678 17425 17679 XOR
2 1 17172 17430 17680 XOR
2 1 17577 17680 17681 AND
2 1 17681 17430 17682 XOR
2 1 17175 17435 17683 XOR
2 1 17577 17683 17684 AND
2 1 17684 17435 17685 XOR
2 1 17178 17440 17686 XOR
2 1 17577 17686 17687 AND
2 1 17687 17440 17688 XOR
2 1 17181 17445 17689 XOR
2 1 17577 17689 17690 AND
2 1 17690 17445 17691 XOR
2 1 17184 17450 17692 XOR
2 1 17577 17692 17693 AND
2 1 17693 17450 17694 XOR
2 1 17187 17455 17695 XOR
2 1 17577 17695 17696 AND
2 1 17696 17455 17697 XOR
2 1 17190 17460 17698 XOR
2 1 17577 17698 17699 AND
2 1 17699 17460 17700 XOR
2 1 17193 17465 17701 XOR
2 1 17577 17701 17702 AND
2 1 17702 17465 17703 XOR
2 1 17196 17470 17704 XOR
2 1 17577 17704 17705 AND
2 1 17705 17470 17706 XOR
2 1 17199 17475 17707 XOR
2 1 17577 17707 17708 AND
2 1 17708 17475 17709 XOR
2 1 17202 17480 17710 XOR
2 1 17577 17710 17711 AND
2 1 17711 17480 17712 XOR
2 1 17205 17485 17713 XOR
2 1 17577 17713 17714 AND
2 1 17714 17485 17715 XOR
2 1 17208 17490 17716 XOR
2 1 17577 17716 17717 AND
2 1 17717 17490 17718 XOR
2 1 17211 17495 17719 XOR
2 1 17577 17719 17720 AND
2 1 17720 17495 17721 XOR
2 1 17214 17500 17722 XOR
2 1 17577 17722 17723 AND
2 1 17723 17500 17724 XOR
2 1 17217 17505 17725 XOR
2 1 17577 17725 17726 AND
2 1 17726 17505 17727 XOR
2 1 17220 17510 17728 XOR
2 1 17577 17728 17729 AND
2 1 17729 17510 17730 XOR
2 1 17223 17515 17731 XOR
2 1 17577 17731 17732 AND
2 1 17732 17515 17733 XOR
2 1 17226 17520 17734 XOR
2 1 17577 17734 17735 AND
2 1 17735 17520 17736 XOR
2 1 17229 17525 17737 XOR
2 1 17577 17737 17738 AND
2 1 17738 17525 17739 XOR
2 1 17232 17530 17740 XOR
2 1 17577 17740 17741 AND
2 1 17741 17530 17742 XOR
2 1 17235 17535 17743 XOR
2 1 17577 17743 17744 AND
2 1 17744 17535 17745 XOR
2 1 17238 17540 17746 XOR
2 1 17577 17746 17747 AND
2 1 17747 17540 17748 XOR
2 1 17241 17545 17749 XOR
2 1 17577 17749 17750 AND
2 1 17750 17545 17751 XOR
2 1 17244 17550 17752 XOR
2 1 17577 17752 17753 AND
2 1 17753 17550 17754 XOR
2 1 17247 17555 17755 XOR
2 1 17577 17755 17756 AND
2 1 17756 17555 17757 XOR
2 1 17250 17560 17758 XOR
2 1 17577 17758 17759 AND
2 1 17759 17560 17760 XOR
2 1 17253 17565 17761 XOR
2 1 17577 17761 17762 AND
2 1 17762 17565 17763 XOR
2 1 17256 17570 17764 XOR
2 1 17577 17764 17765 AND
2 1 17765 17570 17766 XOR
2 1 17259 17575 17767 XOR
2 1 17577 17767 17768 AND
2 1 17768 17575 17769 XOR
1 1 17577 17770 INV
2 1 17580 63 17771 XOR
2 1 17771 63 17772 XOR
2 1 63 17771 17773 AND
2 1 17583 63 17774 XOR
2 1 17774 17773 17775 XOR
2 1 17773 17774 17776 AND
2 1 17586 63 17777 XOR
2 1 17777 17776 17778 XOR
2 1 17776 17777 17779 AND
2 1 17589 63 17780 XOR
2 1 17780 17779 17781 XOR
2 1 17779 17780 17782 AND
2 1 17592 63 17783 XOR
2 1 17783 17782 17784 XOR
2 1 17782 17783 17785 AND
2 1 17595 63 17786 XOR
2 1 17786 17785 17787 XOR
2 1 17785 17786 17788 AND
2 1 17598 63 17789 XOR
2 1 17789 17788 17790 XOR
2 1 17788 17789 17791 AND
2 1 17601 63 17792 XOR
2 1 17792 17791 17793 XOR
2 1 17791 17792 17794 AND
2 1 17604 63 17795 XOR
2 1 17795 17794 17796 XOR
2 1 17794 17795 17797 AND
2 1 17607 63 17798 XOR
2 1 17798 17797 17799 XOR
2 1 17797 17798 17800 AND
2 1 17610 63 17801 XOR
2 1 17801 17800 17802 XOR
2 1 17800 17801 17803 AND
2 1 17613 63 17804 XOR
2 1 17804 17803 17805 XOR
2 1 17803 17804 17806 AND
2 1 17616 63 17807 XOR
2 1 17807 17806 17808 XOR
2 1 17806 17807 17809 AND
2 1 17619 63 17810 XOR
2 1 17810 17809 17811 XOR
2 1 17809 17810 17812 AND
2 1 17622 63 17813 XOR
2 1 17813 17812 17814 XOR
2 1 17812 17813 17815 AND
2 1 17625 63 17816 XOR
2 1 17816 17815 17817 XOR
2 1 17815 17816 17818 AND
2 1 17628 63 17819 XOR
2 1 17819 17818 17820 XOR
2 1 17818 17819 17821 AND
2 1 17631 63 17822 XOR
2 1 17822 17821 17823 XOR
2 1 17821 17822 17824 AND
2 1 17634 63 17825 XOR
2 1 17825 17824 17826 XOR
2 1 17824 17825 17827 AND
2 1 17637 63 17828 XOR
2 1 17828 17827 17829 XOR
2 1 17827 17828 17830 AND
2 1 17640 63 17831 XOR
2 1 17831 17830 17832 XOR
2 1 17830 17831 17833 AND
2 1 17643 63 17834 XOR
2 1 17834 17833 17835 XOR
2 1 17833 17834 17836 AND
2 1 17646 63 17837 XOR
2 1 17837 17836 17838 XOR
2 1 17836 17837 17839 AND
2 1 17649 63 17840 XOR
2 1 17840 17839 17841 XOR
2 1 17839 17840 17842 AND
2 1 17652 63 17843 XOR
2 1 17843 17842 17844 XOR
2 1 17842 17843 17845 AND
2 1 17655 63 17846 XOR
2 1 17846 17845 17847 XOR
2 1 17845 17846 17848 AND
2 1 17658 63 17849 XOR
2 1 17849 17848 17850 XOR
2 1 17848 17849 17851 AND
2 1 17661 63 17852 XOR
2 1 17852 17851 17853 XOR
2 1 17851 17852 17854 AND
2 1 17664 63 17855 XOR
2 1 17855 17854 17856 XOR
2 1 17854 17855 17857 AND
2 1 17667 63 17858 XOR
2 1 17858 17857 17859 XOR
2 1 17857 17858 17860 AND
2 1 17670 63 17861 XOR
2 1 17861 17860 17862 XOR
2 1 17860 17861 17863 AND
2 1 17673 63 17864 XOR
2 1 17864 17863 17865 XOR
2 1 17863 17864 17866 AND
2 1 17676 63 17867 XOR
2 1 17867 17866 17868 XOR
2 1 17866 17867 17869 AND
2 1 17679 63 17870 XOR
2 1 17870 17869 17871 XOR
2 1 17869 17870 17872 AND
2 1 17682 63 17873 XOR
2 1 17873 17872 17874 XOR
2 1 17872 17873 17875 AND
2 1 17685 63 17876 XOR
2 1 17876 17875 17877 XOR
2 1 17875 17876 17878 AND
2 1 17688 63 17879 XOR
2 1 17879 17878 17880 XOR
2 1 17878 17879 17881 AND
2 1 17691 63 17882 XOR
2 1 17882 17881 17883 XOR
2 1 17881 17882 17884 AND
2 1 17694 63 17885 XOR
2 1 17885 17884 17886 XOR
2 1 17884 17885 17887 AND
2 1 17697 63 17888 XOR
2 1 17888 17887 17889 XOR
2 1 17887 17888 17890 AND
2 1 17700 63 17891 XOR
2 1 17891 17890 17892 XOR
2 1 17890 17891 17893 AND
2 1 17703 63 17894 XOR
2 1 17894 17893 17895 XOR
2 1 17893 17894 17896 AND
2 1 17706 63 17897 XOR
2 1 17897 17896 17898 XOR
2 1 17896 17897 17899 AND
2 1 17709 63 17900 XOR
2 1 17900 17899 17901 XOR
2 1 17899 17900 17902 AND
2 1 17712 63 17903 XOR
2 1 17903 17902 17904 XOR
2 1 17902 17903 17905 AND
2 1 17715 63 17906 XOR
2 1 17906 17905 17907 XOR
2 1 17905 17906 17908 AND
2 1 17718 63 17909 XOR
2 1 17909 17908 17910 XOR
2 1 17908 17909 17911 AND
2 1 17721 63 17912 XOR
2 1 17912 17911 17913 XOR
2 1 17911 17912 17914 AND
2 1 17724 63 17915 XOR
2 1 17915 17914 17916 XOR
2 1 17914 17915 17917 AND
2 1 17727 63 17918 XOR
2 1 17918 17917 17919 XOR
2 1 17917 17918 17920 AND
2 1 17730 63 17921 XOR
2 1 17921 17920 17922 XOR
2 1 17920 17921 17923 AND
2 1 17733 63 17924 XOR
2 1 17924 17923 17925 XOR
2 1 17923 17924 17926 AND
2 1 17736 63 17927 XOR
2 1 17927 17926 17928 XOR
2 1 17926 17927 17929 AND
2 1 17739 63 17930 XOR
2 1 17930 17929 17931 XOR
2 1 17929 17930 17932 AND
2 1 17742 63 17933 XOR
2 1 17933 17932 17934 XOR
2 1 17932 17933 17935 AND
2 1 17745 63 17936 XOR
2 1 17936 17935 17937 XOR
2 1 17935 17936 17938 AND
2 1 17748 63 17939 XOR
2 1 17939 17938 17940 XOR
2 1 17938 17939 17941 AND
2 1 17751 63 17942 XOR
2 1 17942 17941 17943 XOR
2 1 17941 17942 17944 AND
2 1 17754 63 17945 XOR
2 1 17945 17944 17946 XOR
2 1 17944 17945 17947 AND
2 1 17757 63 17948 XOR
2 1 17948 17947 17949 XOR
2 1 17947 17948 17950 AND
2 1 17760 63 17951 XOR
2 1 17951 17950 17952 XOR
2 1 17950 17951 17953 AND
2 1 17763 63 17954 XOR
2 1 17954 17953 17955 XOR
2 1 17953 17954 17956 AND
2 1 17766 63 17957 XOR
2 1 17957 17956 17958 XOR
2 1 17956 17957 17959 AND
2 1 63 17959 17960 XOR
2 1 17960 17769 17961 XOR
2 1 0 0 17962 XOR
2 1 17962 17772 17963 XOR
2 1 17962 17775 17964 XOR
2 1 17962 17778 17965 XOR
2 1 17962 17781 17966 XOR
2 1 17962 17784 17967 XOR
2 1 17962 17787 17968 XOR
2 1 17962 17790 17969 XOR
2 1 17962 17793 17970 XOR
2 1 17962 17796 17971 XOR
2 1 17962 17799 17972 XOR
2 1 17962 17802 17973 XOR
2 1 17962 17805 17974 XOR
2 1 17962 17808 17975 XOR
2 1 17962 17811 17976 XOR
2 1 17962 17814 17977 XOR
2 1 17962 17817 17978 XOR
2 1 17962 17820 17979 XOR
2 1 17962 17823 17980 XOR
2 1 17962 17826 17981 XOR
2 1 17962 17829 17982 XOR
2 1 17962 17832 17983 XOR
2 1 17962 17835 17984 XOR
2 1 17962 17838 17985 XOR
2 1 17962 17841 17986 XOR
2 1 17962 17844 17987 XOR
2 1 17962 17847 17988 XOR
2 1 17962 17850 17989 XOR
2 1 17962 17853 17990 XOR
2 1 17962 17856 17991 XOR
2 1 17962 17859 17992 XOR
2 1 17962 17862 17993 XOR
2 1 17962 17865 17994 XOR
2 1 17962 17868 17995 XOR
2 1 17962 17871 17996 XOR
2 1 17962 17874 17997 XOR
2 1 17962 17877 17998 XOR
2 1 17962 17880 17999 XOR
2 1 17962 17883 18000 XOR
2 1 17962 17886 18001 XOR
2 1 17962 17889 18002 XOR
2 1 17962 17892 18003 XOR
2 1 17962 17895 18004 XOR
2 1 17962 17898 18005 XOR
2 1 17962 17901 18006 XOR
2 1 17962 17904 18007 XOR
2 1 17962 17907 18008 XOR
2 1 17962 17910 18009 XOR
2 1 17962 17913 18010 XOR
2 1 17962 17916 18011 XOR
2 1 17962 17919 18012 XOR
2 1 17962 17922 18013 XOR
2 1 17962 17925 18014 XOR
2 1 17962 17928 18015 XOR
2 1 17962 17931 18016 XOR
2 1 17962 17934 18017 XOR
2 1 17962 17937 18018 XOR
2 1 17962 17940 18019 XOR
2 1 17962 17943 18020 XOR
2 1 17962 17946 18021 XOR
2 1 17962 17949 18022 XOR
2 1 17962 17952 18023 XOR
2 1 17962 17955 18024 XOR
2 1 17962 17958 18025 XOR
2 1 17962 17961 18026 XOR
