4843 4907
32 32 32
                                                                                                                                                                                     
2 1 0 31 64 XOR
2 1 0 31 65 AND
2 1 1 65 66 XOR
2 1 31 65 67 XOR
2 1 1 67 68 XOR
2 1 66 67 69 AND
2 1 65 69 70 XOR
2 1 2 70 71 XOR
2 1 31 70 72 XOR
2 1 2 72 73 XOR
2 1 71 72 74 AND
2 1 70 74 75 XOR
2 1 3 75 76 XOR
2 1 31 75 77 XOR
2 1 3 77 78 XOR
2 1 76 77 79 AND
2 1 75 79 80 XOR
2 1 4 80 81 XOR
2 1 31 80 82 XOR
2 1 4 82 83 XOR
2 1 81 82 84 AND
2 1 80 84 85 XOR
2 1 5 85 86 XOR
2 1 31 85 87 XOR
2 1 5 87 88 XOR
2 1 86 87 89 AND
2 1 85 89 90 XOR
2 1 6 90 91 XOR
2 1 31 90 92 XOR
2 1 6 92 93 XOR
2 1 91 92 94 AND
2 1 90 94 95 XOR
2 1 7 95 96 XOR
2 1 31 95 97 XOR
2 1 7 97 98 XOR
2 1 96 97 99 AND
2 1 95 99 100 XOR
2 1 8 100 101 XOR
2 1 31 100 102 XOR
2 1 8 102 103 XOR
2 1 101 102 104 AND
2 1 100 104 105 XOR
2 1 9 105 106 XOR
2 1 31 105 107 XOR
2 1 9 107 108 XOR
2 1 106 107 109 AND
2 1 105 109 110 XOR
2 1 10 110 111 XOR
2 1 31 110 112 XOR
2 1 10 112 113 XOR
2 1 111 112 114 AND
2 1 110 114 115 XOR
2 1 11 115 116 XOR
2 1 31 115 117 XOR
2 1 11 117 118 XOR
2 1 116 117 119 AND
2 1 115 119 120 XOR
2 1 12 120 121 XOR
2 1 31 120 122 XOR
2 1 12 122 123 XOR
2 1 121 122 124 AND
2 1 120 124 125 XOR
2 1 13 125 126 XOR
2 1 31 125 127 XOR
2 1 13 127 128 XOR
2 1 126 127 129 AND
2 1 125 129 130 XOR
2 1 14 130 131 XOR
2 1 31 130 132 XOR
2 1 14 132 133 XOR
2 1 131 132 134 AND
2 1 130 134 135 XOR
2 1 15 135 136 XOR
2 1 31 135 137 XOR
2 1 15 137 138 XOR
2 1 136 137 139 AND
2 1 135 139 140 XOR
2 1 16 140 141 XOR
2 1 31 140 142 XOR
2 1 16 142 143 XOR
2 1 141 142 144 AND
2 1 140 144 145 XOR
2 1 17 145 146 XOR
2 1 31 145 147 XOR
2 1 17 147 148 XOR
2 1 146 147 149 AND
2 1 145 149 150 XOR
2 1 18 150 151 XOR
2 1 31 150 152 XOR
2 1 18 152 153 XOR
2 1 151 152 154 AND
2 1 150 154 155 XOR
2 1 19 155 156 XOR
2 1 31 155 157 XOR
2 1 19 157 158 XOR
2 1 156 157 159 AND
2 1 155 159 160 XOR
2 1 20 160 161 XOR
2 1 31 160 162 XOR
2 1 20 162 163 XOR
2 1 161 162 164 AND
2 1 160 164 165 XOR
2 1 21 165 166 XOR
2 1 31 165 167 XOR
2 1 21 167 168 XOR
2 1 166 167 169 AND
2 1 165 169 170 XOR
2 1 22 170 171 XOR
2 1 31 170 172 XOR
2 1 22 172 173 XOR
2 1 171 172 174 AND
2 1 170 174 175 XOR
2 1 23 175 176 XOR
2 1 31 175 177 XOR
2 1 23 177 178 XOR
2 1 176 177 179 AND
2 1 175 179 180 XOR
2 1 24 180 181 XOR
2 1 31 180 182 XOR
2 1 24 182 183 XOR
2 1 181 182 184 AND
2 1 180 184 185 XOR
2 1 25 185 186 XOR
2 1 31 185 187 XOR
2 1 25 187 188 XOR
2 1 186 187 189 AND
2 1 185 189 190 XOR
2 1 26 190 191 XOR
2 1 31 190 192 XOR
2 1 26 192 193 XOR
2 1 191 192 194 AND
2 1 190 194 195 XOR
2 1 27 195 196 XOR
2 1 31 195 197 XOR
2 1 27 197 198 XOR
2 1 196 197 199 AND
2 1 195 199 200 XOR
2 1 28 200 201 XOR
2 1 31 200 202 XOR
2 1 28 202 203 XOR
2 1 201 202 204 AND
2 1 200 204 205 XOR
2 1 29 205 206 XOR
2 1 31 205 207 XOR
2 1 29 207 208 XOR
2 1 206 207 209 AND
2 1 205 209 210 XOR
2 1 30 210 211 XOR
2 1 31 210 212 XOR
2 1 30 212 213 XOR
2 1 211 212 214 AND
2 1 210 214 215 XOR
2 1 215 31 216 XOR
2 1 216 31 217 XOR
2 1 64 31 218 XOR
2 1 68 31 219 XOR
2 1 73 31 220 XOR
2 1 78 31 221 XOR
2 1 83 31 222 XOR
2 1 88 31 223 XOR
2 1 93 31 224 XOR
2 1 98 31 225 XOR
2 1 103 31 226 XOR
2 1 108 31 227 XOR
2 1 113 31 228 XOR
2 1 118 31 229 XOR
2 1 123 31 230 XOR
2 1 128 31 231 XOR
2 1 133 31 232 XOR
2 1 138 31 233 XOR
2 1 143 31 234 XOR
2 1 148 31 235 XOR
2 1 153 31 236 XOR
2 1 158 31 237 XOR
2 1 163 31 238 XOR
2 1 168 31 239 XOR
2 1 173 31 240 XOR
2 1 178 31 241 XOR
2 1 183 31 242 XOR
2 1 188 31 243 XOR
2 1 193 31 244 XOR
2 1 198 31 245 XOR
2 1 203 31 246 XOR
2 1 208 31 247 XOR
2 1 213 31 248 XOR
2 1 217 31 249 XOR
2 1 32 63 250 XOR
2 1 32 63 251 AND
2 1 33 251 252 XOR
2 1 63 251 253 XOR
2 1 33 253 254 XOR
2 1 252 253 255 AND
2 1 251 255 256 XOR
2 1 34 256 257 XOR
2 1 63 256 258 XOR
2 1 34 258 259 XOR
2 1 257 258 260 AND
2 1 256 260 261 XOR
2 1 35 261 262 XOR
2 1 63 261 263 XOR
2 1 35 263 264 XOR
2 1 262 263 265 AND
2 1 261 265 266 XOR
2 1 36 266 267 XOR
2 1 63 266 268 XOR
2 1 36 268 269 XOR
2 1 267 268 270 AND
2 1 266 270 271 XOR
2 1 37 271 272 XOR
2 1 63 271 273 XOR
2 1 37 273 274 XOR
2 1 272 273 275 AND
2 1 271 275 276 XOR
2 1 38 276 277 XOR
2 1 63 276 278 XOR
2 1 38 278 279 XOR
2 1 277 278 280 AND
2 1 276 280 281 XOR
2 1 39 281 282 XOR
2 1 63 281 283 XOR
2 1 39 283 284 XOR
2 1 282 283 285 AND
2 1 281 285 286 XOR
2 1 40 286 287 XOR
2 1 63 286 288 XOR
2 1 40 288 289 XOR
2 1 287 288 290 AND
2 1 286 290 291 XOR
2 1 41 291 292 XOR
2 1 63 291 293 XOR
2 1 41 293 294 XOR
2 1 292 293 295 AND
2 1 291 295 296 XOR
2 1 42 296 297 XOR
2 1 63 296 298 XOR
2 1 42 298 299 XOR
2 1 297 298 300 AND
2 1 296 300 301 XOR
2 1 43 301 302 XOR
2 1 63 301 303 XOR
2 1 43 303 304 XOR
2 1 302 303 305 AND
2 1 301 305 306 XOR
2 1 44 306 307 XOR
2 1 63 306 308 XOR
2 1 44 308 309 XOR
2 1 307 308 310 AND
2 1 306 310 311 XOR
2 1 45 311 312 XOR
2 1 63 311 313 XOR
2 1 45 313 314 XOR
2 1 312 313 315 AND
2 1 311 315 316 XOR
2 1 46 316 317 XOR
2 1 63 316 318 XOR
2 1 46 318 319 XOR
2 1 317 318 320 AND
2 1 316 320 321 XOR
2 1 47 321 322 XOR
2 1 63 321 323 XOR
2 1 47 323 324 XOR
2 1 322 323 325 AND
2 1 321 325 326 XOR
2 1 48 326 327 XOR
2 1 63 326 328 XOR
2 1 48 328 329 XOR
2 1 327 328 330 AND
2 1 326 330 331 XOR
2 1 49 331 332 XOR
2 1 63 331 333 XOR
2 1 49 333 334 XOR
2 1 332 333 335 AND
2 1 331 335 336 XOR
2 1 50 336 337 XOR
2 1 63 336 338 XOR
2 1 50 338 339 XOR
2 1 337 338 340 AND
2 1 336 340 341 XOR
2 1 51 341 342 XOR
2 1 63 341 343 XOR
2 1 51 343 344 XOR
2 1 342 343 345 AND
2 1 341 345 346 XOR
2 1 52 346 347 XOR
2 1 63 346 348 XOR
2 1 52 348 349 XOR
2 1 347 348 350 AND
2 1 346 350 351 XOR
2 1 53 351 352 XOR
2 1 63 351 353 XOR
2 1 53 353 354 XOR
2 1 352 353 355 AND
2 1 351 355 356 XOR
2 1 54 356 357 XOR
2 1 63 356 358 XOR
2 1 54 358 359 XOR
2 1 357 358 360 AND
2 1 356 360 361 XOR
2 1 55 361 362 XOR
2 1 63 361 363 XOR
2 1 55 363 364 XOR
2 1 362 363 365 AND
2 1 361 365 366 XOR
2 1 56 366 367 XOR
2 1 63 366 368 XOR
2 1 56 368 369 XOR
2 1 367 368 370 AND
2 1 366 370 371 XOR
2 1 57 371 372 XOR
2 1 63 371 373 XOR
2 1 57 373 374 XOR
2 1 372 373 375 AND
2 1 371 375 376 XOR
2 1 58 376 377 XOR
2 1 63 376 378 XOR
2 1 58 378 379 XOR
2 1 377 378 380 AND
2 1 376 380 381 XOR
2 1 59 381 382 XOR
2 1 63 381 383 XOR
2 1 59 383 384 XOR
2 1 382 383 385 AND
2 1 381 385 386 XOR
2 1 60 386 387 XOR
2 1 63 386 388 XOR
2 1 60 388 389 XOR
2 1 387 388 390 AND
2 1 386 390 391 XOR
2 1 61 391 392 XOR
2 1 63 391 393 XOR
2 1 61 393 394 XOR
2 1 392 393 395 AND
2 1 391 395 396 XOR
2 1 62 396 397 XOR
2 1 63 396 398 XOR
2 1 62 398 399 XOR
2 1 397 398 400 AND
2 1 396 400 401 XOR
2 1 401 63 402 XOR
2 1 402 63 403 XOR
2 1 250 63 404 XOR
2 1 254 63 405 XOR
2 1 259 63 406 XOR
2 1 264 63 407 XOR
2 1 269 63 408 XOR
2 1 274 63 409 XOR
2 1 279 63 410 XOR
2 1 284 63 411 XOR
2 1 289 63 412 XOR
2 1 294 63 413 XOR
2 1 299 63 414 XOR
2 1 304 63 415 XOR
2 1 309 63 416 XOR
2 1 314 63 417 XOR
2 1 319 63 418 XOR
2 1 324 63 419 XOR
2 1 329 63 420 XOR
2 1 334 63 421 XOR
2 1 339 63 422 XOR
2 1 344 63 423 XOR
2 1 349 63 424 XOR
2 1 354 63 425 XOR
2 1 359 63 426 XOR
2 1 364 63 427 XOR
2 1 369 63 428 XOR
2 1 374 63 429 XOR
2 1 379 63 430 XOR
2 1 384 63 431 XOR
2 1 389 63 432 XOR
2 1 394 63 433 XOR
2 1 399 63 434 XOR
2 1 403 63 435 XOR
2 1 435 434 436 XOR
2 1 435 434 437 AND
2 1 436 437 438 XOR
2 1 438 433 439 XOR
2 1 438 433 440 AND
2 1 439 440 441 XOR
2 1 441 432 442 XOR
2 1 441 432 443 AND
2 1 442 443 444 XOR
2 1 444 431 445 XOR
2 1 444 431 446 AND
2 1 445 446 447 XOR
2 1 447 430 448 XOR
2 1 447 430 449 AND
2 1 448 449 450 XOR
2 1 450 429 451 XOR
2 1 450 429 452 AND
2 1 451 452 453 XOR
2 1 453 428 454 XOR
2 1 453 428 455 AND
2 1 454 455 456 XOR
2 1 456 427 457 XOR
2 1 456 427 458 AND
2 1 457 458 459 XOR
2 1 459 426 460 XOR
2 1 459 426 461 AND
2 1 460 461 462 XOR
2 1 462 425 463 XOR
2 1 462 425 464 AND
2 1 463 464 465 XOR
2 1 465 424 466 XOR
2 1 465 424 467 AND
2 1 466 467 468 XOR
2 1 468 423 469 XOR
2 1 468 423 470 AND
2 1 469 470 471 XOR
2 1 471 422 472 XOR
2 1 471 422 473 AND
2 1 472 473 474 XOR
2 1 474 421 475 XOR
2 1 474 421 476 AND
2 1 475 476 477 XOR
2 1 477 420 478 XOR
2 1 477 420 479 AND
2 1 478 479 480 XOR
2 1 480 419 481 XOR
2 1 480 419 482 AND
2 1 481 482 483 XOR
2 1 483 418 484 XOR
2 1 483 418 485 AND
2 1 484 485 486 XOR
2 1 486 417 487 XOR
2 1 486 417 488 AND
2 1 487 488 489 XOR
2 1 489 416 490 XOR
2 1 489 416 491 AND
2 1 490 491 492 XOR
2 1 492 415 493 XOR
2 1 492 415 494 AND
2 1 493 494 495 XOR
2 1 495 414 496 XOR
2 1 495 414 497 AND
2 1 496 497 498 XOR
2 1 498 413 499 XOR
2 1 498 413 500 AND
2 1 499 500 501 XOR
2 1 501 412 502 XOR
2 1 501 412 503 AND
2 1 502 503 504 XOR
2 1 504 411 505 XOR
2 1 504 411 506 AND
2 1 505 506 507 XOR
2 1 507 410 508 XOR
2 1 507 410 509 AND
2 1 508 509 510 XOR
2 1 510 409 511 XOR
2 1 510 409 512 AND
2 1 511 512 513 XOR
2 1 513 408 514 XOR
2 1 513 408 515 AND
2 1 514 515 516 XOR
2 1 516 407 517 XOR
2 1 516 407 518 AND
2 1 517 518 519 XOR
2 1 519 406 520 XOR
2 1 519 406 521 AND
2 1 520 521 522 XOR
2 1 522 405 523 XOR
2 1 522 405 524 AND
2 1 523 524 525 XOR
2 1 249 404 526 XOR
2 1 526 404 527 AND
2 1 527 525 528 XOR
2 1 527 525 529 AND
2 1 528 529 530 XOR
2 1 249 526 531 XOR
2 1 530 531 532 AND
2 1 532 526 533 XOR
1 1 530 534 INV
2 1 248 404 535 XOR
2 1 535 404 536 AND
2 1 533 405 537 XOR
2 1 536 405 538 XOR
2 1 537 536 539 XOR
2 1 537 538 540 AND
2 1 536 540 541 XOR
2 1 541 522 542 XOR
2 1 541 522 543 AND
2 1 542 543 544 XOR
2 1 248 535 545 XOR
2 1 544 545 546 AND
2 1 546 535 547 XOR
2 1 533 539 548 XOR
2 1 544 548 549 AND
2 1 549 539 550 XOR
1 1 544 551 INV
2 1 247 404 552 XOR
2 1 552 404 553 AND
2 1 547 405 554 XOR
2 1 553 405 555 XOR
2 1 554 553 556 XOR
2 1 554 555 557 AND
2 1 553 557 558 XOR
2 1 550 406 559 XOR
2 1 558 406 560 XOR
2 1 559 558 561 XOR
2 1 559 560 562 AND
2 1 558 562 563 XOR
2 1 563 519 564 XOR
2 1 563 519 565 AND
2 1 564 565 566 XOR
2 1 247 552 567 XOR
2 1 566 567 568 AND
2 1 568 552 569 XOR
2 1 547 556 570 XOR
2 1 566 570 571 AND
2 1 571 556 572 XOR
2 1 550 561 573 XOR
2 1 566 573 574 AND
2 1 574 561 575 XOR
1 1 566 576 INV
2 1 246 404 577 XOR
2 1 577 404 578 AND
2 1 569 405 579 XOR
2 1 578 405 580 XOR
2 1 579 578 581 XOR
2 1 579 580 582 AND
2 1 578 582 583 XOR
2 1 572 406 584 XOR
2 1 583 406 585 XOR
2 1 584 583 586 XOR
2 1 584 585 587 AND
2 1 583 587 588 XOR
2 1 575 407 589 XOR
2 1 588 407 590 XOR
2 1 589 588 591 XOR
2 1 589 590 592 AND
2 1 588 592 593 XOR
2 1 593 516 594 XOR
2 1 593 516 595 AND
2 1 594 595 596 XOR
2 1 246 577 597 XOR
2 1 596 597 598 AND
2 1 598 577 599 XOR
2 1 569 581 600 XOR
2 1 596 600 601 AND
2 1 601 581 602 XOR
2 1 572 586 603 XOR
2 1 596 603 604 AND
2 1 604 586 605 XOR
2 1 575 591 606 XOR
2 1 596 606 607 AND
2 1 607 591 608 XOR
1 1 596 609 INV
2 1 245 404 610 XOR
2 1 610 404 611 AND
2 1 599 405 612 XOR
2 1 611 405 613 XOR
2 1 612 611 614 XOR
2 1 612 613 615 AND
2 1 611 615 616 XOR
2 1 602 406 617 XOR
2 1 616 406 618 XOR
2 1 617 616 619 XOR
2 1 617 618 620 AND
2 1 616 620 621 XOR
2 1 605 407 622 XOR
2 1 621 407 623 XOR
2 1 622 621 624 XOR
2 1 622 623 625 AND
2 1 621 625 626 XOR
2 1 608 408 627 XOR
2 1 626 408 628 XOR
2 1 627 626 629 XOR
2 1 627 628 630 AND
2 1 626 630 631 XOR
2 1 631 513 632 XOR
2 1 631 513 633 AND
2 1 632 633 634 XOR
2 1 245 610 635 XOR
2 1 634 635 636 AND
2 1 636 610 637 XOR
2 1 599 614 638 XOR
2 1 634 638 639 AND
2 1 639 614 640 XOR
2 1 602 619 641 XOR
2 1 634 641 642 AND
2 1 642 619 643 XOR
2 1 605 624 644 XOR
2 1 634 644 645 AND
2 1 645 624 646 XOR
2 1 608 629 647 XOR
2 1 634 647 648 AND
2 1 648 629 649 XOR
1 1 634 650 INV
2 1 244 404 651 XOR
2 1 651 404 652 AND
2 1 637 405 653 XOR
2 1 652 405 654 XOR
2 1 653 652 655 XOR
2 1 653 654 656 AND
2 1 652 656 657 XOR
2 1 640 406 658 XOR
2 1 657 406 659 XOR
2 1 658 657 660 XOR
2 1 658 659 661 AND
2 1 657 661 662 XOR
2 1 643 407 663 XOR
2 1 662 407 664 XOR
2 1 663 662 665 XOR
2 1 663 664 666 AND
2 1 662 666 667 XOR
2 1 646 408 668 XOR
2 1 667 408 669 XOR
2 1 668 667 670 XOR
2 1 668 669 671 AND
2 1 667 671 672 XOR
2 1 649 409 673 XOR
2 1 672 409 674 XOR
2 1 673 672 675 XOR
2 1 673 674 676 AND
2 1 672 676 677 XOR
2 1 677 510 678 XOR
2 1 677 510 679 AND
2 1 678 679 680 XOR
2 1 244 651 681 XOR
2 1 680 681 682 AND
2 1 682 651 683 XOR
2 1 637 655 684 XOR
2 1 680 684 685 AND
2 1 685 655 686 XOR
2 1 640 660 687 XOR
2 1 680 687 688 AND
2 1 688 660 689 XOR
2 1 643 665 690 XOR
2 1 680 690 691 AND
2 1 691 665 692 XOR
2 1 646 670 693 XOR
2 1 680 693 694 AND
2 1 694 670 695 XOR
2 1 649 675 696 XOR
2 1 680 696 697 AND
2 1 697 675 698 XOR
1 1 680 699 INV
2 1 243 404 700 XOR
2 1 700 404 701 AND
2 1 683 405 702 XOR
2 1 701 405 703 XOR
2 1 702 701 704 XOR
2 1 702 703 705 AND
2 1 701 705 706 XOR
2 1 686 406 707 XOR
2 1 706 406 708 XOR
2 1 707 706 709 XOR
2 1 707 708 710 AND
2 1 706 710 711 XOR
2 1 689 407 712 XOR
2 1 711 407 713 XOR
2 1 712 711 714 XOR
2 1 712 713 715 AND
2 1 711 715 716 XOR
2 1 692 408 717 XOR
2 1 716 408 718 XOR
2 1 717 716 719 XOR
2 1 717 718 720 AND
2 1 716 720 721 XOR
2 1 695 409 722 XOR
2 1 721 409 723 XOR
2 1 722 721 724 XOR
2 1 722 723 725 AND
2 1 721 725 726 XOR
2 1 698 410 727 XOR
2 1 726 410 728 XOR
2 1 727 726 729 XOR
2 1 727 728 730 AND
2 1 726 730 731 XOR
2 1 731 507 732 XOR
2 1 731 507 733 AND
2 1 732 733 734 XOR
2 1 243 700 735 XOR
2 1 734 735 736 AND
2 1 736 700 737 XOR
2 1 683 704 738 XOR
2 1 734 738 739 AND
2 1 739 704 740 XOR
2 1 686 709 741 XOR
2 1 734 741 742 AND
2 1 742 709 743 XOR
2 1 689 714 744 XOR
2 1 734 744 745 AND
2 1 745 714 746 XOR
2 1 692 719 747 XOR
2 1 734 747 748 AND
2 1 748 719 749 XOR
2 1 695 724 750 XOR
2 1 734 750 751 AND
2 1 751 724 752 XOR
2 1 698 729 753 XOR
2 1 734 753 754 AND
2 1 754 729 755 XOR
1 1 734 756 INV
2 1 242 404 757 XOR
2 1 757 404 758 AND
2 1 737 405 759 XOR
2 1 758 405 760 XOR
2 1 759 758 761 XOR
2 1 759 760 762 AND
2 1 758 762 763 XOR
2 1 740 406 764 XOR
2 1 763 406 765 XOR
2 1 764 763 766 XOR
2 1 764 765 767 AND
2 1 763 767 768 XOR
2 1 743 407 769 XOR
2 1 768 407 770 XOR
2 1 769 768 771 XOR
2 1 769 770 772 AND
2 1 768 772 773 XOR
2 1 746 408 774 XOR
2 1 773 408 775 XOR
2 1 774 773 776 XOR
2 1 774 775 777 AND
2 1 773 777 778 XOR
2 1 749 409 779 XOR
2 1 778 409 780 XOR
2 1 779 778 781 XOR
2 1 779 780 782 AND
2 1 778 782 783 XOR
2 1 752 410 784 XOR
2 1 783 410 785 XOR
2 1 784 783 786 XOR
2 1 784 785 787 AND
2 1 783 787 788 XOR
2 1 755 411 789 XOR
2 1 788 411 790 XOR
2 1 789 788 791 XOR
2 1 789 790 792 AND
2 1 788 792 793 XOR
2 1 793 504 794 XOR
2 1 793 504 795 AND
2 1 794 795 796 XOR
2 1 242 757 797 XOR
2 1 796 797 798 AND
2 1 798 757 799 XOR
2 1 737 761 800 XOR
2 1 796 800 801 AND
2 1 801 761 802 XOR
2 1 740 766 803 XOR
2 1 796 803 804 AND
2 1 804 766 805 XOR
2 1 743 771 806 XOR
2 1 796 806 807 AND
2 1 807 771 808 XOR
2 1 746 776 809 XOR
2 1 796 809 810 AND
2 1 810 776 811 XOR
2 1 749 781 812 XOR
2 1 796 812 813 AND
2 1 813 781 814 XOR
2 1 752 786 815 XOR
2 1 796 815 816 AND
2 1 816 786 817 XOR
2 1 755 791 818 XOR
2 1 796 818 819 AND
2 1 819 791 820 XOR
1 1 796 821 INV
2 1 241 404 822 XOR
2 1 822 404 823 AND
2 1 799 405 824 XOR
2 1 823 405 825 XOR
2 1 824 823 826 XOR
2 1 824 825 827 AND
2 1 823 827 828 XOR
2 1 802 406 829 XOR
2 1 828 406 830 XOR
2 1 829 828 831 XOR
2 1 829 830 832 AND
2 1 828 832 833 XOR
2 1 805 407 834 XOR
2 1 833 407 835 XOR
2 1 834 833 836 XOR
2 1 834 835 837 AND
2 1 833 837 838 XOR
2 1 808 408 839 XOR
2 1 838 408 840 XOR
2 1 839 838 841 XOR
2 1 839 840 842 AND
2 1 838 842 843 XOR
2 1 811 409 844 XOR
2 1 843 409 845 XOR
2 1 844 843 846 XOR
2 1 844 845 847 AND
2 1 843 847 848 XOR
2 1 814 410 849 XOR
2 1 848 410 850 XOR
2 1 849 848 851 XOR
2 1 849 850 852 AND
2 1 848 852 853 XOR
2 1 817 411 854 XOR
2 1 853 411 855 XOR
2 1 854 853 856 XOR
2 1 854 855 857 AND
2 1 853 857 858 XOR
2 1 820 412 859 XOR
2 1 858 412 860 XOR
2 1 859 858 861 XOR
2 1 859 860 862 AND
2 1 858 862 863 XOR
2 1 863 501 864 XOR
2 1 863 501 865 AND
2 1 864 865 866 XOR
2 1 241 822 867 XOR
2 1 866 867 868 AND
2 1 868 822 869 XOR
2 1 799 826 870 XOR
2 1 866 870 871 AND
2 1 871 826 872 XOR
2 1 802 831 873 XOR
2 1 866 873 874 AND
2 1 874 831 875 XOR
2 1 805 836 876 XOR
2 1 866 876 877 AND
2 1 877 836 878 XOR
2 1 808 841 879 XOR
2 1 866 879 880 AND
2 1 880 841 881 XOR
2 1 811 846 882 XOR
2 1 866 882 883 AND
2 1 883 846 884 XOR
2 1 814 851 885 XOR
2 1 866 885 886 AND
2 1 886 851 887 XOR
2 1 817 856 888 XOR
2 1 866 888 889 AND
2 1 889 856 890 XOR
2 1 820 861 891 XOR
2 1 866 891 892 AND
2 1 892 861 893 XOR
1 1 866 894 INV
2 1 240 404 895 XOR
2 1 895 404 896 AND
2 1 869 405 897 XOR
2 1 896 405 898 XOR
2 1 897 896 899 XOR
2 1 897 898 900 AND
2 1 896 900 901 XOR
2 1 872 406 902 XOR
2 1 901 406 903 XOR
2 1 902 901 904 XOR
2 1 902 903 905 AND
2 1 901 905 906 XOR
2 1 875 407 907 XOR
2 1 906 407 908 XOR
2 1 907 906 909 XOR
2 1 907 908 910 AND
2 1 906 910 911 XOR
2 1 878 408 912 XOR
2 1 911 408 913 XOR
2 1 912 911 914 XOR
2 1 912 913 915 AND
2 1 911 915 916 XOR
2 1 881 409 917 XOR
2 1 916 409 918 XOR
2 1 917 916 919 XOR
2 1 917 918 920 AND
2 1 916 920 921 XOR
2 1 884 410 922 XOR
2 1 921 410 923 XOR
2 1 922 921 924 XOR
2 1 922 923 925 AND
2 1 921 925 926 XOR
2 1 887 411 927 XOR
2 1 926 411 928 XOR
2 1 927 926 929 XOR
2 1 927 928 930 AND
2 1 926 930 931 XOR
2 1 890 412 932 XOR
2 1 931 412 933 XOR
2 1 932 931 934 XOR
2 1 932 933 935 AND
2 1 931 935 936 XOR
2 1 893 413 937 XOR
2 1 936 413 938 XOR
2 1 937 936 939 XOR
2 1 937 938 940 AND
2 1 936 940 941 XOR
2 1 941 498 942 XOR
2 1 941 498 943 AND
2 1 942 943 944 XOR
2 1 240 895 945 XOR
2 1 944 945 946 AND
2 1 946 895 947 XOR
2 1 869 899 948 XOR
2 1 944 948 949 AND
2 1 949 899 950 XOR
2 1 872 904 951 XOR
2 1 944 951 952 AND
2 1 952 904 953 XOR
2 1 875 909 954 XOR
2 1 944 954 955 AND
2 1 955 909 956 XOR
2 1 878 914 957 XOR
2 1 944 957 958 AND
2 1 958 914 959 XOR
2 1 881 919 960 XOR
2 1 944 960 961 AND
2 1 961 919 962 XOR
2 1 884 924 963 XOR
2 1 944 963 964 AND
2 1 964 924 965 XOR
2 1 887 929 966 XOR
2 1 944 966 967 AND
2 1 967 929 968 XOR
2 1 890 934 969 XOR
2 1 944 969 970 AND
2 1 970 934 971 XOR
2 1 893 939 972 XOR
2 1 944 972 973 AND
2 1 973 939 974 XOR
1 1 944 975 INV
2 1 239 404 976 XOR
2 1 976 404 977 AND
2 1 947 405 978 XOR
2 1 977 405 979 XOR
2 1 978 977 980 XOR
2 1 978 979 981 AND
2 1 977 981 982 XOR
2 1 950 406 983 XOR
2 1 982 406 984 XOR
2 1 983 982 985 XOR
2 1 983 984 986 AND
2 1 982 986 987 XOR
2 1 953 407 988 XOR
2 1 987 407 989 XOR
2 1 988 987 990 XOR
2 1 988 989 991 AND
2 1 987 991 992 XOR
2 1 956 408 993 XOR
2 1 992 408 994 XOR
2 1 993 992 995 XOR
2 1 993 994 996 AND
2 1 992 996 997 XOR
2 1 959 409 998 XOR
2 1 997 409 999 XOR
2 1 998 997 1000 XOR
2 1 998 999 1001 AND
2 1 997 1001 1002 XOR
2 1 962 410 1003 XOR
2 1 1002 410 1004 XOR
2 1 1003 1002 1005 XOR
2 1 1003 1004 1006 AND
2 1 1002 1006 1007 XOR
2 1 965 411 1008 XOR
2 1 1007 411 1009 XOR
2 1 1008 1007 1010 XOR
2 1 1008 1009 1011 AND
2 1 1007 1011 1012 XOR
2 1 968 412 1013 XOR
2 1 1012 412 1014 XOR
2 1 1013 1012 1015 XOR
2 1 1013 1014 1016 AND
2 1 1012 1016 1017 XOR
2 1 971 413 1018 XOR
2 1 1017 413 1019 XOR
2 1 1018 1017 1020 XOR
2 1 1018 1019 1021 AND
2 1 1017 1021 1022 XOR
2 1 974 414 1023 XOR
2 1 1022 414 1024 XOR
2 1 1023 1022 1025 XOR
2 1 1023 1024 1026 AND
2 1 1022 1026 1027 XOR
2 1 1027 495 1028 XOR
2 1 1027 495 1029 AND
2 1 1028 1029 1030 XOR
2 1 239 976 1031 XOR
2 1 1030 1031 1032 AND
2 1 1032 976 1033 XOR
2 1 947 980 1034 XOR
2 1 1030 1034 1035 AND
2 1 1035 980 1036 XOR
2 1 950 985 1037 XOR
2 1 1030 1037 1038 AND
2 1 1038 985 1039 XOR
2 1 953 990 1040 XOR
2 1 1030 1040 1041 AND
2 1 1041 990 1042 XOR
2 1 956 995 1043 XOR
2 1 1030 1043 1044 AND
2 1 1044 995 1045 XOR
2 1 959 1000 1046 XOR
2 1 1030 1046 1047 AND
2 1 1047 1000 1048 XOR
2 1 962 1005 1049 XOR
2 1 1030 1049 1050 AND
2 1 1050 1005 1051 XOR
2 1 965 1010 1052 XOR
2 1 1030 1052 1053 AND
2 1 1053 1010 1054 XOR
2 1 968 1015 1055 XOR
2 1 1030 1055 1056 AND
2 1 1056 1015 1057 XOR
2 1 971 1020 1058 XOR
2 1 1030 1058 1059 AND
2 1 1059 1020 1060 XOR
2 1 974 1025 1061 XOR
2 1 1030 1061 1062 AND
2 1 1062 1025 1063 XOR
1 1 1030 1064 INV
2 1 238 404 1065 XOR
2 1 1065 404 1066 AND
2 1 1033 405 1067 XOR
2 1 1066 405 1068 XOR
2 1 1067 1066 1069 XOR
2 1 1067 1068 1070 AND
2 1 1066 1070 1071 XOR
2 1 1036 406 1072 XOR
2 1 1071 406 1073 XOR
2 1 1072 1071 1074 XOR
2 1 1072 1073 1075 AND
2 1 1071 1075 1076 XOR
2 1 1039 407 1077 XOR
2 1 1076 407 1078 XOR
2 1 1077 1076 1079 XOR
2 1 1077 1078 1080 AND
2 1 1076 1080 1081 XOR
2 1 1042 408 1082 XOR
2 1 1081 408 1083 XOR
2 1 1082 1081 1084 XOR
2 1 1082 1083 1085 AND
2 1 1081 1085 1086 XOR
2 1 1045 409 1087 XOR
2 1 1086 409 1088 XOR
2 1 1087 1086 1089 XOR
2 1 1087 1088 1090 AND
2 1 1086 1090 1091 XOR
2 1 1048 410 1092 XOR
2 1 1091 410 1093 XOR
2 1 1092 1091 1094 XOR
2 1 1092 1093 1095 AND
2 1 1091 1095 1096 XOR
2 1 1051 411 1097 XOR
2 1 1096 411 1098 XOR
2 1 1097 1096 1099 XOR
2 1 1097 1098 1100 AND
2 1 1096 1100 1101 XOR
2 1 1054 412 1102 XOR
2 1 1101 412 1103 XOR
2 1 1102 1101 1104 XOR
2 1 1102 1103 1105 AND
2 1 1101 1105 1106 XOR
2 1 1057 413 1107 XOR
2 1 1106 413 1108 XOR
2 1 1107 1106 1109 XOR
2 1 1107 1108 1110 AND
2 1 1106 1110 1111 XOR
2 1 1060 414 1112 XOR
2 1 1111 414 1113 XOR
2 1 1112 1111 1114 XOR
2 1 1112 1113 1115 AND
2 1 1111 1115 1116 XOR
2 1 1063 415 1117 XOR
2 1 1116 415 1118 XOR
2 1 1117 1116 1119 XOR
2 1 1117 1118 1120 AND
2 1 1116 1120 1121 XOR
2 1 1121 492 1122 XOR
2 1 1121 492 1123 AND
2 1 1122 1123 1124 XOR
2 1 238 1065 1125 XOR
2 1 1124 1125 1126 AND
2 1 1126 1065 1127 XOR
2 1 1033 1069 1128 XOR
2 1 1124 1128 1129 AND
2 1 1129 1069 1130 XOR
2 1 1036 1074 1131 XOR
2 1 1124 1131 1132 AND
2 1 1132 1074 1133 XOR
2 1 1039 1079 1134 XOR
2 1 1124 1134 1135 AND
2 1 1135 1079 1136 XOR
2 1 1042 1084 1137 XOR
2 1 1124 1137 1138 AND
2 1 1138 1084 1139 XOR
2 1 1045 1089 1140 XOR
2 1 1124 1140 1141 AND
2 1 1141 1089 1142 XOR
2 1 1048 1094 1143 XOR
2 1 1124 1143 1144 AND
2 1 1144 1094 1145 XOR
2 1 1051 1099 1146 XOR
2 1 1124 1146 1147 AND
2 1 1147 1099 1148 XOR
2 1 1054 1104 1149 XOR
2 1 1124 1149 1150 AND
2 1 1150 1104 1151 XOR
2 1 1057 1109 1152 XOR
2 1 1124 1152 1153 AND
2 1 1153 1109 1154 XOR
2 1 1060 1114 1155 XOR
2 1 1124 1155 1156 AND
2 1 1156 1114 1157 XOR
2 1 1063 1119 1158 XOR
2 1 1124 1158 1159 AND
2 1 1159 1119 1160 XOR
1 1 1124 1161 INV
2 1 237 404 1162 XOR
2 1 1162 404 1163 AND
2 1 1127 405 1164 XOR
2 1 1163 405 1165 XOR
2 1 1164 1163 1166 XOR
2 1 1164 1165 1167 AND
2 1 1163 1167 1168 XOR
2 1 1130 406 1169 XOR
2 1 1168 406 1170 XOR
2 1 1169 1168 1171 XOR
2 1 1169 1170 1172 AND
2 1 1168 1172 1173 XOR
2 1 1133 407 1174 XOR
2 1 1173 407 1175 XOR
2 1 1174 1173 1176 XOR
2 1 1174 1175 1177 AND
2 1 1173 1177 1178 XOR
2 1 1136 408 1179 XOR
2 1 1178 408 1180 XOR
2 1 1179 1178 1181 XOR
2 1 1179 1180 1182 AND
2 1 1178 1182 1183 XOR
2 1 1139 409 1184 XOR
2 1 1183 409 1185 XOR
2 1 1184 1183 1186 XOR
2 1 1184 1185 1187 AND
2 1 1183 1187 1188 XOR
2 1 1142 410 1189 XOR
2 1 1188 410 1190 XOR
2 1 1189 1188 1191 XOR
2 1 1189 1190 1192 AND
2 1 1188 1192 1193 XOR
2 1 1145 411 1194 XOR
2 1 1193 411 1195 XOR
2 1 1194 1193 1196 XOR
2 1 1194 1195 1197 AND
2 1 1193 1197 1198 XOR
2 1 1148 412 1199 XOR
2 1 1198 412 1200 XOR
2 1 1199 1198 1201 XOR
2 1 1199 1200 1202 AND
2 1 1198 1202 1203 XOR
2 1 1151 413 1204 XOR
2 1 1203 413 1205 XOR
2 1 1204 1203 1206 XOR
2 1 1204 1205 1207 AND
2 1 1203 1207 1208 XOR
2 1 1154 414 1209 XOR
2 1 1208 414 1210 XOR
2 1 1209 1208 1211 XOR
2 1 1209 1210 1212 AND
2 1 1208 1212 1213 XOR
2 1 1157 415 1214 XOR
2 1 1213 415 1215 XOR
2 1 1214 1213 1216 XOR
2 1 1214 1215 1217 AND
2 1 1213 1217 1218 XOR
2 1 1160 416 1219 XOR
2 1 1218 416 1220 XOR
2 1 1219 1218 1221 XOR
2 1 1219 1220 1222 AND
2 1 1218 1222 1223 XOR
2 1 1223 489 1224 XOR
2 1 1223 489 1225 AND
2 1 1224 1225 1226 XOR
2 1 237 1162 1227 XOR
2 1 1226 1227 1228 AND
2 1 1228 1162 1229 XOR
2 1 1127 1166 1230 XOR
2 1 1226 1230 1231 AND
2 1 1231 1166 1232 XOR
2 1 1130 1171 1233 XOR
2 1 1226 1233 1234 AND
2 1 1234 1171 1235 XOR
2 1 1133 1176 1236 XOR
2 1 1226 1236 1237 AND
2 1 1237 1176 1238 XOR
2 1 1136 1181 1239 XOR
2 1 1226 1239 1240 AND
2 1 1240 1181 1241 XOR
2 1 1139 1186 1242 XOR
2 1 1226 1242 1243 AND
2 1 1243 1186 1244 XOR
2 1 1142 1191 1245 XOR
2 1 1226 1245 1246 AND
2 1 1246 1191 1247 XOR
2 1 1145 1196 1248 XOR
2 1 1226 1248 1249 AND
2 1 1249 1196 1250 XOR
2 1 1148 1201 1251 XOR
2 1 1226 1251 1252 AND
2 1 1252 1201 1253 XOR
2 1 1151 1206 1254 XOR
2 1 1226 1254 1255 AND
2 1 1255 1206 1256 XOR
2 1 1154 1211 1257 XOR
2 1 1226 1257 1258 AND
2 1 1258 1211 1259 XOR
2 1 1157 1216 1260 XOR
2 1 1226 1260 1261 AND
2 1 1261 1216 1262 XOR
2 1 1160 1221 1263 XOR
2 1 1226 1263 1264 AND
2 1 1264 1221 1265 XOR
1 1 1226 1266 INV
2 1 236 404 1267 XOR
2 1 1267 404 1268 AND
2 1 1229 405 1269 XOR
2 1 1268 405 1270 XOR
2 1 1269 1268 1271 XOR
2 1 1269 1270 1272 AND
2 1 1268 1272 1273 XOR
2 1 1232 406 1274 XOR
2 1 1273 406 1275 XOR
2 1 1274 1273 1276 XOR
2 1 1274 1275 1277 AND
2 1 1273 1277 1278 XOR
2 1 1235 407 1279 XOR
2 1 1278 407 1280 XOR
2 1 1279 1278 1281 XOR
2 1 1279 1280 1282 AND
2 1 1278 1282 1283 XOR
2 1 1238 408 1284 XOR
2 1 1283 408 1285 XOR
2 1 1284 1283 1286 XOR
2 1 1284 1285 1287 AND
2 1 1283 1287 1288 XOR
2 1 1241 409 1289 XOR
2 1 1288 409 1290 XOR
2 1 1289 1288 1291 XOR
2 1 1289 1290 1292 AND
2 1 1288 1292 1293 XOR
2 1 1244 410 1294 XOR
2 1 1293 410 1295 XOR
2 1 1294 1293 1296 XOR
2 1 1294 1295 1297 AND
2 1 1293 1297 1298 XOR
2 1 1247 411 1299 XOR
2 1 1298 411 1300 XOR
2 1 1299 1298 1301 XOR
2 1 1299 1300 1302 AND
2 1 1298 1302 1303 XOR
2 1 1250 412 1304 XOR
2 1 1303 412 1305 XOR
2 1 1304 1303 1306 XOR
2 1 1304 1305 1307 AND
2 1 1303 1307 1308 XOR
2 1 1253 413 1309 XOR
2 1 1308 413 1310 XOR
2 1 1309 1308 1311 XOR
2 1 1309 1310 1312 AND
2 1 1308 1312 1313 XOR
2 1 1256 414 1314 XOR
2 1 1313 414 1315 XOR
2 1 1314 1313 1316 XOR
2 1 1314 1315 1317 AND
2 1 1313 1317 1318 XOR
2 1 1259 415 1319 XOR
2 1 1318 415 1320 XOR
2 1 1319 1318 1321 XOR
2 1 1319 1320 1322 AND
2 1 1318 1322 1323 XOR
2 1 1262 416 1324 XOR
2 1 1323 416 1325 XOR
2 1 1324 1323 1326 XOR
2 1 1324 1325 1327 AND
2 1 1323 1327 1328 XOR
2 1 1265 417 1329 XOR
2 1 1328 417 1330 XOR
2 1 1329 1328 1331 XOR
2 1 1329 1330 1332 AND
2 1 1328 1332 1333 XOR
2 1 1333 486 1334 XOR
2 1 1333 486 1335 AND
2 1 1334 1335 1336 XOR
2 1 236 1267 1337 XOR
2 1 1336 1337 1338 AND
2 1 1338 1267 1339 XOR
2 1 1229 1271 1340 XOR
2 1 1336 1340 1341 AND
2 1 1341 1271 1342 XOR
2 1 1232 1276 1343 XOR
2 1 1336 1343 1344 AND
2 1 1344 1276 1345 XOR
2 1 1235 1281 1346 XOR
2 1 1336 1346 1347 AND
2 1 1347 1281 1348 XOR
2 1 1238 1286 1349 XOR
2 1 1336 1349 1350 AND
2 1 1350 1286 1351 XOR
2 1 1241 1291 1352 XOR
2 1 1336 1352 1353 AND
2 1 1353 1291 1354 XOR
2 1 1244 1296 1355 XOR
2 1 1336 1355 1356 AND
2 1 1356 1296 1357 XOR
2 1 1247 1301 1358 XOR
2 1 1336 1358 1359 AND
2 1 1359 1301 1360 XOR
2 1 1250 1306 1361 XOR
2 1 1336 1361 1362 AND
2 1 1362 1306 1363 XOR
2 1 1253 1311 1364 XOR
2 1 1336 1364 1365 AND
2 1 1365 1311 1366 XOR
2 1 1256 1316 1367 XOR
2 1 1336 1367 1368 AND
2 1 1368 1316 1369 XOR
2 1 1259 1321 1370 XOR
2 1 1336 1370 1371 AND
2 1 1371 1321 1372 XOR
2 1 1262 1326 1373 XOR
2 1 1336 1373 1374 AND
2 1 1374 1326 1375 XOR
2 1 1265 1331 1376 XOR
2 1 1336 1376 1377 AND
2 1 1377 1331 1378 XOR
1 1 1336 1379 INV
2 1 235 404 1380 XOR
2 1 1380 404 1381 AND
2 1 1339 405 1382 XOR
2 1 1381 405 1383 XOR
2 1 1382 1381 1384 XOR
2 1 1382 1383 1385 AND
2 1 1381 1385 1386 XOR
2 1 1342 406 1387 XOR
2 1 1386 406 1388 XOR
2 1 1387 1386 1389 XOR
2 1 1387 1388 1390 AND
2 1 1386 1390 1391 XOR
2 1 1345 407 1392 XOR
2 1 1391 407 1393 XOR
2 1 1392 1391 1394 XOR
2 1 1392 1393 1395 AND
2 1 1391 1395 1396 XOR
2 1 1348 408 1397 XOR
2 1 1396 408 1398 XOR
2 1 1397 1396 1399 XOR
2 1 1397 1398 1400 AND
2 1 1396 1400 1401 XOR
2 1 1351 409 1402 XOR
2 1 1401 409 1403 XOR
2 1 1402 1401 1404 XOR
2 1 1402 1403 1405 AND
2 1 1401 1405 1406 XOR
2 1 1354 410 1407 XOR
2 1 1406 410 1408 XOR
2 1 1407 1406 1409 XOR
2 1 1407 1408 1410 AND
2 1 1406 1410 1411 XOR
2 1 1357 411 1412 XOR
2 1 1411 411 1413 XOR
2 1 1412 1411 1414 XOR
2 1 1412 1413 1415 AND
2 1 1411 1415 1416 XOR
2 1 1360 412 1417 XOR
2 1 1416 412 1418 XOR
2 1 1417 1416 1419 XOR
2 1 1417 1418 1420 AND
2 1 1416 1420 1421 XOR
2 1 1363 413 1422 XOR
2 1 1421 413 1423 XOR
2 1 1422 1421 1424 XOR
2 1 1422 1423 1425 AND
2 1 1421 1425 1426 XOR
2 1 1366 414 1427 XOR
2 1 1426 414 1428 XOR
2 1 1427 1426 1429 XOR
2 1 1427 1428 1430 AND
2 1 1426 1430 1431 XOR
2 1 1369 415 1432 XOR
2 1 1431 415 1433 XOR
2 1 1432 1431 1434 XOR
2 1 1432 1433 1435 AND
2 1 1431 1435 1436 XOR
2 1 1372 416 1437 XOR
2 1 1436 416 1438 XOR
2 1 1437 1436 1439 XOR
2 1 1437 1438 1440 AND
2 1 1436 1440 1441 XOR
2 1 1375 417 1442 XOR
2 1 1441 417 1443 XOR
2 1 1442 1441 1444 XOR
2 1 1442 1443 1445 AND
2 1 1441 1445 1446 XOR
2 1 1378 418 1447 XOR
2 1 1446 418 1448 XOR
2 1 1447 1446 1449 XOR
2 1 1447 1448 1450 AND
2 1 1446 1450 1451 XOR
2 1 1451 483 1452 XOR
2 1 1451 483 1453 AND
2 1 1452 1453 1454 XOR
2 1 235 1380 1455 XOR
2 1 1454 1455 1456 AND
2 1 1456 1380 1457 XOR
2 1 1339 1384 1458 XOR
2 1 1454 1458 1459 AND
2 1 1459 1384 1460 XOR
2 1 1342 1389 1461 XOR
2 1 1454 1461 1462 AND
2 1 1462 1389 1463 XOR
2 1 1345 1394 1464 XOR
2 1 1454 1464 1465 AND
2 1 1465 1394 1466 XOR
2 1 1348 1399 1467 XOR
2 1 1454 1467 1468 AND
2 1 1468 1399 1469 XOR
2 1 1351 1404 1470 XOR
2 1 1454 1470 1471 AND
2 1 1471 1404 1472 XOR
2 1 1354 1409 1473 XOR
2 1 1454 1473 1474 AND
2 1 1474 1409 1475 XOR
2 1 1357 1414 1476 XOR
2 1 1454 1476 1477 AND
2 1 1477 1414 1478 XOR
2 1 1360 1419 1479 XOR
2 1 1454 1479 1480 AND
2 1 1480 1419 1481 XOR
2 1 1363 1424 1482 XOR
2 1 1454 1482 1483 AND
2 1 1483 1424 1484 XOR
2 1 1366 1429 1485 XOR
2 1 1454 1485 1486 AND
2 1 1486 1429 1487 XOR
2 1 1369 1434 1488 XOR
2 1 1454 1488 1489 AND
2 1 1489 1434 1490 XOR
2 1 1372 1439 1491 XOR
2 1 1454 1491 1492 AND
2 1 1492 1439 1493 XOR
2 1 1375 1444 1494 XOR
2 1 1454 1494 1495 AND
2 1 1495 1444 1496 XOR
2 1 1378 1449 1497 XOR
2 1 1454 1497 1498 AND
2 1 1498 1449 1499 XOR
1 1 1454 1500 INV
2 1 234 404 1501 XOR
2 1 1501 404 1502 AND
2 1 1457 405 1503 XOR
2 1 1502 405 1504 XOR
2 1 1503 1502 1505 XOR
2 1 1503 1504 1506 AND
2 1 1502 1506 1507 XOR
2 1 1460 406 1508 XOR
2 1 1507 406 1509 XOR
2 1 1508 1507 1510 XOR
2 1 1508 1509 1511 AND
2 1 1507 1511 1512 XOR
2 1 1463 407 1513 XOR
2 1 1512 407 1514 XOR
2 1 1513 1512 1515 XOR
2 1 1513 1514 1516 AND
2 1 1512 1516 1517 XOR
2 1 1466 408 1518 XOR
2 1 1517 408 1519 XOR
2 1 1518 1517 1520 XOR
2 1 1518 1519 1521 AND
2 1 1517 1521 1522 XOR
2 1 1469 409 1523 XOR
2 1 1522 409 1524 XOR
2 1 1523 1522 1525 XOR
2 1 1523 1524 1526 AND
2 1 1522 1526 1527 XOR
2 1 1472 410 1528 XOR
2 1 1527 410 1529 XOR
2 1 1528 1527 1530 XOR
2 1 1528 1529 1531 AND
2 1 1527 1531 1532 XOR
2 1 1475 411 1533 XOR
2 1 1532 411 1534 XOR
2 1 1533 1532 1535 XOR
2 1 1533 1534 1536 AND
2 1 1532 1536 1537 XOR
2 1 1478 412 1538 XOR
2 1 1537 412 1539 XOR
2 1 1538 1537 1540 XOR
2 1 1538 1539 1541 AND
2 1 1537 1541 1542 XOR
2 1 1481 413 1543 XOR
2 1 1542 413 1544 XOR
2 1 1543 1542 1545 XOR
2 1 1543 1544 1546 AND
2 1 1542 1546 1547 XOR
2 1 1484 414 1548 XOR
2 1 1547 414 1549 XOR
2 1 1548 1547 1550 XOR
2 1 1548 1549 1551 AND
2 1 1547 1551 1552 XOR
2 1 1487 415 1553 XOR
2 1 1552 415 1554 XOR
2 1 1553 1552 1555 XOR
2 1 1553 1554 1556 AND
2 1 1552 1556 1557 XOR
2 1 1490 416 1558 XOR
2 1 1557 416 1559 XOR
2 1 1558 1557 1560 XOR
2 1 1558 1559 1561 AND
2 1 1557 1561 1562 XOR
2 1 1493 417 1563 XOR
2 1 1562 417 1564 XOR
2 1 1563 1562 1565 XOR
2 1 1563 1564 1566 AND
2 1 1562 1566 1567 XOR
2 1 1496 418 1568 XOR
2 1 1567 418 1569 XOR
2 1 1568 1567 1570 XOR
2 1 1568 1569 1571 AND
2 1 1567 1571 1572 XOR
2 1 1499 419 1573 XOR
2 1 1572 419 1574 XOR
2 1 1573 1572 1575 XOR
2 1 1573 1574 1576 AND
2 1 1572 1576 1577 XOR
2 1 1577 480 1578 XOR
2 1 1577 480 1579 AND
2 1 1578 1579 1580 XOR
2 1 234 1501 1581 XOR
2 1 1580 1581 1582 AND
2 1 1582 1501 1583 XOR
2 1 1457 1505 1584 XOR
2 1 1580 1584 1585 AND
2 1 1585 1505 1586 XOR
2 1 1460 1510 1587 XOR
2 1 1580 1587 1588 AND
2 1 1588 1510 1589 XOR
2 1 1463 1515 1590 XOR
2 1 1580 1590 1591 AND
2 1 1591 1515 1592 XOR
2 1 1466 1520 1593 XOR
2 1 1580 1593 1594 AND
2 1 1594 1520 1595 XOR
2 1 1469 1525 1596 XOR
2 1 1580 1596 1597 AND
2 1 1597 1525 1598 XOR
2 1 1472 1530 1599 XOR
2 1 1580 1599 1600 AND
2 1 1600 1530 1601 XOR
2 1 1475 1535 1602 XOR
2 1 1580 1602 1603 AND
2 1 1603 1535 1604 XOR
2 1 1478 1540 1605 XOR
2 1 1580 1605 1606 AND
2 1 1606 1540 1607 XOR
2 1 1481 1545 1608 XOR
2 1 1580 1608 1609 AND
2 1 1609 1545 1610 XOR
2 1 1484 1550 1611 XOR
2 1 1580 1611 1612 AND
2 1 1612 1550 1613 XOR
2 1 1487 1555 1614 XOR
2 1 1580 1614 1615 AND
2 1 1615 1555 1616 XOR
2 1 1490 1560 1617 XOR
2 1 1580 1617 1618 AND
2 1 1618 1560 1619 XOR
2 1 1493 1565 1620 XOR
2 1 1580 1620 1621 AND
2 1 1621 1565 1622 XOR
2 1 1496 1570 1623 XOR
2 1 1580 1623 1624 AND
2 1 1624 1570 1625 XOR
2 1 1499 1575 1626 XOR
2 1 1580 1626 1627 AND
2 1 1627 1575 1628 XOR
1 1 1580 1629 INV
2 1 233 404 1630 XOR
2 1 1630 404 1631 AND
2 1 1583 405 1632 XOR
2 1 1631 405 1633 XOR
2 1 1632 1631 1634 XOR
2 1 1632 1633 1635 AND
2 1 1631 1635 1636 XOR
2 1 1586 406 1637 XOR
2 1 1636 406 1638 XOR
2 1 1637 1636 1639 XOR
2 1 1637 1638 1640 AND
2 1 1636 1640 1641 XOR
2 1 1589 407 1642 XOR
2 1 1641 407 1643 XOR
2 1 1642 1641 1644 XOR
2 1 1642 1643 1645 AND
2 1 1641 1645 1646 XOR
2 1 1592 408 1647 XOR
2 1 1646 408 1648 XOR
2 1 1647 1646 1649 XOR
2 1 1647 1648 1650 AND
2 1 1646 1650 1651 XOR
2 1 1595 409 1652 XOR
2 1 1651 409 1653 XOR
2 1 1652 1651 1654 XOR
2 1 1652 1653 1655 AND
2 1 1651 1655 1656 XOR
2 1 1598 410 1657 XOR
2 1 1656 410 1658 XOR
2 1 1657 1656 1659 XOR
2 1 1657 1658 1660 AND
2 1 1656 1660 1661 XOR
2 1 1601 411 1662 XOR
2 1 1661 411 1663 XOR
2 1 1662 1661 1664 XOR
2 1 1662 1663 1665 AND
2 1 1661 1665 1666 XOR
2 1 1604 412 1667 XOR
2 1 1666 412 1668 XOR
2 1 1667 1666 1669 XOR
2 1 1667 1668 1670 AND
2 1 1666 1670 1671 XOR
2 1 1607 413 1672 XOR
2 1 1671 413 1673 XOR
2 1 1672 1671 1674 XOR
2 1 1672 1673 1675 AND
2 1 1671 1675 1676 XOR
2 1 1610 414 1677 XOR
2 1 1676 414 1678 XOR
2 1 1677 1676 1679 XOR
2 1 1677 1678 1680 AND
2 1 1676 1680 1681 XOR
2 1 1613 415 1682 XOR
2 1 1681 415 1683 XOR
2 1 1682 1681 1684 XOR
2 1 1682 1683 1685 AND
2 1 1681 1685 1686 XOR
2 1 1616 416 1687 XOR
2 1 1686 416 1688 XOR
2 1 1687 1686 1689 XOR
2 1 1687 1688 1690 AND
2 1 1686 1690 1691 XOR
2 1 1619 417 1692 XOR
2 1 1691 417 1693 XOR
2 1 1692 1691 1694 XOR
2 1 1692 1693 1695 AND
2 1 1691 1695 1696 XOR
2 1 1622 418 1697 XOR
2 1 1696 418 1698 XOR
2 1 1697 1696 1699 XOR
2 1 1697 1698 1700 AND
2 1 1696 1700 1701 XOR
2 1 1625 419 1702 XOR
2 1 1701 419 1703 XOR
2 1 1702 1701 1704 XOR
2 1 1702 1703 1705 AND
2 1 1701 1705 1706 XOR
2 1 1628 420 1707 XOR
2 1 1706 420 1708 XOR
2 1 1707 1706 1709 XOR
2 1 1707 1708 1710 AND
2 1 1706 1710 1711 XOR
2 1 1711 477 1712 XOR
2 1 1711 477 1713 AND
2 1 1712 1713 1714 XOR
2 1 233 1630 1715 XOR
2 1 1714 1715 1716 AND
2 1 1716 1630 1717 XOR
2 1 1583 1634 1718 XOR
2 1 1714 1718 1719 AND
2 1 1719 1634 1720 XOR
2 1 1586 1639 1721 XOR
2 1 1714 1721 1722 AND
2 1 1722 1639 1723 XOR
2 1 1589 1644 1724 XOR
2 1 1714 1724 1725 AND
2 1 1725 1644 1726 XOR
2 1 1592 1649 1727 XOR
2 1 1714 1727 1728 AND
2 1 1728 1649 1729 XOR
2 1 1595 1654 1730 XOR
2 1 1714 1730 1731 AND
2 1 1731 1654 1732 XOR
2 1 1598 1659 1733 XOR
2 1 1714 1733 1734 AND
2 1 1734 1659 1735 XOR
2 1 1601 1664 1736 XOR
2 1 1714 1736 1737 AND
2 1 1737 1664 1738 XOR
2 1 1604 1669 1739 XOR
2 1 1714 1739 1740 AND
2 1 1740 1669 1741 XOR
2 1 1607 1674 1742 XOR
2 1 1714 1742 1743 AND
2 1 1743 1674 1744 XOR
2 1 1610 1679 1745 XOR
2 1 1714 1745 1746 AND
2 1 1746 1679 1747 XOR
2 1 1613 1684 1748 XOR
2 1 1714 1748 1749 AND
2 1 1749 1684 1750 XOR
2 1 1616 1689 1751 XOR
2 1 1714 1751 1752 AND
2 1 1752 1689 1753 XOR
2 1 1619 1694 1754 XOR
2 1 1714 1754 1755 AND
2 1 1755 1694 1756 XOR
2 1 1622 1699 1757 XOR
2 1 1714 1757 1758 AND
2 1 1758 1699 1759 XOR
2 1 1625 1704 1760 XOR
2 1 1714 1760 1761 AND
2 1 1761 1704 1762 XOR
2 1 1628 1709 1763 XOR
2 1 1714 1763 1764 AND
2 1 1764 1709 1765 XOR
1 1 1714 1766 INV
2 1 232 404 1767 XOR
2 1 1767 404 1768 AND
2 1 1717 405 1769 XOR
2 1 1768 405 1770 XOR
2 1 1769 1768 1771 XOR
2 1 1769 1770 1772 AND
2 1 1768 1772 1773 XOR
2 1 1720 406 1774 XOR
2 1 1773 406 1775 XOR
2 1 1774 1773 1776 XOR
2 1 1774 1775 1777 AND
2 1 1773 1777 1778 XOR
2 1 1723 407 1779 XOR
2 1 1778 407 1780 XOR
2 1 1779 1778 1781 XOR
2 1 1779 1780 1782 AND
2 1 1778 1782 1783 XOR
2 1 1726 408 1784 XOR
2 1 1783 408 1785 XOR
2 1 1784 1783 1786 XOR
2 1 1784 1785 1787 AND
2 1 1783 1787 1788 XOR
2 1 1729 409 1789 XOR
2 1 1788 409 1790 XOR
2 1 1789 1788 1791 XOR
2 1 1789 1790 1792 AND
2 1 1788 1792 1793 XOR
2 1 1732 410 1794 XOR
2 1 1793 410 1795 XOR
2 1 1794 1793 1796 XOR
2 1 1794 1795 1797 AND
2 1 1793 1797 1798 XOR
2 1 1735 411 1799 XOR
2 1 1798 411 1800 XOR
2 1 1799 1798 1801 XOR
2 1 1799 1800 1802 AND
2 1 1798 1802 1803 XOR
2 1 1738 412 1804 XOR
2 1 1803 412 1805 XOR
2 1 1804 1803 1806 XOR
2 1 1804 1805 1807 AND
2 1 1803 1807 1808 XOR
2 1 1741 413 1809 XOR
2 1 1808 413 1810 XOR
2 1 1809 1808 1811 XOR
2 1 1809 1810 1812 AND
2 1 1808 1812 1813 XOR
2 1 1744 414 1814 XOR
2 1 1813 414 1815 XOR
2 1 1814 1813 1816 XOR
2 1 1814 1815 1817 AND
2 1 1813 1817 1818 XOR
2 1 1747 415 1819 XOR
2 1 1818 415 1820 XOR
2 1 1819 1818 1821 XOR
2 1 1819 1820 1822 AND
2 1 1818 1822 1823 XOR
2 1 1750 416 1824 XOR
2 1 1823 416 1825 XOR
2 1 1824 1823 1826 XOR
2 1 1824 1825 1827 AND
2 1 1823 1827 1828 XOR
2 1 1753 417 1829 XOR
2 1 1828 417 1830 XOR
2 1 1829 1828 1831 XOR
2 1 1829 1830 1832 AND
2 1 1828 1832 1833 XOR
2 1 1756 418 1834 XOR
2 1 1833 418 1835 XOR
2 1 1834 1833 1836 XOR
2 1 1834 1835 1837 AND
2 1 1833 1837 1838 XOR
2 1 1759 419 1839 XOR
2 1 1838 419 1840 XOR
2 1 1839 1838 1841 XOR
2 1 1839 1840 1842 AND
2 1 1838 1842 1843 XOR
2 1 1762 420 1844 XOR
2 1 1843 420 1845 XOR
2 1 1844 1843 1846 XOR
2 1 1844 1845 1847 AND
2 1 1843 1847 1848 XOR
2 1 1765 421 1849 XOR
2 1 1848 421 1850 XOR
2 1 1849 1848 1851 XOR
2 1 1849 1850 1852 AND
2 1 1848 1852 1853 XOR
2 1 1853 474 1854 XOR
2 1 1853 474 1855 AND
2 1 1854 1855 1856 XOR
2 1 232 1767 1857 XOR
2 1 1856 1857 1858 AND
2 1 1858 1767 1859 XOR
2 1 1717 1771 1860 XOR
2 1 1856 1860 1861 AND
2 1 1861 1771 1862 XOR
2 1 1720 1776 1863 XOR
2 1 1856 1863 1864 AND
2 1 1864 1776 1865 XOR
2 1 1723 1781 1866 XOR
2 1 1856 1866 1867 AND
2 1 1867 1781 1868 XOR
2 1 1726 1786 1869 XOR
2 1 1856 1869 1870 AND
2 1 1870 1786 1871 XOR
2 1 1729 1791 1872 XOR
2 1 1856 1872 1873 AND
2 1 1873 1791 1874 XOR
2 1 1732 1796 1875 XOR
2 1 1856 1875 1876 AND
2 1 1876 1796 1877 XOR
2 1 1735 1801 1878 XOR
2 1 1856 1878 1879 AND
2 1 1879 1801 1880 XOR
2 1 1738 1806 1881 XOR
2 1 1856 1881 1882 AND
2 1 1882 1806 1883 XOR
2 1 1741 1811 1884 XOR
2 1 1856 1884 1885 AND
2 1 1885 1811 1886 XOR
2 1 1744 1816 1887 XOR
2 1 1856 1887 1888 AND
2 1 1888 1816 1889 XOR
2 1 1747 1821 1890 XOR
2 1 1856 1890 1891 AND
2 1 1891 1821 1892 XOR
2 1 1750 1826 1893 XOR
2 1 1856 1893 1894 AND
2 1 1894 1826 1895 XOR
2 1 1753 1831 1896 XOR
2 1 1856 1896 1897 AND
2 1 1897 1831 1898 XOR
2 1 1756 1836 1899 XOR
2 1 1856 1899 1900 AND
2 1 1900 1836 1901 XOR
2 1 1759 1841 1902 XOR
2 1 1856 1902 1903 AND
2 1 1903 1841 1904 XOR
2 1 1762 1846 1905 XOR
2 1 1856 1905 1906 AND
2 1 1906 1846 1907 XOR
2 1 1765 1851 1908 XOR
2 1 1856 1908 1909 AND
2 1 1909 1851 1910 XOR
1 1 1856 1911 INV
2 1 231 404 1912 XOR
2 1 1912 404 1913 AND
2 1 1859 405 1914 XOR
2 1 1913 405 1915 XOR
2 1 1914 1913 1916 XOR
2 1 1914 1915 1917 AND
2 1 1913 1917 1918 XOR
2 1 1862 406 1919 XOR
2 1 1918 406 1920 XOR
2 1 1919 1918 1921 XOR
2 1 1919 1920 1922 AND
2 1 1918 1922 1923 XOR
2 1 1865 407 1924 XOR
2 1 1923 407 1925 XOR
2 1 1924 1923 1926 XOR
2 1 1924 1925 1927 AND
2 1 1923 1927 1928 XOR
2 1 1868 408 1929 XOR
2 1 1928 408 1930 XOR
2 1 1929 1928 1931 XOR
2 1 1929 1930 1932 AND
2 1 1928 1932 1933 XOR
2 1 1871 409 1934 XOR
2 1 1933 409 1935 XOR
2 1 1934 1933 1936 XOR
2 1 1934 1935 1937 AND
2 1 1933 1937 1938 XOR
2 1 1874 410 1939 XOR
2 1 1938 410 1940 XOR
2 1 1939 1938 1941 XOR
2 1 1939 1940 1942 AND
2 1 1938 1942 1943 XOR
2 1 1877 411 1944 XOR
2 1 1943 411 1945 XOR
2 1 1944 1943 1946 XOR
2 1 1944 1945 1947 AND
2 1 1943 1947 1948 XOR
2 1 1880 412 1949 XOR
2 1 1948 412 1950 XOR
2 1 1949 1948 1951 XOR
2 1 1949 1950 1952 AND
2 1 1948 1952 1953 XOR
2 1 1883 413 1954 XOR
2 1 1953 413 1955 XOR
2 1 1954 1953 1956 XOR
2 1 1954 1955 1957 AND
2 1 1953 1957 1958 XOR
2 1 1886 414 1959 XOR
2 1 1958 414 1960 XOR
2 1 1959 1958 1961 XOR
2 1 1959 1960 1962 AND
2 1 1958 1962 1963 XOR
2 1 1889 415 1964 XOR
2 1 1963 415 1965 XOR
2 1 1964 1963 1966 XOR
2 1 1964 1965 1967 AND
2 1 1963 1967 1968 XOR
2 1 1892 416 1969 XOR
2 1 1968 416 1970 XOR
2 1 1969 1968 1971 XOR
2 1 1969 1970 1972 AND
2 1 1968 1972 1973 XOR
2 1 1895 417 1974 XOR
2 1 1973 417 1975 XOR
2 1 1974 1973 1976 XOR
2 1 1974 1975 1977 AND
2 1 1973 1977 1978 XOR
2 1 1898 418 1979 XOR
2 1 1978 418 1980 XOR
2 1 1979 1978 1981 XOR
2 1 1979 1980 1982 AND
2 1 1978 1982 1983 XOR
2 1 1901 419 1984 XOR
2 1 1983 419 1985 XOR
2 1 1984 1983 1986 XOR
2 1 1984 1985 1987 AND
2 1 1983 1987 1988 XOR
2 1 1904 420 1989 XOR
2 1 1988 420 1990 XOR
2 1 1989 1988 1991 XOR
2 1 1989 1990 1992 AND
2 1 1988 1992 1993 XOR
2 1 1907 421 1994 XOR
2 1 1993 421 1995 XOR
2 1 1994 1993 1996 XOR
2 1 1994 1995 1997 AND
2 1 1993 1997 1998 XOR
2 1 1910 422 1999 XOR
2 1 1998 422 2000 XOR
2 1 1999 1998 2001 XOR
2 1 1999 2000 2002 AND
2 1 1998 2002 2003 XOR
2 1 2003 471 2004 XOR
2 1 2003 471 2005 AND
2 1 2004 2005 2006 XOR
2 1 231 1912 2007 XOR
2 1 2006 2007 2008 AND
2 1 2008 1912 2009 XOR
2 1 1859 1916 2010 XOR
2 1 2006 2010 2011 AND
2 1 2011 1916 2012 XOR
2 1 1862 1921 2013 XOR
2 1 2006 2013 2014 AND
2 1 2014 1921 2015 XOR
2 1 1865 1926 2016 XOR
2 1 2006 2016 2017 AND
2 1 2017 1926 2018 XOR
2 1 1868 1931 2019 XOR
2 1 2006 2019 2020 AND
2 1 2020 1931 2021 XOR
2 1 1871 1936 2022 XOR
2 1 2006 2022 2023 AND
2 1 2023 1936 2024 XOR
2 1 1874 1941 2025 XOR
2 1 2006 2025 2026 AND
2 1 2026 1941 2027 XOR
2 1 1877 1946 2028 XOR
2 1 2006 2028 2029 AND
2 1 2029 1946 2030 XOR
2 1 1880 1951 2031 XOR
2 1 2006 2031 2032 AND
2 1 2032 1951 2033 XOR
2 1 1883 1956 2034 XOR
2 1 2006 2034 2035 AND
2 1 2035 1956 2036 XOR
2 1 1886 1961 2037 XOR
2 1 2006 2037 2038 AND
2 1 2038 1961 2039 XOR
2 1 1889 1966 2040 XOR
2 1 2006 2040 2041 AND
2 1 2041 1966 2042 XOR
2 1 1892 1971 2043 XOR
2 1 2006 2043 2044 AND
2 1 2044 1971 2045 XOR
2 1 1895 1976 2046 XOR
2 1 2006 2046 2047 AND
2 1 2047 1976 2048 XOR
2 1 1898 1981 2049 XOR
2 1 2006 2049 2050 AND
2 1 2050 1981 2051 XOR
2 1 1901 1986 2052 XOR
2 1 2006 2052 2053 AND
2 1 2053 1986 2054 XOR
2 1 1904 1991 2055 XOR
2 1 2006 2055 2056 AND
2 1 2056 1991 2057 XOR
2 1 1907 1996 2058 XOR
2 1 2006 2058 2059 AND
2 1 2059 1996 2060 XOR
2 1 1910 2001 2061 XOR
2 1 2006 2061 2062 AND
2 1 2062 2001 2063 XOR
1 1 2006 2064 INV
2 1 230 404 2065 XOR
2 1 2065 404 2066 AND
2 1 2009 405 2067 XOR
2 1 2066 405 2068 XOR
2 1 2067 2066 2069 XOR
2 1 2067 2068 2070 AND
2 1 2066 2070 2071 XOR
2 1 2012 406 2072 XOR
2 1 2071 406 2073 XOR
2 1 2072 2071 2074 XOR
2 1 2072 2073 2075 AND
2 1 2071 2075 2076 XOR
2 1 2015 407 2077 XOR
2 1 2076 407 2078 XOR
2 1 2077 2076 2079 XOR
2 1 2077 2078 2080 AND
2 1 2076 2080 2081 XOR
2 1 2018 408 2082 XOR
2 1 2081 408 2083 XOR
2 1 2082 2081 2084 XOR
2 1 2082 2083 2085 AND
2 1 2081 2085 2086 XOR
2 1 2021 409 2087 XOR
2 1 2086 409 2088 XOR
2 1 2087 2086 2089 XOR
2 1 2087 2088 2090 AND
2 1 2086 2090 2091 XOR
2 1 2024 410 2092 XOR
2 1 2091 410 2093 XOR
2 1 2092 2091 2094 XOR
2 1 2092 2093 2095 AND
2 1 2091 2095 2096 XOR
2 1 2027 411 2097 XOR
2 1 2096 411 2098 XOR
2 1 2097 2096 2099 XOR
2 1 2097 2098 2100 AND
2 1 2096 2100 2101 XOR
2 1 2030 412 2102 XOR
2 1 2101 412 2103 XOR
2 1 2102 2101 2104 XOR
2 1 2102 2103 2105 AND
2 1 2101 2105 2106 XOR
2 1 2033 413 2107 XOR
2 1 2106 413 2108 XOR
2 1 2107 2106 2109 XOR
2 1 2107 2108 2110 AND
2 1 2106 2110 2111 XOR
2 1 2036 414 2112 XOR
2 1 2111 414 2113 XOR
2 1 2112 2111 2114 XOR
2 1 2112 2113 2115 AND
2 1 2111 2115 2116 XOR
2 1 2039 415 2117 XOR
2 1 2116 415 2118 XOR
2 1 2117 2116 2119 XOR
2 1 2117 2118 2120 AND
2 1 2116 2120 2121 XOR
2 1 2042 416 2122 XOR
2 1 2121 416 2123 XOR
2 1 2122 2121 2124 XOR
2 1 2122 2123 2125 AND
2 1 2121 2125 2126 XOR
2 1 2045 417 2127 XOR
2 1 2126 417 2128 XOR
2 1 2127 2126 2129 XOR
2 1 2127 2128 2130 AND
2 1 2126 2130 2131 XOR
2 1 2048 418 2132 XOR
2 1 2131 418 2133 XOR
2 1 2132 2131 2134 XOR
2 1 2132 2133 2135 AND
2 1 2131 2135 2136 XOR
2 1 2051 419 2137 XOR
2 1 2136 419 2138 XOR
2 1 2137 2136 2139 XOR
2 1 2137 2138 2140 AND
2 1 2136 2140 2141 XOR
2 1 2054 420 2142 XOR
2 1 2141 420 2143 XOR
2 1 2142 2141 2144 XOR
2 1 2142 2143 2145 AND
2 1 2141 2145 2146 XOR
2 1 2057 421 2147 XOR
2 1 2146 421 2148 XOR
2 1 2147 2146 2149 XOR
2 1 2147 2148 2150 AND
2 1 2146 2150 2151 XOR
2 1 2060 422 2152 XOR
2 1 2151 422 2153 XOR
2 1 2152 2151 2154 XOR
2 1 2152 2153 2155 AND
2 1 2151 2155 2156 XOR
2 1 2063 423 2157 XOR
2 1 2156 423 2158 XOR
2 1 2157 2156 2159 XOR
2 1 2157 2158 2160 AND
2 1 2156 2160 2161 XOR
2 1 2161 468 2162 XOR
2 1 2161 468 2163 AND
2 1 2162 2163 2164 XOR
2 1 230 2065 2165 XOR
2 1 2164 2165 2166 AND
2 1 2166 2065 2167 XOR
2 1 2009 2069 2168 XOR
2 1 2164 2168 2169 AND
2 1 2169 2069 2170 XOR
2 1 2012 2074 2171 XOR
2 1 2164 2171 2172 AND
2 1 2172 2074 2173 XOR
2 1 2015 2079 2174 XOR
2 1 2164 2174 2175 AND
2 1 2175 2079 2176 XOR
2 1 2018 2084 2177 XOR
2 1 2164 2177 2178 AND
2 1 2178 2084 2179 XOR
2 1 2021 2089 2180 XOR
2 1 2164 2180 2181 AND
2 1 2181 2089 2182 XOR
2 1 2024 2094 2183 XOR
2 1 2164 2183 2184 AND
2 1 2184 2094 2185 XOR
2 1 2027 2099 2186 XOR
2 1 2164 2186 2187 AND
2 1 2187 2099 2188 XOR
2 1 2030 2104 2189 XOR
2 1 2164 2189 2190 AND
2 1 2190 2104 2191 XOR
2 1 2033 2109 2192 XOR
2 1 2164 2192 2193 AND
2 1 2193 2109 2194 XOR
2 1 2036 2114 2195 XOR
2 1 2164 2195 2196 AND
2 1 2196 2114 2197 XOR
2 1 2039 2119 2198 XOR
2 1 2164 2198 2199 AND
2 1 2199 2119 2200 XOR
2 1 2042 2124 2201 XOR
2 1 2164 2201 2202 AND
2 1 2202 2124 2203 XOR
2 1 2045 2129 2204 XOR
2 1 2164 2204 2205 AND
2 1 2205 2129 2206 XOR
2 1 2048 2134 2207 XOR
2 1 2164 2207 2208 AND
2 1 2208 2134 2209 XOR
2 1 2051 2139 2210 XOR
2 1 2164 2210 2211 AND
2 1 2211 2139 2212 XOR
2 1 2054 2144 2213 XOR
2 1 2164 2213 2214 AND
2 1 2214 2144 2215 XOR
2 1 2057 2149 2216 XOR
2 1 2164 2216 2217 AND
2 1 2217 2149 2218 XOR
2 1 2060 2154 2219 XOR
2 1 2164 2219 2220 AND
2 1 2220 2154 2221 XOR
2 1 2063 2159 2222 XOR
2 1 2164 2222 2223 AND
2 1 2223 2159 2224 XOR
1 1 2164 2225 INV
2 1 229 404 2226 XOR
2 1 2226 404 2227 AND
2 1 2167 405 2228 XOR
2 1 2227 405 2229 XOR
2 1 2228 2227 2230 XOR
2 1 2228 2229 2231 AND
2 1 2227 2231 2232 XOR
2 1 2170 406 2233 XOR
2 1 2232 406 2234 XOR
2 1 2233 2232 2235 XOR
2 1 2233 2234 2236 AND
2 1 2232 2236 2237 XOR
2 1 2173 407 2238 XOR
2 1 2237 407 2239 XOR
2 1 2238 2237 2240 XOR
2 1 2238 2239 2241 AND
2 1 2237 2241 2242 XOR
2 1 2176 408 2243 XOR
2 1 2242 408 2244 XOR
2 1 2243 2242 2245 XOR
2 1 2243 2244 2246 AND
2 1 2242 2246 2247 XOR
2 1 2179 409 2248 XOR
2 1 2247 409 2249 XOR
2 1 2248 2247 2250 XOR
2 1 2248 2249 2251 AND
2 1 2247 2251 2252 XOR
2 1 2182 410 2253 XOR
2 1 2252 410 2254 XOR
2 1 2253 2252 2255 XOR
2 1 2253 2254 2256 AND
2 1 2252 2256 2257 XOR
2 1 2185 411 2258 XOR
2 1 2257 411 2259 XOR
2 1 2258 2257 2260 XOR
2 1 2258 2259 2261 AND
2 1 2257 2261 2262 XOR
2 1 2188 412 2263 XOR
2 1 2262 412 2264 XOR
2 1 2263 2262 2265 XOR
2 1 2263 2264 2266 AND
2 1 2262 2266 2267 XOR
2 1 2191 413 2268 XOR
2 1 2267 413 2269 XOR
2 1 2268 2267 2270 XOR
2 1 2268 2269 2271 AND
2 1 2267 2271 2272 XOR
2 1 2194 414 2273 XOR
2 1 2272 414 2274 XOR
2 1 2273 2272 2275 XOR
2 1 2273 2274 2276 AND
2 1 2272 2276 2277 XOR
2 1 2197 415 2278 XOR
2 1 2277 415 2279 XOR
2 1 2278 2277 2280 XOR
2 1 2278 2279 2281 AND
2 1 2277 2281 2282 XOR
2 1 2200 416 2283 XOR
2 1 2282 416 2284 XOR
2 1 2283 2282 2285 XOR
2 1 2283 2284 2286 AND
2 1 2282 2286 2287 XOR
2 1 2203 417 2288 XOR
2 1 2287 417 2289 XOR
2 1 2288 2287 2290 XOR
2 1 2288 2289 2291 AND
2 1 2287 2291 2292 XOR
2 1 2206 418 2293 XOR
2 1 2292 418 2294 XOR
2 1 2293 2292 2295 XOR
2 1 2293 2294 2296 AND
2 1 2292 2296 2297 XOR
2 1 2209 419 2298 XOR
2 1 2297 419 2299 XOR
2 1 2298 2297 2300 XOR
2 1 2298 2299 2301 AND
2 1 2297 2301 2302 XOR
2 1 2212 420 2303 XOR
2 1 2302 420 2304 XOR
2 1 2303 2302 2305 XOR
2 1 2303 2304 2306 AND
2 1 2302 2306 2307 XOR
2 1 2215 421 2308 XOR
2 1 2307 421 2309 XOR
2 1 2308 2307 2310 XOR
2 1 2308 2309 2311 AND
2 1 2307 2311 2312 XOR
2 1 2218 422 2313 XOR
2 1 2312 422 2314 XOR
2 1 2313 2312 2315 XOR
2 1 2313 2314 2316 AND
2 1 2312 2316 2317 XOR
2 1 2221 423 2318 XOR
2 1 2317 423 2319 XOR
2 1 2318 2317 2320 XOR
2 1 2318 2319 2321 AND
2 1 2317 2321 2322 XOR
2 1 2224 424 2323 XOR
2 1 2322 424 2324 XOR
2 1 2323 2322 2325 XOR
2 1 2323 2324 2326 AND
2 1 2322 2326 2327 XOR
2 1 2327 465 2328 XOR
2 1 2327 465 2329 AND
2 1 2328 2329 2330 XOR
2 1 229 2226 2331 XOR
2 1 2330 2331 2332 AND
2 1 2332 2226 2333 XOR
2 1 2167 2230 2334 XOR
2 1 2330 2334 2335 AND
2 1 2335 2230 2336 XOR
2 1 2170 2235 2337 XOR
2 1 2330 2337 2338 AND
2 1 2338 2235 2339 XOR
2 1 2173 2240 2340 XOR
2 1 2330 2340 2341 AND
2 1 2341 2240 2342 XOR
2 1 2176 2245 2343 XOR
2 1 2330 2343 2344 AND
2 1 2344 2245 2345 XOR
2 1 2179 2250 2346 XOR
2 1 2330 2346 2347 AND
2 1 2347 2250 2348 XOR
2 1 2182 2255 2349 XOR
2 1 2330 2349 2350 AND
2 1 2350 2255 2351 XOR
2 1 2185 2260 2352 XOR
2 1 2330 2352 2353 AND
2 1 2353 2260 2354 XOR
2 1 2188 2265 2355 XOR
2 1 2330 2355 2356 AND
2 1 2356 2265 2357 XOR
2 1 2191 2270 2358 XOR
2 1 2330 2358 2359 AND
2 1 2359 2270 2360 XOR
2 1 2194 2275 2361 XOR
2 1 2330 2361 2362 AND
2 1 2362 2275 2363 XOR
2 1 2197 2280 2364 XOR
2 1 2330 2364 2365 AND
2 1 2365 2280 2366 XOR
2 1 2200 2285 2367 XOR
2 1 2330 2367 2368 AND
2 1 2368 2285 2369 XOR
2 1 2203 2290 2370 XOR
2 1 2330 2370 2371 AND
2 1 2371 2290 2372 XOR
2 1 2206 2295 2373 XOR
2 1 2330 2373 2374 AND
2 1 2374 2295 2375 XOR
2 1 2209 2300 2376 XOR
2 1 2330 2376 2377 AND
2 1 2377 2300 2378 XOR
2 1 2212 2305 2379 XOR
2 1 2330 2379 2380 AND
2 1 2380 2305 2381 XOR
2 1 2215 2310 2382 XOR
2 1 2330 2382 2383 AND
2 1 2383 2310 2384 XOR
2 1 2218 2315 2385 XOR
2 1 2330 2385 2386 AND
2 1 2386 2315 2387 XOR
2 1 2221 2320 2388 XOR
2 1 2330 2388 2389 AND
2 1 2389 2320 2390 XOR
2 1 2224 2325 2391 XOR
2 1 2330 2391 2392 AND
2 1 2392 2325 2393 XOR
1 1 2330 2394 INV
2 1 228 404 2395 XOR
2 1 2395 404 2396 AND
2 1 2333 405 2397 XOR
2 1 2396 405 2398 XOR
2 1 2397 2396 2399 XOR
2 1 2397 2398 2400 AND
2 1 2396 2400 2401 XOR
2 1 2336 406 2402 XOR
2 1 2401 406 2403 XOR
2 1 2402 2401 2404 XOR
2 1 2402 2403 2405 AND
2 1 2401 2405 2406 XOR
2 1 2339 407 2407 XOR
2 1 2406 407 2408 XOR
2 1 2407 2406 2409 XOR
2 1 2407 2408 2410 AND
2 1 2406 2410 2411 XOR
2 1 2342 408 2412 XOR
2 1 2411 408 2413 XOR
2 1 2412 2411 2414 XOR
2 1 2412 2413 2415 AND
2 1 2411 2415 2416 XOR
2 1 2345 409 2417 XOR
2 1 2416 409 2418 XOR
2 1 2417 2416 2419 XOR
2 1 2417 2418 2420 AND
2 1 2416 2420 2421 XOR
2 1 2348 410 2422 XOR
2 1 2421 410 2423 XOR
2 1 2422 2421 2424 XOR
2 1 2422 2423 2425 AND
2 1 2421 2425 2426 XOR
2 1 2351 411 2427 XOR
2 1 2426 411 2428 XOR
2 1 2427 2426 2429 XOR
2 1 2427 2428 2430 AND
2 1 2426 2430 2431 XOR
2 1 2354 412 2432 XOR
2 1 2431 412 2433 XOR
2 1 2432 2431 2434 XOR
2 1 2432 2433 2435 AND
2 1 2431 2435 2436 XOR
2 1 2357 413 2437 XOR
2 1 2436 413 2438 XOR
2 1 2437 2436 2439 XOR
2 1 2437 2438 2440 AND
2 1 2436 2440 2441 XOR
2 1 2360 414 2442 XOR
2 1 2441 414 2443 XOR
2 1 2442 2441 2444 XOR
2 1 2442 2443 2445 AND
2 1 2441 2445 2446 XOR
2 1 2363 415 2447 XOR
2 1 2446 415 2448 XOR
2 1 2447 2446 2449 XOR
2 1 2447 2448 2450 AND
2 1 2446 2450 2451 XOR
2 1 2366 416 2452 XOR
2 1 2451 416 2453 XOR
2 1 2452 2451 2454 XOR
2 1 2452 2453 2455 AND
2 1 2451 2455 2456 XOR
2 1 2369 417 2457 XOR
2 1 2456 417 2458 XOR
2 1 2457 2456 2459 XOR
2 1 2457 2458 2460 AND
2 1 2456 2460 2461 XOR
2 1 2372 418 2462 XOR
2 1 2461 418 2463 XOR
2 1 2462 2461 2464 XOR
2 1 2462 2463 2465 AND
2 1 2461 2465 2466 XOR
2 1 2375 419 2467 XOR
2 1 2466 419 2468 XOR
2 1 2467 2466 2469 XOR
2 1 2467 2468 2470 AND
2 1 2466 2470 2471 XOR
2 1 2378 420 2472 XOR
2 1 2471 420 2473 XOR
2 1 2472 2471 2474 XOR
2 1 2472 2473 2475 AND
2 1 2471 2475 2476 XOR
2 1 2381 421 2477 XOR
2 1 2476 421 2478 XOR
2 1 2477 2476 2479 XOR
2 1 2477 2478 2480 AND
2 1 2476 2480 2481 XOR
2 1 2384 422 2482 XOR
2 1 2481 422 2483 XOR
2 1 2482 2481 2484 XOR
2 1 2482 2483 2485 AND
2 1 2481 2485 2486 XOR
2 1 2387 423 2487 XOR
2 1 2486 423 2488 XOR
2 1 2487 2486 2489 XOR
2 1 2487 2488 2490 AND
2 1 2486 2490 2491 XOR
2 1 2390 424 2492 XOR
2 1 2491 424 2493 XOR
2 1 2492 2491 2494 XOR
2 1 2492 2493 2495 AND
2 1 2491 2495 2496 XOR
2 1 2393 425 2497 XOR
2 1 2496 425 2498 XOR
2 1 2497 2496 2499 XOR
2 1 2497 2498 2500 AND
2 1 2496 2500 2501 XOR
2 1 2501 462 2502 XOR
2 1 2501 462 2503 AND
2 1 2502 2503 2504 XOR
2 1 228 2395 2505 XOR
2 1 2504 2505 2506 AND
2 1 2506 2395 2507 XOR
2 1 2333 2399 2508 XOR
2 1 2504 2508 2509 AND
2 1 2509 2399 2510 XOR
2 1 2336 2404 2511 XOR
2 1 2504 2511 2512 AND
2 1 2512 2404 2513 XOR
2 1 2339 2409 2514 XOR
2 1 2504 2514 2515 AND
2 1 2515 2409 2516 XOR
2 1 2342 2414 2517 XOR
2 1 2504 2517 2518 AND
2 1 2518 2414 2519 XOR
2 1 2345 2419 2520 XOR
2 1 2504 2520 2521 AND
2 1 2521 2419 2522 XOR
2 1 2348 2424 2523 XOR
2 1 2504 2523 2524 AND
2 1 2524 2424 2525 XOR
2 1 2351 2429 2526 XOR
2 1 2504 2526 2527 AND
2 1 2527 2429 2528 XOR
2 1 2354 2434 2529 XOR
2 1 2504 2529 2530 AND
2 1 2530 2434 2531 XOR
2 1 2357 2439 2532 XOR
2 1 2504 2532 2533 AND
2 1 2533 2439 2534 XOR
2 1 2360 2444 2535 XOR
2 1 2504 2535 2536 AND
2 1 2536 2444 2537 XOR
2 1 2363 2449 2538 XOR
2 1 2504 2538 2539 AND
2 1 2539 2449 2540 XOR
2 1 2366 2454 2541 XOR
2 1 2504 2541 2542 AND
2 1 2542 2454 2543 XOR
2 1 2369 2459 2544 XOR
2 1 2504 2544 2545 AND
2 1 2545 2459 2546 XOR
2 1 2372 2464 2547 XOR
2 1 2504 2547 2548 AND
2 1 2548 2464 2549 XOR
2 1 2375 2469 2550 XOR
2 1 2504 2550 2551 AND
2 1 2551 2469 2552 XOR
2 1 2378 2474 2553 XOR
2 1 2504 2553 2554 AND
2 1 2554 2474 2555 XOR
2 1 2381 2479 2556 XOR
2 1 2504 2556 2557 AND
2 1 2557 2479 2558 XOR
2 1 2384 2484 2559 XOR
2 1 2504 2559 2560 AND
2 1 2560 2484 2561 XOR
2 1 2387 2489 2562 XOR
2 1 2504 2562 2563 AND
2 1 2563 2489 2564 XOR
2 1 2390 2494 2565 XOR
2 1 2504 2565 2566 AND
2 1 2566 2494 2567 XOR
2 1 2393 2499 2568 XOR
2 1 2504 2568 2569 AND
2 1 2569 2499 2570 XOR
1 1 2504 2571 INV
2 1 227 404 2572 XOR
2 1 2572 404 2573 AND
2 1 2507 405 2574 XOR
2 1 2573 405 2575 XOR
2 1 2574 2573 2576 XOR
2 1 2574 2575 2577 AND
2 1 2573 2577 2578 XOR
2 1 2510 406 2579 XOR
2 1 2578 406 2580 XOR
2 1 2579 2578 2581 XOR
2 1 2579 2580 2582 AND
2 1 2578 2582 2583 XOR
2 1 2513 407 2584 XOR
2 1 2583 407 2585 XOR
2 1 2584 2583 2586 XOR
2 1 2584 2585 2587 AND
2 1 2583 2587 2588 XOR
2 1 2516 408 2589 XOR
2 1 2588 408 2590 XOR
2 1 2589 2588 2591 XOR
2 1 2589 2590 2592 AND
2 1 2588 2592 2593 XOR
2 1 2519 409 2594 XOR
2 1 2593 409 2595 XOR
2 1 2594 2593 2596 XOR
2 1 2594 2595 2597 AND
2 1 2593 2597 2598 XOR
2 1 2522 410 2599 XOR
2 1 2598 410 2600 XOR
2 1 2599 2598 2601 XOR
2 1 2599 2600 2602 AND
2 1 2598 2602 2603 XOR
2 1 2525 411 2604 XOR
2 1 2603 411 2605 XOR
2 1 2604 2603 2606 XOR
2 1 2604 2605 2607 AND
2 1 2603 2607 2608 XOR
2 1 2528 412 2609 XOR
2 1 2608 412 2610 XOR
2 1 2609 2608 2611 XOR
2 1 2609 2610 2612 AND
2 1 2608 2612 2613 XOR
2 1 2531 413 2614 XOR
2 1 2613 413 2615 XOR
2 1 2614 2613 2616 XOR
2 1 2614 2615 2617 AND
2 1 2613 2617 2618 XOR
2 1 2534 414 2619 XOR
2 1 2618 414 2620 XOR
2 1 2619 2618 2621 XOR
2 1 2619 2620 2622 AND
2 1 2618 2622 2623 XOR
2 1 2537 415 2624 XOR
2 1 2623 415 2625 XOR
2 1 2624 2623 2626 XOR
2 1 2624 2625 2627 AND
2 1 2623 2627 2628 XOR
2 1 2540 416 2629 XOR
2 1 2628 416 2630 XOR
2 1 2629 2628 2631 XOR
2 1 2629 2630 2632 AND
2 1 2628 2632 2633 XOR
2 1 2543 417 2634 XOR
2 1 2633 417 2635 XOR
2 1 2634 2633 2636 XOR
2 1 2634 2635 2637 AND
2 1 2633 2637 2638 XOR
2 1 2546 418 2639 XOR
2 1 2638 418 2640 XOR
2 1 2639 2638 2641 XOR
2 1 2639 2640 2642 AND
2 1 2638 2642 2643 XOR
2 1 2549 419 2644 XOR
2 1 2643 419 2645 XOR
2 1 2644 2643 2646 XOR
2 1 2644 2645 2647 AND
2 1 2643 2647 2648 XOR
2 1 2552 420 2649 XOR
2 1 2648 420 2650 XOR
2 1 2649 2648 2651 XOR
2 1 2649 2650 2652 AND
2 1 2648 2652 2653 XOR
2 1 2555 421 2654 XOR
2 1 2653 421 2655 XOR
2 1 2654 2653 2656 XOR
2 1 2654 2655 2657 AND
2 1 2653 2657 2658 XOR
2 1 2558 422 2659 XOR
2 1 2658 422 2660 XOR
2 1 2659 2658 2661 XOR
2 1 2659 2660 2662 AND
2 1 2658 2662 2663 XOR
2 1 2561 423 2664 XOR
2 1 2663 423 2665 XOR
2 1 2664 2663 2666 XOR
2 1 2664 2665 2667 AND
2 1 2663 2667 2668 XOR
2 1 2564 424 2669 XOR
2 1 2668 424 2670 XOR
2 1 2669 2668 2671 XOR
2 1 2669 2670 2672 AND
2 1 2668 2672 2673 XOR
2 1 2567 425 2674 XOR
2 1 2673 425 2675 XOR
2 1 2674 2673 2676 XOR
2 1 2674 2675 2677 AND
2 1 2673 2677 2678 XOR
2 1 2570 426 2679 XOR
2 1 2678 426 2680 XOR
2 1 2679 2678 2681 XOR
2 1 2679 2680 2682 AND
2 1 2678 2682 2683 XOR
2 1 2683 459 2684 XOR
2 1 2683 459 2685 AND
2 1 2684 2685 2686 XOR
2 1 227 2572 2687 XOR
2 1 2686 2687 2688 AND
2 1 2688 2572 2689 XOR
2 1 2507 2576 2690 XOR
2 1 2686 2690 2691 AND
2 1 2691 2576 2692 XOR
2 1 2510 2581 2693 XOR
2 1 2686 2693 2694 AND
2 1 2694 2581 2695 XOR
2 1 2513 2586 2696 XOR
2 1 2686 2696 2697 AND
2 1 2697 2586 2698 XOR
2 1 2516 2591 2699 XOR
2 1 2686 2699 2700 AND
2 1 2700 2591 2701 XOR
2 1 2519 2596 2702 XOR
2 1 2686 2702 2703 AND
2 1 2703 2596 2704 XOR
2 1 2522 2601 2705 XOR
2 1 2686 2705 2706 AND
2 1 2706 2601 2707 XOR
2 1 2525 2606 2708 XOR
2 1 2686 2708 2709 AND
2 1 2709 2606 2710 XOR
2 1 2528 2611 2711 XOR
2 1 2686 2711 2712 AND
2 1 2712 2611 2713 XOR
2 1 2531 2616 2714 XOR
2 1 2686 2714 2715 AND
2 1 2715 2616 2716 XOR
2 1 2534 2621 2717 XOR
2 1 2686 2717 2718 AND
2 1 2718 2621 2719 XOR
2 1 2537 2626 2720 XOR
2 1 2686 2720 2721 AND
2 1 2721 2626 2722 XOR
2 1 2540 2631 2723 XOR
2 1 2686 2723 2724 AND
2 1 2724 2631 2725 XOR
2 1 2543 2636 2726 XOR
2 1 2686 2726 2727 AND
2 1 2727 2636 2728 XOR
2 1 2546 2641 2729 XOR
2 1 2686 2729 2730 AND
2 1 2730 2641 2731 XOR
2 1 2549 2646 2732 XOR
2 1 2686 2732 2733 AND
2 1 2733 2646 2734 XOR
2 1 2552 2651 2735 XOR
2 1 2686 2735 2736 AND
2 1 2736 2651 2737 XOR
2 1 2555 2656 2738 XOR
2 1 2686 2738 2739 AND
2 1 2739 2656 2740 XOR
2 1 2558 2661 2741 XOR
2 1 2686 2741 2742 AND
2 1 2742 2661 2743 XOR
2 1 2561 2666 2744 XOR
2 1 2686 2744 2745 AND
2 1 2745 2666 2746 XOR
2 1 2564 2671 2747 XOR
2 1 2686 2747 2748 AND
2 1 2748 2671 2749 XOR
2 1 2567 2676 2750 XOR
2 1 2686 2750 2751 AND
2 1 2751 2676 2752 XOR
2 1 2570 2681 2753 XOR
2 1 2686 2753 2754 AND
2 1 2754 2681 2755 XOR
1 1 2686 2756 INV
2 1 226 404 2757 XOR
2 1 2757 404 2758 AND
2 1 2689 405 2759 XOR
2 1 2758 405 2760 XOR
2 1 2759 2758 2761 XOR
2 1 2759 2760 2762 AND
2 1 2758 2762 2763 XOR
2 1 2692 406 2764 XOR
2 1 2763 406 2765 XOR
2 1 2764 2763 2766 XOR
2 1 2764 2765 2767 AND
2 1 2763 2767 2768 XOR
2 1 2695 407 2769 XOR
2 1 2768 407 2770 XOR
2 1 2769 2768 2771 XOR
2 1 2769 2770 2772 AND
2 1 2768 2772 2773 XOR
2 1 2698 408 2774 XOR
2 1 2773 408 2775 XOR
2 1 2774 2773 2776 XOR
2 1 2774 2775 2777 AND
2 1 2773 2777 2778 XOR
2 1 2701 409 2779 XOR
2 1 2778 409 2780 XOR
2 1 2779 2778 2781 XOR
2 1 2779 2780 2782 AND
2 1 2778 2782 2783 XOR
2 1 2704 410 2784 XOR
2 1 2783 410 2785 XOR
2 1 2784 2783 2786 XOR
2 1 2784 2785 2787 AND
2 1 2783 2787 2788 XOR
2 1 2707 411 2789 XOR
2 1 2788 411 2790 XOR
2 1 2789 2788 2791 XOR
2 1 2789 2790 2792 AND
2 1 2788 2792 2793 XOR
2 1 2710 412 2794 XOR
2 1 2793 412 2795 XOR
2 1 2794 2793 2796 XOR
2 1 2794 2795 2797 AND
2 1 2793 2797 2798 XOR
2 1 2713 413 2799 XOR
2 1 2798 413 2800 XOR
2 1 2799 2798 2801 XOR
2 1 2799 2800 2802 AND
2 1 2798 2802 2803 XOR
2 1 2716 414 2804 XOR
2 1 2803 414 2805 XOR
2 1 2804 2803 2806 XOR
2 1 2804 2805 2807 AND
2 1 2803 2807 2808 XOR
2 1 2719 415 2809 XOR
2 1 2808 415 2810 XOR
2 1 2809 2808 2811 XOR
2 1 2809 2810 2812 AND
2 1 2808 2812 2813 XOR
2 1 2722 416 2814 XOR
2 1 2813 416 2815 XOR
2 1 2814 2813 2816 XOR
2 1 2814 2815 2817 AND
2 1 2813 2817 2818 XOR
2 1 2725 417 2819 XOR
2 1 2818 417 2820 XOR
2 1 2819 2818 2821 XOR
2 1 2819 2820 2822 AND
2 1 2818 2822 2823 XOR
2 1 2728 418 2824 XOR
2 1 2823 418 2825 XOR
2 1 2824 2823 2826 XOR
2 1 2824 2825 2827 AND
2 1 2823 2827 2828 XOR
2 1 2731 419 2829 XOR
2 1 2828 419 2830 XOR
2 1 2829 2828 2831 XOR
2 1 2829 2830 2832 AND
2 1 2828 2832 2833 XOR
2 1 2734 420 2834 XOR
2 1 2833 420 2835 XOR
2 1 2834 2833 2836 XOR
2 1 2834 2835 2837 AND
2 1 2833 2837 2838 XOR
2 1 2737 421 2839 XOR
2 1 2838 421 2840 XOR
2 1 2839 2838 2841 XOR
2 1 2839 2840 2842 AND
2 1 2838 2842 2843 XOR
2 1 2740 422 2844 XOR
2 1 2843 422 2845 XOR
2 1 2844 2843 2846 XOR
2 1 2844 2845 2847 AND
2 1 2843 2847 2848 XOR
2 1 2743 423 2849 XOR
2 1 2848 423 2850 XOR
2 1 2849 2848 2851 XOR
2 1 2849 2850 2852 AND
2 1 2848 2852 2853 XOR
2 1 2746 424 2854 XOR
2 1 2853 424 2855 XOR
2 1 2854 2853 2856 XOR
2 1 2854 2855 2857 AND
2 1 2853 2857 2858 XOR
2 1 2749 425 2859 XOR
2 1 2858 425 2860 XOR
2 1 2859 2858 2861 XOR
2 1 2859 2860 2862 AND
2 1 2858 2862 2863 XOR
2 1 2752 426 2864 XOR
2 1 2863 426 2865 XOR
2 1 2864 2863 2866 XOR
2 1 2864 2865 2867 AND
2 1 2863 2867 2868 XOR
2 1 2755 427 2869 XOR
2 1 2868 427 2870 XOR
2 1 2869 2868 2871 XOR
2 1 2869 2870 2872 AND
2 1 2868 2872 2873 XOR
2 1 2873 456 2874 XOR
2 1 2873 456 2875 AND
2 1 2874 2875 2876 XOR
2 1 226 2757 2877 XOR
2 1 2876 2877 2878 AND
2 1 2878 2757 2879 XOR
2 1 2689 2761 2880 XOR
2 1 2876 2880 2881 AND
2 1 2881 2761 2882 XOR
2 1 2692 2766 2883 XOR
2 1 2876 2883 2884 AND
2 1 2884 2766 2885 XOR
2 1 2695 2771 2886 XOR
2 1 2876 2886 2887 AND
2 1 2887 2771 2888 XOR
2 1 2698 2776 2889 XOR
2 1 2876 2889 2890 AND
2 1 2890 2776 2891 XOR
2 1 2701 2781 2892 XOR
2 1 2876 2892 2893 AND
2 1 2893 2781 2894 XOR
2 1 2704 2786 2895 XOR
2 1 2876 2895 2896 AND
2 1 2896 2786 2897 XOR
2 1 2707 2791 2898 XOR
2 1 2876 2898 2899 AND
2 1 2899 2791 2900 XOR
2 1 2710 2796 2901 XOR
2 1 2876 2901 2902 AND
2 1 2902 2796 2903 XOR
2 1 2713 2801 2904 XOR
2 1 2876 2904 2905 AND
2 1 2905 2801 2906 XOR
2 1 2716 2806 2907 XOR
2 1 2876 2907 2908 AND
2 1 2908 2806 2909 XOR
2 1 2719 2811 2910 XOR
2 1 2876 2910 2911 AND
2 1 2911 2811 2912 XOR
2 1 2722 2816 2913 XOR
2 1 2876 2913 2914 AND
2 1 2914 2816 2915 XOR
2 1 2725 2821 2916 XOR
2 1 2876 2916 2917 AND
2 1 2917 2821 2918 XOR
2 1 2728 2826 2919 XOR
2 1 2876 2919 2920 AND
2 1 2920 2826 2921 XOR
2 1 2731 2831 2922 XOR
2 1 2876 2922 2923 AND
2 1 2923 2831 2924 XOR
2 1 2734 2836 2925 XOR
2 1 2876 2925 2926 AND
2 1 2926 2836 2927 XOR
2 1 2737 2841 2928 XOR
2 1 2876 2928 2929 AND
2 1 2929 2841 2930 XOR
2 1 2740 2846 2931 XOR
2 1 2876 2931 2932 AND
2 1 2932 2846 2933 XOR
2 1 2743 2851 2934 XOR
2 1 2876 2934 2935 AND
2 1 2935 2851 2936 XOR
2 1 2746 2856 2937 XOR
2 1 2876 2937 2938 AND
2 1 2938 2856 2939 XOR
2 1 2749 2861 2940 XOR
2 1 2876 2940 2941 AND
2 1 2941 2861 2942 XOR
2 1 2752 2866 2943 XOR
2 1 2876 2943 2944 AND
2 1 2944 2866 2945 XOR
2 1 2755 2871 2946 XOR
2 1 2876 2946 2947 AND
2 1 2947 2871 2948 XOR
1 1 2876 2949 INV
2 1 225 404 2950 XOR
2 1 2950 404 2951 AND
2 1 2879 405 2952 XOR
2 1 2951 405 2953 XOR
2 1 2952 2951 2954 XOR
2 1 2952 2953 2955 AND
2 1 2951 2955 2956 XOR
2 1 2882 406 2957 XOR
2 1 2956 406 2958 XOR
2 1 2957 2956 2959 XOR
2 1 2957 2958 2960 AND
2 1 2956 2960 2961 XOR
2 1 2885 407 2962 XOR
2 1 2961 407 2963 XOR
2 1 2962 2961 2964 XOR
2 1 2962 2963 2965 AND
2 1 2961 2965 2966 XOR
2 1 2888 408 2967 XOR
2 1 2966 408 2968 XOR
2 1 2967 2966 2969 XOR
2 1 2967 2968 2970 AND
2 1 2966 2970 2971 XOR
2 1 2891 409 2972 XOR
2 1 2971 409 2973 XOR
2 1 2972 2971 2974 XOR
2 1 2972 2973 2975 AND
2 1 2971 2975 2976 XOR
2 1 2894 410 2977 XOR
2 1 2976 410 2978 XOR
2 1 2977 2976 2979 XOR
2 1 2977 2978 2980 AND
2 1 2976 2980 2981 XOR
2 1 2897 411 2982 XOR
2 1 2981 411 2983 XOR
2 1 2982 2981 2984 XOR
2 1 2982 2983 2985 AND
2 1 2981 2985 2986 XOR
2 1 2900 412 2987 XOR
2 1 2986 412 2988 XOR
2 1 2987 2986 2989 XOR
2 1 2987 2988 2990 AND
2 1 2986 2990 2991 XOR
2 1 2903 413 2992 XOR
2 1 2991 413 2993 XOR
2 1 2992 2991 2994 XOR
2 1 2992 2993 2995 AND
2 1 2991 2995 2996 XOR
2 1 2906 414 2997 XOR
2 1 2996 414 2998 XOR
2 1 2997 2996 2999 XOR
2 1 2997 2998 3000 AND
2 1 2996 3000 3001 XOR
2 1 2909 415 3002 XOR
2 1 3001 415 3003 XOR
2 1 3002 3001 3004 XOR
2 1 3002 3003 3005 AND
2 1 3001 3005 3006 XOR
2 1 2912 416 3007 XOR
2 1 3006 416 3008 XOR
2 1 3007 3006 3009 XOR
2 1 3007 3008 3010 AND
2 1 3006 3010 3011 XOR
2 1 2915 417 3012 XOR
2 1 3011 417 3013 XOR
2 1 3012 3011 3014 XOR
2 1 3012 3013 3015 AND
2 1 3011 3015 3016 XOR
2 1 2918 418 3017 XOR
2 1 3016 418 3018 XOR
2 1 3017 3016 3019 XOR
2 1 3017 3018 3020 AND
2 1 3016 3020 3021 XOR
2 1 2921 419 3022 XOR
2 1 3021 419 3023 XOR
2 1 3022 3021 3024 XOR
2 1 3022 3023 3025 AND
2 1 3021 3025 3026 XOR
2 1 2924 420 3027 XOR
2 1 3026 420 3028 XOR
2 1 3027 3026 3029 XOR
2 1 3027 3028 3030 AND
2 1 3026 3030 3031 XOR
2 1 2927 421 3032 XOR
2 1 3031 421 3033 XOR
2 1 3032 3031 3034 XOR
2 1 3032 3033 3035 AND
2 1 3031 3035 3036 XOR
2 1 2930 422 3037 XOR
2 1 3036 422 3038 XOR
2 1 3037 3036 3039 XOR
2 1 3037 3038 3040 AND
2 1 3036 3040 3041 XOR
2 1 2933 423 3042 XOR
2 1 3041 423 3043 XOR
2 1 3042 3041 3044 XOR
2 1 3042 3043 3045 AND
2 1 3041 3045 3046 XOR
2 1 2936 424 3047 XOR
2 1 3046 424 3048 XOR
2 1 3047 3046 3049 XOR
2 1 3047 3048 3050 AND
2 1 3046 3050 3051 XOR
2 1 2939 425 3052 XOR
2 1 3051 425 3053 XOR
2 1 3052 3051 3054 XOR
2 1 3052 3053 3055 AND
2 1 3051 3055 3056 XOR
2 1 2942 426 3057 XOR
2 1 3056 426 3058 XOR
2 1 3057 3056 3059 XOR
2 1 3057 3058 3060 AND
2 1 3056 3060 3061 XOR
2 1 2945 427 3062 XOR
2 1 3061 427 3063 XOR
2 1 3062 3061 3064 XOR
2 1 3062 3063 3065 AND
2 1 3061 3065 3066 XOR
2 1 2948 428 3067 XOR
2 1 3066 428 3068 XOR
2 1 3067 3066 3069 XOR
2 1 3067 3068 3070 AND
2 1 3066 3070 3071 XOR
2 1 3071 453 3072 XOR
2 1 3071 453 3073 AND
2 1 3072 3073 3074 XOR
2 1 225 2950 3075 XOR
2 1 3074 3075 3076 AND
2 1 3076 2950 3077 XOR
2 1 2879 2954 3078 XOR
2 1 3074 3078 3079 AND
2 1 3079 2954 3080 XOR
2 1 2882 2959 3081 XOR
2 1 3074 3081 3082 AND
2 1 3082 2959 3083 XOR
2 1 2885 2964 3084 XOR
2 1 3074 3084 3085 AND
2 1 3085 2964 3086 XOR
2 1 2888 2969 3087 XOR
2 1 3074 3087 3088 AND
2 1 3088 2969 3089 XOR
2 1 2891 2974 3090 XOR
2 1 3074 3090 3091 AND
2 1 3091 2974 3092 XOR
2 1 2894 2979 3093 XOR
2 1 3074 3093 3094 AND
2 1 3094 2979 3095 XOR
2 1 2897 2984 3096 XOR
2 1 3074 3096 3097 AND
2 1 3097 2984 3098 XOR
2 1 2900 2989 3099 XOR
2 1 3074 3099 3100 AND
2 1 3100 2989 3101 XOR
2 1 2903 2994 3102 XOR
2 1 3074 3102 3103 AND
2 1 3103 2994 3104 XOR
2 1 2906 2999 3105 XOR
2 1 3074 3105 3106 AND
2 1 3106 2999 3107 XOR
2 1 2909 3004 3108 XOR
2 1 3074 3108 3109 AND
2 1 3109 3004 3110 XOR
2 1 2912 3009 3111 XOR
2 1 3074 3111 3112 AND
2 1 3112 3009 3113 XOR
2 1 2915 3014 3114 XOR
2 1 3074 3114 3115 AND
2 1 3115 3014 3116 XOR
2 1 2918 3019 3117 XOR
2 1 3074 3117 3118 AND
2 1 3118 3019 3119 XOR
2 1 2921 3024 3120 XOR
2 1 3074 3120 3121 AND
2 1 3121 3024 3122 XOR
2 1 2924 3029 3123 XOR
2 1 3074 3123 3124 AND
2 1 3124 3029 3125 XOR
2 1 2927 3034 3126 XOR
2 1 3074 3126 3127 AND
2 1 3127 3034 3128 XOR
2 1 2930 3039 3129 XOR
2 1 3074 3129 3130 AND
2 1 3130 3039 3131 XOR
2 1 2933 3044 3132 XOR
2 1 3074 3132 3133 AND
2 1 3133 3044 3134 XOR
2 1 2936 3049 3135 XOR
2 1 3074 3135 3136 AND
2 1 3136 3049 3137 XOR
2 1 2939 3054 3138 XOR
2 1 3074 3138 3139 AND
2 1 3139 3054 3140 XOR
2 1 2942 3059 3141 XOR
2 1 3074 3141 3142 AND
2 1 3142 3059 3143 XOR
2 1 2945 3064 3144 XOR
2 1 3074 3144 3145 AND
2 1 3145 3064 3146 XOR
2 1 2948 3069 3147 XOR
2 1 3074 3147 3148 AND
2 1 3148 3069 3149 XOR
1 1 3074 3150 INV
2 1 224 404 3151 XOR
2 1 3151 404 3152 AND
2 1 3077 405 3153 XOR
2 1 3152 405 3154 XOR
2 1 3153 3152 3155 XOR
2 1 3153 3154 3156 AND
2 1 3152 3156 3157 XOR
2 1 3080 406 3158 XOR
2 1 3157 406 3159 XOR
2 1 3158 3157 3160 XOR
2 1 3158 3159 3161 AND
2 1 3157 3161 3162 XOR
2 1 3083 407 3163 XOR
2 1 3162 407 3164 XOR
2 1 3163 3162 3165 XOR
2 1 3163 3164 3166 AND
2 1 3162 3166 3167 XOR
2 1 3086 408 3168 XOR
2 1 3167 408 3169 XOR
2 1 3168 3167 3170 XOR
2 1 3168 3169 3171 AND
2 1 3167 3171 3172 XOR
2 1 3089 409 3173 XOR
2 1 3172 409 3174 XOR
2 1 3173 3172 3175 XOR
2 1 3173 3174 3176 AND
2 1 3172 3176 3177 XOR
2 1 3092 410 3178 XOR
2 1 3177 410 3179 XOR
2 1 3178 3177 3180 XOR
2 1 3178 3179 3181 AND
2 1 3177 3181 3182 XOR
2 1 3095 411 3183 XOR
2 1 3182 411 3184 XOR
2 1 3183 3182 3185 XOR
2 1 3183 3184 3186 AND
2 1 3182 3186 3187 XOR
2 1 3098 412 3188 XOR
2 1 3187 412 3189 XOR
2 1 3188 3187 3190 XOR
2 1 3188 3189 3191 AND
2 1 3187 3191 3192 XOR
2 1 3101 413 3193 XOR
2 1 3192 413 3194 XOR
2 1 3193 3192 3195 XOR
2 1 3193 3194 3196 AND
2 1 3192 3196 3197 XOR
2 1 3104 414 3198 XOR
2 1 3197 414 3199 XOR
2 1 3198 3197 3200 XOR
2 1 3198 3199 3201 AND
2 1 3197 3201 3202 XOR
2 1 3107 415 3203 XOR
2 1 3202 415 3204 XOR
2 1 3203 3202 3205 XOR
2 1 3203 3204 3206 AND
2 1 3202 3206 3207 XOR
2 1 3110 416 3208 XOR
2 1 3207 416 3209 XOR
2 1 3208 3207 3210 XOR
2 1 3208 3209 3211 AND
2 1 3207 3211 3212 XOR
2 1 3113 417 3213 XOR
2 1 3212 417 3214 XOR
2 1 3213 3212 3215 XOR
2 1 3213 3214 3216 AND
2 1 3212 3216 3217 XOR
2 1 3116 418 3218 XOR
2 1 3217 418 3219 XOR
2 1 3218 3217 3220 XOR
2 1 3218 3219 3221 AND
2 1 3217 3221 3222 XOR
2 1 3119 419 3223 XOR
2 1 3222 419 3224 XOR
2 1 3223 3222 3225 XOR
2 1 3223 3224 3226 AND
2 1 3222 3226 3227 XOR
2 1 3122 420 3228 XOR
2 1 3227 420 3229 XOR
2 1 3228 3227 3230 XOR
2 1 3228 3229 3231 AND
2 1 3227 3231 3232 XOR
2 1 3125 421 3233 XOR
2 1 3232 421 3234 XOR
2 1 3233 3232 3235 XOR
2 1 3233 3234 3236 AND
2 1 3232 3236 3237 XOR
2 1 3128 422 3238 XOR
2 1 3237 422 3239 XOR
2 1 3238 3237 3240 XOR
2 1 3238 3239 3241 AND
2 1 3237 3241 3242 XOR
2 1 3131 423 3243 XOR
2 1 3242 423 3244 XOR
2 1 3243 3242 3245 XOR
2 1 3243 3244 3246 AND
2 1 3242 3246 3247 XOR
2 1 3134 424 3248 XOR
2 1 3247 424 3249 XOR
2 1 3248 3247 3250 XOR
2 1 3248 3249 3251 AND
2 1 3247 3251 3252 XOR
2 1 3137 425 3253 XOR
2 1 3252 425 3254 XOR
2 1 3253 3252 3255 XOR
2 1 3253 3254 3256 AND
2 1 3252 3256 3257 XOR
2 1 3140 426 3258 XOR
2 1 3257 426 3259 XOR
2 1 3258 3257 3260 XOR
2 1 3258 3259 3261 AND
2 1 3257 3261 3262 XOR
2 1 3143 427 3263 XOR
2 1 3262 427 3264 XOR
2 1 3263 3262 3265 XOR
2 1 3263 3264 3266 AND
2 1 3262 3266 3267 XOR
2 1 3146 428 3268 XOR
2 1 3267 428 3269 XOR
2 1 3268 3267 3270 XOR
2 1 3268 3269 3271 AND
2 1 3267 3271 3272 XOR
2 1 3149 429 3273 XOR
2 1 3272 429 3274 XOR
2 1 3273 3272 3275 XOR
2 1 3273 3274 3276 AND
2 1 3272 3276 3277 XOR
2 1 3277 450 3278 XOR
2 1 3277 450 3279 AND
2 1 3278 3279 3280 XOR
2 1 224 3151 3281 XOR
2 1 3280 3281 3282 AND
2 1 3282 3151 3283 XOR
2 1 3077 3155 3284 XOR
2 1 3280 3284 3285 AND
2 1 3285 3155 3286 XOR
2 1 3080 3160 3287 XOR
2 1 3280 3287 3288 AND
2 1 3288 3160 3289 XOR
2 1 3083 3165 3290 XOR
2 1 3280 3290 3291 AND
2 1 3291 3165 3292 XOR
2 1 3086 3170 3293 XOR
2 1 3280 3293 3294 AND
2 1 3294 3170 3295 XOR
2 1 3089 3175 3296 XOR
2 1 3280 3296 3297 AND
2 1 3297 3175 3298 XOR
2 1 3092 3180 3299 XOR
2 1 3280 3299 3300 AND
2 1 3300 3180 3301 XOR
2 1 3095 3185 3302 XOR
2 1 3280 3302 3303 AND
2 1 3303 3185 3304 XOR
2 1 3098 3190 3305 XOR
2 1 3280 3305 3306 AND
2 1 3306 3190 3307 XOR
2 1 3101 3195 3308 XOR
2 1 3280 3308 3309 AND
2 1 3309 3195 3310 XOR
2 1 3104 3200 3311 XOR
2 1 3280 3311 3312 AND
2 1 3312 3200 3313 XOR
2 1 3107 3205 3314 XOR
2 1 3280 3314 3315 AND
2 1 3315 3205 3316 XOR
2 1 3110 3210 3317 XOR
2 1 3280 3317 3318 AND
2 1 3318 3210 3319 XOR
2 1 3113 3215 3320 XOR
2 1 3280 3320 3321 AND
2 1 3321 3215 3322 XOR
2 1 3116 3220 3323 XOR
2 1 3280 3323 3324 AND
2 1 3324 3220 3325 XOR
2 1 3119 3225 3326 XOR
2 1 3280 3326 3327 AND
2 1 3327 3225 3328 XOR
2 1 3122 3230 3329 XOR
2 1 3280 3329 3330 AND
2 1 3330 3230 3331 XOR
2 1 3125 3235 3332 XOR
2 1 3280 3332 3333 AND
2 1 3333 3235 3334 XOR
2 1 3128 3240 3335 XOR
2 1 3280 3335 3336 AND
2 1 3336 3240 3337 XOR
2 1 3131 3245 3338 XOR
2 1 3280 3338 3339 AND
2 1 3339 3245 3340 XOR
2 1 3134 3250 3341 XOR
2 1 3280 3341 3342 AND
2 1 3342 3250 3343 XOR
2 1 3137 3255 3344 XOR
2 1 3280 3344 3345 AND
2 1 3345 3255 3346 XOR
2 1 3140 3260 3347 XOR
2 1 3280 3347 3348 AND
2 1 3348 3260 3349 XOR
2 1 3143 3265 3350 XOR
2 1 3280 3350 3351 AND
2 1 3351 3265 3352 XOR
2 1 3146 3270 3353 XOR
2 1 3280 3353 3354 AND
2 1 3354 3270 3355 XOR
2 1 3149 3275 3356 XOR
2 1 3280 3356 3357 AND
2 1 3357 3275 3358 XOR
1 1 3280 3359 INV
2 1 223 404 3360 XOR
2 1 3360 404 3361 AND
2 1 3283 405 3362 XOR
2 1 3361 405 3363 XOR
2 1 3362 3361 3364 XOR
2 1 3362 3363 3365 AND
2 1 3361 3365 3366 XOR
2 1 3286 406 3367 XOR
2 1 3366 406 3368 XOR
2 1 3367 3366 3369 XOR
2 1 3367 3368 3370 AND
2 1 3366 3370 3371 XOR
2 1 3289 407 3372 XOR
2 1 3371 407 3373 XOR
2 1 3372 3371 3374 XOR
2 1 3372 3373 3375 AND
2 1 3371 3375 3376 XOR
2 1 3292 408 3377 XOR
2 1 3376 408 3378 XOR
2 1 3377 3376 3379 XOR
2 1 3377 3378 3380 AND
2 1 3376 3380 3381 XOR
2 1 3295 409 3382 XOR
2 1 3381 409 3383 XOR
2 1 3382 3381 3384 XOR
2 1 3382 3383 3385 AND
2 1 3381 3385 3386 XOR
2 1 3298 410 3387 XOR
2 1 3386 410 3388 XOR
2 1 3387 3386 3389 XOR
2 1 3387 3388 3390 AND
2 1 3386 3390 3391 XOR
2 1 3301 411 3392 XOR
2 1 3391 411 3393 XOR
2 1 3392 3391 3394 XOR
2 1 3392 3393 3395 AND
2 1 3391 3395 3396 XOR
2 1 3304 412 3397 XOR
2 1 3396 412 3398 XOR
2 1 3397 3396 3399 XOR
2 1 3397 3398 3400 AND
2 1 3396 3400 3401 XOR
2 1 3307 413 3402 XOR
2 1 3401 413 3403 XOR
2 1 3402 3401 3404 XOR
2 1 3402 3403 3405 AND
2 1 3401 3405 3406 XOR
2 1 3310 414 3407 XOR
2 1 3406 414 3408 XOR
2 1 3407 3406 3409 XOR
2 1 3407 3408 3410 AND
2 1 3406 3410 3411 XOR
2 1 3313 415 3412 XOR
2 1 3411 415 3413 XOR
2 1 3412 3411 3414 XOR
2 1 3412 3413 3415 AND
2 1 3411 3415 3416 XOR
2 1 3316 416 3417 XOR
2 1 3416 416 3418 XOR
2 1 3417 3416 3419 XOR
2 1 3417 3418 3420 AND
2 1 3416 3420 3421 XOR
2 1 3319 417 3422 XOR
2 1 3421 417 3423 XOR
2 1 3422 3421 3424 XOR
2 1 3422 3423 3425 AND
2 1 3421 3425 3426 XOR
2 1 3322 418 3427 XOR
2 1 3426 418 3428 XOR
2 1 3427 3426 3429 XOR
2 1 3427 3428 3430 AND
2 1 3426 3430 3431 XOR
2 1 3325 419 3432 XOR
2 1 3431 419 3433 XOR
2 1 3432 3431 3434 XOR
2 1 3432 3433 3435 AND
2 1 3431 3435 3436 XOR
2 1 3328 420 3437 XOR
2 1 3436 420 3438 XOR
2 1 3437 3436 3439 XOR
2 1 3437 3438 3440 AND
2 1 3436 3440 3441 XOR
2 1 3331 421 3442 XOR
2 1 3441 421 3443 XOR
2 1 3442 3441 3444 XOR
2 1 3442 3443 3445 AND
2 1 3441 3445 3446 XOR
2 1 3334 422 3447 XOR
2 1 3446 422 3448 XOR
2 1 3447 3446 3449 XOR
2 1 3447 3448 3450 AND
2 1 3446 3450 3451 XOR
2 1 3337 423 3452 XOR
2 1 3451 423 3453 XOR
2 1 3452 3451 3454 XOR
2 1 3452 3453 3455 AND
2 1 3451 3455 3456 XOR
2 1 3340 424 3457 XOR
2 1 3456 424 3458 XOR
2 1 3457 3456 3459 XOR
2 1 3457 3458 3460 AND
2 1 3456 3460 3461 XOR
2 1 3343 425 3462 XOR
2 1 3461 425 3463 XOR
2 1 3462 3461 3464 XOR
2 1 3462 3463 3465 AND
2 1 3461 3465 3466 XOR
2 1 3346 426 3467 XOR
2 1 3466 426 3468 XOR
2 1 3467 3466 3469 XOR
2 1 3467 3468 3470 AND
2 1 3466 3470 3471 XOR
2 1 3349 427 3472 XOR
2 1 3471 427 3473 XOR
2 1 3472 3471 3474 XOR
2 1 3472 3473 3475 AND
2 1 3471 3475 3476 XOR
2 1 3352 428 3477 XOR
2 1 3476 428 3478 XOR
2 1 3477 3476 3479 XOR
2 1 3477 3478 3480 AND
2 1 3476 3480 3481 XOR
2 1 3355 429 3482 XOR
2 1 3481 429 3483 XOR
2 1 3482 3481 3484 XOR
2 1 3482 3483 3485 AND
2 1 3481 3485 3486 XOR
2 1 3358 430 3487 XOR
2 1 3486 430 3488 XOR
2 1 3487 3486 3489 XOR
2 1 3487 3488 3490 AND
2 1 3486 3490 3491 XOR
2 1 3491 447 3492 XOR
2 1 3491 447 3493 AND
2 1 3492 3493 3494 XOR
2 1 223 3360 3495 XOR
2 1 3494 3495 3496 AND
2 1 3496 3360 3497 XOR
2 1 3283 3364 3498 XOR
2 1 3494 3498 3499 AND
2 1 3499 3364 3500 XOR
2 1 3286 3369 3501 XOR
2 1 3494 3501 3502 AND
2 1 3502 3369 3503 XOR
2 1 3289 3374 3504 XOR
2 1 3494 3504 3505 AND
2 1 3505 3374 3506 XOR
2 1 3292 3379 3507 XOR
2 1 3494 3507 3508 AND
2 1 3508 3379 3509 XOR
2 1 3295 3384 3510 XOR
2 1 3494 3510 3511 AND
2 1 3511 3384 3512 XOR
2 1 3298 3389 3513 XOR
2 1 3494 3513 3514 AND
2 1 3514 3389 3515 XOR
2 1 3301 3394 3516 XOR
2 1 3494 3516 3517 AND
2 1 3517 3394 3518 XOR
2 1 3304 3399 3519 XOR
2 1 3494 3519 3520 AND
2 1 3520 3399 3521 XOR
2 1 3307 3404 3522 XOR
2 1 3494 3522 3523 AND
2 1 3523 3404 3524 XOR
2 1 3310 3409 3525 XOR
2 1 3494 3525 3526 AND
2 1 3526 3409 3527 XOR
2 1 3313 3414 3528 XOR
2 1 3494 3528 3529 AND
2 1 3529 3414 3530 XOR
2 1 3316 3419 3531 XOR
2 1 3494 3531 3532 AND
2 1 3532 3419 3533 XOR
2 1 3319 3424 3534 XOR
2 1 3494 3534 3535 AND
2 1 3535 3424 3536 XOR
2 1 3322 3429 3537 XOR
2 1 3494 3537 3538 AND
2 1 3538 3429 3539 XOR
2 1 3325 3434 3540 XOR
2 1 3494 3540 3541 AND
2 1 3541 3434 3542 XOR
2 1 3328 3439 3543 XOR
2 1 3494 3543 3544 AND
2 1 3544 3439 3545 XOR
2 1 3331 3444 3546 XOR
2 1 3494 3546 3547 AND
2 1 3547 3444 3548 XOR
2 1 3334 3449 3549 XOR
2 1 3494 3549 3550 AND
2 1 3550 3449 3551 XOR
2 1 3337 3454 3552 XOR
2 1 3494 3552 3553 AND
2 1 3553 3454 3554 XOR
2 1 3340 3459 3555 XOR
2 1 3494 3555 3556 AND
2 1 3556 3459 3557 XOR
2 1 3343 3464 3558 XOR
2 1 3494 3558 3559 AND
2 1 3559 3464 3560 XOR
2 1 3346 3469 3561 XOR
2 1 3494 3561 3562 AND
2 1 3562 3469 3563 XOR
2 1 3349 3474 3564 XOR
2 1 3494 3564 3565 AND
2 1 3565 3474 3566 XOR
2 1 3352 3479 3567 XOR
2 1 3494 3567 3568 AND
2 1 3568 3479 3569 XOR
2 1 3355 3484 3570 XOR
2 1 3494 3570 3571 AND
2 1 3571 3484 3572 XOR
2 1 3358 3489 3573 XOR
2 1 3494 3573 3574 AND
2 1 3574 3489 3575 XOR
1 1 3494 3576 INV
2 1 222 404 3577 XOR
2 1 3577 404 3578 AND
2 1 3497 405 3579 XOR
2 1 3578 405 3580 XOR
2 1 3579 3578 3581 XOR
2 1 3579 3580 3582 AND
2 1 3578 3582 3583 XOR
2 1 3500 406 3584 XOR
2 1 3583 406 3585 XOR
2 1 3584 3583 3586 XOR
2 1 3584 3585 3587 AND
2 1 3583 3587 3588 XOR
2 1 3503 407 3589 XOR
2 1 3588 407 3590 XOR
2 1 3589 3588 3591 XOR
2 1 3589 3590 3592 AND
2 1 3588 3592 3593 XOR
2 1 3506 408 3594 XOR
2 1 3593 408 3595 XOR
2 1 3594 3593 3596 XOR
2 1 3594 3595 3597 AND
2 1 3593 3597 3598 XOR
2 1 3509 409 3599 XOR
2 1 3598 409 3600 XOR
2 1 3599 3598 3601 XOR
2 1 3599 3600 3602 AND
2 1 3598 3602 3603 XOR
2 1 3512 410 3604 XOR
2 1 3603 410 3605 XOR
2 1 3604 3603 3606 XOR
2 1 3604 3605 3607 AND
2 1 3603 3607 3608 XOR
2 1 3515 411 3609 XOR
2 1 3608 411 3610 XOR
2 1 3609 3608 3611 XOR
2 1 3609 3610 3612 AND
2 1 3608 3612 3613 XOR
2 1 3518 412 3614 XOR
2 1 3613 412 3615 XOR
2 1 3614 3613 3616 XOR
2 1 3614 3615 3617 AND
2 1 3613 3617 3618 XOR
2 1 3521 413 3619 XOR
2 1 3618 413 3620 XOR
2 1 3619 3618 3621 XOR
2 1 3619 3620 3622 AND
2 1 3618 3622 3623 XOR
2 1 3524 414 3624 XOR
2 1 3623 414 3625 XOR
2 1 3624 3623 3626 XOR
2 1 3624 3625 3627 AND
2 1 3623 3627 3628 XOR
2 1 3527 415 3629 XOR
2 1 3628 415 3630 XOR
2 1 3629 3628 3631 XOR
2 1 3629 3630 3632 AND
2 1 3628 3632 3633 XOR
2 1 3530 416 3634 XOR
2 1 3633 416 3635 XOR
2 1 3634 3633 3636 XOR
2 1 3634 3635 3637 AND
2 1 3633 3637 3638 XOR
2 1 3533 417 3639 XOR
2 1 3638 417 3640 XOR
2 1 3639 3638 3641 XOR
2 1 3639 3640 3642 AND
2 1 3638 3642 3643 XOR
2 1 3536 418 3644 XOR
2 1 3643 418 3645 XOR
2 1 3644 3643 3646 XOR
2 1 3644 3645 3647 AND
2 1 3643 3647 3648 XOR
2 1 3539 419 3649 XOR
2 1 3648 419 3650 XOR
2 1 3649 3648 3651 XOR
2 1 3649 3650 3652 AND
2 1 3648 3652 3653 XOR
2 1 3542 420 3654 XOR
2 1 3653 420 3655 XOR
2 1 3654 3653 3656 XOR
2 1 3654 3655 3657 AND
2 1 3653 3657 3658 XOR
2 1 3545 421 3659 XOR
2 1 3658 421 3660 XOR
2 1 3659 3658 3661 XOR
2 1 3659 3660 3662 AND
2 1 3658 3662 3663 XOR
2 1 3548 422 3664 XOR
2 1 3663 422 3665 XOR
2 1 3664 3663 3666 XOR
2 1 3664 3665 3667 AND
2 1 3663 3667 3668 XOR
2 1 3551 423 3669 XOR
2 1 3668 423 3670 XOR
2 1 3669 3668 3671 XOR
2 1 3669 3670 3672 AND
2 1 3668 3672 3673 XOR
2 1 3554 424 3674 XOR
2 1 3673 424 3675 XOR
2 1 3674 3673 3676 XOR
2 1 3674 3675 3677 AND
2 1 3673 3677 3678 XOR
2 1 3557 425 3679 XOR
2 1 3678 425 3680 XOR
2 1 3679 3678 3681 XOR
2 1 3679 3680 3682 AND
2 1 3678 3682 3683 XOR
2 1 3560 426 3684 XOR
2 1 3683 426 3685 XOR
2 1 3684 3683 3686 XOR
2 1 3684 3685 3687 AND
2 1 3683 3687 3688 XOR
2 1 3563 427 3689 XOR
2 1 3688 427 3690 XOR
2 1 3689 3688 3691 XOR
2 1 3689 3690 3692 AND
2 1 3688 3692 3693 XOR
2 1 3566 428 3694 XOR
2 1 3693 428 3695 XOR
2 1 3694 3693 3696 XOR
2 1 3694 3695 3697 AND
2 1 3693 3697 3698 XOR
2 1 3569 429 3699 XOR
2 1 3698 429 3700 XOR
2 1 3699 3698 3701 XOR
2 1 3699 3700 3702 AND
2 1 3698 3702 3703 XOR
2 1 3572 430 3704 XOR
2 1 3703 430 3705 XOR
2 1 3704 3703 3706 XOR
2 1 3704 3705 3707 AND
2 1 3703 3707 3708 XOR
2 1 3575 431 3709 XOR
2 1 3708 431 3710 XOR
2 1 3709 3708 3711 XOR
2 1 3709 3710 3712 AND
2 1 3708 3712 3713 XOR
2 1 3713 444 3714 XOR
2 1 3713 444 3715 AND
2 1 3714 3715 3716 XOR
2 1 222 3577 3717 XOR
2 1 3716 3717 3718 AND
2 1 3718 3577 3719 XOR
2 1 3497 3581 3720 XOR
2 1 3716 3720 3721 AND
2 1 3721 3581 3722 XOR
2 1 3500 3586 3723 XOR
2 1 3716 3723 3724 AND
2 1 3724 3586 3725 XOR
2 1 3503 3591 3726 XOR
2 1 3716 3726 3727 AND
2 1 3727 3591 3728 XOR
2 1 3506 3596 3729 XOR
2 1 3716 3729 3730 AND
2 1 3730 3596 3731 XOR
2 1 3509 3601 3732 XOR
2 1 3716 3732 3733 AND
2 1 3733 3601 3734 XOR
2 1 3512 3606 3735 XOR
2 1 3716 3735 3736 AND
2 1 3736 3606 3737 XOR
2 1 3515 3611 3738 XOR
2 1 3716 3738 3739 AND
2 1 3739 3611 3740 XOR
2 1 3518 3616 3741 XOR
2 1 3716 3741 3742 AND
2 1 3742 3616 3743 XOR
2 1 3521 3621 3744 XOR
2 1 3716 3744 3745 AND
2 1 3745 3621 3746 XOR
2 1 3524 3626 3747 XOR
2 1 3716 3747 3748 AND
2 1 3748 3626 3749 XOR
2 1 3527 3631 3750 XOR
2 1 3716 3750 3751 AND
2 1 3751 3631 3752 XOR
2 1 3530 3636 3753 XOR
2 1 3716 3753 3754 AND
2 1 3754 3636 3755 XOR
2 1 3533 3641 3756 XOR
2 1 3716 3756 3757 AND
2 1 3757 3641 3758 XOR
2 1 3536 3646 3759 XOR
2 1 3716 3759 3760 AND
2 1 3760 3646 3761 XOR
2 1 3539 3651 3762 XOR
2 1 3716 3762 3763 AND
2 1 3763 3651 3764 XOR
2 1 3542 3656 3765 XOR
2 1 3716 3765 3766 AND
2 1 3766 3656 3767 XOR
2 1 3545 3661 3768 XOR
2 1 3716 3768 3769 AND
2 1 3769 3661 3770 XOR
2 1 3548 3666 3771 XOR
2 1 3716 3771 3772 AND
2 1 3772 3666 3773 XOR
2 1 3551 3671 3774 XOR
2 1 3716 3774 3775 AND
2 1 3775 3671 3776 XOR
2 1 3554 3676 3777 XOR
2 1 3716 3777 3778 AND
2 1 3778 3676 3779 XOR
2 1 3557 3681 3780 XOR
2 1 3716 3780 3781 AND
2 1 3781 3681 3782 XOR
2 1 3560 3686 3783 XOR
2 1 3716 3783 3784 AND
2 1 3784 3686 3785 XOR
2 1 3563 3691 3786 XOR
2 1 3716 3786 3787 AND
2 1 3787 3691 3788 XOR
2 1 3566 3696 3789 XOR
2 1 3716 3789 3790 AND
2 1 3790 3696 3791 XOR
2 1 3569 3701 3792 XOR
2 1 3716 3792 3793 AND
2 1 3793 3701 3794 XOR
2 1 3572 3706 3795 XOR
2 1 3716 3795 3796 AND
2 1 3796 3706 3797 XOR
2 1 3575 3711 3798 XOR
2 1 3716 3798 3799 AND
2 1 3799 3711 3800 XOR
1 1 3716 3801 INV
2 1 221 404 3802 XOR
2 1 3802 404 3803 AND
2 1 3719 405 3804 XOR
2 1 3803 405 3805 XOR
2 1 3804 3803 3806 XOR
2 1 3804 3805 3807 AND
2 1 3803 3807 3808 XOR
2 1 3722 406 3809 XOR
2 1 3808 406 3810 XOR
2 1 3809 3808 3811 XOR
2 1 3809 3810 3812 AND
2 1 3808 3812 3813 XOR
2 1 3725 407 3814 XOR
2 1 3813 407 3815 XOR
2 1 3814 3813 3816 XOR
2 1 3814 3815 3817 AND
2 1 3813 3817 3818 XOR
2 1 3728 408 3819 XOR
2 1 3818 408 3820 XOR
2 1 3819 3818 3821 XOR
2 1 3819 3820 3822 AND
2 1 3818 3822 3823 XOR
2 1 3731 409 3824 XOR
2 1 3823 409 3825 XOR
2 1 3824 3823 3826 XOR
2 1 3824 3825 3827 AND
2 1 3823 3827 3828 XOR
2 1 3734 410 3829 XOR
2 1 3828 410 3830 XOR
2 1 3829 3828 3831 XOR
2 1 3829 3830 3832 AND
2 1 3828 3832 3833 XOR
2 1 3737 411 3834 XOR
2 1 3833 411 3835 XOR
2 1 3834 3833 3836 XOR
2 1 3834 3835 3837 AND
2 1 3833 3837 3838 XOR
2 1 3740 412 3839 XOR
2 1 3838 412 3840 XOR
2 1 3839 3838 3841 XOR
2 1 3839 3840 3842 AND
2 1 3838 3842 3843 XOR
2 1 3743 413 3844 XOR
2 1 3843 413 3845 XOR
2 1 3844 3843 3846 XOR
2 1 3844 3845 3847 AND
2 1 3843 3847 3848 XOR
2 1 3746 414 3849 XOR
2 1 3848 414 3850 XOR
2 1 3849 3848 3851 XOR
2 1 3849 3850 3852 AND
2 1 3848 3852 3853 XOR
2 1 3749 415 3854 XOR
2 1 3853 415 3855 XOR
2 1 3854 3853 3856 XOR
2 1 3854 3855 3857 AND
2 1 3853 3857 3858 XOR
2 1 3752 416 3859 XOR
2 1 3858 416 3860 XOR
2 1 3859 3858 3861 XOR
2 1 3859 3860 3862 AND
2 1 3858 3862 3863 XOR
2 1 3755 417 3864 XOR
2 1 3863 417 3865 XOR
2 1 3864 3863 3866 XOR
2 1 3864 3865 3867 AND
2 1 3863 3867 3868 XOR
2 1 3758 418 3869 XOR
2 1 3868 418 3870 XOR
2 1 3869 3868 3871 XOR
2 1 3869 3870 3872 AND
2 1 3868 3872 3873 XOR
2 1 3761 419 3874 XOR
2 1 3873 419 3875 XOR
2 1 3874 3873 3876 XOR
2 1 3874 3875 3877 AND
2 1 3873 3877 3878 XOR
2 1 3764 420 3879 XOR
2 1 3878 420 3880 XOR
2 1 3879 3878 3881 XOR
2 1 3879 3880 3882 AND
2 1 3878 3882 3883 XOR
2 1 3767 421 3884 XOR
2 1 3883 421 3885 XOR
2 1 3884 3883 3886 XOR
2 1 3884 3885 3887 AND
2 1 3883 3887 3888 XOR
2 1 3770 422 3889 XOR
2 1 3888 422 3890 XOR
2 1 3889 3888 3891 XOR
2 1 3889 3890 3892 AND
2 1 3888 3892 3893 XOR
2 1 3773 423 3894 XOR
2 1 3893 423 3895 XOR
2 1 3894 3893 3896 XOR
2 1 3894 3895 3897 AND
2 1 3893 3897 3898 XOR
2 1 3776 424 3899 XOR
2 1 3898 424 3900 XOR
2 1 3899 3898 3901 XOR
2 1 3899 3900 3902 AND
2 1 3898 3902 3903 XOR
2 1 3779 425 3904 XOR
2 1 3903 425 3905 XOR
2 1 3904 3903 3906 XOR
2 1 3904 3905 3907 AND
2 1 3903 3907 3908 XOR
2 1 3782 426 3909 XOR
2 1 3908 426 3910 XOR
2 1 3909 3908 3911 XOR
2 1 3909 3910 3912 AND
2 1 3908 3912 3913 XOR
2 1 3785 427 3914 XOR
2 1 3913 427 3915 XOR
2 1 3914 3913 3916 XOR
2 1 3914 3915 3917 AND
2 1 3913 3917 3918 XOR
2 1 3788 428 3919 XOR
2 1 3918 428 3920 XOR
2 1 3919 3918 3921 XOR
2 1 3919 3920 3922 AND
2 1 3918 3922 3923 XOR
2 1 3791 429 3924 XOR
2 1 3923 429 3925 XOR
2 1 3924 3923 3926 XOR
2 1 3924 3925 3927 AND
2 1 3923 3927 3928 XOR
2 1 3794 430 3929 XOR
2 1 3928 430 3930 XOR
2 1 3929 3928 3931 XOR
2 1 3929 3930 3932 AND
2 1 3928 3932 3933 XOR
2 1 3797 431 3934 XOR
2 1 3933 431 3935 XOR
2 1 3934 3933 3936 XOR
2 1 3934 3935 3937 AND
2 1 3933 3937 3938 XOR
2 1 3800 432 3939 XOR
2 1 3938 432 3940 XOR
2 1 3939 3938 3941 XOR
2 1 3939 3940 3942 AND
2 1 3938 3942 3943 XOR
2 1 3943 441 3944 XOR
2 1 3943 441 3945 AND
2 1 3944 3945 3946 XOR
2 1 221 3802 3947 XOR
2 1 3946 3947 3948 AND
2 1 3948 3802 3949 XOR
2 1 3719 3806 3950 XOR
2 1 3946 3950 3951 AND
2 1 3951 3806 3952 XOR
2 1 3722 3811 3953 XOR
2 1 3946 3953 3954 AND
2 1 3954 3811 3955 XOR
2 1 3725 3816 3956 XOR
2 1 3946 3956 3957 AND
2 1 3957 3816 3958 XOR
2 1 3728 3821 3959 XOR
2 1 3946 3959 3960 AND
2 1 3960 3821 3961 XOR
2 1 3731 3826 3962 XOR
2 1 3946 3962 3963 AND
2 1 3963 3826 3964 XOR
2 1 3734 3831 3965 XOR
2 1 3946 3965 3966 AND
2 1 3966 3831 3967 XOR
2 1 3737 3836 3968 XOR
2 1 3946 3968 3969 AND
2 1 3969 3836 3970 XOR
2 1 3740 3841 3971 XOR
2 1 3946 3971 3972 AND
2 1 3972 3841 3973 XOR
2 1 3743 3846 3974 XOR
2 1 3946 3974 3975 AND
2 1 3975 3846 3976 XOR
2 1 3746 3851 3977 XOR
2 1 3946 3977 3978 AND
2 1 3978 3851 3979 XOR
2 1 3749 3856 3980 XOR
2 1 3946 3980 3981 AND
2 1 3981 3856 3982 XOR
2 1 3752 3861 3983 XOR
2 1 3946 3983 3984 AND
2 1 3984 3861 3985 XOR
2 1 3755 3866 3986 XOR
2 1 3946 3986 3987 AND
2 1 3987 3866 3988 XOR
2 1 3758 3871 3989 XOR
2 1 3946 3989 3990 AND
2 1 3990 3871 3991 XOR
2 1 3761 3876 3992 XOR
2 1 3946 3992 3993 AND
2 1 3993 3876 3994 XOR
2 1 3764 3881 3995 XOR
2 1 3946 3995 3996 AND
2 1 3996 3881 3997 XOR
2 1 3767 3886 3998 XOR
2 1 3946 3998 3999 AND
2 1 3999 3886 4000 XOR
2 1 3770 3891 4001 XOR
2 1 3946 4001 4002 AND
2 1 4002 3891 4003 XOR
2 1 3773 3896 4004 XOR
2 1 3946 4004 4005 AND
2 1 4005 3896 4006 XOR
2 1 3776 3901 4007 XOR
2 1 3946 4007 4008 AND
2 1 4008 3901 4009 XOR
2 1 3779 3906 4010 XOR
2 1 3946 4010 4011 AND
2 1 4011 3906 4012 XOR
2 1 3782 3911 4013 XOR
2 1 3946 4013 4014 AND
2 1 4014 3911 4015 XOR
2 1 3785 3916 4016 XOR
2 1 3946 4016 4017 AND
2 1 4017 3916 4018 XOR
2 1 3788 3921 4019 XOR
2 1 3946 4019 4020 AND
2 1 4020 3921 4021 XOR
2 1 3791 3926 4022 XOR
2 1 3946 4022 4023 AND
2 1 4023 3926 4024 XOR
2 1 3794 3931 4025 XOR
2 1 3946 4025 4026 AND
2 1 4026 3931 4027 XOR
2 1 3797 3936 4028 XOR
2 1 3946 4028 4029 AND
2 1 4029 3936 4030 XOR
2 1 3800 3941 4031 XOR
2 1 3946 4031 4032 AND
2 1 4032 3941 4033 XOR
1 1 3946 4034 INV
2 1 220 404 4035 XOR
2 1 4035 404 4036 AND
2 1 3949 405 4037 XOR
2 1 4036 405 4038 XOR
2 1 4037 4036 4039 XOR
2 1 4037 4038 4040 AND
2 1 4036 4040 4041 XOR
2 1 3952 406 4042 XOR
2 1 4041 406 4043 XOR
2 1 4042 4041 4044 XOR
2 1 4042 4043 4045 AND
2 1 4041 4045 4046 XOR
2 1 3955 407 4047 XOR
2 1 4046 407 4048 XOR
2 1 4047 4046 4049 XOR
2 1 4047 4048 4050 AND
2 1 4046 4050 4051 XOR
2 1 3958 408 4052 XOR
2 1 4051 408 4053 XOR
2 1 4052 4051 4054 XOR
2 1 4052 4053 4055 AND
2 1 4051 4055 4056 XOR
2 1 3961 409 4057 XOR
2 1 4056 409 4058 XOR
2 1 4057 4056 4059 XOR
2 1 4057 4058 4060 AND
2 1 4056 4060 4061 XOR
2 1 3964 410 4062 XOR
2 1 4061 410 4063 XOR
2 1 4062 4061 4064 XOR
2 1 4062 4063 4065 AND
2 1 4061 4065 4066 XOR
2 1 3967 411 4067 XOR
2 1 4066 411 4068 XOR
2 1 4067 4066 4069 XOR
2 1 4067 4068 4070 AND
2 1 4066 4070 4071 XOR
2 1 3970 412 4072 XOR
2 1 4071 412 4073 XOR
2 1 4072 4071 4074 XOR
2 1 4072 4073 4075 AND
2 1 4071 4075 4076 XOR
2 1 3973 413 4077 XOR
2 1 4076 413 4078 XOR
2 1 4077 4076 4079 XOR
2 1 4077 4078 4080 AND
2 1 4076 4080 4081 XOR
2 1 3976 414 4082 XOR
2 1 4081 414 4083 XOR
2 1 4082 4081 4084 XOR
2 1 4082 4083 4085 AND
2 1 4081 4085 4086 XOR
2 1 3979 415 4087 XOR
2 1 4086 415 4088 XOR
2 1 4087 4086 4089 XOR
2 1 4087 4088 4090 AND
2 1 4086 4090 4091 XOR
2 1 3982 416 4092 XOR
2 1 4091 416 4093 XOR
2 1 4092 4091 4094 XOR
2 1 4092 4093 4095 AND
2 1 4091 4095 4096 XOR
2 1 3985 417 4097 XOR
2 1 4096 417 4098 XOR
2 1 4097 4096 4099 XOR
2 1 4097 4098 4100 AND
2 1 4096 4100 4101 XOR
2 1 3988 418 4102 XOR
2 1 4101 418 4103 XOR
2 1 4102 4101 4104 XOR
2 1 4102 4103 4105 AND
2 1 4101 4105 4106 XOR
2 1 3991 419 4107 XOR
2 1 4106 419 4108 XOR
2 1 4107 4106 4109 XOR
2 1 4107 4108 4110 AND
2 1 4106 4110 4111 XOR
2 1 3994 420 4112 XOR
2 1 4111 420 4113 XOR
2 1 4112 4111 4114 XOR
2 1 4112 4113 4115 AND
2 1 4111 4115 4116 XOR
2 1 3997 421 4117 XOR
2 1 4116 421 4118 XOR
2 1 4117 4116 4119 XOR
2 1 4117 4118 4120 AND
2 1 4116 4120 4121 XOR
2 1 4000 422 4122 XOR
2 1 4121 422 4123 XOR
2 1 4122 4121 4124 XOR
2 1 4122 4123 4125 AND
2 1 4121 4125 4126 XOR
2 1 4003 423 4127 XOR
2 1 4126 423 4128 XOR
2 1 4127 4126 4129 XOR
2 1 4127 4128 4130 AND
2 1 4126 4130 4131 XOR
2 1 4006 424 4132 XOR
2 1 4131 424 4133 XOR
2 1 4132 4131 4134 XOR
2 1 4132 4133 4135 AND
2 1 4131 4135 4136 XOR
2 1 4009 425 4137 XOR
2 1 4136 425 4138 XOR
2 1 4137 4136 4139 XOR
2 1 4137 4138 4140 AND
2 1 4136 4140 4141 XOR
2 1 4012 426 4142 XOR
2 1 4141 426 4143 XOR
2 1 4142 4141 4144 XOR
2 1 4142 4143 4145 AND
2 1 4141 4145 4146 XOR
2 1 4015 427 4147 XOR
2 1 4146 427 4148 XOR
2 1 4147 4146 4149 XOR
2 1 4147 4148 4150 AND
2 1 4146 4150 4151 XOR
2 1 4018 428 4152 XOR
2 1 4151 428 4153 XOR
2 1 4152 4151 4154 XOR
2 1 4152 4153 4155 AND
2 1 4151 4155 4156 XOR
2 1 4021 429 4157 XOR
2 1 4156 429 4158 XOR
2 1 4157 4156 4159 XOR
2 1 4157 4158 4160 AND
2 1 4156 4160 4161 XOR
2 1 4024 430 4162 XOR
2 1 4161 430 4163 XOR
2 1 4162 4161 4164 XOR
2 1 4162 4163 4165 AND
2 1 4161 4165 4166 XOR
2 1 4027 431 4167 XOR
2 1 4166 431 4168 XOR
2 1 4167 4166 4169 XOR
2 1 4167 4168 4170 AND
2 1 4166 4170 4171 XOR
2 1 4030 432 4172 XOR
2 1 4171 432 4173 XOR
2 1 4172 4171 4174 XOR
2 1 4172 4173 4175 AND
2 1 4171 4175 4176 XOR
2 1 4033 433 4177 XOR
2 1 4176 433 4178 XOR
2 1 4177 4176 4179 XOR
2 1 4177 4178 4180 AND
2 1 4176 4180 4181 XOR
2 1 4181 438 4182 XOR
2 1 4181 438 4183 AND
2 1 4182 4183 4184 XOR
2 1 220 4035 4185 XOR
2 1 4184 4185 4186 AND
2 1 4186 4035 4187 XOR
2 1 3949 4039 4188 XOR
2 1 4184 4188 4189 AND
2 1 4189 4039 4190 XOR
2 1 3952 4044 4191 XOR
2 1 4184 4191 4192 AND
2 1 4192 4044 4193 XOR
2 1 3955 4049 4194 XOR
2 1 4184 4194 4195 AND
2 1 4195 4049 4196 XOR
2 1 3958 4054 4197 XOR
2 1 4184 4197 4198 AND
2 1 4198 4054 4199 XOR
2 1 3961 4059 4200 XOR
2 1 4184 4200 4201 AND
2 1 4201 4059 4202 XOR
2 1 3964 4064 4203 XOR
2 1 4184 4203 4204 AND
2 1 4204 4064 4205 XOR
2 1 3967 4069 4206 XOR
2 1 4184 4206 4207 AND
2 1 4207 4069 4208 XOR
2 1 3970 4074 4209 XOR
2 1 4184 4209 4210 AND
2 1 4210 4074 4211 XOR
2 1 3973 4079 4212 XOR
2 1 4184 4212 4213 AND
2 1 4213 4079 4214 XOR
2 1 3976 4084 4215 XOR
2 1 4184 4215 4216 AND
2 1 4216 4084 4217 XOR
2 1 3979 4089 4218 XOR
2 1 4184 4218 4219 AND
2 1 4219 4089 4220 XOR
2 1 3982 4094 4221 XOR
2 1 4184 4221 4222 AND
2 1 4222 4094 4223 XOR
2 1 3985 4099 4224 XOR
2 1 4184 4224 4225 AND
2 1 4225 4099 4226 XOR
2 1 3988 4104 4227 XOR
2 1 4184 4227 4228 AND
2 1 4228 4104 4229 XOR
2 1 3991 4109 4230 XOR
2 1 4184 4230 4231 AND
2 1 4231 4109 4232 XOR
2 1 3994 4114 4233 XOR
2 1 4184 4233 4234 AND
2 1 4234 4114 4235 XOR
2 1 3997 4119 4236 XOR
2 1 4184 4236 4237 AND
2 1 4237 4119 4238 XOR
2 1 4000 4124 4239 XOR
2 1 4184 4239 4240 AND
2 1 4240 4124 4241 XOR
2 1 4003 4129 4242 XOR
2 1 4184 4242 4243 AND
2 1 4243 4129 4244 XOR
2 1 4006 4134 4245 XOR
2 1 4184 4245 4246 AND
2 1 4246 4134 4247 XOR
2 1 4009 4139 4248 XOR
2 1 4184 4248 4249 AND
2 1 4249 4139 4250 XOR
2 1 4012 4144 4251 XOR
2 1 4184 4251 4252 AND
2 1 4252 4144 4253 XOR
2 1 4015 4149 4254 XOR
2 1 4184 4254 4255 AND
2 1 4255 4149 4256 XOR
2 1 4018 4154 4257 XOR
2 1 4184 4257 4258 AND
2 1 4258 4154 4259 XOR
2 1 4021 4159 4260 XOR
2 1 4184 4260 4261 AND
2 1 4261 4159 4262 XOR
2 1 4024 4164 4263 XOR
2 1 4184 4263 4264 AND
2 1 4264 4164 4265 XOR
2 1 4027 4169 4266 XOR
2 1 4184 4266 4267 AND
2 1 4267 4169 4268 XOR
2 1 4030 4174 4269 XOR
2 1 4184 4269 4270 AND
2 1 4270 4174 4271 XOR
2 1 4033 4179 4272 XOR
2 1 4184 4272 4273 AND
2 1 4273 4179 4274 XOR
1 1 4184 4275 INV
2 1 219 404 4276 XOR
2 1 4276 404 4277 AND
2 1 4187 405 4278 XOR
2 1 4277 405 4279 XOR
2 1 4278 4277 4280 XOR
2 1 4278 4279 4281 AND
2 1 4277 4281 4282 XOR
2 1 4190 406 4283 XOR
2 1 4282 406 4284 XOR
2 1 4283 4282 4285 XOR
2 1 4283 4284 4286 AND
2 1 4282 4286 4287 XOR
2 1 4193 407 4288 XOR
2 1 4287 407 4289 XOR
2 1 4288 4287 4290 XOR
2 1 4288 4289 4291 AND
2 1 4287 4291 4292 XOR
2 1 4196 408 4293 XOR
2 1 4292 408 4294 XOR
2 1 4293 4292 4295 XOR
2 1 4293 4294 4296 AND
2 1 4292 4296 4297 XOR
2 1 4199 409 4298 XOR
2 1 4297 409 4299 XOR
2 1 4298 4297 4300 XOR
2 1 4298 4299 4301 AND
2 1 4297 4301 4302 XOR
2 1 4202 410 4303 XOR
2 1 4302 410 4304 XOR
2 1 4303 4302 4305 XOR
2 1 4303 4304 4306 AND
2 1 4302 4306 4307 XOR
2 1 4205 411 4308 XOR
2 1 4307 411 4309 XOR
2 1 4308 4307 4310 XOR
2 1 4308 4309 4311 AND
2 1 4307 4311 4312 XOR
2 1 4208 412 4313 XOR
2 1 4312 412 4314 XOR
2 1 4313 4312 4315 XOR
2 1 4313 4314 4316 AND
2 1 4312 4316 4317 XOR
2 1 4211 413 4318 XOR
2 1 4317 413 4319 XOR
2 1 4318 4317 4320 XOR
2 1 4318 4319 4321 AND
2 1 4317 4321 4322 XOR
2 1 4214 414 4323 XOR
2 1 4322 414 4324 XOR
2 1 4323 4322 4325 XOR
2 1 4323 4324 4326 AND
2 1 4322 4326 4327 XOR
2 1 4217 415 4328 XOR
2 1 4327 415 4329 XOR
2 1 4328 4327 4330 XOR
2 1 4328 4329 4331 AND
2 1 4327 4331 4332 XOR
2 1 4220 416 4333 XOR
2 1 4332 416 4334 XOR
2 1 4333 4332 4335 XOR
2 1 4333 4334 4336 AND
2 1 4332 4336 4337 XOR
2 1 4223 417 4338 XOR
2 1 4337 417 4339 XOR
2 1 4338 4337 4340 XOR
2 1 4338 4339 4341 AND
2 1 4337 4341 4342 XOR
2 1 4226 418 4343 XOR
2 1 4342 418 4344 XOR
2 1 4343 4342 4345 XOR
2 1 4343 4344 4346 AND
2 1 4342 4346 4347 XOR
2 1 4229 419 4348 XOR
2 1 4347 419 4349 XOR
2 1 4348 4347 4350 XOR
2 1 4348 4349 4351 AND
2 1 4347 4351 4352 XOR
2 1 4232 420 4353 XOR
2 1 4352 420 4354 XOR
2 1 4353 4352 4355 XOR
2 1 4353 4354 4356 AND
2 1 4352 4356 4357 XOR
2 1 4235 421 4358 XOR
2 1 4357 421 4359 XOR
2 1 4358 4357 4360 XOR
2 1 4358 4359 4361 AND
2 1 4357 4361 4362 XOR
2 1 4238 422 4363 XOR
2 1 4362 422 4364 XOR
2 1 4363 4362 4365 XOR
2 1 4363 4364 4366 AND
2 1 4362 4366 4367 XOR
2 1 4241 423 4368 XOR
2 1 4367 423 4369 XOR
2 1 4368 4367 4370 XOR
2 1 4368 4369 4371 AND
2 1 4367 4371 4372 XOR
2 1 4244 424 4373 XOR
2 1 4372 424 4374 XOR
2 1 4373 4372 4375 XOR
2 1 4373 4374 4376 AND
2 1 4372 4376 4377 XOR
2 1 4247 425 4378 XOR
2 1 4377 425 4379 XOR
2 1 4378 4377 4380 XOR
2 1 4378 4379 4381 AND
2 1 4377 4381 4382 XOR
2 1 4250 426 4383 XOR
2 1 4382 426 4384 XOR
2 1 4383 4382 4385 XOR
2 1 4383 4384 4386 AND
2 1 4382 4386 4387 XOR
2 1 4253 427 4388 XOR
2 1 4387 427 4389 XOR
2 1 4388 4387 4390 XOR
2 1 4388 4389 4391 AND
2 1 4387 4391 4392 XOR
2 1 4256 428 4393 XOR
2 1 4392 428 4394 XOR
2 1 4393 4392 4395 XOR
2 1 4393 4394 4396 AND
2 1 4392 4396 4397 XOR
2 1 4259 429 4398 XOR
2 1 4397 429 4399 XOR
2 1 4398 4397 4400 XOR
2 1 4398 4399 4401 AND
2 1 4397 4401 4402 XOR
2 1 4262 430 4403 XOR
2 1 4402 430 4404 XOR
2 1 4403 4402 4405 XOR
2 1 4403 4404 4406 AND
2 1 4402 4406 4407 XOR
2 1 4265 431 4408 XOR
2 1 4407 431 4409 XOR
2 1 4408 4407 4410 XOR
2 1 4408 4409 4411 AND
2 1 4407 4411 4412 XOR
2 1 4268 432 4413 XOR
2 1 4412 432 4414 XOR
2 1 4413 4412 4415 XOR
2 1 4413 4414 4416 AND
2 1 4412 4416 4417 XOR
2 1 4271 433 4418 XOR
2 1 4417 433 4419 XOR
2 1 4418 4417 4420 XOR
2 1 4418 4419 4421 AND
2 1 4417 4421 4422 XOR
2 1 4274 434 4423 XOR
2 1 4422 434 4424 XOR
2 1 4423 4422 4425 XOR
2 1 4423 4424 4426 AND
2 1 4422 4426 4427 XOR
2 1 4427 435 4428 XOR
2 1 4427 435 4429 AND
2 1 4428 4429 4430 XOR
2 1 219 4276 4431 XOR
2 1 4430 4431 4432 AND
2 1 4432 4276 4433 XOR
2 1 4187 4280 4434 XOR
2 1 4430 4434 4435 AND
2 1 4435 4280 4436 XOR
2 1 4190 4285 4437 XOR
2 1 4430 4437 4438 AND
2 1 4438 4285 4439 XOR
2 1 4193 4290 4440 XOR
2 1 4430 4440 4441 AND
2 1 4441 4290 4442 XOR
2 1 4196 4295 4443 XOR
2 1 4430 4443 4444 AND
2 1 4444 4295 4445 XOR
2 1 4199 4300 4446 XOR
2 1 4430 4446 4447 AND
2 1 4447 4300 4448 XOR
2 1 4202 4305 4449 XOR
2 1 4430 4449 4450 AND
2 1 4450 4305 4451 XOR
2 1 4205 4310 4452 XOR
2 1 4430 4452 4453 AND
2 1 4453 4310 4454 XOR
2 1 4208 4315 4455 XOR
2 1 4430 4455 4456 AND
2 1 4456 4315 4457 XOR
2 1 4211 4320 4458 XOR
2 1 4430 4458 4459 AND
2 1 4459 4320 4460 XOR
2 1 4214 4325 4461 XOR
2 1 4430 4461 4462 AND
2 1 4462 4325 4463 XOR
2 1 4217 4330 4464 XOR
2 1 4430 4464 4465 AND
2 1 4465 4330 4466 XOR
2 1 4220 4335 4467 XOR
2 1 4430 4467 4468 AND
2 1 4468 4335 4469 XOR
2 1 4223 4340 4470 XOR
2 1 4430 4470 4471 AND
2 1 4471 4340 4472 XOR
2 1 4226 4345 4473 XOR
2 1 4430 4473 4474 AND
2 1 4474 4345 4475 XOR
2 1 4229 4350 4476 XOR
2 1 4430 4476 4477 AND
2 1 4477 4350 4478 XOR
2 1 4232 4355 4479 XOR
2 1 4430 4479 4480 AND
2 1 4480 4355 4481 XOR
2 1 4235 4360 4482 XOR
2 1 4430 4482 4483 AND
2 1 4483 4360 4484 XOR
2 1 4238 4365 4485 XOR
2 1 4430 4485 4486 AND
2 1 4486 4365 4487 XOR
2 1 4241 4370 4488 XOR
2 1 4430 4488 4489 AND
2 1 4489 4370 4490 XOR
2 1 4244 4375 4491 XOR
2 1 4430 4491 4492 AND
2 1 4492 4375 4493 XOR
2 1 4247 4380 4494 XOR
2 1 4430 4494 4495 AND
2 1 4495 4380 4496 XOR
2 1 4250 4385 4497 XOR
2 1 4430 4497 4498 AND
2 1 4498 4385 4499 XOR
2 1 4253 4390 4500 XOR
2 1 4430 4500 4501 AND
2 1 4501 4390 4502 XOR
2 1 4256 4395 4503 XOR
2 1 4430 4503 4504 AND
2 1 4504 4395 4505 XOR
2 1 4259 4400 4506 XOR
2 1 4430 4506 4507 AND
2 1 4507 4400 4508 XOR
2 1 4262 4405 4509 XOR
2 1 4430 4509 4510 AND
2 1 4510 4405 4511 XOR
2 1 4265 4410 4512 XOR
2 1 4430 4512 4513 AND
2 1 4513 4410 4514 XOR
2 1 4268 4415 4515 XOR
2 1 4430 4515 4516 AND
2 1 4516 4415 4517 XOR
2 1 4271 4420 4518 XOR
2 1 4430 4518 4519 AND
2 1 4519 4420 4520 XOR
2 1 4274 4425 4521 XOR
2 1 4430 4521 4522 AND
2 1 4522 4425 4523 XOR
1 1 4430 4524 INV
2 1 218 404 4525 XOR
2 1 4525 404 4526 AND
2 1 4433 405 4527 XOR
2 1 4526 405 4528 XOR
2 1 4527 4526 4529 XOR
2 1 4527 4528 4530 AND
2 1 4526 4530 4531 XOR
2 1 4436 406 4532 XOR
2 1 4531 406 4533 XOR
2 1 4532 4531 4534 XOR
2 1 4532 4533 4535 AND
2 1 4531 4535 4536 XOR
2 1 4439 407 4537 XOR
2 1 4536 407 4538 XOR
2 1 4537 4536 4539 XOR
2 1 4537 4538 4540 AND
2 1 4536 4540 4541 XOR
2 1 4442 408 4542 XOR
2 1 4541 408 4543 XOR
2 1 4542 4541 4544 XOR
2 1 4542 4543 4545 AND
2 1 4541 4545 4546 XOR
2 1 4445 409 4547 XOR
2 1 4546 409 4548 XOR
2 1 4547 4546 4549 XOR
2 1 4547 4548 4550 AND
2 1 4546 4550 4551 XOR
2 1 4448 410 4552 XOR
2 1 4551 410 4553 XOR
2 1 4552 4551 4554 XOR
2 1 4552 4553 4555 AND
2 1 4551 4555 4556 XOR
2 1 4451 411 4557 XOR
2 1 4556 411 4558 XOR
2 1 4557 4556 4559 XOR
2 1 4557 4558 4560 AND
2 1 4556 4560 4561 XOR
2 1 4454 412 4562 XOR
2 1 4561 412 4563 XOR
2 1 4562 4561 4564 XOR
2 1 4562 4563 4565 AND
2 1 4561 4565 4566 XOR
2 1 4457 413 4567 XOR
2 1 4566 413 4568 XOR
2 1 4567 4566 4569 XOR
2 1 4567 4568 4570 AND
2 1 4566 4570 4571 XOR
2 1 4460 414 4572 XOR
2 1 4571 414 4573 XOR
2 1 4572 4571 4574 XOR
2 1 4572 4573 4575 AND
2 1 4571 4575 4576 XOR
2 1 4463 415 4577 XOR
2 1 4576 415 4578 XOR
2 1 4577 4576 4579 XOR
2 1 4577 4578 4580 AND
2 1 4576 4580 4581 XOR
2 1 4466 416 4582 XOR
2 1 4581 416 4583 XOR
2 1 4582 4581 4584 XOR
2 1 4582 4583 4585 AND
2 1 4581 4585 4586 XOR
2 1 4469 417 4587 XOR
2 1 4586 417 4588 XOR
2 1 4587 4586 4589 XOR
2 1 4587 4588 4590 AND
2 1 4586 4590 4591 XOR
2 1 4472 418 4592 XOR
2 1 4591 418 4593 XOR
2 1 4592 4591 4594 XOR
2 1 4592 4593 4595 AND
2 1 4591 4595 4596 XOR
2 1 4475 419 4597 XOR
2 1 4596 419 4598 XOR
2 1 4597 4596 4599 XOR
2 1 4597 4598 4600 AND
2 1 4596 4600 4601 XOR
2 1 4478 420 4602 XOR
2 1 4601 420 4603 XOR
2 1 4602 4601 4604 XOR
2 1 4602 4603 4605 AND
2 1 4601 4605 4606 XOR
2 1 4481 421 4607 XOR
2 1 4606 421 4608 XOR
2 1 4607 4606 4609 XOR
2 1 4607 4608 4610 AND
2 1 4606 4610 4611 XOR
2 1 4484 422 4612 XOR
2 1 4611 422 4613 XOR
2 1 4612 4611 4614 XOR
2 1 4612 4613 4615 AND
2 1 4611 4615 4616 XOR
2 1 4487 423 4617 XOR
2 1 4616 423 4618 XOR
2 1 4617 4616 4619 XOR
2 1 4617 4618 4620 AND
2 1 4616 4620 4621 XOR
2 1 4490 424 4622 XOR
2 1 4621 424 4623 XOR
2 1 4622 4621 4624 XOR
2 1 4622 4623 4625 AND
2 1 4621 4625 4626 XOR
2 1 4493 425 4627 XOR
2 1 4626 425 4628 XOR
2 1 4627 4626 4629 XOR
2 1 4627 4628 4630 AND
2 1 4626 4630 4631 XOR
2 1 4496 426 4632 XOR
2 1 4631 426 4633 XOR
2 1 4632 4631 4634 XOR
2 1 4632 4633 4635 AND
2 1 4631 4635 4636 XOR
2 1 4499 427 4637 XOR
2 1 4636 427 4638 XOR
2 1 4637 4636 4639 XOR
2 1 4637 4638 4640 AND
2 1 4636 4640 4641 XOR
2 1 4502 428 4642 XOR
2 1 4641 428 4643 XOR
2 1 4642 4641 4644 XOR
2 1 4642 4643 4645 AND
2 1 4641 4645 4646 XOR
2 1 4505 429 4647 XOR
2 1 4646 429 4648 XOR
2 1 4647 4646 4649 XOR
2 1 4647 4648 4650 AND
2 1 4646 4650 4651 XOR
2 1 4508 430 4652 XOR
2 1 4651 430 4653 XOR
2 1 4652 4651 4654 XOR
2 1 4652 4653 4655 AND
2 1 4651 4655 4656 XOR
2 1 4511 431 4657 XOR
2 1 4656 431 4658 XOR
2 1 4657 4656 4659 XOR
2 1 4657 4658 4660 AND
2 1 4656 4660 4661 XOR
2 1 4514 432 4662 XOR
2 1 4661 432 4663 XOR
2 1 4662 4661 4664 XOR
2 1 4662 4663 4665 AND
2 1 4661 4665 4666 XOR
2 1 4517 433 4667 XOR
2 1 4666 433 4668 XOR
2 1 4667 4666 4669 XOR
2 1 4667 4668 4670 AND
2 1 4666 4670 4671 XOR
2 1 4520 434 4672 XOR
2 1 4671 434 4673 XOR
2 1 4672 4671 4674 XOR
2 1 4672 4673 4675 AND
2 1 4671 4675 4676 XOR
2 1 4523 435 4677 XOR
2 1 4676 435 4678 XOR
2 1 4677 4676 4679 XOR
2 1 4677 4678 4680 AND
2 1 4676 4680 4681 XOR
2 1 218 4525 4682 XOR
2 1 4681 4682 4683 AND
2 1 4683 4525 4684 XOR
2 1 4433 4529 4685 XOR
2 1 4681 4685 4686 AND
2 1 4686 4529 4687 XOR
2 1 4436 4534 4688 XOR
2 1 4681 4688 4689 AND
2 1 4689 4534 4690 XOR
2 1 4439 4539 4691 XOR
2 1 4681 4691 4692 AND
2 1 4692 4539 4693 XOR
2 1 4442 4544 4694 XOR
2 1 4681 4694 4695 AND
2 1 4695 4544 4696 XOR
2 1 4445 4549 4697 XOR
2 1 4681 4697 4698 AND
2 1 4698 4549 4699 XOR
2 1 4448 4554 4700 XOR
2 1 4681 4700 4701 AND
2 1 4701 4554 4702 XOR
2 1 4451 4559 4703 XOR
2 1 4681 4703 4704 AND
2 1 4704 4559 4705 XOR
2 1 4454 4564 4706 XOR
2 1 4681 4706 4707 AND
2 1 4707 4564 4708 XOR
2 1 4457 4569 4709 XOR
2 1 4681 4709 4710 AND
2 1 4710 4569 4711 XOR
2 1 4460 4574 4712 XOR
2 1 4681 4712 4713 AND
2 1 4713 4574 4714 XOR
2 1 4463 4579 4715 XOR
2 1 4681 4715 4716 AND
2 1 4716 4579 4717 XOR
2 1 4466 4584 4718 XOR
2 1 4681 4718 4719 AND
2 1 4719 4584 4720 XOR
2 1 4469 4589 4721 XOR
2 1 4681 4721 4722 AND
2 1 4722 4589 4723 XOR
2 1 4472 4594 4724 XOR
2 1 4681 4724 4725 AND
2 1 4725 4594 4726 XOR
2 1 4475 4599 4727 XOR
2 1 4681 4727 4728 AND
2 1 4728 4599 4729 XOR
2 1 4478 4604 4730 XOR
2 1 4681 4730 4731 AND
2 1 4731 4604 4732 XOR
2 1 4481 4609 4733 XOR
2 1 4681 4733 4734 AND
2 1 4734 4609 4735 XOR
2 1 4484 4614 4736 XOR
2 1 4681 4736 4737 AND
2 1 4737 4614 4738 XOR
2 1 4487 4619 4739 XOR
2 1 4681 4739 4740 AND
2 1 4740 4619 4741 XOR
2 1 4490 4624 4742 XOR
2 1 4681 4742 4743 AND
2 1 4743 4624 4744 XOR
2 1 4493 4629 4745 XOR
2 1 4681 4745 4746 AND
2 1 4746 4629 4747 XOR
2 1 4496 4634 4748 XOR
2 1 4681 4748 4749 AND
2 1 4749 4634 4750 XOR
2 1 4499 4639 4751 XOR
2 1 4681 4751 4752 AND
2 1 4752 4639 4753 XOR
2 1 4502 4644 4754 XOR
2 1 4681 4754 4755 AND
2 1 4755 4644 4756 XOR
2 1 4505 4649 4757 XOR
2 1 4681 4757 4758 AND
2 1 4758 4649 4759 XOR
2 1 4508 4654 4760 XOR
2 1 4681 4760 4761 AND
2 1 4761 4654 4762 XOR
2 1 4511 4659 4763 XOR
2 1 4681 4763 4764 AND
2 1 4764 4659 4765 XOR
2 1 4514 4664 4766 XOR
2 1 4681 4766 4767 AND
2 1 4767 4664 4768 XOR
2 1 4517 4669 4769 XOR
2 1 4681 4769 4770 AND
2 1 4770 4669 4771 XOR
2 1 4520 4674 4772 XOR
2 1 4681 4772 4773 AND
2 1 4773 4674 4774 XOR
2 1 4523 4679 4775 XOR
2 1 4681 4775 4776 AND
2 1 4776 4679 4777 XOR
1 1 4681 4778 INV
2 1 4684 31 4779 XOR
2 1 4779 31 4780 XOR
2 1 31 4779 4781 AND
2 1 4687 31 4782 XOR
2 1 4782 4781 4783 XOR
2 1 4781 4782 4784 AND
2 1 4690 31 4785 XOR
2 1 4785 4784 4786 XOR
2 1 4784 4785 4787 AND
2 1 4693 31 4788 XOR
2 1 4788 4787 4789 XOR
2 1 4787 4788 4790 AND
2 1 4696 31 4791 XOR
2 1 4791 4790 4792 XOR
2 1 4790 4791 4793 AND
2 1 4699 31 4794 XOR
2 1 4794 4793 4795 XOR
2 1 4793 4794 4796 AND
2 1 4702 31 4797 XOR
2 1 4797 4796 4798 XOR
2 1 4796 4797 4799 AND
2 1 4705 31 4800 XOR
2 1 4800 4799 4801 XOR
2 1 4799 4800 4802 AND
2 1 4708 31 4803 XOR
2 1 4803 4802 4804 XOR
2 1 4802 4803 4805 AND
2 1 4711 31 4806 XOR
2 1 4806 4805 4807 XOR
2 1 4805 4806 4808 AND
2 1 4714 31 4809 XOR
2 1 4809 4808 4810 XOR
2 1 4808 4809 4811 AND
2 1 4717 31 4812 XOR
2 1 4812 4811 4813 XOR
2 1 4811 4812 4814 AND
2 1 4720 31 4815 XOR
2 1 4815 4814 4816 XOR
2 1 4814 4815 4817 AND
2 1 4723 31 4818 XOR
2 1 4818 4817 4819 XOR
2 1 4817 4818 4820 AND
2 1 4726 31 4821 XOR
2 1 4821 4820 4822 XOR
2 1 4820 4821 4823 AND
2 1 4729 31 4824 XOR
2 1 4824 4823 4825 XOR
2 1 4823 4824 4826 AND
2 1 4732 31 4827 XOR
2 1 4827 4826 4828 XOR
2 1 4826 4827 4829 AND
2 1 4735 31 4830 XOR
2 1 4830 4829 4831 XOR
2 1 4829 4830 4832 AND
2 1 4738 31 4833 XOR
2 1 4833 4832 4834 XOR
2 1 4832 4833 4835 AND
2 1 4741 31 4836 XOR
2 1 4836 4835 4837 XOR
2 1 4835 4836 4838 AND
2 1 4744 31 4839 XOR
2 1 4839 4838 4840 XOR
2 1 4838 4839 4841 AND
2 1 4747 31 4842 XOR
2 1 4842 4841 4843 XOR
2 1 4841 4842 4844 AND
2 1 4750 31 4845 XOR
2 1 4845 4844 4846 XOR
2 1 4844 4845 4847 AND
2 1 4753 31 4848 XOR
2 1 4848 4847 4849 XOR
2 1 4847 4848 4850 AND
2 1 4756 31 4851 XOR
2 1 4851 4850 4852 XOR
2 1 4850 4851 4853 AND
2 1 4759 31 4854 XOR
2 1 4854 4853 4855 XOR
2 1 4853 4854 4856 AND
2 1 4762 31 4857 XOR
2 1 4857 4856 4858 XOR
2 1 4856 4857 4859 AND
2 1 4765 31 4860 XOR
2 1 4860 4859 4861 XOR
2 1 4859 4860 4862 AND
2 1 4768 31 4863 XOR
2 1 4863 4862 4864 XOR
2 1 4862 4863 4865 AND
2 1 4771 31 4866 XOR
2 1 4866 4865 4867 XOR
2 1 4865 4866 4868 AND
2 1 4774 31 4869 XOR
2 1 4869 4868 4870 XOR
2 1 4868 4869 4871 AND
2 1 31 4871 4872 XOR
2 1 4872 4777 4873 XOR
2 1 0 0 4874 XOR
2 1 4874 4780 4875 XOR
2 1 4874 4783 4876 XOR
2 1 4874 4786 4877 XOR
2 1 4874 4789 4878 XOR
2 1 4874 4792 4879 XOR
2 1 4874 4795 4880 XOR
2 1 4874 4798 4881 XOR
2 1 4874 4801 4882 XOR
2 1 4874 4804 4883 XOR
2 1 4874 4807 4884 XOR
2 1 4874 4810 4885 XOR
2 1 4874 4813 4886 XOR
2 1 4874 4816 4887 XOR
2 1 4874 4819 4888 XOR
2 1 4874 4822 4889 XOR
2 1 4874 4825 4890 XOR
2 1 4874 4828 4891 XOR
2 1 4874 4831 4892 XOR
2 1 4874 4834 4893 XOR
2 1 4874 4837 4894 XOR
2 1 4874 4840 4895 XOR
2 1 4874 4843 4896 XOR
2 1 4874 4846 4897 XOR
2 1 4874 4849 4898 XOR
2 1 4874 4852 4899 XOR
2 1 4874 4855 4900 XOR
2 1 4874 4858 4901 XOR
2 1 4874 4861 4902 XOR
2 1 4874 4864 4903 XOR
2 1 4874 4867 4904 XOR
2 1 4874 4870 4905 XOR
2 1 4874 4873 4906 XOR
