4634 4698
32 32 32
                                                                                                                                                                                     
2 1 63 62 64 XOR
2 1 63 62 65 AND
2 1 64 65 66 XOR
2 1 66 61 67 XOR
2 1 66 61 68 AND
2 1 67 68 69 XOR
2 1 69 60 70 XOR
2 1 69 60 71 AND
2 1 70 71 72 XOR
2 1 72 59 73 XOR
2 1 72 59 74 AND
2 1 73 74 75 XOR
2 1 75 58 76 XOR
2 1 75 58 77 AND
2 1 76 77 78 XOR
2 1 78 57 79 XOR
2 1 78 57 80 AND
2 1 79 80 81 XOR
2 1 81 56 82 XOR
2 1 81 56 83 AND
2 1 82 83 84 XOR
2 1 84 55 85 XOR
2 1 84 55 86 AND
2 1 85 86 87 XOR
2 1 87 54 88 XOR
2 1 87 54 89 AND
2 1 88 89 90 XOR
2 1 90 53 91 XOR
2 1 90 53 92 AND
2 1 91 92 93 XOR
2 1 93 52 94 XOR
2 1 93 52 95 AND
2 1 94 95 96 XOR
2 1 96 51 97 XOR
2 1 96 51 98 AND
2 1 97 98 99 XOR
2 1 99 50 100 XOR
2 1 99 50 101 AND
2 1 100 101 102 XOR
2 1 102 49 103 XOR
2 1 102 49 104 AND
2 1 103 104 105 XOR
2 1 105 48 106 XOR
2 1 105 48 107 AND
2 1 106 107 108 XOR
2 1 108 47 109 XOR
2 1 108 47 110 AND
2 1 109 110 111 XOR
2 1 111 46 112 XOR
2 1 111 46 113 AND
2 1 112 113 114 XOR
2 1 114 45 115 XOR
2 1 114 45 116 AND
2 1 115 116 117 XOR
2 1 117 44 118 XOR
2 1 117 44 119 AND
2 1 118 119 120 XOR
2 1 120 43 121 XOR
2 1 120 43 122 AND
2 1 121 122 123 XOR
2 1 123 42 124 XOR
2 1 123 42 125 AND
2 1 124 125 126 XOR
2 1 126 41 127 XOR
2 1 126 41 128 AND
2 1 127 128 129 XOR
2 1 129 40 130 XOR
2 1 129 40 131 AND
2 1 130 131 132 XOR
2 1 132 39 133 XOR
2 1 132 39 134 AND
2 1 133 134 135 XOR
2 1 135 38 136 XOR
2 1 135 38 137 AND
2 1 136 137 138 XOR
2 1 138 37 139 XOR
2 1 138 37 140 AND
2 1 139 140 141 XOR
2 1 141 36 142 XOR
2 1 141 36 143 AND
2 1 142 143 144 XOR
2 1 144 35 145 XOR
2 1 144 35 146 AND
2 1 145 146 147 XOR
2 1 147 34 148 XOR
2 1 147 34 149 AND
2 1 148 149 150 XOR
2 1 150 33 151 XOR
2 1 150 33 152 AND
2 1 151 152 153 XOR
2 1 32 32 154 AND
2 1 154 153 155 XOR
2 1 154 153 156 AND
2 1 155 156 157 XOR
2 1 157 32 158 AND
2 1 158 32 159 XOR
1 1 157 160 INV
2 1 31 32 161 XOR
2 1 161 32 162 AND
2 1 159 33 163 XOR
2 1 162 33 164 XOR
2 1 163 162 165 XOR
2 1 163 164 166 AND
2 1 162 166 167 XOR
2 1 167 150 168 XOR
2 1 167 150 169 AND
2 1 168 169 170 XOR
2 1 31 161 171 XOR
2 1 170 171 172 AND
2 1 172 161 173 XOR
2 1 159 165 174 XOR
2 1 170 174 175 AND
2 1 175 165 176 XOR
1 1 170 177 INV
2 1 30 32 178 XOR
2 1 178 32 179 AND
2 1 173 33 180 XOR
2 1 179 33 181 XOR
2 1 180 179 182 XOR
2 1 180 181 183 AND
2 1 179 183 184 XOR
2 1 176 34 185 XOR
2 1 184 34 186 XOR
2 1 185 184 187 XOR
2 1 185 186 188 AND
2 1 184 188 189 XOR
2 1 189 147 190 XOR
2 1 189 147 191 AND
2 1 190 191 192 XOR
2 1 30 178 193 XOR
2 1 192 193 194 AND
2 1 194 178 195 XOR
2 1 173 182 196 XOR
2 1 192 196 197 AND
2 1 197 182 198 XOR
2 1 176 187 199 XOR
2 1 192 199 200 AND
2 1 200 187 201 XOR
1 1 192 202 INV
2 1 29 32 203 XOR
2 1 203 32 204 AND
2 1 195 33 205 XOR
2 1 204 33 206 XOR
2 1 205 204 207 XOR
2 1 205 206 208 AND
2 1 204 208 209 XOR
2 1 198 34 210 XOR
2 1 209 34 211 XOR
2 1 210 209 212 XOR
2 1 210 211 213 AND
2 1 209 213 214 XOR
2 1 201 35 215 XOR
2 1 214 35 216 XOR
2 1 215 214 217 XOR
2 1 215 216 218 AND
2 1 214 218 219 XOR
2 1 219 144 220 XOR
2 1 219 144 221 AND
2 1 220 221 222 XOR
2 1 29 203 223 XOR
2 1 222 223 224 AND
2 1 224 203 225 XOR
2 1 195 207 226 XOR
2 1 222 226 227 AND
2 1 227 207 228 XOR
2 1 198 212 229 XOR
2 1 222 229 230 AND
2 1 230 212 231 XOR
2 1 201 217 232 XOR
2 1 222 232 233 AND
2 1 233 217 234 XOR
1 1 222 235 INV
2 1 28 32 236 XOR
2 1 236 32 237 AND
2 1 225 33 238 XOR
2 1 237 33 239 XOR
2 1 238 237 240 XOR
2 1 238 239 241 AND
2 1 237 241 242 XOR
2 1 228 34 243 XOR
2 1 242 34 244 XOR
2 1 243 242 245 XOR
2 1 243 244 246 AND
2 1 242 246 247 XOR
2 1 231 35 248 XOR
2 1 247 35 249 XOR
2 1 248 247 250 XOR
2 1 248 249 251 AND
2 1 247 251 252 XOR
2 1 234 36 253 XOR
2 1 252 36 254 XOR
2 1 253 252 255 XOR
2 1 253 254 256 AND
2 1 252 256 257 XOR
2 1 257 141 258 XOR
2 1 257 141 259 AND
2 1 258 259 260 XOR
2 1 28 236 261 XOR
2 1 260 261 262 AND
2 1 262 236 263 XOR
2 1 225 240 264 XOR
2 1 260 264 265 AND
2 1 265 240 266 XOR
2 1 228 245 267 XOR
2 1 260 267 268 AND
2 1 268 245 269 XOR
2 1 231 250 270 XOR
2 1 260 270 271 AND
2 1 271 250 272 XOR
2 1 234 255 273 XOR
2 1 260 273 274 AND
2 1 274 255 275 XOR
1 1 260 276 INV
2 1 27 32 277 XOR
2 1 277 32 278 AND
2 1 263 33 279 XOR
2 1 278 33 280 XOR
2 1 279 278 281 XOR
2 1 279 280 282 AND
2 1 278 282 283 XOR
2 1 266 34 284 XOR
2 1 283 34 285 XOR
2 1 284 283 286 XOR
2 1 284 285 287 AND
2 1 283 287 288 XOR
2 1 269 35 289 XOR
2 1 288 35 290 XOR
2 1 289 288 291 XOR
2 1 289 290 292 AND
2 1 288 292 293 XOR
2 1 272 36 294 XOR
2 1 293 36 295 XOR
2 1 294 293 296 XOR
2 1 294 295 297 AND
2 1 293 297 298 XOR
2 1 275 37 299 XOR
2 1 298 37 300 XOR
2 1 299 298 301 XOR
2 1 299 300 302 AND
2 1 298 302 303 XOR
2 1 303 138 304 XOR
2 1 303 138 305 AND
2 1 304 305 306 XOR
2 1 27 277 307 XOR
2 1 306 307 308 AND
2 1 308 277 309 XOR
2 1 263 281 310 XOR
2 1 306 310 311 AND
2 1 311 281 312 XOR
2 1 266 286 313 XOR
2 1 306 313 314 AND
2 1 314 286 315 XOR
2 1 269 291 316 XOR
2 1 306 316 317 AND
2 1 317 291 318 XOR
2 1 272 296 319 XOR
2 1 306 319 320 AND
2 1 320 296 321 XOR
2 1 275 301 322 XOR
2 1 306 322 323 AND
2 1 323 301 324 XOR
1 1 306 325 INV
2 1 26 32 326 XOR
2 1 326 32 327 AND
2 1 309 33 328 XOR
2 1 327 33 329 XOR
2 1 328 327 330 XOR
2 1 328 329 331 AND
2 1 327 331 332 XOR
2 1 312 34 333 XOR
2 1 332 34 334 XOR
2 1 333 332 335 XOR
2 1 333 334 336 AND
2 1 332 336 337 XOR
2 1 315 35 338 XOR
2 1 337 35 339 XOR
2 1 338 337 340 XOR
2 1 338 339 341 AND
2 1 337 341 342 XOR
2 1 318 36 343 XOR
2 1 342 36 344 XOR
2 1 343 342 345 XOR
2 1 343 344 346 AND
2 1 342 346 347 XOR
2 1 321 37 348 XOR
2 1 347 37 349 XOR
2 1 348 347 350 XOR
2 1 348 349 351 AND
2 1 347 351 352 XOR
2 1 324 38 353 XOR
2 1 352 38 354 XOR
2 1 353 352 355 XOR
2 1 353 354 356 AND
2 1 352 356 357 XOR
2 1 357 135 358 XOR
2 1 357 135 359 AND
2 1 358 359 360 XOR
2 1 26 326 361 XOR
2 1 360 361 362 AND
2 1 362 326 363 XOR
2 1 309 330 364 XOR
2 1 360 364 365 AND
2 1 365 330 366 XOR
2 1 312 335 367 XOR
2 1 360 367 368 AND
2 1 368 335 369 XOR
2 1 315 340 370 XOR
2 1 360 370 371 AND
2 1 371 340 372 XOR
2 1 318 345 373 XOR
2 1 360 373 374 AND
2 1 374 345 375 XOR
2 1 321 350 376 XOR
2 1 360 376 377 AND
2 1 377 350 378 XOR
2 1 324 355 379 XOR
2 1 360 379 380 AND
2 1 380 355 381 XOR
1 1 360 382 INV
2 1 25 32 383 XOR
2 1 383 32 384 AND
2 1 363 33 385 XOR
2 1 384 33 386 XOR
2 1 385 384 387 XOR
2 1 385 386 388 AND
2 1 384 388 389 XOR
2 1 366 34 390 XOR
2 1 389 34 391 XOR
2 1 390 389 392 XOR
2 1 390 391 393 AND
2 1 389 393 394 XOR
2 1 369 35 395 XOR
2 1 394 35 396 XOR
2 1 395 394 397 XOR
2 1 395 396 398 AND
2 1 394 398 399 XOR
2 1 372 36 400 XOR
2 1 399 36 401 XOR
2 1 400 399 402 XOR
2 1 400 401 403 AND
2 1 399 403 404 XOR
2 1 375 37 405 XOR
2 1 404 37 406 XOR
2 1 405 404 407 XOR
2 1 405 406 408 AND
2 1 404 408 409 XOR
2 1 378 38 410 XOR
2 1 409 38 411 XOR
2 1 410 409 412 XOR
2 1 410 411 413 AND
2 1 409 413 414 XOR
2 1 381 39 415 XOR
2 1 414 39 416 XOR
2 1 415 414 417 XOR
2 1 415 416 418 AND
2 1 414 418 419 XOR
2 1 419 132 420 XOR
2 1 419 132 421 AND
2 1 420 421 422 XOR
2 1 25 383 423 XOR
2 1 422 423 424 AND
2 1 424 383 425 XOR
2 1 363 387 426 XOR
2 1 422 426 427 AND
2 1 427 387 428 XOR
2 1 366 392 429 XOR
2 1 422 429 430 AND
2 1 430 392 431 XOR
2 1 369 397 432 XOR
2 1 422 432 433 AND
2 1 433 397 434 XOR
2 1 372 402 435 XOR
2 1 422 435 436 AND
2 1 436 402 437 XOR
2 1 375 407 438 XOR
2 1 422 438 439 AND
2 1 439 407 440 XOR
2 1 378 412 441 XOR
2 1 422 441 442 AND
2 1 442 412 443 XOR
2 1 381 417 444 XOR
2 1 422 444 445 AND
2 1 445 417 446 XOR
1 1 422 447 INV
2 1 24 32 448 XOR
2 1 448 32 449 AND
2 1 425 33 450 XOR
2 1 449 33 451 XOR
2 1 450 449 452 XOR
2 1 450 451 453 AND
2 1 449 453 454 XOR
2 1 428 34 455 XOR
2 1 454 34 456 XOR
2 1 455 454 457 XOR
2 1 455 456 458 AND
2 1 454 458 459 XOR
2 1 431 35 460 XOR
2 1 459 35 461 XOR
2 1 460 459 462 XOR
2 1 460 461 463 AND
2 1 459 463 464 XOR
2 1 434 36 465 XOR
2 1 464 36 466 XOR
2 1 465 464 467 XOR
2 1 465 466 468 AND
2 1 464 468 469 XOR
2 1 437 37 470 XOR
2 1 469 37 471 XOR
2 1 470 469 472 XOR
2 1 470 471 473 AND
2 1 469 473 474 XOR
2 1 440 38 475 XOR
2 1 474 38 476 XOR
2 1 475 474 477 XOR
2 1 475 476 478 AND
2 1 474 478 479 XOR
2 1 443 39 480 XOR
2 1 479 39 481 XOR
2 1 480 479 482 XOR
2 1 480 481 483 AND
2 1 479 483 484 XOR
2 1 446 40 485 XOR
2 1 484 40 486 XOR
2 1 485 484 487 XOR
2 1 485 486 488 AND
2 1 484 488 489 XOR
2 1 489 129 490 XOR
2 1 489 129 491 AND
2 1 490 491 492 XOR
2 1 24 448 493 XOR
2 1 492 493 494 AND
2 1 494 448 495 XOR
2 1 425 452 496 XOR
2 1 492 496 497 AND
2 1 497 452 498 XOR
2 1 428 457 499 XOR
2 1 492 499 500 AND
2 1 500 457 501 XOR
2 1 431 462 502 XOR
2 1 492 502 503 AND
2 1 503 462 504 XOR
2 1 434 467 505 XOR
2 1 492 505 506 AND
2 1 506 467 507 XOR
2 1 437 472 508 XOR
2 1 492 508 509 AND
2 1 509 472 510 XOR
2 1 440 477 511 XOR
2 1 492 511 512 AND
2 1 512 477 513 XOR
2 1 443 482 514 XOR
2 1 492 514 515 AND
2 1 515 482 516 XOR
2 1 446 487 517 XOR
2 1 492 517 518 AND
2 1 518 487 519 XOR
1 1 492 520 INV
2 1 23 32 521 XOR
2 1 521 32 522 AND
2 1 495 33 523 XOR
2 1 522 33 524 XOR
2 1 523 522 525 XOR
2 1 523 524 526 AND
2 1 522 526 527 XOR
2 1 498 34 528 XOR
2 1 527 34 529 XOR
2 1 528 527 530 XOR
2 1 528 529 531 AND
2 1 527 531 532 XOR
2 1 501 35 533 XOR
2 1 532 35 534 XOR
2 1 533 532 535 XOR
2 1 533 534 536 AND
2 1 532 536 537 XOR
2 1 504 36 538 XOR
2 1 537 36 539 XOR
2 1 538 537 540 XOR
2 1 538 539 541 AND
2 1 537 541 542 XOR
2 1 507 37 543 XOR
2 1 542 37 544 XOR
2 1 543 542 545 XOR
2 1 543 544 546 AND
2 1 542 546 547 XOR
2 1 510 38 548 XOR
2 1 547 38 549 XOR
2 1 548 547 550 XOR
2 1 548 549 551 AND
2 1 547 551 552 XOR
2 1 513 39 553 XOR
2 1 552 39 554 XOR
2 1 553 552 555 XOR
2 1 553 554 556 AND
2 1 552 556 557 XOR
2 1 516 40 558 XOR
2 1 557 40 559 XOR
2 1 558 557 560 XOR
2 1 558 559 561 AND
2 1 557 561 562 XOR
2 1 519 41 563 XOR
2 1 562 41 564 XOR
2 1 563 562 565 XOR
2 1 563 564 566 AND
2 1 562 566 567 XOR
2 1 567 126 568 XOR
2 1 567 126 569 AND
2 1 568 569 570 XOR
2 1 23 521 571 XOR
2 1 570 571 572 AND
2 1 572 521 573 XOR
2 1 495 525 574 XOR
2 1 570 574 575 AND
2 1 575 525 576 XOR
2 1 498 530 577 XOR
2 1 570 577 578 AND
2 1 578 530 579 XOR
2 1 501 535 580 XOR
2 1 570 580 581 AND
2 1 581 535 582 XOR
2 1 504 540 583 XOR
2 1 570 583 584 AND
2 1 584 540 585 XOR
2 1 507 545 586 XOR
2 1 570 586 587 AND
2 1 587 545 588 XOR
2 1 510 550 589 XOR
2 1 570 589 590 AND
2 1 590 550 591 XOR
2 1 513 555 592 XOR
2 1 570 592 593 AND
2 1 593 555 594 XOR
2 1 516 560 595 XOR
2 1 570 595 596 AND
2 1 596 560 597 XOR
2 1 519 565 598 XOR
2 1 570 598 599 AND
2 1 599 565 600 XOR
1 1 570 601 INV
2 1 22 32 602 XOR
2 1 602 32 603 AND
2 1 573 33 604 XOR
2 1 603 33 605 XOR
2 1 604 603 606 XOR
2 1 604 605 607 AND
2 1 603 607 608 XOR
2 1 576 34 609 XOR
2 1 608 34 610 XOR
2 1 609 608 611 XOR
2 1 609 610 612 AND
2 1 608 612 613 XOR
2 1 579 35 614 XOR
2 1 613 35 615 XOR
2 1 614 613 616 XOR
2 1 614 615 617 AND
2 1 613 617 618 XOR
2 1 582 36 619 XOR
2 1 618 36 620 XOR
2 1 619 618 621 XOR
2 1 619 620 622 AND
2 1 618 622 623 XOR
2 1 585 37 624 XOR
2 1 623 37 625 XOR
2 1 624 623 626 XOR
2 1 624 625 627 AND
2 1 623 627 628 XOR
2 1 588 38 629 XOR
2 1 628 38 630 XOR
2 1 629 628 631 XOR
2 1 629 630 632 AND
2 1 628 632 633 XOR
2 1 591 39 634 XOR
2 1 633 39 635 XOR
2 1 634 633 636 XOR
2 1 634 635 637 AND
2 1 633 637 638 XOR
2 1 594 40 639 XOR
2 1 638 40 640 XOR
2 1 639 638 641 XOR
2 1 639 640 642 AND
2 1 638 642 643 XOR
2 1 597 41 644 XOR
2 1 643 41 645 XOR
2 1 644 643 646 XOR
2 1 644 645 647 AND
2 1 643 647 648 XOR
2 1 600 42 649 XOR
2 1 648 42 650 XOR
2 1 649 648 651 XOR
2 1 649 650 652 AND
2 1 648 652 653 XOR
2 1 653 123 654 XOR
2 1 653 123 655 AND
2 1 654 655 656 XOR
2 1 22 602 657 XOR
2 1 656 657 658 AND
2 1 658 602 659 XOR
2 1 573 606 660 XOR
2 1 656 660 661 AND
2 1 661 606 662 XOR
2 1 576 611 663 XOR
2 1 656 663 664 AND
2 1 664 611 665 XOR
2 1 579 616 666 XOR
2 1 656 666 667 AND
2 1 667 616 668 XOR
2 1 582 621 669 XOR
2 1 656 669 670 AND
2 1 670 621 671 XOR
2 1 585 626 672 XOR
2 1 656 672 673 AND
2 1 673 626 674 XOR
2 1 588 631 675 XOR
2 1 656 675 676 AND
2 1 676 631 677 XOR
2 1 591 636 678 XOR
2 1 656 678 679 AND
2 1 679 636 680 XOR
2 1 594 641 681 XOR
2 1 656 681 682 AND
2 1 682 641 683 XOR
2 1 597 646 684 XOR
2 1 656 684 685 AND
2 1 685 646 686 XOR
2 1 600 651 687 XOR
2 1 656 687 688 AND
2 1 688 651 689 XOR
1 1 656 690 INV
2 1 21 32 691 XOR
2 1 691 32 692 AND
2 1 659 33 693 XOR
2 1 692 33 694 XOR
2 1 693 692 695 XOR
2 1 693 694 696 AND
2 1 692 696 697 XOR
2 1 662 34 698 XOR
2 1 697 34 699 XOR
2 1 698 697 700 XOR
2 1 698 699 701 AND
2 1 697 701 702 XOR
2 1 665 35 703 XOR
2 1 702 35 704 XOR
2 1 703 702 705 XOR
2 1 703 704 706 AND
2 1 702 706 707 XOR
2 1 668 36 708 XOR
2 1 707 36 709 XOR
2 1 708 707 710 XOR
2 1 708 709 711 AND
2 1 707 711 712 XOR
2 1 671 37 713 XOR
2 1 712 37 714 XOR
2 1 713 712 715 XOR
2 1 713 714 716 AND
2 1 712 716 717 XOR
2 1 674 38 718 XOR
2 1 717 38 719 XOR
2 1 718 717 720 XOR
2 1 718 719 721 AND
2 1 717 721 722 XOR
2 1 677 39 723 XOR
2 1 722 39 724 XOR
2 1 723 722 725 XOR
2 1 723 724 726 AND
2 1 722 726 727 XOR
2 1 680 40 728 XOR
2 1 727 40 729 XOR
2 1 728 727 730 XOR
2 1 728 729 731 AND
2 1 727 731 732 XOR
2 1 683 41 733 XOR
2 1 732 41 734 XOR
2 1 733 732 735 XOR
2 1 733 734 736 AND
2 1 732 736 737 XOR
2 1 686 42 738 XOR
2 1 737 42 739 XOR
2 1 738 737 740 XOR
2 1 738 739 741 AND
2 1 737 741 742 XOR
2 1 689 43 743 XOR
2 1 742 43 744 XOR
2 1 743 742 745 XOR
2 1 743 744 746 AND
2 1 742 746 747 XOR
2 1 747 120 748 XOR
2 1 747 120 749 AND
2 1 748 749 750 XOR
2 1 21 691 751 XOR
2 1 750 751 752 AND
2 1 752 691 753 XOR
2 1 659 695 754 XOR
2 1 750 754 755 AND
2 1 755 695 756 XOR
2 1 662 700 757 XOR
2 1 750 757 758 AND
2 1 758 700 759 XOR
2 1 665 705 760 XOR
2 1 750 760 761 AND
2 1 761 705 762 XOR
2 1 668 710 763 XOR
2 1 750 763 764 AND
2 1 764 710 765 XOR
2 1 671 715 766 XOR
2 1 750 766 767 AND
2 1 767 715 768 XOR
2 1 674 720 769 XOR
2 1 750 769 770 AND
2 1 770 720 771 XOR
2 1 677 725 772 XOR
2 1 750 772 773 AND
2 1 773 725 774 XOR
2 1 680 730 775 XOR
2 1 750 775 776 AND
2 1 776 730 777 XOR
2 1 683 735 778 XOR
2 1 750 778 779 AND
2 1 779 735 780 XOR
2 1 686 740 781 XOR
2 1 750 781 782 AND
2 1 782 740 783 XOR
2 1 689 745 784 XOR
2 1 750 784 785 AND
2 1 785 745 786 XOR
1 1 750 787 INV
2 1 20 32 788 XOR
2 1 788 32 789 AND
2 1 753 33 790 XOR
2 1 789 33 791 XOR
2 1 790 789 792 XOR
2 1 790 791 793 AND
2 1 789 793 794 XOR
2 1 756 34 795 XOR
2 1 794 34 796 XOR
2 1 795 794 797 XOR
2 1 795 796 798 AND
2 1 794 798 799 XOR
2 1 759 35 800 XOR
2 1 799 35 801 XOR
2 1 800 799 802 XOR
2 1 800 801 803 AND
2 1 799 803 804 XOR
2 1 762 36 805 XOR
2 1 804 36 806 XOR
2 1 805 804 807 XOR
2 1 805 806 808 AND
2 1 804 808 809 XOR
2 1 765 37 810 XOR
2 1 809 37 811 XOR
2 1 810 809 812 XOR
2 1 810 811 813 AND
2 1 809 813 814 XOR
2 1 768 38 815 XOR
2 1 814 38 816 XOR
2 1 815 814 817 XOR
2 1 815 816 818 AND
2 1 814 818 819 XOR
2 1 771 39 820 XOR
2 1 819 39 821 XOR
2 1 820 819 822 XOR
2 1 820 821 823 AND
2 1 819 823 824 XOR
2 1 774 40 825 XOR
2 1 824 40 826 XOR
2 1 825 824 827 XOR
2 1 825 826 828 AND
2 1 824 828 829 XOR
2 1 777 41 830 XOR
2 1 829 41 831 XOR
2 1 830 829 832 XOR
2 1 830 831 833 AND
2 1 829 833 834 XOR
2 1 780 42 835 XOR
2 1 834 42 836 XOR
2 1 835 834 837 XOR
2 1 835 836 838 AND
2 1 834 838 839 XOR
2 1 783 43 840 XOR
2 1 839 43 841 XOR
2 1 840 839 842 XOR
2 1 840 841 843 AND
2 1 839 843 844 XOR
2 1 786 44 845 XOR
2 1 844 44 846 XOR
2 1 845 844 847 XOR
2 1 845 846 848 AND
2 1 844 848 849 XOR
2 1 849 117 850 XOR
2 1 849 117 851 AND
2 1 850 851 852 XOR
2 1 20 788 853 XOR
2 1 852 853 854 AND
2 1 854 788 855 XOR
2 1 753 792 856 XOR
2 1 852 856 857 AND
2 1 857 792 858 XOR
2 1 756 797 859 XOR
2 1 852 859 860 AND
2 1 860 797 861 XOR
2 1 759 802 862 XOR
2 1 852 862 863 AND
2 1 863 802 864 XOR
2 1 762 807 865 XOR
2 1 852 865 866 AND
2 1 866 807 867 XOR
2 1 765 812 868 XOR
2 1 852 868 869 AND
2 1 869 812 870 XOR
2 1 768 817 871 XOR
2 1 852 871 872 AND
2 1 872 817 873 XOR
2 1 771 822 874 XOR
2 1 852 874 875 AND
2 1 875 822 876 XOR
2 1 774 827 877 XOR
2 1 852 877 878 AND
2 1 878 827 879 XOR
2 1 777 832 880 XOR
2 1 852 880 881 AND
2 1 881 832 882 XOR
2 1 780 837 883 XOR
2 1 852 883 884 AND
2 1 884 837 885 XOR
2 1 783 842 886 XOR
2 1 852 886 887 AND
2 1 887 842 888 XOR
2 1 786 847 889 XOR
2 1 852 889 890 AND
2 1 890 847 891 XOR
1 1 852 892 INV
2 1 19 32 893 XOR
2 1 893 32 894 AND
2 1 855 33 895 XOR
2 1 894 33 896 XOR
2 1 895 894 897 XOR
2 1 895 896 898 AND
2 1 894 898 899 XOR
2 1 858 34 900 XOR
2 1 899 34 901 XOR
2 1 900 899 902 XOR
2 1 900 901 903 AND
2 1 899 903 904 XOR
2 1 861 35 905 XOR
2 1 904 35 906 XOR
2 1 905 904 907 XOR
2 1 905 906 908 AND
2 1 904 908 909 XOR
2 1 864 36 910 XOR
2 1 909 36 911 XOR
2 1 910 909 912 XOR
2 1 910 911 913 AND
2 1 909 913 914 XOR
2 1 867 37 915 XOR
2 1 914 37 916 XOR
2 1 915 914 917 XOR
2 1 915 916 918 AND
2 1 914 918 919 XOR
2 1 870 38 920 XOR
2 1 919 38 921 XOR
2 1 920 919 922 XOR
2 1 920 921 923 AND
2 1 919 923 924 XOR
2 1 873 39 925 XOR
2 1 924 39 926 XOR
2 1 925 924 927 XOR
2 1 925 926 928 AND
2 1 924 928 929 XOR
2 1 876 40 930 XOR
2 1 929 40 931 XOR
2 1 930 929 932 XOR
2 1 930 931 933 AND
2 1 929 933 934 XOR
2 1 879 41 935 XOR
2 1 934 41 936 XOR
2 1 935 934 937 XOR
2 1 935 936 938 AND
2 1 934 938 939 XOR
2 1 882 42 940 XOR
2 1 939 42 941 XOR
2 1 940 939 942 XOR
2 1 940 941 943 AND
2 1 939 943 944 XOR
2 1 885 43 945 XOR
2 1 944 43 946 XOR
2 1 945 944 947 XOR
2 1 945 946 948 AND
2 1 944 948 949 XOR
2 1 888 44 950 XOR
2 1 949 44 951 XOR
2 1 950 949 952 XOR
2 1 950 951 953 AND
2 1 949 953 954 XOR
2 1 891 45 955 XOR
2 1 954 45 956 XOR
2 1 955 954 957 XOR
2 1 955 956 958 AND
2 1 954 958 959 XOR
2 1 959 114 960 XOR
2 1 959 114 961 AND
2 1 960 961 962 XOR
2 1 19 893 963 XOR
2 1 962 963 964 AND
2 1 964 893 965 XOR
2 1 855 897 966 XOR
2 1 962 966 967 AND
2 1 967 897 968 XOR
2 1 858 902 969 XOR
2 1 962 969 970 AND
2 1 970 902 971 XOR
2 1 861 907 972 XOR
2 1 962 972 973 AND
2 1 973 907 974 XOR
2 1 864 912 975 XOR
2 1 962 975 976 AND
2 1 976 912 977 XOR
2 1 867 917 978 XOR
2 1 962 978 979 AND
2 1 979 917 980 XOR
2 1 870 922 981 XOR
2 1 962 981 982 AND
2 1 982 922 983 XOR
2 1 873 927 984 XOR
2 1 962 984 985 AND
2 1 985 927 986 XOR
2 1 876 932 987 XOR
2 1 962 987 988 AND
2 1 988 932 989 XOR
2 1 879 937 990 XOR
2 1 962 990 991 AND
2 1 991 937 992 XOR
2 1 882 942 993 XOR
2 1 962 993 994 AND
2 1 994 942 995 XOR
2 1 885 947 996 XOR
2 1 962 996 997 AND
2 1 997 947 998 XOR
2 1 888 952 999 XOR
2 1 962 999 1000 AND
2 1 1000 952 1001 XOR
2 1 891 957 1002 XOR
2 1 962 1002 1003 AND
2 1 1003 957 1004 XOR
1 1 962 1005 INV
2 1 18 32 1006 XOR
2 1 1006 32 1007 AND
2 1 965 33 1008 XOR
2 1 1007 33 1009 XOR
2 1 1008 1007 1010 XOR
2 1 1008 1009 1011 AND
2 1 1007 1011 1012 XOR
2 1 968 34 1013 XOR
2 1 1012 34 1014 XOR
2 1 1013 1012 1015 XOR
2 1 1013 1014 1016 AND
2 1 1012 1016 1017 XOR
2 1 971 35 1018 XOR
2 1 1017 35 1019 XOR
2 1 1018 1017 1020 XOR
2 1 1018 1019 1021 AND
2 1 1017 1021 1022 XOR
2 1 974 36 1023 XOR
2 1 1022 36 1024 XOR
2 1 1023 1022 1025 XOR
2 1 1023 1024 1026 AND
2 1 1022 1026 1027 XOR
2 1 977 37 1028 XOR
2 1 1027 37 1029 XOR
2 1 1028 1027 1030 XOR
2 1 1028 1029 1031 AND
2 1 1027 1031 1032 XOR
2 1 980 38 1033 XOR
2 1 1032 38 1034 XOR
2 1 1033 1032 1035 XOR
2 1 1033 1034 1036 AND
2 1 1032 1036 1037 XOR
2 1 983 39 1038 XOR
2 1 1037 39 1039 XOR
2 1 1038 1037 1040 XOR
2 1 1038 1039 1041 AND
2 1 1037 1041 1042 XOR
2 1 986 40 1043 XOR
2 1 1042 40 1044 XOR
2 1 1043 1042 1045 XOR
2 1 1043 1044 1046 AND
2 1 1042 1046 1047 XOR
2 1 989 41 1048 XOR
2 1 1047 41 1049 XOR
2 1 1048 1047 1050 XOR
2 1 1048 1049 1051 AND
2 1 1047 1051 1052 XOR
2 1 992 42 1053 XOR
2 1 1052 42 1054 XOR
2 1 1053 1052 1055 XOR
2 1 1053 1054 1056 AND
2 1 1052 1056 1057 XOR
2 1 995 43 1058 XOR
2 1 1057 43 1059 XOR
2 1 1058 1057 1060 XOR
2 1 1058 1059 1061 AND
2 1 1057 1061 1062 XOR
2 1 998 44 1063 XOR
2 1 1062 44 1064 XOR
2 1 1063 1062 1065 XOR
2 1 1063 1064 1066 AND
2 1 1062 1066 1067 XOR
2 1 1001 45 1068 XOR
2 1 1067 45 1069 XOR
2 1 1068 1067 1070 XOR
2 1 1068 1069 1071 AND
2 1 1067 1071 1072 XOR
2 1 1004 46 1073 XOR
2 1 1072 46 1074 XOR
2 1 1073 1072 1075 XOR
2 1 1073 1074 1076 AND
2 1 1072 1076 1077 XOR
2 1 1077 111 1078 XOR
2 1 1077 111 1079 AND
2 1 1078 1079 1080 XOR
2 1 18 1006 1081 XOR
2 1 1080 1081 1082 AND
2 1 1082 1006 1083 XOR
2 1 965 1010 1084 XOR
2 1 1080 1084 1085 AND
2 1 1085 1010 1086 XOR
2 1 968 1015 1087 XOR
2 1 1080 1087 1088 AND
2 1 1088 1015 1089 XOR
2 1 971 1020 1090 XOR
2 1 1080 1090 1091 AND
2 1 1091 1020 1092 XOR
2 1 974 1025 1093 XOR
2 1 1080 1093 1094 AND
2 1 1094 1025 1095 XOR
2 1 977 1030 1096 XOR
2 1 1080 1096 1097 AND
2 1 1097 1030 1098 XOR
2 1 980 1035 1099 XOR
2 1 1080 1099 1100 AND
2 1 1100 1035 1101 XOR
2 1 983 1040 1102 XOR
2 1 1080 1102 1103 AND
2 1 1103 1040 1104 XOR
2 1 986 1045 1105 XOR
2 1 1080 1105 1106 AND
2 1 1106 1045 1107 XOR
2 1 989 1050 1108 XOR
2 1 1080 1108 1109 AND
2 1 1109 1050 1110 XOR
2 1 992 1055 1111 XOR
2 1 1080 1111 1112 AND
2 1 1112 1055 1113 XOR
2 1 995 1060 1114 XOR
2 1 1080 1114 1115 AND
2 1 1115 1060 1116 XOR
2 1 998 1065 1117 XOR
2 1 1080 1117 1118 AND
2 1 1118 1065 1119 XOR
2 1 1001 1070 1120 XOR
2 1 1080 1120 1121 AND
2 1 1121 1070 1122 XOR
2 1 1004 1075 1123 XOR
2 1 1080 1123 1124 AND
2 1 1124 1075 1125 XOR
1 1 1080 1126 INV
2 1 17 32 1127 XOR
2 1 1127 32 1128 AND
2 1 1083 33 1129 XOR
2 1 1128 33 1130 XOR
2 1 1129 1128 1131 XOR
2 1 1129 1130 1132 AND
2 1 1128 1132 1133 XOR
2 1 1086 34 1134 XOR
2 1 1133 34 1135 XOR
2 1 1134 1133 1136 XOR
2 1 1134 1135 1137 AND
2 1 1133 1137 1138 XOR
2 1 1089 35 1139 XOR
2 1 1138 35 1140 XOR
2 1 1139 1138 1141 XOR
2 1 1139 1140 1142 AND
2 1 1138 1142 1143 XOR
2 1 1092 36 1144 XOR
2 1 1143 36 1145 XOR
2 1 1144 1143 1146 XOR
2 1 1144 1145 1147 AND
2 1 1143 1147 1148 XOR
2 1 1095 37 1149 XOR
2 1 1148 37 1150 XOR
2 1 1149 1148 1151 XOR
2 1 1149 1150 1152 AND
2 1 1148 1152 1153 XOR
2 1 1098 38 1154 XOR
2 1 1153 38 1155 XOR
2 1 1154 1153 1156 XOR
2 1 1154 1155 1157 AND
2 1 1153 1157 1158 XOR
2 1 1101 39 1159 XOR
2 1 1158 39 1160 XOR
2 1 1159 1158 1161 XOR
2 1 1159 1160 1162 AND
2 1 1158 1162 1163 XOR
2 1 1104 40 1164 XOR
2 1 1163 40 1165 XOR
2 1 1164 1163 1166 XOR
2 1 1164 1165 1167 AND
2 1 1163 1167 1168 XOR
2 1 1107 41 1169 XOR
2 1 1168 41 1170 XOR
2 1 1169 1168 1171 XOR
2 1 1169 1170 1172 AND
2 1 1168 1172 1173 XOR
2 1 1110 42 1174 XOR
2 1 1173 42 1175 XOR
2 1 1174 1173 1176 XOR
2 1 1174 1175 1177 AND
2 1 1173 1177 1178 XOR
2 1 1113 43 1179 XOR
2 1 1178 43 1180 XOR
2 1 1179 1178 1181 XOR
2 1 1179 1180 1182 AND
2 1 1178 1182 1183 XOR
2 1 1116 44 1184 XOR
2 1 1183 44 1185 XOR
2 1 1184 1183 1186 XOR
2 1 1184 1185 1187 AND
2 1 1183 1187 1188 XOR
2 1 1119 45 1189 XOR
2 1 1188 45 1190 XOR
2 1 1189 1188 1191 XOR
2 1 1189 1190 1192 AND
2 1 1188 1192 1193 XOR
2 1 1122 46 1194 XOR
2 1 1193 46 1195 XOR
2 1 1194 1193 1196 XOR
2 1 1194 1195 1197 AND
2 1 1193 1197 1198 XOR
2 1 1125 47 1199 XOR
2 1 1198 47 1200 XOR
2 1 1199 1198 1201 XOR
2 1 1199 1200 1202 AND
2 1 1198 1202 1203 XOR
2 1 1203 108 1204 XOR
2 1 1203 108 1205 AND
2 1 1204 1205 1206 XOR
2 1 17 1127 1207 XOR
2 1 1206 1207 1208 AND
2 1 1208 1127 1209 XOR
2 1 1083 1131 1210 XOR
2 1 1206 1210 1211 AND
2 1 1211 1131 1212 XOR
2 1 1086 1136 1213 XOR
2 1 1206 1213 1214 AND
2 1 1214 1136 1215 XOR
2 1 1089 1141 1216 XOR
2 1 1206 1216 1217 AND
2 1 1217 1141 1218 XOR
2 1 1092 1146 1219 XOR
2 1 1206 1219 1220 AND
2 1 1220 1146 1221 XOR
2 1 1095 1151 1222 XOR
2 1 1206 1222 1223 AND
2 1 1223 1151 1224 XOR
2 1 1098 1156 1225 XOR
2 1 1206 1225 1226 AND
2 1 1226 1156 1227 XOR
2 1 1101 1161 1228 XOR
2 1 1206 1228 1229 AND
2 1 1229 1161 1230 XOR
2 1 1104 1166 1231 XOR
2 1 1206 1231 1232 AND
2 1 1232 1166 1233 XOR
2 1 1107 1171 1234 XOR
2 1 1206 1234 1235 AND
2 1 1235 1171 1236 XOR
2 1 1110 1176 1237 XOR
2 1 1206 1237 1238 AND
2 1 1238 1176 1239 XOR
2 1 1113 1181 1240 XOR
2 1 1206 1240 1241 AND
2 1 1241 1181 1242 XOR
2 1 1116 1186 1243 XOR
2 1 1206 1243 1244 AND
2 1 1244 1186 1245 XOR
2 1 1119 1191 1246 XOR
2 1 1206 1246 1247 AND
2 1 1247 1191 1248 XOR
2 1 1122 1196 1249 XOR
2 1 1206 1249 1250 AND
2 1 1250 1196 1251 XOR
2 1 1125 1201 1252 XOR
2 1 1206 1252 1253 AND
2 1 1253 1201 1254 XOR
1 1 1206 1255 INV
2 1 16 32 1256 XOR
2 1 1256 32 1257 AND
2 1 1209 33 1258 XOR
2 1 1257 33 1259 XOR
2 1 1258 1257 1260 XOR
2 1 1258 1259 1261 AND
2 1 1257 1261 1262 XOR
2 1 1212 34 1263 XOR
2 1 1262 34 1264 XOR
2 1 1263 1262 1265 XOR
2 1 1263 1264 1266 AND
2 1 1262 1266 1267 XOR
2 1 1215 35 1268 XOR
2 1 1267 35 1269 XOR
2 1 1268 1267 1270 XOR
2 1 1268 1269 1271 AND
2 1 1267 1271 1272 XOR
2 1 1218 36 1273 XOR
2 1 1272 36 1274 XOR
2 1 1273 1272 1275 XOR
2 1 1273 1274 1276 AND
2 1 1272 1276 1277 XOR
2 1 1221 37 1278 XOR
2 1 1277 37 1279 XOR
2 1 1278 1277 1280 XOR
2 1 1278 1279 1281 AND
2 1 1277 1281 1282 XOR
2 1 1224 38 1283 XOR
2 1 1282 38 1284 XOR
2 1 1283 1282 1285 XOR
2 1 1283 1284 1286 AND
2 1 1282 1286 1287 XOR
2 1 1227 39 1288 XOR
2 1 1287 39 1289 XOR
2 1 1288 1287 1290 XOR
2 1 1288 1289 1291 AND
2 1 1287 1291 1292 XOR
2 1 1230 40 1293 XOR
2 1 1292 40 1294 XOR
2 1 1293 1292 1295 XOR
2 1 1293 1294 1296 AND
2 1 1292 1296 1297 XOR
2 1 1233 41 1298 XOR
2 1 1297 41 1299 XOR
2 1 1298 1297 1300 XOR
2 1 1298 1299 1301 AND
2 1 1297 1301 1302 XOR
2 1 1236 42 1303 XOR
2 1 1302 42 1304 XOR
2 1 1303 1302 1305 XOR
2 1 1303 1304 1306 AND
2 1 1302 1306 1307 XOR
2 1 1239 43 1308 XOR
2 1 1307 43 1309 XOR
2 1 1308 1307 1310 XOR
2 1 1308 1309 1311 AND
2 1 1307 1311 1312 XOR
2 1 1242 44 1313 XOR
2 1 1312 44 1314 XOR
2 1 1313 1312 1315 XOR
2 1 1313 1314 1316 AND
2 1 1312 1316 1317 XOR
2 1 1245 45 1318 XOR
2 1 1317 45 1319 XOR
2 1 1318 1317 1320 XOR
2 1 1318 1319 1321 AND
2 1 1317 1321 1322 XOR
2 1 1248 46 1323 XOR
2 1 1322 46 1324 XOR
2 1 1323 1322 1325 XOR
2 1 1323 1324 1326 AND
2 1 1322 1326 1327 XOR
2 1 1251 47 1328 XOR
2 1 1327 47 1329 XOR
2 1 1328 1327 1330 XOR
2 1 1328 1329 1331 AND
2 1 1327 1331 1332 XOR
2 1 1254 48 1333 XOR
2 1 1332 48 1334 XOR
2 1 1333 1332 1335 XOR
2 1 1333 1334 1336 AND
2 1 1332 1336 1337 XOR
2 1 1337 105 1338 XOR
2 1 1337 105 1339 AND
2 1 1338 1339 1340 XOR
2 1 16 1256 1341 XOR
2 1 1340 1341 1342 AND
2 1 1342 1256 1343 XOR
2 1 1209 1260 1344 XOR
2 1 1340 1344 1345 AND
2 1 1345 1260 1346 XOR
2 1 1212 1265 1347 XOR
2 1 1340 1347 1348 AND
2 1 1348 1265 1349 XOR
2 1 1215 1270 1350 XOR
2 1 1340 1350 1351 AND
2 1 1351 1270 1352 XOR
2 1 1218 1275 1353 XOR
2 1 1340 1353 1354 AND
2 1 1354 1275 1355 XOR
2 1 1221 1280 1356 XOR
2 1 1340 1356 1357 AND
2 1 1357 1280 1358 XOR
2 1 1224 1285 1359 XOR
2 1 1340 1359 1360 AND
2 1 1360 1285 1361 XOR
2 1 1227 1290 1362 XOR
2 1 1340 1362 1363 AND
2 1 1363 1290 1364 XOR
2 1 1230 1295 1365 XOR
2 1 1340 1365 1366 AND
2 1 1366 1295 1367 XOR
2 1 1233 1300 1368 XOR
2 1 1340 1368 1369 AND
2 1 1369 1300 1370 XOR
2 1 1236 1305 1371 XOR
2 1 1340 1371 1372 AND
2 1 1372 1305 1373 XOR
2 1 1239 1310 1374 XOR
2 1 1340 1374 1375 AND
2 1 1375 1310 1376 XOR
2 1 1242 1315 1377 XOR
2 1 1340 1377 1378 AND
2 1 1378 1315 1379 XOR
2 1 1245 1320 1380 XOR
2 1 1340 1380 1381 AND
2 1 1381 1320 1382 XOR
2 1 1248 1325 1383 XOR
2 1 1340 1383 1384 AND
2 1 1384 1325 1385 XOR
2 1 1251 1330 1386 XOR
2 1 1340 1386 1387 AND
2 1 1387 1330 1388 XOR
2 1 1254 1335 1389 XOR
2 1 1340 1389 1390 AND
2 1 1390 1335 1391 XOR
1 1 1340 1392 INV
2 1 15 32 1393 XOR
2 1 1393 32 1394 AND
2 1 1343 33 1395 XOR
2 1 1394 33 1396 XOR
2 1 1395 1394 1397 XOR
2 1 1395 1396 1398 AND
2 1 1394 1398 1399 XOR
2 1 1346 34 1400 XOR
2 1 1399 34 1401 XOR
2 1 1400 1399 1402 XOR
2 1 1400 1401 1403 AND
2 1 1399 1403 1404 XOR
2 1 1349 35 1405 XOR
2 1 1404 35 1406 XOR
2 1 1405 1404 1407 XOR
2 1 1405 1406 1408 AND
2 1 1404 1408 1409 XOR
2 1 1352 36 1410 XOR
2 1 1409 36 1411 XOR
2 1 1410 1409 1412 XOR
2 1 1410 1411 1413 AND
2 1 1409 1413 1414 XOR
2 1 1355 37 1415 XOR
2 1 1414 37 1416 XOR
2 1 1415 1414 1417 XOR
2 1 1415 1416 1418 AND
2 1 1414 1418 1419 XOR
2 1 1358 38 1420 XOR
2 1 1419 38 1421 XOR
2 1 1420 1419 1422 XOR
2 1 1420 1421 1423 AND
2 1 1419 1423 1424 XOR
2 1 1361 39 1425 XOR
2 1 1424 39 1426 XOR
2 1 1425 1424 1427 XOR
2 1 1425 1426 1428 AND
2 1 1424 1428 1429 XOR
2 1 1364 40 1430 XOR
2 1 1429 40 1431 XOR
2 1 1430 1429 1432 XOR
2 1 1430 1431 1433 AND
2 1 1429 1433 1434 XOR
2 1 1367 41 1435 XOR
2 1 1434 41 1436 XOR
2 1 1435 1434 1437 XOR
2 1 1435 1436 1438 AND
2 1 1434 1438 1439 XOR
2 1 1370 42 1440 XOR
2 1 1439 42 1441 XOR
2 1 1440 1439 1442 XOR
2 1 1440 1441 1443 AND
2 1 1439 1443 1444 XOR
2 1 1373 43 1445 XOR
2 1 1444 43 1446 XOR
2 1 1445 1444 1447 XOR
2 1 1445 1446 1448 AND
2 1 1444 1448 1449 XOR
2 1 1376 44 1450 XOR
2 1 1449 44 1451 XOR
2 1 1450 1449 1452 XOR
2 1 1450 1451 1453 AND
2 1 1449 1453 1454 XOR
2 1 1379 45 1455 XOR
2 1 1454 45 1456 XOR
2 1 1455 1454 1457 XOR
2 1 1455 1456 1458 AND
2 1 1454 1458 1459 XOR
2 1 1382 46 1460 XOR
2 1 1459 46 1461 XOR
2 1 1460 1459 1462 XOR
2 1 1460 1461 1463 AND
2 1 1459 1463 1464 XOR
2 1 1385 47 1465 XOR
2 1 1464 47 1466 XOR
2 1 1465 1464 1467 XOR
2 1 1465 1466 1468 AND
2 1 1464 1468 1469 XOR
2 1 1388 48 1470 XOR
2 1 1469 48 1471 XOR
2 1 1470 1469 1472 XOR
2 1 1470 1471 1473 AND
2 1 1469 1473 1474 XOR
2 1 1391 49 1475 XOR
2 1 1474 49 1476 XOR
2 1 1475 1474 1477 XOR
2 1 1475 1476 1478 AND
2 1 1474 1478 1479 XOR
2 1 1479 102 1480 XOR
2 1 1479 102 1481 AND
2 1 1480 1481 1482 XOR
2 1 15 1393 1483 XOR
2 1 1482 1483 1484 AND
2 1 1484 1393 1485 XOR
2 1 1343 1397 1486 XOR
2 1 1482 1486 1487 AND
2 1 1487 1397 1488 XOR
2 1 1346 1402 1489 XOR
2 1 1482 1489 1490 AND
2 1 1490 1402 1491 XOR
2 1 1349 1407 1492 XOR
2 1 1482 1492 1493 AND
2 1 1493 1407 1494 XOR
2 1 1352 1412 1495 XOR
2 1 1482 1495 1496 AND
2 1 1496 1412 1497 XOR
2 1 1355 1417 1498 XOR
2 1 1482 1498 1499 AND
2 1 1499 1417 1500 XOR
2 1 1358 1422 1501 XOR
2 1 1482 1501 1502 AND
2 1 1502 1422 1503 XOR
2 1 1361 1427 1504 XOR
2 1 1482 1504 1505 AND
2 1 1505 1427 1506 XOR
2 1 1364 1432 1507 XOR
2 1 1482 1507 1508 AND
2 1 1508 1432 1509 XOR
2 1 1367 1437 1510 XOR
2 1 1482 1510 1511 AND
2 1 1511 1437 1512 XOR
2 1 1370 1442 1513 XOR
2 1 1482 1513 1514 AND
2 1 1514 1442 1515 XOR
2 1 1373 1447 1516 XOR
2 1 1482 1516 1517 AND
2 1 1517 1447 1518 XOR
2 1 1376 1452 1519 XOR
2 1 1482 1519 1520 AND
2 1 1520 1452 1521 XOR
2 1 1379 1457 1522 XOR
2 1 1482 1522 1523 AND
2 1 1523 1457 1524 XOR
2 1 1382 1462 1525 XOR
2 1 1482 1525 1526 AND
2 1 1526 1462 1527 XOR
2 1 1385 1467 1528 XOR
2 1 1482 1528 1529 AND
2 1 1529 1467 1530 XOR
2 1 1388 1472 1531 XOR
2 1 1482 1531 1532 AND
2 1 1532 1472 1533 XOR
2 1 1391 1477 1534 XOR
2 1 1482 1534 1535 AND
2 1 1535 1477 1536 XOR
1 1 1482 1537 INV
2 1 14 32 1538 XOR
2 1 1538 32 1539 AND
2 1 1485 33 1540 XOR
2 1 1539 33 1541 XOR
2 1 1540 1539 1542 XOR
2 1 1540 1541 1543 AND
2 1 1539 1543 1544 XOR
2 1 1488 34 1545 XOR
2 1 1544 34 1546 XOR
2 1 1545 1544 1547 XOR
2 1 1545 1546 1548 AND
2 1 1544 1548 1549 XOR
2 1 1491 35 1550 XOR
2 1 1549 35 1551 XOR
2 1 1550 1549 1552 XOR
2 1 1550 1551 1553 AND
2 1 1549 1553 1554 XOR
2 1 1494 36 1555 XOR
2 1 1554 36 1556 XOR
2 1 1555 1554 1557 XOR
2 1 1555 1556 1558 AND
2 1 1554 1558 1559 XOR
2 1 1497 37 1560 XOR
2 1 1559 37 1561 XOR
2 1 1560 1559 1562 XOR
2 1 1560 1561 1563 AND
2 1 1559 1563 1564 XOR
2 1 1500 38 1565 XOR
2 1 1564 38 1566 XOR
2 1 1565 1564 1567 XOR
2 1 1565 1566 1568 AND
2 1 1564 1568 1569 XOR
2 1 1503 39 1570 XOR
2 1 1569 39 1571 XOR
2 1 1570 1569 1572 XOR
2 1 1570 1571 1573 AND
2 1 1569 1573 1574 XOR
2 1 1506 40 1575 XOR
2 1 1574 40 1576 XOR
2 1 1575 1574 1577 XOR
2 1 1575 1576 1578 AND
2 1 1574 1578 1579 XOR
2 1 1509 41 1580 XOR
2 1 1579 41 1581 XOR
2 1 1580 1579 1582 XOR
2 1 1580 1581 1583 AND
2 1 1579 1583 1584 XOR
2 1 1512 42 1585 XOR
2 1 1584 42 1586 XOR
2 1 1585 1584 1587 XOR
2 1 1585 1586 1588 AND
2 1 1584 1588 1589 XOR
2 1 1515 43 1590 XOR
2 1 1589 43 1591 XOR
2 1 1590 1589 1592 XOR
2 1 1590 1591 1593 AND
2 1 1589 1593 1594 XOR
2 1 1518 44 1595 XOR
2 1 1594 44 1596 XOR
2 1 1595 1594 1597 XOR
2 1 1595 1596 1598 AND
2 1 1594 1598 1599 XOR
2 1 1521 45 1600 XOR
2 1 1599 45 1601 XOR
2 1 1600 1599 1602 XOR
2 1 1600 1601 1603 AND
2 1 1599 1603 1604 XOR
2 1 1524 46 1605 XOR
2 1 1604 46 1606 XOR
2 1 1605 1604 1607 XOR
2 1 1605 1606 1608 AND
2 1 1604 1608 1609 XOR
2 1 1527 47 1610 XOR
2 1 1609 47 1611 XOR
2 1 1610 1609 1612 XOR
2 1 1610 1611 1613 AND
2 1 1609 1613 1614 XOR
2 1 1530 48 1615 XOR
2 1 1614 48 1616 XOR
2 1 1615 1614 1617 XOR
2 1 1615 1616 1618 AND
2 1 1614 1618 1619 XOR
2 1 1533 49 1620 XOR
2 1 1619 49 1621 XOR
2 1 1620 1619 1622 XOR
2 1 1620 1621 1623 AND
2 1 1619 1623 1624 XOR
2 1 1536 50 1625 XOR
2 1 1624 50 1626 XOR
2 1 1625 1624 1627 XOR
2 1 1625 1626 1628 AND
2 1 1624 1628 1629 XOR
2 1 1629 99 1630 XOR
2 1 1629 99 1631 AND
2 1 1630 1631 1632 XOR
2 1 14 1538 1633 XOR
2 1 1632 1633 1634 AND
2 1 1634 1538 1635 XOR
2 1 1485 1542 1636 XOR
2 1 1632 1636 1637 AND
2 1 1637 1542 1638 XOR
2 1 1488 1547 1639 XOR
2 1 1632 1639 1640 AND
2 1 1640 1547 1641 XOR
2 1 1491 1552 1642 XOR
2 1 1632 1642 1643 AND
2 1 1643 1552 1644 XOR
2 1 1494 1557 1645 XOR
2 1 1632 1645 1646 AND
2 1 1646 1557 1647 XOR
2 1 1497 1562 1648 XOR
2 1 1632 1648 1649 AND
2 1 1649 1562 1650 XOR
2 1 1500 1567 1651 XOR
2 1 1632 1651 1652 AND
2 1 1652 1567 1653 XOR
2 1 1503 1572 1654 XOR
2 1 1632 1654 1655 AND
2 1 1655 1572 1656 XOR
2 1 1506 1577 1657 XOR
2 1 1632 1657 1658 AND
2 1 1658 1577 1659 XOR
2 1 1509 1582 1660 XOR
2 1 1632 1660 1661 AND
2 1 1661 1582 1662 XOR
2 1 1512 1587 1663 XOR
2 1 1632 1663 1664 AND
2 1 1664 1587 1665 XOR
2 1 1515 1592 1666 XOR
2 1 1632 1666 1667 AND
2 1 1667 1592 1668 XOR
2 1 1518 1597 1669 XOR
2 1 1632 1669 1670 AND
2 1 1670 1597 1671 XOR
2 1 1521 1602 1672 XOR
2 1 1632 1672 1673 AND
2 1 1673 1602 1674 XOR
2 1 1524 1607 1675 XOR
2 1 1632 1675 1676 AND
2 1 1676 1607 1677 XOR
2 1 1527 1612 1678 XOR
2 1 1632 1678 1679 AND
2 1 1679 1612 1680 XOR
2 1 1530 1617 1681 XOR
2 1 1632 1681 1682 AND
2 1 1682 1617 1683 XOR
2 1 1533 1622 1684 XOR
2 1 1632 1684 1685 AND
2 1 1685 1622 1686 XOR
2 1 1536 1627 1687 XOR
2 1 1632 1687 1688 AND
2 1 1688 1627 1689 XOR
1 1 1632 1690 INV
2 1 13 32 1691 XOR
2 1 1691 32 1692 AND
2 1 1635 33 1693 XOR
2 1 1692 33 1694 XOR
2 1 1693 1692 1695 XOR
2 1 1693 1694 1696 AND
2 1 1692 1696 1697 XOR
2 1 1638 34 1698 XOR
2 1 1697 34 1699 XOR
2 1 1698 1697 1700 XOR
2 1 1698 1699 1701 AND
2 1 1697 1701 1702 XOR
2 1 1641 35 1703 XOR
2 1 1702 35 1704 XOR
2 1 1703 1702 1705 XOR
2 1 1703 1704 1706 AND
2 1 1702 1706 1707 XOR
2 1 1644 36 1708 XOR
2 1 1707 36 1709 XOR
2 1 1708 1707 1710 XOR
2 1 1708 1709 1711 AND
2 1 1707 1711 1712 XOR
2 1 1647 37 1713 XOR
2 1 1712 37 1714 XOR
2 1 1713 1712 1715 XOR
2 1 1713 1714 1716 AND
2 1 1712 1716 1717 XOR
2 1 1650 38 1718 XOR
2 1 1717 38 1719 XOR
2 1 1718 1717 1720 XOR
2 1 1718 1719 1721 AND
2 1 1717 1721 1722 XOR
2 1 1653 39 1723 XOR
2 1 1722 39 1724 XOR
2 1 1723 1722 1725 XOR
2 1 1723 1724 1726 AND
2 1 1722 1726 1727 XOR
2 1 1656 40 1728 XOR
2 1 1727 40 1729 XOR
2 1 1728 1727 1730 XOR
2 1 1728 1729 1731 AND
2 1 1727 1731 1732 XOR
2 1 1659 41 1733 XOR
2 1 1732 41 1734 XOR
2 1 1733 1732 1735 XOR
2 1 1733 1734 1736 AND
2 1 1732 1736 1737 XOR
2 1 1662 42 1738 XOR
2 1 1737 42 1739 XOR
2 1 1738 1737 1740 XOR
2 1 1738 1739 1741 AND
2 1 1737 1741 1742 XOR
2 1 1665 43 1743 XOR
2 1 1742 43 1744 XOR
2 1 1743 1742 1745 XOR
2 1 1743 1744 1746 AND
2 1 1742 1746 1747 XOR
2 1 1668 44 1748 XOR
2 1 1747 44 1749 XOR
2 1 1748 1747 1750 XOR
2 1 1748 1749 1751 AND
2 1 1747 1751 1752 XOR
2 1 1671 45 1753 XOR
2 1 1752 45 1754 XOR
2 1 1753 1752 1755 XOR
2 1 1753 1754 1756 AND
2 1 1752 1756 1757 XOR
2 1 1674 46 1758 XOR
2 1 1757 46 1759 XOR
2 1 1758 1757 1760 XOR
2 1 1758 1759 1761 AND
2 1 1757 1761 1762 XOR
2 1 1677 47 1763 XOR
2 1 1762 47 1764 XOR
2 1 1763 1762 1765 XOR
2 1 1763 1764 1766 AND
2 1 1762 1766 1767 XOR
2 1 1680 48 1768 XOR
2 1 1767 48 1769 XOR
2 1 1768 1767 1770 XOR
2 1 1768 1769 1771 AND
2 1 1767 1771 1772 XOR
2 1 1683 49 1773 XOR
2 1 1772 49 1774 XOR
2 1 1773 1772 1775 XOR
2 1 1773 1774 1776 AND
2 1 1772 1776 1777 XOR
2 1 1686 50 1778 XOR
2 1 1777 50 1779 XOR
2 1 1778 1777 1780 XOR
2 1 1778 1779 1781 AND
2 1 1777 1781 1782 XOR
2 1 1689 51 1783 XOR
2 1 1782 51 1784 XOR
2 1 1783 1782 1785 XOR
2 1 1783 1784 1786 AND
2 1 1782 1786 1787 XOR
2 1 1787 96 1788 XOR
2 1 1787 96 1789 AND
2 1 1788 1789 1790 XOR
2 1 13 1691 1791 XOR
2 1 1790 1791 1792 AND
2 1 1792 1691 1793 XOR
2 1 1635 1695 1794 XOR
2 1 1790 1794 1795 AND
2 1 1795 1695 1796 XOR
2 1 1638 1700 1797 XOR
2 1 1790 1797 1798 AND
2 1 1798 1700 1799 XOR
2 1 1641 1705 1800 XOR
2 1 1790 1800 1801 AND
2 1 1801 1705 1802 XOR
2 1 1644 1710 1803 XOR
2 1 1790 1803 1804 AND
2 1 1804 1710 1805 XOR
2 1 1647 1715 1806 XOR
2 1 1790 1806 1807 AND
2 1 1807 1715 1808 XOR
2 1 1650 1720 1809 XOR
2 1 1790 1809 1810 AND
2 1 1810 1720 1811 XOR
2 1 1653 1725 1812 XOR
2 1 1790 1812 1813 AND
2 1 1813 1725 1814 XOR
2 1 1656 1730 1815 XOR
2 1 1790 1815 1816 AND
2 1 1816 1730 1817 XOR
2 1 1659 1735 1818 XOR
2 1 1790 1818 1819 AND
2 1 1819 1735 1820 XOR
2 1 1662 1740 1821 XOR
2 1 1790 1821 1822 AND
2 1 1822 1740 1823 XOR
2 1 1665 1745 1824 XOR
2 1 1790 1824 1825 AND
2 1 1825 1745 1826 XOR
2 1 1668 1750 1827 XOR
2 1 1790 1827 1828 AND
2 1 1828 1750 1829 XOR
2 1 1671 1755 1830 XOR
2 1 1790 1830 1831 AND
2 1 1831 1755 1832 XOR
2 1 1674 1760 1833 XOR
2 1 1790 1833 1834 AND
2 1 1834 1760 1835 XOR
2 1 1677 1765 1836 XOR
2 1 1790 1836 1837 AND
2 1 1837 1765 1838 XOR
2 1 1680 1770 1839 XOR
2 1 1790 1839 1840 AND
2 1 1840 1770 1841 XOR
2 1 1683 1775 1842 XOR
2 1 1790 1842 1843 AND
2 1 1843 1775 1844 XOR
2 1 1686 1780 1845 XOR
2 1 1790 1845 1846 AND
2 1 1846 1780 1847 XOR
2 1 1689 1785 1848 XOR
2 1 1790 1848 1849 AND
2 1 1849 1785 1850 XOR
1 1 1790 1851 INV
2 1 12 32 1852 XOR
2 1 1852 32 1853 AND
2 1 1793 33 1854 XOR
2 1 1853 33 1855 XOR
2 1 1854 1853 1856 XOR
2 1 1854 1855 1857 AND
2 1 1853 1857 1858 XOR
2 1 1796 34 1859 XOR
2 1 1858 34 1860 XOR
2 1 1859 1858 1861 XOR
2 1 1859 1860 1862 AND
2 1 1858 1862 1863 XOR
2 1 1799 35 1864 XOR
2 1 1863 35 1865 XOR
2 1 1864 1863 1866 XOR
2 1 1864 1865 1867 AND
2 1 1863 1867 1868 XOR
2 1 1802 36 1869 XOR
2 1 1868 36 1870 XOR
2 1 1869 1868 1871 XOR
2 1 1869 1870 1872 AND
2 1 1868 1872 1873 XOR
2 1 1805 37 1874 XOR
2 1 1873 37 1875 XOR
2 1 1874 1873 1876 XOR
2 1 1874 1875 1877 AND
2 1 1873 1877 1878 XOR
2 1 1808 38 1879 XOR
2 1 1878 38 1880 XOR
2 1 1879 1878 1881 XOR
2 1 1879 1880 1882 AND
2 1 1878 1882 1883 XOR
2 1 1811 39 1884 XOR
2 1 1883 39 1885 XOR
2 1 1884 1883 1886 XOR
2 1 1884 1885 1887 AND
2 1 1883 1887 1888 XOR
2 1 1814 40 1889 XOR
2 1 1888 40 1890 XOR
2 1 1889 1888 1891 XOR
2 1 1889 1890 1892 AND
2 1 1888 1892 1893 XOR
2 1 1817 41 1894 XOR
2 1 1893 41 1895 XOR
2 1 1894 1893 1896 XOR
2 1 1894 1895 1897 AND
2 1 1893 1897 1898 XOR
2 1 1820 42 1899 XOR
2 1 1898 42 1900 XOR
2 1 1899 1898 1901 XOR
2 1 1899 1900 1902 AND
2 1 1898 1902 1903 XOR
2 1 1823 43 1904 XOR
2 1 1903 43 1905 XOR
2 1 1904 1903 1906 XOR
2 1 1904 1905 1907 AND
2 1 1903 1907 1908 XOR
2 1 1826 44 1909 XOR
2 1 1908 44 1910 XOR
2 1 1909 1908 1911 XOR
2 1 1909 1910 1912 AND
2 1 1908 1912 1913 XOR
2 1 1829 45 1914 XOR
2 1 1913 45 1915 XOR
2 1 1914 1913 1916 XOR
2 1 1914 1915 1917 AND
2 1 1913 1917 1918 XOR
2 1 1832 46 1919 XOR
2 1 1918 46 1920 XOR
2 1 1919 1918 1921 XOR
2 1 1919 1920 1922 AND
2 1 1918 1922 1923 XOR
2 1 1835 47 1924 XOR
2 1 1923 47 1925 XOR
2 1 1924 1923 1926 XOR
2 1 1924 1925 1927 AND
2 1 1923 1927 1928 XOR
2 1 1838 48 1929 XOR
2 1 1928 48 1930 XOR
2 1 1929 1928 1931 XOR
2 1 1929 1930 1932 AND
2 1 1928 1932 1933 XOR
2 1 1841 49 1934 XOR
2 1 1933 49 1935 XOR
2 1 1934 1933 1936 XOR
2 1 1934 1935 1937 AND
2 1 1933 1937 1938 XOR
2 1 1844 50 1939 XOR
2 1 1938 50 1940 XOR
2 1 1939 1938 1941 XOR
2 1 1939 1940 1942 AND
2 1 1938 1942 1943 XOR
2 1 1847 51 1944 XOR
2 1 1943 51 1945 XOR
2 1 1944 1943 1946 XOR
2 1 1944 1945 1947 AND
2 1 1943 1947 1948 XOR
2 1 1850 52 1949 XOR
2 1 1948 52 1950 XOR
2 1 1949 1948 1951 XOR
2 1 1949 1950 1952 AND
2 1 1948 1952 1953 XOR
2 1 1953 93 1954 XOR
2 1 1953 93 1955 AND
2 1 1954 1955 1956 XOR
2 1 12 1852 1957 XOR
2 1 1956 1957 1958 AND
2 1 1958 1852 1959 XOR
2 1 1793 1856 1960 XOR
2 1 1956 1960 1961 AND
2 1 1961 1856 1962 XOR
2 1 1796 1861 1963 XOR
2 1 1956 1963 1964 AND
2 1 1964 1861 1965 XOR
2 1 1799 1866 1966 XOR
2 1 1956 1966 1967 AND
2 1 1967 1866 1968 XOR
2 1 1802 1871 1969 XOR
2 1 1956 1969 1970 AND
2 1 1970 1871 1971 XOR
2 1 1805 1876 1972 XOR
2 1 1956 1972 1973 AND
2 1 1973 1876 1974 XOR
2 1 1808 1881 1975 XOR
2 1 1956 1975 1976 AND
2 1 1976 1881 1977 XOR
2 1 1811 1886 1978 XOR
2 1 1956 1978 1979 AND
2 1 1979 1886 1980 XOR
2 1 1814 1891 1981 XOR
2 1 1956 1981 1982 AND
2 1 1982 1891 1983 XOR
2 1 1817 1896 1984 XOR
2 1 1956 1984 1985 AND
2 1 1985 1896 1986 XOR
2 1 1820 1901 1987 XOR
2 1 1956 1987 1988 AND
2 1 1988 1901 1989 XOR
2 1 1823 1906 1990 XOR
2 1 1956 1990 1991 AND
2 1 1991 1906 1992 XOR
2 1 1826 1911 1993 XOR
2 1 1956 1993 1994 AND
2 1 1994 1911 1995 XOR
2 1 1829 1916 1996 XOR
2 1 1956 1996 1997 AND
2 1 1997 1916 1998 XOR
2 1 1832 1921 1999 XOR
2 1 1956 1999 2000 AND
2 1 2000 1921 2001 XOR
2 1 1835 1926 2002 XOR
2 1 1956 2002 2003 AND
2 1 2003 1926 2004 XOR
2 1 1838 1931 2005 XOR
2 1 1956 2005 2006 AND
2 1 2006 1931 2007 XOR
2 1 1841 1936 2008 XOR
2 1 1956 2008 2009 AND
2 1 2009 1936 2010 XOR
2 1 1844 1941 2011 XOR
2 1 1956 2011 2012 AND
2 1 2012 1941 2013 XOR
2 1 1847 1946 2014 XOR
2 1 1956 2014 2015 AND
2 1 2015 1946 2016 XOR
2 1 1850 1951 2017 XOR
2 1 1956 2017 2018 AND
2 1 2018 1951 2019 XOR
1 1 1956 2020 INV
2 1 11 32 2021 XOR
2 1 2021 32 2022 AND
2 1 1959 33 2023 XOR
2 1 2022 33 2024 XOR
2 1 2023 2022 2025 XOR
2 1 2023 2024 2026 AND
2 1 2022 2026 2027 XOR
2 1 1962 34 2028 XOR
2 1 2027 34 2029 XOR
2 1 2028 2027 2030 XOR
2 1 2028 2029 2031 AND
2 1 2027 2031 2032 XOR
2 1 1965 35 2033 XOR
2 1 2032 35 2034 XOR
2 1 2033 2032 2035 XOR
2 1 2033 2034 2036 AND
2 1 2032 2036 2037 XOR
2 1 1968 36 2038 XOR
2 1 2037 36 2039 XOR
2 1 2038 2037 2040 XOR
2 1 2038 2039 2041 AND
2 1 2037 2041 2042 XOR
2 1 1971 37 2043 XOR
2 1 2042 37 2044 XOR
2 1 2043 2042 2045 XOR
2 1 2043 2044 2046 AND
2 1 2042 2046 2047 XOR
2 1 1974 38 2048 XOR
2 1 2047 38 2049 XOR
2 1 2048 2047 2050 XOR
2 1 2048 2049 2051 AND
2 1 2047 2051 2052 XOR
2 1 1977 39 2053 XOR
2 1 2052 39 2054 XOR
2 1 2053 2052 2055 XOR
2 1 2053 2054 2056 AND
2 1 2052 2056 2057 XOR
2 1 1980 40 2058 XOR
2 1 2057 40 2059 XOR
2 1 2058 2057 2060 XOR
2 1 2058 2059 2061 AND
2 1 2057 2061 2062 XOR
2 1 1983 41 2063 XOR
2 1 2062 41 2064 XOR
2 1 2063 2062 2065 XOR
2 1 2063 2064 2066 AND
2 1 2062 2066 2067 XOR
2 1 1986 42 2068 XOR
2 1 2067 42 2069 XOR
2 1 2068 2067 2070 XOR
2 1 2068 2069 2071 AND
2 1 2067 2071 2072 XOR
2 1 1989 43 2073 XOR
2 1 2072 43 2074 XOR
2 1 2073 2072 2075 XOR
2 1 2073 2074 2076 AND
2 1 2072 2076 2077 XOR
2 1 1992 44 2078 XOR
2 1 2077 44 2079 XOR
2 1 2078 2077 2080 XOR
2 1 2078 2079 2081 AND
2 1 2077 2081 2082 XOR
2 1 1995 45 2083 XOR
2 1 2082 45 2084 XOR
2 1 2083 2082 2085 XOR
2 1 2083 2084 2086 AND
2 1 2082 2086 2087 XOR
2 1 1998 46 2088 XOR
2 1 2087 46 2089 XOR
2 1 2088 2087 2090 XOR
2 1 2088 2089 2091 AND
2 1 2087 2091 2092 XOR
2 1 2001 47 2093 XOR
2 1 2092 47 2094 XOR
2 1 2093 2092 2095 XOR
2 1 2093 2094 2096 AND
2 1 2092 2096 2097 XOR
2 1 2004 48 2098 XOR
2 1 2097 48 2099 XOR
2 1 2098 2097 2100 XOR
2 1 2098 2099 2101 AND
2 1 2097 2101 2102 XOR
2 1 2007 49 2103 XOR
2 1 2102 49 2104 XOR
2 1 2103 2102 2105 XOR
2 1 2103 2104 2106 AND
2 1 2102 2106 2107 XOR
2 1 2010 50 2108 XOR
2 1 2107 50 2109 XOR
2 1 2108 2107 2110 XOR
2 1 2108 2109 2111 AND
2 1 2107 2111 2112 XOR
2 1 2013 51 2113 XOR
2 1 2112 51 2114 XOR
2 1 2113 2112 2115 XOR
2 1 2113 2114 2116 AND
2 1 2112 2116 2117 XOR
2 1 2016 52 2118 XOR
2 1 2117 52 2119 XOR
2 1 2118 2117 2120 XOR
2 1 2118 2119 2121 AND
2 1 2117 2121 2122 XOR
2 1 2019 53 2123 XOR
2 1 2122 53 2124 XOR
2 1 2123 2122 2125 XOR
2 1 2123 2124 2126 AND
2 1 2122 2126 2127 XOR
2 1 2127 90 2128 XOR
2 1 2127 90 2129 AND
2 1 2128 2129 2130 XOR
2 1 11 2021 2131 XOR
2 1 2130 2131 2132 AND
2 1 2132 2021 2133 XOR
2 1 1959 2025 2134 XOR
2 1 2130 2134 2135 AND
2 1 2135 2025 2136 XOR
2 1 1962 2030 2137 XOR
2 1 2130 2137 2138 AND
2 1 2138 2030 2139 XOR
2 1 1965 2035 2140 XOR
2 1 2130 2140 2141 AND
2 1 2141 2035 2142 XOR
2 1 1968 2040 2143 XOR
2 1 2130 2143 2144 AND
2 1 2144 2040 2145 XOR
2 1 1971 2045 2146 XOR
2 1 2130 2146 2147 AND
2 1 2147 2045 2148 XOR
2 1 1974 2050 2149 XOR
2 1 2130 2149 2150 AND
2 1 2150 2050 2151 XOR
2 1 1977 2055 2152 XOR
2 1 2130 2152 2153 AND
2 1 2153 2055 2154 XOR
2 1 1980 2060 2155 XOR
2 1 2130 2155 2156 AND
2 1 2156 2060 2157 XOR
2 1 1983 2065 2158 XOR
2 1 2130 2158 2159 AND
2 1 2159 2065 2160 XOR
2 1 1986 2070 2161 XOR
2 1 2130 2161 2162 AND
2 1 2162 2070 2163 XOR
2 1 1989 2075 2164 XOR
2 1 2130 2164 2165 AND
2 1 2165 2075 2166 XOR
2 1 1992 2080 2167 XOR
2 1 2130 2167 2168 AND
2 1 2168 2080 2169 XOR
2 1 1995 2085 2170 XOR
2 1 2130 2170 2171 AND
2 1 2171 2085 2172 XOR
2 1 1998 2090 2173 XOR
2 1 2130 2173 2174 AND
2 1 2174 2090 2175 XOR
2 1 2001 2095 2176 XOR
2 1 2130 2176 2177 AND
2 1 2177 2095 2178 XOR
2 1 2004 2100 2179 XOR
2 1 2130 2179 2180 AND
2 1 2180 2100 2181 XOR
2 1 2007 2105 2182 XOR
2 1 2130 2182 2183 AND
2 1 2183 2105 2184 XOR
2 1 2010 2110 2185 XOR
2 1 2130 2185 2186 AND
2 1 2186 2110 2187 XOR
2 1 2013 2115 2188 XOR
2 1 2130 2188 2189 AND
2 1 2189 2115 2190 XOR
2 1 2016 2120 2191 XOR
2 1 2130 2191 2192 AND
2 1 2192 2120 2193 XOR
2 1 2019 2125 2194 XOR
2 1 2130 2194 2195 AND
2 1 2195 2125 2196 XOR
1 1 2130 2197 INV
2 1 10 32 2198 XOR
2 1 2198 32 2199 AND
2 1 2133 33 2200 XOR
2 1 2199 33 2201 XOR
2 1 2200 2199 2202 XOR
2 1 2200 2201 2203 AND
2 1 2199 2203 2204 XOR
2 1 2136 34 2205 XOR
2 1 2204 34 2206 XOR
2 1 2205 2204 2207 XOR
2 1 2205 2206 2208 AND
2 1 2204 2208 2209 XOR
2 1 2139 35 2210 XOR
2 1 2209 35 2211 XOR
2 1 2210 2209 2212 XOR
2 1 2210 2211 2213 AND
2 1 2209 2213 2214 XOR
2 1 2142 36 2215 XOR
2 1 2214 36 2216 XOR
2 1 2215 2214 2217 XOR
2 1 2215 2216 2218 AND
2 1 2214 2218 2219 XOR
2 1 2145 37 2220 XOR
2 1 2219 37 2221 XOR
2 1 2220 2219 2222 XOR
2 1 2220 2221 2223 AND
2 1 2219 2223 2224 XOR
2 1 2148 38 2225 XOR
2 1 2224 38 2226 XOR
2 1 2225 2224 2227 XOR
2 1 2225 2226 2228 AND
2 1 2224 2228 2229 XOR
2 1 2151 39 2230 XOR
2 1 2229 39 2231 XOR
2 1 2230 2229 2232 XOR
2 1 2230 2231 2233 AND
2 1 2229 2233 2234 XOR
2 1 2154 40 2235 XOR
2 1 2234 40 2236 XOR
2 1 2235 2234 2237 XOR
2 1 2235 2236 2238 AND
2 1 2234 2238 2239 XOR
2 1 2157 41 2240 XOR
2 1 2239 41 2241 XOR
2 1 2240 2239 2242 XOR
2 1 2240 2241 2243 AND
2 1 2239 2243 2244 XOR
2 1 2160 42 2245 XOR
2 1 2244 42 2246 XOR
2 1 2245 2244 2247 XOR
2 1 2245 2246 2248 AND
2 1 2244 2248 2249 XOR
2 1 2163 43 2250 XOR
2 1 2249 43 2251 XOR
2 1 2250 2249 2252 XOR
2 1 2250 2251 2253 AND
2 1 2249 2253 2254 XOR
2 1 2166 44 2255 XOR
2 1 2254 44 2256 XOR
2 1 2255 2254 2257 XOR
2 1 2255 2256 2258 AND
2 1 2254 2258 2259 XOR
2 1 2169 45 2260 XOR
2 1 2259 45 2261 XOR
2 1 2260 2259 2262 XOR
2 1 2260 2261 2263 AND
2 1 2259 2263 2264 XOR
2 1 2172 46 2265 XOR
2 1 2264 46 2266 XOR
2 1 2265 2264 2267 XOR
2 1 2265 2266 2268 AND
2 1 2264 2268 2269 XOR
2 1 2175 47 2270 XOR
2 1 2269 47 2271 XOR
2 1 2270 2269 2272 XOR
2 1 2270 2271 2273 AND
2 1 2269 2273 2274 XOR
2 1 2178 48 2275 XOR
2 1 2274 48 2276 XOR
2 1 2275 2274 2277 XOR
2 1 2275 2276 2278 AND
2 1 2274 2278 2279 XOR
2 1 2181 49 2280 XOR
2 1 2279 49 2281 XOR
2 1 2280 2279 2282 XOR
2 1 2280 2281 2283 AND
2 1 2279 2283 2284 XOR
2 1 2184 50 2285 XOR
2 1 2284 50 2286 XOR
2 1 2285 2284 2287 XOR
2 1 2285 2286 2288 AND
2 1 2284 2288 2289 XOR
2 1 2187 51 2290 XOR
2 1 2289 51 2291 XOR
2 1 2290 2289 2292 XOR
2 1 2290 2291 2293 AND
2 1 2289 2293 2294 XOR
2 1 2190 52 2295 XOR
2 1 2294 52 2296 XOR
2 1 2295 2294 2297 XOR
2 1 2295 2296 2298 AND
2 1 2294 2298 2299 XOR
2 1 2193 53 2300 XOR
2 1 2299 53 2301 XOR
2 1 2300 2299 2302 XOR
2 1 2300 2301 2303 AND
2 1 2299 2303 2304 XOR
2 1 2196 54 2305 XOR
2 1 2304 54 2306 XOR
2 1 2305 2304 2307 XOR
2 1 2305 2306 2308 AND
2 1 2304 2308 2309 XOR
2 1 2309 87 2310 XOR
2 1 2309 87 2311 AND
2 1 2310 2311 2312 XOR
2 1 10 2198 2313 XOR
2 1 2312 2313 2314 AND
2 1 2314 2198 2315 XOR
2 1 2133 2202 2316 XOR
2 1 2312 2316 2317 AND
2 1 2317 2202 2318 XOR
2 1 2136 2207 2319 XOR
2 1 2312 2319 2320 AND
2 1 2320 2207 2321 XOR
2 1 2139 2212 2322 XOR
2 1 2312 2322 2323 AND
2 1 2323 2212 2324 XOR
2 1 2142 2217 2325 XOR
2 1 2312 2325 2326 AND
2 1 2326 2217 2327 XOR
2 1 2145 2222 2328 XOR
2 1 2312 2328 2329 AND
2 1 2329 2222 2330 XOR
2 1 2148 2227 2331 XOR
2 1 2312 2331 2332 AND
2 1 2332 2227 2333 XOR
2 1 2151 2232 2334 XOR
2 1 2312 2334 2335 AND
2 1 2335 2232 2336 XOR
2 1 2154 2237 2337 XOR
2 1 2312 2337 2338 AND
2 1 2338 2237 2339 XOR
2 1 2157 2242 2340 XOR
2 1 2312 2340 2341 AND
2 1 2341 2242 2342 XOR
2 1 2160 2247 2343 XOR
2 1 2312 2343 2344 AND
2 1 2344 2247 2345 XOR
2 1 2163 2252 2346 XOR
2 1 2312 2346 2347 AND
2 1 2347 2252 2348 XOR
2 1 2166 2257 2349 XOR
2 1 2312 2349 2350 AND
2 1 2350 2257 2351 XOR
2 1 2169 2262 2352 XOR
2 1 2312 2352 2353 AND
2 1 2353 2262 2354 XOR
2 1 2172 2267 2355 XOR
2 1 2312 2355 2356 AND
2 1 2356 2267 2357 XOR
2 1 2175 2272 2358 XOR
2 1 2312 2358 2359 AND
2 1 2359 2272 2360 XOR
2 1 2178 2277 2361 XOR
2 1 2312 2361 2362 AND
2 1 2362 2277 2363 XOR
2 1 2181 2282 2364 XOR
2 1 2312 2364 2365 AND
2 1 2365 2282 2366 XOR
2 1 2184 2287 2367 XOR
2 1 2312 2367 2368 AND
2 1 2368 2287 2369 XOR
2 1 2187 2292 2370 XOR
2 1 2312 2370 2371 AND
2 1 2371 2292 2372 XOR
2 1 2190 2297 2373 XOR
2 1 2312 2373 2374 AND
2 1 2374 2297 2375 XOR
2 1 2193 2302 2376 XOR
2 1 2312 2376 2377 AND
2 1 2377 2302 2378 XOR
2 1 2196 2307 2379 XOR
2 1 2312 2379 2380 AND
2 1 2380 2307 2381 XOR
1 1 2312 2382 INV
2 1 9 32 2383 XOR
2 1 2383 32 2384 AND
2 1 2315 33 2385 XOR
2 1 2384 33 2386 XOR
2 1 2385 2384 2387 XOR
2 1 2385 2386 2388 AND
2 1 2384 2388 2389 XOR
2 1 2318 34 2390 XOR
2 1 2389 34 2391 XOR
2 1 2390 2389 2392 XOR
2 1 2390 2391 2393 AND
2 1 2389 2393 2394 XOR
2 1 2321 35 2395 XOR
2 1 2394 35 2396 XOR
2 1 2395 2394 2397 XOR
2 1 2395 2396 2398 AND
2 1 2394 2398 2399 XOR
2 1 2324 36 2400 XOR
2 1 2399 36 2401 XOR
2 1 2400 2399 2402 XOR
2 1 2400 2401 2403 AND
2 1 2399 2403 2404 XOR
2 1 2327 37 2405 XOR
2 1 2404 37 2406 XOR
2 1 2405 2404 2407 XOR
2 1 2405 2406 2408 AND
2 1 2404 2408 2409 XOR
2 1 2330 38 2410 XOR
2 1 2409 38 2411 XOR
2 1 2410 2409 2412 XOR
2 1 2410 2411 2413 AND
2 1 2409 2413 2414 XOR
2 1 2333 39 2415 XOR
2 1 2414 39 2416 XOR
2 1 2415 2414 2417 XOR
2 1 2415 2416 2418 AND
2 1 2414 2418 2419 XOR
2 1 2336 40 2420 XOR
2 1 2419 40 2421 XOR
2 1 2420 2419 2422 XOR
2 1 2420 2421 2423 AND
2 1 2419 2423 2424 XOR
2 1 2339 41 2425 XOR
2 1 2424 41 2426 XOR
2 1 2425 2424 2427 XOR
2 1 2425 2426 2428 AND
2 1 2424 2428 2429 XOR
2 1 2342 42 2430 XOR
2 1 2429 42 2431 XOR
2 1 2430 2429 2432 XOR
2 1 2430 2431 2433 AND
2 1 2429 2433 2434 XOR
2 1 2345 43 2435 XOR
2 1 2434 43 2436 XOR
2 1 2435 2434 2437 XOR
2 1 2435 2436 2438 AND
2 1 2434 2438 2439 XOR
2 1 2348 44 2440 XOR
2 1 2439 44 2441 XOR
2 1 2440 2439 2442 XOR
2 1 2440 2441 2443 AND
2 1 2439 2443 2444 XOR
2 1 2351 45 2445 XOR
2 1 2444 45 2446 XOR
2 1 2445 2444 2447 XOR
2 1 2445 2446 2448 AND
2 1 2444 2448 2449 XOR
2 1 2354 46 2450 XOR
2 1 2449 46 2451 XOR
2 1 2450 2449 2452 XOR
2 1 2450 2451 2453 AND
2 1 2449 2453 2454 XOR
2 1 2357 47 2455 XOR
2 1 2454 47 2456 XOR
2 1 2455 2454 2457 XOR
2 1 2455 2456 2458 AND
2 1 2454 2458 2459 XOR
2 1 2360 48 2460 XOR
2 1 2459 48 2461 XOR
2 1 2460 2459 2462 XOR
2 1 2460 2461 2463 AND
2 1 2459 2463 2464 XOR
2 1 2363 49 2465 XOR
2 1 2464 49 2466 XOR
2 1 2465 2464 2467 XOR
2 1 2465 2466 2468 AND
2 1 2464 2468 2469 XOR
2 1 2366 50 2470 XOR
2 1 2469 50 2471 XOR
2 1 2470 2469 2472 XOR
2 1 2470 2471 2473 AND
2 1 2469 2473 2474 XOR
2 1 2369 51 2475 XOR
2 1 2474 51 2476 XOR
2 1 2475 2474 2477 XOR
2 1 2475 2476 2478 AND
2 1 2474 2478 2479 XOR
2 1 2372 52 2480 XOR
2 1 2479 52 2481 XOR
2 1 2480 2479 2482 XOR
2 1 2480 2481 2483 AND
2 1 2479 2483 2484 XOR
2 1 2375 53 2485 XOR
2 1 2484 53 2486 XOR
2 1 2485 2484 2487 XOR
2 1 2485 2486 2488 AND
2 1 2484 2488 2489 XOR
2 1 2378 54 2490 XOR
2 1 2489 54 2491 XOR
2 1 2490 2489 2492 XOR
2 1 2490 2491 2493 AND
2 1 2489 2493 2494 XOR
2 1 2381 55 2495 XOR
2 1 2494 55 2496 XOR
2 1 2495 2494 2497 XOR
2 1 2495 2496 2498 AND
2 1 2494 2498 2499 XOR
2 1 2499 84 2500 XOR
2 1 2499 84 2501 AND
2 1 2500 2501 2502 XOR
2 1 9 2383 2503 XOR
2 1 2502 2503 2504 AND
2 1 2504 2383 2505 XOR
2 1 2315 2387 2506 XOR
2 1 2502 2506 2507 AND
2 1 2507 2387 2508 XOR
2 1 2318 2392 2509 XOR
2 1 2502 2509 2510 AND
2 1 2510 2392 2511 XOR
2 1 2321 2397 2512 XOR
2 1 2502 2512 2513 AND
2 1 2513 2397 2514 XOR
2 1 2324 2402 2515 XOR
2 1 2502 2515 2516 AND
2 1 2516 2402 2517 XOR
2 1 2327 2407 2518 XOR
2 1 2502 2518 2519 AND
2 1 2519 2407 2520 XOR
2 1 2330 2412 2521 XOR
2 1 2502 2521 2522 AND
2 1 2522 2412 2523 XOR
2 1 2333 2417 2524 XOR
2 1 2502 2524 2525 AND
2 1 2525 2417 2526 XOR
2 1 2336 2422 2527 XOR
2 1 2502 2527 2528 AND
2 1 2528 2422 2529 XOR
2 1 2339 2427 2530 XOR
2 1 2502 2530 2531 AND
2 1 2531 2427 2532 XOR
2 1 2342 2432 2533 XOR
2 1 2502 2533 2534 AND
2 1 2534 2432 2535 XOR
2 1 2345 2437 2536 XOR
2 1 2502 2536 2537 AND
2 1 2537 2437 2538 XOR
2 1 2348 2442 2539 XOR
2 1 2502 2539 2540 AND
2 1 2540 2442 2541 XOR
2 1 2351 2447 2542 XOR
2 1 2502 2542 2543 AND
2 1 2543 2447 2544 XOR
2 1 2354 2452 2545 XOR
2 1 2502 2545 2546 AND
2 1 2546 2452 2547 XOR
2 1 2357 2457 2548 XOR
2 1 2502 2548 2549 AND
2 1 2549 2457 2550 XOR
2 1 2360 2462 2551 XOR
2 1 2502 2551 2552 AND
2 1 2552 2462 2553 XOR
2 1 2363 2467 2554 XOR
2 1 2502 2554 2555 AND
2 1 2555 2467 2556 XOR
2 1 2366 2472 2557 XOR
2 1 2502 2557 2558 AND
2 1 2558 2472 2559 XOR
2 1 2369 2477 2560 XOR
2 1 2502 2560 2561 AND
2 1 2561 2477 2562 XOR
2 1 2372 2482 2563 XOR
2 1 2502 2563 2564 AND
2 1 2564 2482 2565 XOR
2 1 2375 2487 2566 XOR
2 1 2502 2566 2567 AND
2 1 2567 2487 2568 XOR
2 1 2378 2492 2569 XOR
2 1 2502 2569 2570 AND
2 1 2570 2492 2571 XOR
2 1 2381 2497 2572 XOR
2 1 2502 2572 2573 AND
2 1 2573 2497 2574 XOR
1 1 2502 2575 INV
2 1 8 32 2576 XOR
2 1 2576 32 2577 AND
2 1 2505 33 2578 XOR
2 1 2577 33 2579 XOR
2 1 2578 2577 2580 XOR
2 1 2578 2579 2581 AND
2 1 2577 2581 2582 XOR
2 1 2508 34 2583 XOR
2 1 2582 34 2584 XOR
2 1 2583 2582 2585 XOR
2 1 2583 2584 2586 AND
2 1 2582 2586 2587 XOR
2 1 2511 35 2588 XOR
2 1 2587 35 2589 XOR
2 1 2588 2587 2590 XOR
2 1 2588 2589 2591 AND
2 1 2587 2591 2592 XOR
2 1 2514 36 2593 XOR
2 1 2592 36 2594 XOR
2 1 2593 2592 2595 XOR
2 1 2593 2594 2596 AND
2 1 2592 2596 2597 XOR
2 1 2517 37 2598 XOR
2 1 2597 37 2599 XOR
2 1 2598 2597 2600 XOR
2 1 2598 2599 2601 AND
2 1 2597 2601 2602 XOR
2 1 2520 38 2603 XOR
2 1 2602 38 2604 XOR
2 1 2603 2602 2605 XOR
2 1 2603 2604 2606 AND
2 1 2602 2606 2607 XOR
2 1 2523 39 2608 XOR
2 1 2607 39 2609 XOR
2 1 2608 2607 2610 XOR
2 1 2608 2609 2611 AND
2 1 2607 2611 2612 XOR
2 1 2526 40 2613 XOR
2 1 2612 40 2614 XOR
2 1 2613 2612 2615 XOR
2 1 2613 2614 2616 AND
2 1 2612 2616 2617 XOR
2 1 2529 41 2618 XOR
2 1 2617 41 2619 XOR
2 1 2618 2617 2620 XOR
2 1 2618 2619 2621 AND
2 1 2617 2621 2622 XOR
2 1 2532 42 2623 XOR
2 1 2622 42 2624 XOR
2 1 2623 2622 2625 XOR
2 1 2623 2624 2626 AND
2 1 2622 2626 2627 XOR
2 1 2535 43 2628 XOR
2 1 2627 43 2629 XOR
2 1 2628 2627 2630 XOR
2 1 2628 2629 2631 AND
2 1 2627 2631 2632 XOR
2 1 2538 44 2633 XOR
2 1 2632 44 2634 XOR
2 1 2633 2632 2635 XOR
2 1 2633 2634 2636 AND
2 1 2632 2636 2637 XOR
2 1 2541 45 2638 XOR
2 1 2637 45 2639 XOR
2 1 2638 2637 2640 XOR
2 1 2638 2639 2641 AND
2 1 2637 2641 2642 XOR
2 1 2544 46 2643 XOR
2 1 2642 46 2644 XOR
2 1 2643 2642 2645 XOR
2 1 2643 2644 2646 AND
2 1 2642 2646 2647 XOR
2 1 2547 47 2648 XOR
2 1 2647 47 2649 XOR
2 1 2648 2647 2650 XOR
2 1 2648 2649 2651 AND
2 1 2647 2651 2652 XOR
2 1 2550 48 2653 XOR
2 1 2652 48 2654 XOR
2 1 2653 2652 2655 XOR
2 1 2653 2654 2656 AND
2 1 2652 2656 2657 XOR
2 1 2553 49 2658 XOR
2 1 2657 49 2659 XOR
2 1 2658 2657 2660 XOR
2 1 2658 2659 2661 AND
2 1 2657 2661 2662 XOR
2 1 2556 50 2663 XOR
2 1 2662 50 2664 XOR
2 1 2663 2662 2665 XOR
2 1 2663 2664 2666 AND
2 1 2662 2666 2667 XOR
2 1 2559 51 2668 XOR
2 1 2667 51 2669 XOR
2 1 2668 2667 2670 XOR
2 1 2668 2669 2671 AND
2 1 2667 2671 2672 XOR
2 1 2562 52 2673 XOR
2 1 2672 52 2674 XOR
2 1 2673 2672 2675 XOR
2 1 2673 2674 2676 AND
2 1 2672 2676 2677 XOR
2 1 2565 53 2678 XOR
2 1 2677 53 2679 XOR
2 1 2678 2677 2680 XOR
2 1 2678 2679 2681 AND
2 1 2677 2681 2682 XOR
2 1 2568 54 2683 XOR
2 1 2682 54 2684 XOR
2 1 2683 2682 2685 XOR
2 1 2683 2684 2686 AND
2 1 2682 2686 2687 XOR
2 1 2571 55 2688 XOR
2 1 2687 55 2689 XOR
2 1 2688 2687 2690 XOR
2 1 2688 2689 2691 AND
2 1 2687 2691 2692 XOR
2 1 2574 56 2693 XOR
2 1 2692 56 2694 XOR
2 1 2693 2692 2695 XOR
2 1 2693 2694 2696 AND
2 1 2692 2696 2697 XOR
2 1 2697 81 2698 XOR
2 1 2697 81 2699 AND
2 1 2698 2699 2700 XOR
2 1 8 2576 2701 XOR
2 1 2700 2701 2702 AND
2 1 2702 2576 2703 XOR
2 1 2505 2580 2704 XOR
2 1 2700 2704 2705 AND
2 1 2705 2580 2706 XOR
2 1 2508 2585 2707 XOR
2 1 2700 2707 2708 AND
2 1 2708 2585 2709 XOR
2 1 2511 2590 2710 XOR
2 1 2700 2710 2711 AND
2 1 2711 2590 2712 XOR
2 1 2514 2595 2713 XOR
2 1 2700 2713 2714 AND
2 1 2714 2595 2715 XOR
2 1 2517 2600 2716 XOR
2 1 2700 2716 2717 AND
2 1 2717 2600 2718 XOR
2 1 2520 2605 2719 XOR
2 1 2700 2719 2720 AND
2 1 2720 2605 2721 XOR
2 1 2523 2610 2722 XOR
2 1 2700 2722 2723 AND
2 1 2723 2610 2724 XOR
2 1 2526 2615 2725 XOR
2 1 2700 2725 2726 AND
2 1 2726 2615 2727 XOR
2 1 2529 2620 2728 XOR
2 1 2700 2728 2729 AND
2 1 2729 2620 2730 XOR
2 1 2532 2625 2731 XOR
2 1 2700 2731 2732 AND
2 1 2732 2625 2733 XOR
2 1 2535 2630 2734 XOR
2 1 2700 2734 2735 AND
2 1 2735 2630 2736 XOR
2 1 2538 2635 2737 XOR
2 1 2700 2737 2738 AND
2 1 2738 2635 2739 XOR
2 1 2541 2640 2740 XOR
2 1 2700 2740 2741 AND
2 1 2741 2640 2742 XOR
2 1 2544 2645 2743 XOR
2 1 2700 2743 2744 AND
2 1 2744 2645 2745 XOR
2 1 2547 2650 2746 XOR
2 1 2700 2746 2747 AND
2 1 2747 2650 2748 XOR
2 1 2550 2655 2749 XOR
2 1 2700 2749 2750 AND
2 1 2750 2655 2751 XOR
2 1 2553 2660 2752 XOR
2 1 2700 2752 2753 AND
2 1 2753 2660 2754 XOR
2 1 2556 2665 2755 XOR
2 1 2700 2755 2756 AND
2 1 2756 2665 2757 XOR
2 1 2559 2670 2758 XOR
2 1 2700 2758 2759 AND
2 1 2759 2670 2760 XOR
2 1 2562 2675 2761 XOR
2 1 2700 2761 2762 AND
2 1 2762 2675 2763 XOR
2 1 2565 2680 2764 XOR
2 1 2700 2764 2765 AND
2 1 2765 2680 2766 XOR
2 1 2568 2685 2767 XOR
2 1 2700 2767 2768 AND
2 1 2768 2685 2769 XOR
2 1 2571 2690 2770 XOR
2 1 2700 2770 2771 AND
2 1 2771 2690 2772 XOR
2 1 2574 2695 2773 XOR
2 1 2700 2773 2774 AND
2 1 2774 2695 2775 XOR
1 1 2700 2776 INV
2 1 7 32 2777 XOR
2 1 2777 32 2778 AND
2 1 2703 33 2779 XOR
2 1 2778 33 2780 XOR
2 1 2779 2778 2781 XOR
2 1 2779 2780 2782 AND
2 1 2778 2782 2783 XOR
2 1 2706 34 2784 XOR
2 1 2783 34 2785 XOR
2 1 2784 2783 2786 XOR
2 1 2784 2785 2787 AND
2 1 2783 2787 2788 XOR
2 1 2709 35 2789 XOR
2 1 2788 35 2790 XOR
2 1 2789 2788 2791 XOR
2 1 2789 2790 2792 AND
2 1 2788 2792 2793 XOR
2 1 2712 36 2794 XOR
2 1 2793 36 2795 XOR
2 1 2794 2793 2796 XOR
2 1 2794 2795 2797 AND
2 1 2793 2797 2798 XOR
2 1 2715 37 2799 XOR
2 1 2798 37 2800 XOR
2 1 2799 2798 2801 XOR
2 1 2799 2800 2802 AND
2 1 2798 2802 2803 XOR
2 1 2718 38 2804 XOR
2 1 2803 38 2805 XOR
2 1 2804 2803 2806 XOR
2 1 2804 2805 2807 AND
2 1 2803 2807 2808 XOR
2 1 2721 39 2809 XOR
2 1 2808 39 2810 XOR
2 1 2809 2808 2811 XOR
2 1 2809 2810 2812 AND
2 1 2808 2812 2813 XOR
2 1 2724 40 2814 XOR
2 1 2813 40 2815 XOR
2 1 2814 2813 2816 XOR
2 1 2814 2815 2817 AND
2 1 2813 2817 2818 XOR
2 1 2727 41 2819 XOR
2 1 2818 41 2820 XOR
2 1 2819 2818 2821 XOR
2 1 2819 2820 2822 AND
2 1 2818 2822 2823 XOR
2 1 2730 42 2824 XOR
2 1 2823 42 2825 XOR
2 1 2824 2823 2826 XOR
2 1 2824 2825 2827 AND
2 1 2823 2827 2828 XOR
2 1 2733 43 2829 XOR
2 1 2828 43 2830 XOR
2 1 2829 2828 2831 XOR
2 1 2829 2830 2832 AND
2 1 2828 2832 2833 XOR
2 1 2736 44 2834 XOR
2 1 2833 44 2835 XOR
2 1 2834 2833 2836 XOR
2 1 2834 2835 2837 AND
2 1 2833 2837 2838 XOR
2 1 2739 45 2839 XOR
2 1 2838 45 2840 XOR
2 1 2839 2838 2841 XOR
2 1 2839 2840 2842 AND
2 1 2838 2842 2843 XOR
2 1 2742 46 2844 XOR
2 1 2843 46 2845 XOR
2 1 2844 2843 2846 XOR
2 1 2844 2845 2847 AND
2 1 2843 2847 2848 XOR
2 1 2745 47 2849 XOR
2 1 2848 47 2850 XOR
2 1 2849 2848 2851 XOR
2 1 2849 2850 2852 AND
2 1 2848 2852 2853 XOR
2 1 2748 48 2854 XOR
2 1 2853 48 2855 XOR
2 1 2854 2853 2856 XOR
2 1 2854 2855 2857 AND
2 1 2853 2857 2858 XOR
2 1 2751 49 2859 XOR
2 1 2858 49 2860 XOR
2 1 2859 2858 2861 XOR
2 1 2859 2860 2862 AND
2 1 2858 2862 2863 XOR
2 1 2754 50 2864 XOR
2 1 2863 50 2865 XOR
2 1 2864 2863 2866 XOR
2 1 2864 2865 2867 AND
2 1 2863 2867 2868 XOR
2 1 2757 51 2869 XOR
2 1 2868 51 2870 XOR
2 1 2869 2868 2871 XOR
2 1 2869 2870 2872 AND
2 1 2868 2872 2873 XOR
2 1 2760 52 2874 XOR
2 1 2873 52 2875 XOR
2 1 2874 2873 2876 XOR
2 1 2874 2875 2877 AND
2 1 2873 2877 2878 XOR
2 1 2763 53 2879 XOR
2 1 2878 53 2880 XOR
2 1 2879 2878 2881 XOR
2 1 2879 2880 2882 AND
2 1 2878 2882 2883 XOR
2 1 2766 54 2884 XOR
2 1 2883 54 2885 XOR
2 1 2884 2883 2886 XOR
2 1 2884 2885 2887 AND
2 1 2883 2887 2888 XOR
2 1 2769 55 2889 XOR
2 1 2888 55 2890 XOR
2 1 2889 2888 2891 XOR
2 1 2889 2890 2892 AND
2 1 2888 2892 2893 XOR
2 1 2772 56 2894 XOR
2 1 2893 56 2895 XOR
2 1 2894 2893 2896 XOR
2 1 2894 2895 2897 AND
2 1 2893 2897 2898 XOR
2 1 2775 57 2899 XOR
2 1 2898 57 2900 XOR
2 1 2899 2898 2901 XOR
2 1 2899 2900 2902 AND
2 1 2898 2902 2903 XOR
2 1 2903 78 2904 XOR
2 1 2903 78 2905 AND
2 1 2904 2905 2906 XOR
2 1 7 2777 2907 XOR
2 1 2906 2907 2908 AND
2 1 2908 2777 2909 XOR
2 1 2703 2781 2910 XOR
2 1 2906 2910 2911 AND
2 1 2911 2781 2912 XOR
2 1 2706 2786 2913 XOR
2 1 2906 2913 2914 AND
2 1 2914 2786 2915 XOR
2 1 2709 2791 2916 XOR
2 1 2906 2916 2917 AND
2 1 2917 2791 2918 XOR
2 1 2712 2796 2919 XOR
2 1 2906 2919 2920 AND
2 1 2920 2796 2921 XOR
2 1 2715 2801 2922 XOR
2 1 2906 2922 2923 AND
2 1 2923 2801 2924 XOR
2 1 2718 2806 2925 XOR
2 1 2906 2925 2926 AND
2 1 2926 2806 2927 XOR
2 1 2721 2811 2928 XOR
2 1 2906 2928 2929 AND
2 1 2929 2811 2930 XOR
2 1 2724 2816 2931 XOR
2 1 2906 2931 2932 AND
2 1 2932 2816 2933 XOR
2 1 2727 2821 2934 XOR
2 1 2906 2934 2935 AND
2 1 2935 2821 2936 XOR
2 1 2730 2826 2937 XOR
2 1 2906 2937 2938 AND
2 1 2938 2826 2939 XOR
2 1 2733 2831 2940 XOR
2 1 2906 2940 2941 AND
2 1 2941 2831 2942 XOR
2 1 2736 2836 2943 XOR
2 1 2906 2943 2944 AND
2 1 2944 2836 2945 XOR
2 1 2739 2841 2946 XOR
2 1 2906 2946 2947 AND
2 1 2947 2841 2948 XOR
2 1 2742 2846 2949 XOR
2 1 2906 2949 2950 AND
2 1 2950 2846 2951 XOR
2 1 2745 2851 2952 XOR
2 1 2906 2952 2953 AND
2 1 2953 2851 2954 XOR
2 1 2748 2856 2955 XOR
2 1 2906 2955 2956 AND
2 1 2956 2856 2957 XOR
2 1 2751 2861 2958 XOR
2 1 2906 2958 2959 AND
2 1 2959 2861 2960 XOR
2 1 2754 2866 2961 XOR
2 1 2906 2961 2962 AND
2 1 2962 2866 2963 XOR
2 1 2757 2871 2964 XOR
2 1 2906 2964 2965 AND
2 1 2965 2871 2966 XOR
2 1 2760 2876 2967 XOR
2 1 2906 2967 2968 AND
2 1 2968 2876 2969 XOR
2 1 2763 2881 2970 XOR
2 1 2906 2970 2971 AND
2 1 2971 2881 2972 XOR
2 1 2766 2886 2973 XOR
2 1 2906 2973 2974 AND
2 1 2974 2886 2975 XOR
2 1 2769 2891 2976 XOR
2 1 2906 2976 2977 AND
2 1 2977 2891 2978 XOR
2 1 2772 2896 2979 XOR
2 1 2906 2979 2980 AND
2 1 2980 2896 2981 XOR
2 1 2775 2901 2982 XOR
2 1 2906 2982 2983 AND
2 1 2983 2901 2984 XOR
1 1 2906 2985 INV
2 1 6 32 2986 XOR
2 1 2986 32 2987 AND
2 1 2909 33 2988 XOR
2 1 2987 33 2989 XOR
2 1 2988 2987 2990 XOR
2 1 2988 2989 2991 AND
2 1 2987 2991 2992 XOR
2 1 2912 34 2993 XOR
2 1 2992 34 2994 XOR
2 1 2993 2992 2995 XOR
2 1 2993 2994 2996 AND
2 1 2992 2996 2997 XOR
2 1 2915 35 2998 XOR
2 1 2997 35 2999 XOR
2 1 2998 2997 3000 XOR
2 1 2998 2999 3001 AND
2 1 2997 3001 3002 XOR
2 1 2918 36 3003 XOR
2 1 3002 36 3004 XOR
2 1 3003 3002 3005 XOR
2 1 3003 3004 3006 AND
2 1 3002 3006 3007 XOR
2 1 2921 37 3008 XOR
2 1 3007 37 3009 XOR
2 1 3008 3007 3010 XOR
2 1 3008 3009 3011 AND
2 1 3007 3011 3012 XOR
2 1 2924 38 3013 XOR
2 1 3012 38 3014 XOR
2 1 3013 3012 3015 XOR
2 1 3013 3014 3016 AND
2 1 3012 3016 3017 XOR
2 1 2927 39 3018 XOR
2 1 3017 39 3019 XOR
2 1 3018 3017 3020 XOR
2 1 3018 3019 3021 AND
2 1 3017 3021 3022 XOR
2 1 2930 40 3023 XOR
2 1 3022 40 3024 XOR
2 1 3023 3022 3025 XOR
2 1 3023 3024 3026 AND
2 1 3022 3026 3027 XOR
2 1 2933 41 3028 XOR
2 1 3027 41 3029 XOR
2 1 3028 3027 3030 XOR
2 1 3028 3029 3031 AND
2 1 3027 3031 3032 XOR
2 1 2936 42 3033 XOR
2 1 3032 42 3034 XOR
2 1 3033 3032 3035 XOR
2 1 3033 3034 3036 AND
2 1 3032 3036 3037 XOR
2 1 2939 43 3038 XOR
2 1 3037 43 3039 XOR
2 1 3038 3037 3040 XOR
2 1 3038 3039 3041 AND
2 1 3037 3041 3042 XOR
2 1 2942 44 3043 XOR
2 1 3042 44 3044 XOR
2 1 3043 3042 3045 XOR
2 1 3043 3044 3046 AND
2 1 3042 3046 3047 XOR
2 1 2945 45 3048 XOR
2 1 3047 45 3049 XOR
2 1 3048 3047 3050 XOR
2 1 3048 3049 3051 AND
2 1 3047 3051 3052 XOR
2 1 2948 46 3053 XOR
2 1 3052 46 3054 XOR
2 1 3053 3052 3055 XOR
2 1 3053 3054 3056 AND
2 1 3052 3056 3057 XOR
2 1 2951 47 3058 XOR
2 1 3057 47 3059 XOR
2 1 3058 3057 3060 XOR
2 1 3058 3059 3061 AND
2 1 3057 3061 3062 XOR
2 1 2954 48 3063 XOR
2 1 3062 48 3064 XOR
2 1 3063 3062 3065 XOR
2 1 3063 3064 3066 AND
2 1 3062 3066 3067 XOR
2 1 2957 49 3068 XOR
2 1 3067 49 3069 XOR
2 1 3068 3067 3070 XOR
2 1 3068 3069 3071 AND
2 1 3067 3071 3072 XOR
2 1 2960 50 3073 XOR
2 1 3072 50 3074 XOR
2 1 3073 3072 3075 XOR
2 1 3073 3074 3076 AND
2 1 3072 3076 3077 XOR
2 1 2963 51 3078 XOR
2 1 3077 51 3079 XOR
2 1 3078 3077 3080 XOR
2 1 3078 3079 3081 AND
2 1 3077 3081 3082 XOR
2 1 2966 52 3083 XOR
2 1 3082 52 3084 XOR
2 1 3083 3082 3085 XOR
2 1 3083 3084 3086 AND
2 1 3082 3086 3087 XOR
2 1 2969 53 3088 XOR
2 1 3087 53 3089 XOR
2 1 3088 3087 3090 XOR
2 1 3088 3089 3091 AND
2 1 3087 3091 3092 XOR
2 1 2972 54 3093 XOR
2 1 3092 54 3094 XOR
2 1 3093 3092 3095 XOR
2 1 3093 3094 3096 AND
2 1 3092 3096 3097 XOR
2 1 2975 55 3098 XOR
2 1 3097 55 3099 XOR
2 1 3098 3097 3100 XOR
2 1 3098 3099 3101 AND
2 1 3097 3101 3102 XOR
2 1 2978 56 3103 XOR
2 1 3102 56 3104 XOR
2 1 3103 3102 3105 XOR
2 1 3103 3104 3106 AND
2 1 3102 3106 3107 XOR
2 1 2981 57 3108 XOR
2 1 3107 57 3109 XOR
2 1 3108 3107 3110 XOR
2 1 3108 3109 3111 AND
2 1 3107 3111 3112 XOR
2 1 2984 58 3113 XOR
2 1 3112 58 3114 XOR
2 1 3113 3112 3115 XOR
2 1 3113 3114 3116 AND
2 1 3112 3116 3117 XOR
2 1 3117 75 3118 XOR
2 1 3117 75 3119 AND
2 1 3118 3119 3120 XOR
2 1 6 2986 3121 XOR
2 1 3120 3121 3122 AND
2 1 3122 2986 3123 XOR
2 1 2909 2990 3124 XOR
2 1 3120 3124 3125 AND
2 1 3125 2990 3126 XOR
2 1 2912 2995 3127 XOR
2 1 3120 3127 3128 AND
2 1 3128 2995 3129 XOR
2 1 2915 3000 3130 XOR
2 1 3120 3130 3131 AND
2 1 3131 3000 3132 XOR
2 1 2918 3005 3133 XOR
2 1 3120 3133 3134 AND
2 1 3134 3005 3135 XOR
2 1 2921 3010 3136 XOR
2 1 3120 3136 3137 AND
2 1 3137 3010 3138 XOR
2 1 2924 3015 3139 XOR
2 1 3120 3139 3140 AND
2 1 3140 3015 3141 XOR
2 1 2927 3020 3142 XOR
2 1 3120 3142 3143 AND
2 1 3143 3020 3144 XOR
2 1 2930 3025 3145 XOR
2 1 3120 3145 3146 AND
2 1 3146 3025 3147 XOR
2 1 2933 3030 3148 XOR
2 1 3120 3148 3149 AND
2 1 3149 3030 3150 XOR
2 1 2936 3035 3151 XOR
2 1 3120 3151 3152 AND
2 1 3152 3035 3153 XOR
2 1 2939 3040 3154 XOR
2 1 3120 3154 3155 AND
2 1 3155 3040 3156 XOR
2 1 2942 3045 3157 XOR
2 1 3120 3157 3158 AND
2 1 3158 3045 3159 XOR
2 1 2945 3050 3160 XOR
2 1 3120 3160 3161 AND
2 1 3161 3050 3162 XOR
2 1 2948 3055 3163 XOR
2 1 3120 3163 3164 AND
2 1 3164 3055 3165 XOR
2 1 2951 3060 3166 XOR
2 1 3120 3166 3167 AND
2 1 3167 3060 3168 XOR
2 1 2954 3065 3169 XOR
2 1 3120 3169 3170 AND
2 1 3170 3065 3171 XOR
2 1 2957 3070 3172 XOR
2 1 3120 3172 3173 AND
2 1 3173 3070 3174 XOR
2 1 2960 3075 3175 XOR
2 1 3120 3175 3176 AND
2 1 3176 3075 3177 XOR
2 1 2963 3080 3178 XOR
2 1 3120 3178 3179 AND
2 1 3179 3080 3180 XOR
2 1 2966 3085 3181 XOR
2 1 3120 3181 3182 AND
2 1 3182 3085 3183 XOR
2 1 2969 3090 3184 XOR
2 1 3120 3184 3185 AND
2 1 3185 3090 3186 XOR
2 1 2972 3095 3187 XOR
2 1 3120 3187 3188 AND
2 1 3188 3095 3189 XOR
2 1 2975 3100 3190 XOR
2 1 3120 3190 3191 AND
2 1 3191 3100 3192 XOR
2 1 2978 3105 3193 XOR
2 1 3120 3193 3194 AND
2 1 3194 3105 3195 XOR
2 1 2981 3110 3196 XOR
2 1 3120 3196 3197 AND
2 1 3197 3110 3198 XOR
2 1 2984 3115 3199 XOR
2 1 3120 3199 3200 AND
2 1 3200 3115 3201 XOR
1 1 3120 3202 INV
2 1 5 32 3203 XOR
2 1 3203 32 3204 AND
2 1 3123 33 3205 XOR
2 1 3204 33 3206 XOR
2 1 3205 3204 3207 XOR
2 1 3205 3206 3208 AND
2 1 3204 3208 3209 XOR
2 1 3126 34 3210 XOR
2 1 3209 34 3211 XOR
2 1 3210 3209 3212 XOR
2 1 3210 3211 3213 AND
2 1 3209 3213 3214 XOR
2 1 3129 35 3215 XOR
2 1 3214 35 3216 XOR
2 1 3215 3214 3217 XOR
2 1 3215 3216 3218 AND
2 1 3214 3218 3219 XOR
2 1 3132 36 3220 XOR
2 1 3219 36 3221 XOR
2 1 3220 3219 3222 XOR
2 1 3220 3221 3223 AND
2 1 3219 3223 3224 XOR
2 1 3135 37 3225 XOR
2 1 3224 37 3226 XOR
2 1 3225 3224 3227 XOR
2 1 3225 3226 3228 AND
2 1 3224 3228 3229 XOR
2 1 3138 38 3230 XOR
2 1 3229 38 3231 XOR
2 1 3230 3229 3232 XOR
2 1 3230 3231 3233 AND
2 1 3229 3233 3234 XOR
2 1 3141 39 3235 XOR
2 1 3234 39 3236 XOR
2 1 3235 3234 3237 XOR
2 1 3235 3236 3238 AND
2 1 3234 3238 3239 XOR
2 1 3144 40 3240 XOR
2 1 3239 40 3241 XOR
2 1 3240 3239 3242 XOR
2 1 3240 3241 3243 AND
2 1 3239 3243 3244 XOR
2 1 3147 41 3245 XOR
2 1 3244 41 3246 XOR
2 1 3245 3244 3247 XOR
2 1 3245 3246 3248 AND
2 1 3244 3248 3249 XOR
2 1 3150 42 3250 XOR
2 1 3249 42 3251 XOR
2 1 3250 3249 3252 XOR
2 1 3250 3251 3253 AND
2 1 3249 3253 3254 XOR
2 1 3153 43 3255 XOR
2 1 3254 43 3256 XOR
2 1 3255 3254 3257 XOR
2 1 3255 3256 3258 AND
2 1 3254 3258 3259 XOR
2 1 3156 44 3260 XOR
2 1 3259 44 3261 XOR
2 1 3260 3259 3262 XOR
2 1 3260 3261 3263 AND
2 1 3259 3263 3264 XOR
2 1 3159 45 3265 XOR
2 1 3264 45 3266 XOR
2 1 3265 3264 3267 XOR
2 1 3265 3266 3268 AND
2 1 3264 3268 3269 XOR
2 1 3162 46 3270 XOR
2 1 3269 46 3271 XOR
2 1 3270 3269 3272 XOR
2 1 3270 3271 3273 AND
2 1 3269 3273 3274 XOR
2 1 3165 47 3275 XOR
2 1 3274 47 3276 XOR
2 1 3275 3274 3277 XOR
2 1 3275 3276 3278 AND
2 1 3274 3278 3279 XOR
2 1 3168 48 3280 XOR
2 1 3279 48 3281 XOR
2 1 3280 3279 3282 XOR
2 1 3280 3281 3283 AND
2 1 3279 3283 3284 XOR
2 1 3171 49 3285 XOR
2 1 3284 49 3286 XOR
2 1 3285 3284 3287 XOR
2 1 3285 3286 3288 AND
2 1 3284 3288 3289 XOR
2 1 3174 50 3290 XOR
2 1 3289 50 3291 XOR
2 1 3290 3289 3292 XOR
2 1 3290 3291 3293 AND
2 1 3289 3293 3294 XOR
2 1 3177 51 3295 XOR
2 1 3294 51 3296 XOR
2 1 3295 3294 3297 XOR
2 1 3295 3296 3298 AND
2 1 3294 3298 3299 XOR
2 1 3180 52 3300 XOR
2 1 3299 52 3301 XOR
2 1 3300 3299 3302 XOR
2 1 3300 3301 3303 AND
2 1 3299 3303 3304 XOR
2 1 3183 53 3305 XOR
2 1 3304 53 3306 XOR
2 1 3305 3304 3307 XOR
2 1 3305 3306 3308 AND
2 1 3304 3308 3309 XOR
2 1 3186 54 3310 XOR
2 1 3309 54 3311 XOR
2 1 3310 3309 3312 XOR
2 1 3310 3311 3313 AND
2 1 3309 3313 3314 XOR
2 1 3189 55 3315 XOR
2 1 3314 55 3316 XOR
2 1 3315 3314 3317 XOR
2 1 3315 3316 3318 AND
2 1 3314 3318 3319 XOR
2 1 3192 56 3320 XOR
2 1 3319 56 3321 XOR
2 1 3320 3319 3322 XOR
2 1 3320 3321 3323 AND
2 1 3319 3323 3324 XOR
2 1 3195 57 3325 XOR
2 1 3324 57 3326 XOR
2 1 3325 3324 3327 XOR
2 1 3325 3326 3328 AND
2 1 3324 3328 3329 XOR
2 1 3198 58 3330 XOR
2 1 3329 58 3331 XOR
2 1 3330 3329 3332 XOR
2 1 3330 3331 3333 AND
2 1 3329 3333 3334 XOR
2 1 3201 59 3335 XOR
2 1 3334 59 3336 XOR
2 1 3335 3334 3337 XOR
2 1 3335 3336 3338 AND
2 1 3334 3338 3339 XOR
2 1 3339 72 3340 XOR
2 1 3339 72 3341 AND
2 1 3340 3341 3342 XOR
2 1 5 3203 3343 XOR
2 1 3342 3343 3344 AND
2 1 3344 3203 3345 XOR
2 1 3123 3207 3346 XOR
2 1 3342 3346 3347 AND
2 1 3347 3207 3348 XOR
2 1 3126 3212 3349 XOR
2 1 3342 3349 3350 AND
2 1 3350 3212 3351 XOR
2 1 3129 3217 3352 XOR
2 1 3342 3352 3353 AND
2 1 3353 3217 3354 XOR
2 1 3132 3222 3355 XOR
2 1 3342 3355 3356 AND
2 1 3356 3222 3357 XOR
2 1 3135 3227 3358 XOR
2 1 3342 3358 3359 AND
2 1 3359 3227 3360 XOR
2 1 3138 3232 3361 XOR
2 1 3342 3361 3362 AND
2 1 3362 3232 3363 XOR
2 1 3141 3237 3364 XOR
2 1 3342 3364 3365 AND
2 1 3365 3237 3366 XOR
2 1 3144 3242 3367 XOR
2 1 3342 3367 3368 AND
2 1 3368 3242 3369 XOR
2 1 3147 3247 3370 XOR
2 1 3342 3370 3371 AND
2 1 3371 3247 3372 XOR
2 1 3150 3252 3373 XOR
2 1 3342 3373 3374 AND
2 1 3374 3252 3375 XOR
2 1 3153 3257 3376 XOR
2 1 3342 3376 3377 AND
2 1 3377 3257 3378 XOR
2 1 3156 3262 3379 XOR
2 1 3342 3379 3380 AND
2 1 3380 3262 3381 XOR
2 1 3159 3267 3382 XOR
2 1 3342 3382 3383 AND
2 1 3383 3267 3384 XOR
2 1 3162 3272 3385 XOR
2 1 3342 3385 3386 AND
2 1 3386 3272 3387 XOR
2 1 3165 3277 3388 XOR
2 1 3342 3388 3389 AND
2 1 3389 3277 3390 XOR
2 1 3168 3282 3391 XOR
2 1 3342 3391 3392 AND
2 1 3392 3282 3393 XOR
2 1 3171 3287 3394 XOR
2 1 3342 3394 3395 AND
2 1 3395 3287 3396 XOR
2 1 3174 3292 3397 XOR
2 1 3342 3397 3398 AND
2 1 3398 3292 3399 XOR
2 1 3177 3297 3400 XOR
2 1 3342 3400 3401 AND
2 1 3401 3297 3402 XOR
2 1 3180 3302 3403 XOR
2 1 3342 3403 3404 AND
2 1 3404 3302 3405 XOR
2 1 3183 3307 3406 XOR
2 1 3342 3406 3407 AND
2 1 3407 3307 3408 XOR
2 1 3186 3312 3409 XOR
2 1 3342 3409 3410 AND
2 1 3410 3312 3411 XOR
2 1 3189 3317 3412 XOR
2 1 3342 3412 3413 AND
2 1 3413 3317 3414 XOR
2 1 3192 3322 3415 XOR
2 1 3342 3415 3416 AND
2 1 3416 3322 3417 XOR
2 1 3195 3327 3418 XOR
2 1 3342 3418 3419 AND
2 1 3419 3327 3420 XOR
2 1 3198 3332 3421 XOR
2 1 3342 3421 3422 AND
2 1 3422 3332 3423 XOR
2 1 3201 3337 3424 XOR
2 1 3342 3424 3425 AND
2 1 3425 3337 3426 XOR
1 1 3342 3427 INV
2 1 4 32 3428 XOR
2 1 3428 32 3429 AND
2 1 3345 33 3430 XOR
2 1 3429 33 3431 XOR
2 1 3430 3429 3432 XOR
2 1 3430 3431 3433 AND
2 1 3429 3433 3434 XOR
2 1 3348 34 3435 XOR
2 1 3434 34 3436 XOR
2 1 3435 3434 3437 XOR
2 1 3435 3436 3438 AND
2 1 3434 3438 3439 XOR
2 1 3351 35 3440 XOR
2 1 3439 35 3441 XOR
2 1 3440 3439 3442 XOR
2 1 3440 3441 3443 AND
2 1 3439 3443 3444 XOR
2 1 3354 36 3445 XOR
2 1 3444 36 3446 XOR
2 1 3445 3444 3447 XOR
2 1 3445 3446 3448 AND
2 1 3444 3448 3449 XOR
2 1 3357 37 3450 XOR
2 1 3449 37 3451 XOR
2 1 3450 3449 3452 XOR
2 1 3450 3451 3453 AND
2 1 3449 3453 3454 XOR
2 1 3360 38 3455 XOR
2 1 3454 38 3456 XOR
2 1 3455 3454 3457 XOR
2 1 3455 3456 3458 AND
2 1 3454 3458 3459 XOR
2 1 3363 39 3460 XOR
2 1 3459 39 3461 XOR
2 1 3460 3459 3462 XOR
2 1 3460 3461 3463 AND
2 1 3459 3463 3464 XOR
2 1 3366 40 3465 XOR
2 1 3464 40 3466 XOR
2 1 3465 3464 3467 XOR
2 1 3465 3466 3468 AND
2 1 3464 3468 3469 XOR
2 1 3369 41 3470 XOR
2 1 3469 41 3471 XOR
2 1 3470 3469 3472 XOR
2 1 3470 3471 3473 AND
2 1 3469 3473 3474 XOR
2 1 3372 42 3475 XOR
2 1 3474 42 3476 XOR
2 1 3475 3474 3477 XOR
2 1 3475 3476 3478 AND
2 1 3474 3478 3479 XOR
2 1 3375 43 3480 XOR
2 1 3479 43 3481 XOR
2 1 3480 3479 3482 XOR
2 1 3480 3481 3483 AND
2 1 3479 3483 3484 XOR
2 1 3378 44 3485 XOR
2 1 3484 44 3486 XOR
2 1 3485 3484 3487 XOR
2 1 3485 3486 3488 AND
2 1 3484 3488 3489 XOR
2 1 3381 45 3490 XOR
2 1 3489 45 3491 XOR
2 1 3490 3489 3492 XOR
2 1 3490 3491 3493 AND
2 1 3489 3493 3494 XOR
2 1 3384 46 3495 XOR
2 1 3494 46 3496 XOR
2 1 3495 3494 3497 XOR
2 1 3495 3496 3498 AND
2 1 3494 3498 3499 XOR
2 1 3387 47 3500 XOR
2 1 3499 47 3501 XOR
2 1 3500 3499 3502 XOR
2 1 3500 3501 3503 AND
2 1 3499 3503 3504 XOR
2 1 3390 48 3505 XOR
2 1 3504 48 3506 XOR
2 1 3505 3504 3507 XOR
2 1 3505 3506 3508 AND
2 1 3504 3508 3509 XOR
2 1 3393 49 3510 XOR
2 1 3509 49 3511 XOR
2 1 3510 3509 3512 XOR
2 1 3510 3511 3513 AND
2 1 3509 3513 3514 XOR
2 1 3396 50 3515 XOR
2 1 3514 50 3516 XOR
2 1 3515 3514 3517 XOR
2 1 3515 3516 3518 AND
2 1 3514 3518 3519 XOR
2 1 3399 51 3520 XOR
2 1 3519 51 3521 XOR
2 1 3520 3519 3522 XOR
2 1 3520 3521 3523 AND
2 1 3519 3523 3524 XOR
2 1 3402 52 3525 XOR
2 1 3524 52 3526 XOR
2 1 3525 3524 3527 XOR
2 1 3525 3526 3528 AND
2 1 3524 3528 3529 XOR
2 1 3405 53 3530 XOR
2 1 3529 53 3531 XOR
2 1 3530 3529 3532 XOR
2 1 3530 3531 3533 AND
2 1 3529 3533 3534 XOR
2 1 3408 54 3535 XOR
2 1 3534 54 3536 XOR
2 1 3535 3534 3537 XOR
2 1 3535 3536 3538 AND
2 1 3534 3538 3539 XOR
2 1 3411 55 3540 XOR
2 1 3539 55 3541 XOR
2 1 3540 3539 3542 XOR
2 1 3540 3541 3543 AND
2 1 3539 3543 3544 XOR
2 1 3414 56 3545 XOR
2 1 3544 56 3546 XOR
2 1 3545 3544 3547 XOR
2 1 3545 3546 3548 AND
2 1 3544 3548 3549 XOR
2 1 3417 57 3550 XOR
2 1 3549 57 3551 XOR
2 1 3550 3549 3552 XOR
2 1 3550 3551 3553 AND
2 1 3549 3553 3554 XOR
2 1 3420 58 3555 XOR
2 1 3554 58 3556 XOR
2 1 3555 3554 3557 XOR
2 1 3555 3556 3558 AND
2 1 3554 3558 3559 XOR
2 1 3423 59 3560 XOR
2 1 3559 59 3561 XOR
2 1 3560 3559 3562 XOR
2 1 3560 3561 3563 AND
2 1 3559 3563 3564 XOR
2 1 3426 60 3565 XOR
2 1 3564 60 3566 XOR
2 1 3565 3564 3567 XOR
2 1 3565 3566 3568 AND
2 1 3564 3568 3569 XOR
2 1 3569 69 3570 XOR
2 1 3569 69 3571 AND
2 1 3570 3571 3572 XOR
2 1 4 3428 3573 XOR
2 1 3572 3573 3574 AND
2 1 3574 3428 3575 XOR
2 1 3345 3432 3576 XOR
2 1 3572 3576 3577 AND
2 1 3577 3432 3578 XOR
2 1 3348 3437 3579 XOR
2 1 3572 3579 3580 AND
2 1 3580 3437 3581 XOR
2 1 3351 3442 3582 XOR
2 1 3572 3582 3583 AND
2 1 3583 3442 3584 XOR
2 1 3354 3447 3585 XOR
2 1 3572 3585 3586 AND
2 1 3586 3447 3587 XOR
2 1 3357 3452 3588 XOR
2 1 3572 3588 3589 AND
2 1 3589 3452 3590 XOR
2 1 3360 3457 3591 XOR
2 1 3572 3591 3592 AND
2 1 3592 3457 3593 XOR
2 1 3363 3462 3594 XOR
2 1 3572 3594 3595 AND
2 1 3595 3462 3596 XOR
2 1 3366 3467 3597 XOR
2 1 3572 3597 3598 AND
2 1 3598 3467 3599 XOR
2 1 3369 3472 3600 XOR
2 1 3572 3600 3601 AND
2 1 3601 3472 3602 XOR
2 1 3372 3477 3603 XOR
2 1 3572 3603 3604 AND
2 1 3604 3477 3605 XOR
2 1 3375 3482 3606 XOR
2 1 3572 3606 3607 AND
2 1 3607 3482 3608 XOR
2 1 3378 3487 3609 XOR
2 1 3572 3609 3610 AND
2 1 3610 3487 3611 XOR
2 1 3381 3492 3612 XOR
2 1 3572 3612 3613 AND
2 1 3613 3492 3614 XOR
2 1 3384 3497 3615 XOR
2 1 3572 3615 3616 AND
2 1 3616 3497 3617 XOR
2 1 3387 3502 3618 XOR
2 1 3572 3618 3619 AND
2 1 3619 3502 3620 XOR
2 1 3390 3507 3621 XOR
2 1 3572 3621 3622 AND
2 1 3622 3507 3623 XOR
2 1 3393 3512 3624 XOR
2 1 3572 3624 3625 AND
2 1 3625 3512 3626 XOR
2 1 3396 3517 3627 XOR
2 1 3572 3627 3628 AND
2 1 3628 3517 3629 XOR
2 1 3399 3522 3630 XOR
2 1 3572 3630 3631 AND
2 1 3631 3522 3632 XOR
2 1 3402 3527 3633 XOR
2 1 3572 3633 3634 AND
2 1 3634 3527 3635 XOR
2 1 3405 3532 3636 XOR
2 1 3572 3636 3637 AND
2 1 3637 3532 3638 XOR
2 1 3408 3537 3639 XOR
2 1 3572 3639 3640 AND
2 1 3640 3537 3641 XOR
2 1 3411 3542 3642 XOR
2 1 3572 3642 3643 AND
2 1 3643 3542 3644 XOR
2 1 3414 3547 3645 XOR
2 1 3572 3645 3646 AND
2 1 3646 3547 3647 XOR
2 1 3417 3552 3648 XOR
2 1 3572 3648 3649 AND
2 1 3649 3552 3650 XOR
2 1 3420 3557 3651 XOR
2 1 3572 3651 3652 AND
2 1 3652 3557 3653 XOR
2 1 3423 3562 3654 XOR
2 1 3572 3654 3655 AND
2 1 3655 3562 3656 XOR
2 1 3426 3567 3657 XOR
2 1 3572 3657 3658 AND
2 1 3658 3567 3659 XOR
1 1 3572 3660 INV
2 1 3 32 3661 XOR
2 1 3661 32 3662 AND
2 1 3575 33 3663 XOR
2 1 3662 33 3664 XOR
2 1 3663 3662 3665 XOR
2 1 3663 3664 3666 AND
2 1 3662 3666 3667 XOR
2 1 3578 34 3668 XOR
2 1 3667 34 3669 XOR
2 1 3668 3667 3670 XOR
2 1 3668 3669 3671 AND
2 1 3667 3671 3672 XOR
2 1 3581 35 3673 XOR
2 1 3672 35 3674 XOR
2 1 3673 3672 3675 XOR
2 1 3673 3674 3676 AND
2 1 3672 3676 3677 XOR
2 1 3584 36 3678 XOR
2 1 3677 36 3679 XOR
2 1 3678 3677 3680 XOR
2 1 3678 3679 3681 AND
2 1 3677 3681 3682 XOR
2 1 3587 37 3683 XOR
2 1 3682 37 3684 XOR
2 1 3683 3682 3685 XOR
2 1 3683 3684 3686 AND
2 1 3682 3686 3687 XOR
2 1 3590 38 3688 XOR
2 1 3687 38 3689 XOR
2 1 3688 3687 3690 XOR
2 1 3688 3689 3691 AND
2 1 3687 3691 3692 XOR
2 1 3593 39 3693 XOR
2 1 3692 39 3694 XOR
2 1 3693 3692 3695 XOR
2 1 3693 3694 3696 AND
2 1 3692 3696 3697 XOR
2 1 3596 40 3698 XOR
2 1 3697 40 3699 XOR
2 1 3698 3697 3700 XOR
2 1 3698 3699 3701 AND
2 1 3697 3701 3702 XOR
2 1 3599 41 3703 XOR
2 1 3702 41 3704 XOR
2 1 3703 3702 3705 XOR
2 1 3703 3704 3706 AND
2 1 3702 3706 3707 XOR
2 1 3602 42 3708 XOR
2 1 3707 42 3709 XOR
2 1 3708 3707 3710 XOR
2 1 3708 3709 3711 AND
2 1 3707 3711 3712 XOR
2 1 3605 43 3713 XOR
2 1 3712 43 3714 XOR
2 1 3713 3712 3715 XOR
2 1 3713 3714 3716 AND
2 1 3712 3716 3717 XOR
2 1 3608 44 3718 XOR
2 1 3717 44 3719 XOR
2 1 3718 3717 3720 XOR
2 1 3718 3719 3721 AND
2 1 3717 3721 3722 XOR
2 1 3611 45 3723 XOR
2 1 3722 45 3724 XOR
2 1 3723 3722 3725 XOR
2 1 3723 3724 3726 AND
2 1 3722 3726 3727 XOR
2 1 3614 46 3728 XOR
2 1 3727 46 3729 XOR
2 1 3728 3727 3730 XOR
2 1 3728 3729 3731 AND
2 1 3727 3731 3732 XOR
2 1 3617 47 3733 XOR
2 1 3732 47 3734 XOR
2 1 3733 3732 3735 XOR
2 1 3733 3734 3736 AND
2 1 3732 3736 3737 XOR
2 1 3620 48 3738 XOR
2 1 3737 48 3739 XOR
2 1 3738 3737 3740 XOR
2 1 3738 3739 3741 AND
2 1 3737 3741 3742 XOR
2 1 3623 49 3743 XOR
2 1 3742 49 3744 XOR
2 1 3743 3742 3745 XOR
2 1 3743 3744 3746 AND
2 1 3742 3746 3747 XOR
2 1 3626 50 3748 XOR
2 1 3747 50 3749 XOR
2 1 3748 3747 3750 XOR
2 1 3748 3749 3751 AND
2 1 3747 3751 3752 XOR
2 1 3629 51 3753 XOR
2 1 3752 51 3754 XOR
2 1 3753 3752 3755 XOR
2 1 3753 3754 3756 AND
2 1 3752 3756 3757 XOR
2 1 3632 52 3758 XOR
2 1 3757 52 3759 XOR
2 1 3758 3757 3760 XOR
2 1 3758 3759 3761 AND
2 1 3757 3761 3762 XOR
2 1 3635 53 3763 XOR
2 1 3762 53 3764 XOR
2 1 3763 3762 3765 XOR
2 1 3763 3764 3766 AND
2 1 3762 3766 3767 XOR
2 1 3638 54 3768 XOR
2 1 3767 54 3769 XOR
2 1 3768 3767 3770 XOR
2 1 3768 3769 3771 AND
2 1 3767 3771 3772 XOR
2 1 3641 55 3773 XOR
2 1 3772 55 3774 XOR
2 1 3773 3772 3775 XOR
2 1 3773 3774 3776 AND
2 1 3772 3776 3777 XOR
2 1 3644 56 3778 XOR
2 1 3777 56 3779 XOR
2 1 3778 3777 3780 XOR
2 1 3778 3779 3781 AND
2 1 3777 3781 3782 XOR
2 1 3647 57 3783 XOR
2 1 3782 57 3784 XOR
2 1 3783 3782 3785 XOR
2 1 3783 3784 3786 AND
2 1 3782 3786 3787 XOR
2 1 3650 58 3788 XOR
2 1 3787 58 3789 XOR
2 1 3788 3787 3790 XOR
2 1 3788 3789 3791 AND
2 1 3787 3791 3792 XOR
2 1 3653 59 3793 XOR
2 1 3792 59 3794 XOR
2 1 3793 3792 3795 XOR
2 1 3793 3794 3796 AND
2 1 3792 3796 3797 XOR
2 1 3656 60 3798 XOR
2 1 3797 60 3799 XOR
2 1 3798 3797 3800 XOR
2 1 3798 3799 3801 AND
2 1 3797 3801 3802 XOR
2 1 3659 61 3803 XOR
2 1 3802 61 3804 XOR
2 1 3803 3802 3805 XOR
2 1 3803 3804 3806 AND
2 1 3802 3806 3807 XOR
2 1 3807 66 3808 XOR
2 1 3807 66 3809 AND
2 1 3808 3809 3810 XOR
2 1 3 3661 3811 XOR
2 1 3810 3811 3812 AND
2 1 3812 3661 3813 XOR
2 1 3575 3665 3814 XOR
2 1 3810 3814 3815 AND
2 1 3815 3665 3816 XOR
2 1 3578 3670 3817 XOR
2 1 3810 3817 3818 AND
2 1 3818 3670 3819 XOR
2 1 3581 3675 3820 XOR
2 1 3810 3820 3821 AND
2 1 3821 3675 3822 XOR
2 1 3584 3680 3823 XOR
2 1 3810 3823 3824 AND
2 1 3824 3680 3825 XOR
2 1 3587 3685 3826 XOR
2 1 3810 3826 3827 AND
2 1 3827 3685 3828 XOR
2 1 3590 3690 3829 XOR
2 1 3810 3829 3830 AND
2 1 3830 3690 3831 XOR
2 1 3593 3695 3832 XOR
2 1 3810 3832 3833 AND
2 1 3833 3695 3834 XOR
2 1 3596 3700 3835 XOR
2 1 3810 3835 3836 AND
2 1 3836 3700 3837 XOR
2 1 3599 3705 3838 XOR
2 1 3810 3838 3839 AND
2 1 3839 3705 3840 XOR
2 1 3602 3710 3841 XOR
2 1 3810 3841 3842 AND
2 1 3842 3710 3843 XOR
2 1 3605 3715 3844 XOR
2 1 3810 3844 3845 AND
2 1 3845 3715 3846 XOR
2 1 3608 3720 3847 XOR
2 1 3810 3847 3848 AND
2 1 3848 3720 3849 XOR
2 1 3611 3725 3850 XOR
2 1 3810 3850 3851 AND
2 1 3851 3725 3852 XOR
2 1 3614 3730 3853 XOR
2 1 3810 3853 3854 AND
2 1 3854 3730 3855 XOR
2 1 3617 3735 3856 XOR
2 1 3810 3856 3857 AND
2 1 3857 3735 3858 XOR
2 1 3620 3740 3859 XOR
2 1 3810 3859 3860 AND
2 1 3860 3740 3861 XOR
2 1 3623 3745 3862 XOR
2 1 3810 3862 3863 AND
2 1 3863 3745 3864 XOR
2 1 3626 3750 3865 XOR
2 1 3810 3865 3866 AND
2 1 3866 3750 3867 XOR
2 1 3629 3755 3868 XOR
2 1 3810 3868 3869 AND
2 1 3869 3755 3870 XOR
2 1 3632 3760 3871 XOR
2 1 3810 3871 3872 AND
2 1 3872 3760 3873 XOR
2 1 3635 3765 3874 XOR
2 1 3810 3874 3875 AND
2 1 3875 3765 3876 XOR
2 1 3638 3770 3877 XOR
2 1 3810 3877 3878 AND
2 1 3878 3770 3879 XOR
2 1 3641 3775 3880 XOR
2 1 3810 3880 3881 AND
2 1 3881 3775 3882 XOR
2 1 3644 3780 3883 XOR
2 1 3810 3883 3884 AND
2 1 3884 3780 3885 XOR
2 1 3647 3785 3886 XOR
2 1 3810 3886 3887 AND
2 1 3887 3785 3888 XOR
2 1 3650 3790 3889 XOR
2 1 3810 3889 3890 AND
2 1 3890 3790 3891 XOR
2 1 3653 3795 3892 XOR
2 1 3810 3892 3893 AND
2 1 3893 3795 3894 XOR
2 1 3656 3800 3895 XOR
2 1 3810 3895 3896 AND
2 1 3896 3800 3897 XOR
2 1 3659 3805 3898 XOR
2 1 3810 3898 3899 AND
2 1 3899 3805 3900 XOR
1 1 3810 3901 INV
2 1 2 32 3902 XOR
2 1 3902 32 3903 AND
2 1 3813 33 3904 XOR
2 1 3903 33 3905 XOR
2 1 3904 3903 3906 XOR
2 1 3904 3905 3907 AND
2 1 3903 3907 3908 XOR
2 1 3816 34 3909 XOR
2 1 3908 34 3910 XOR
2 1 3909 3908 3911 XOR
2 1 3909 3910 3912 AND
2 1 3908 3912 3913 XOR
2 1 3819 35 3914 XOR
2 1 3913 35 3915 XOR
2 1 3914 3913 3916 XOR
2 1 3914 3915 3917 AND
2 1 3913 3917 3918 XOR
2 1 3822 36 3919 XOR
2 1 3918 36 3920 XOR
2 1 3919 3918 3921 XOR
2 1 3919 3920 3922 AND
2 1 3918 3922 3923 XOR
2 1 3825 37 3924 XOR
2 1 3923 37 3925 XOR
2 1 3924 3923 3926 XOR
2 1 3924 3925 3927 AND
2 1 3923 3927 3928 XOR
2 1 3828 38 3929 XOR
2 1 3928 38 3930 XOR
2 1 3929 3928 3931 XOR
2 1 3929 3930 3932 AND
2 1 3928 3932 3933 XOR
2 1 3831 39 3934 XOR
2 1 3933 39 3935 XOR
2 1 3934 3933 3936 XOR
2 1 3934 3935 3937 AND
2 1 3933 3937 3938 XOR
2 1 3834 40 3939 XOR
2 1 3938 40 3940 XOR
2 1 3939 3938 3941 XOR
2 1 3939 3940 3942 AND
2 1 3938 3942 3943 XOR
2 1 3837 41 3944 XOR
2 1 3943 41 3945 XOR
2 1 3944 3943 3946 XOR
2 1 3944 3945 3947 AND
2 1 3943 3947 3948 XOR
2 1 3840 42 3949 XOR
2 1 3948 42 3950 XOR
2 1 3949 3948 3951 XOR
2 1 3949 3950 3952 AND
2 1 3948 3952 3953 XOR
2 1 3843 43 3954 XOR
2 1 3953 43 3955 XOR
2 1 3954 3953 3956 XOR
2 1 3954 3955 3957 AND
2 1 3953 3957 3958 XOR
2 1 3846 44 3959 XOR
2 1 3958 44 3960 XOR
2 1 3959 3958 3961 XOR
2 1 3959 3960 3962 AND
2 1 3958 3962 3963 XOR
2 1 3849 45 3964 XOR
2 1 3963 45 3965 XOR
2 1 3964 3963 3966 XOR
2 1 3964 3965 3967 AND
2 1 3963 3967 3968 XOR
2 1 3852 46 3969 XOR
2 1 3968 46 3970 XOR
2 1 3969 3968 3971 XOR
2 1 3969 3970 3972 AND
2 1 3968 3972 3973 XOR
2 1 3855 47 3974 XOR
2 1 3973 47 3975 XOR
2 1 3974 3973 3976 XOR
2 1 3974 3975 3977 AND
2 1 3973 3977 3978 XOR
2 1 3858 48 3979 XOR
2 1 3978 48 3980 XOR
2 1 3979 3978 3981 XOR
2 1 3979 3980 3982 AND
2 1 3978 3982 3983 XOR
2 1 3861 49 3984 XOR
2 1 3983 49 3985 XOR
2 1 3984 3983 3986 XOR
2 1 3984 3985 3987 AND
2 1 3983 3987 3988 XOR
2 1 3864 50 3989 XOR
2 1 3988 50 3990 XOR
2 1 3989 3988 3991 XOR
2 1 3989 3990 3992 AND
2 1 3988 3992 3993 XOR
2 1 3867 51 3994 XOR
2 1 3993 51 3995 XOR
2 1 3994 3993 3996 XOR
2 1 3994 3995 3997 AND
2 1 3993 3997 3998 XOR
2 1 3870 52 3999 XOR
2 1 3998 52 4000 XOR
2 1 3999 3998 4001 XOR
2 1 3999 4000 4002 AND
2 1 3998 4002 4003 XOR
2 1 3873 53 4004 XOR
2 1 4003 53 4005 XOR
2 1 4004 4003 4006 XOR
2 1 4004 4005 4007 AND
2 1 4003 4007 4008 XOR
2 1 3876 54 4009 XOR
2 1 4008 54 4010 XOR
2 1 4009 4008 4011 XOR
2 1 4009 4010 4012 AND
2 1 4008 4012 4013 XOR
2 1 3879 55 4014 XOR
2 1 4013 55 4015 XOR
2 1 4014 4013 4016 XOR
2 1 4014 4015 4017 AND
2 1 4013 4017 4018 XOR
2 1 3882 56 4019 XOR
2 1 4018 56 4020 XOR
2 1 4019 4018 4021 XOR
2 1 4019 4020 4022 AND
2 1 4018 4022 4023 XOR
2 1 3885 57 4024 XOR
2 1 4023 57 4025 XOR
2 1 4024 4023 4026 XOR
2 1 4024 4025 4027 AND
2 1 4023 4027 4028 XOR
2 1 3888 58 4029 XOR
2 1 4028 58 4030 XOR
2 1 4029 4028 4031 XOR
2 1 4029 4030 4032 AND
2 1 4028 4032 4033 XOR
2 1 3891 59 4034 XOR
2 1 4033 59 4035 XOR
2 1 4034 4033 4036 XOR
2 1 4034 4035 4037 AND
2 1 4033 4037 4038 XOR
2 1 3894 60 4039 XOR
2 1 4038 60 4040 XOR
2 1 4039 4038 4041 XOR
2 1 4039 4040 4042 AND
2 1 4038 4042 4043 XOR
2 1 3897 61 4044 XOR
2 1 4043 61 4045 XOR
2 1 4044 4043 4046 XOR
2 1 4044 4045 4047 AND
2 1 4043 4047 4048 XOR
2 1 3900 62 4049 XOR
2 1 4048 62 4050 XOR
2 1 4049 4048 4051 XOR
2 1 4049 4050 4052 AND
2 1 4048 4052 4053 XOR
2 1 4053 63 4054 XOR
2 1 4053 63 4055 AND
2 1 4054 4055 4056 XOR
2 1 2 3902 4057 XOR
2 1 4056 4057 4058 AND
2 1 4058 3902 4059 XOR
2 1 3813 3906 4060 XOR
2 1 4056 4060 4061 AND
2 1 4061 3906 4062 XOR
2 1 3816 3911 4063 XOR
2 1 4056 4063 4064 AND
2 1 4064 3911 4065 XOR
2 1 3819 3916 4066 XOR
2 1 4056 4066 4067 AND
2 1 4067 3916 4068 XOR
2 1 3822 3921 4069 XOR
2 1 4056 4069 4070 AND
2 1 4070 3921 4071 XOR
2 1 3825 3926 4072 XOR
2 1 4056 4072 4073 AND
2 1 4073 3926 4074 XOR
2 1 3828 3931 4075 XOR
2 1 4056 4075 4076 AND
2 1 4076 3931 4077 XOR
2 1 3831 3936 4078 XOR
2 1 4056 4078 4079 AND
2 1 4079 3936 4080 XOR
2 1 3834 3941 4081 XOR
2 1 4056 4081 4082 AND
2 1 4082 3941 4083 XOR
2 1 3837 3946 4084 XOR
2 1 4056 4084 4085 AND
2 1 4085 3946 4086 XOR
2 1 3840 3951 4087 XOR
2 1 4056 4087 4088 AND
2 1 4088 3951 4089 XOR
2 1 3843 3956 4090 XOR
2 1 4056 4090 4091 AND
2 1 4091 3956 4092 XOR
2 1 3846 3961 4093 XOR
2 1 4056 4093 4094 AND
2 1 4094 3961 4095 XOR
2 1 3849 3966 4096 XOR
2 1 4056 4096 4097 AND
2 1 4097 3966 4098 XOR
2 1 3852 3971 4099 XOR
2 1 4056 4099 4100 AND
2 1 4100 3971 4101 XOR
2 1 3855 3976 4102 XOR
2 1 4056 4102 4103 AND
2 1 4103 3976 4104 XOR
2 1 3858 3981 4105 XOR
2 1 4056 4105 4106 AND
2 1 4106 3981 4107 XOR
2 1 3861 3986 4108 XOR
2 1 4056 4108 4109 AND
2 1 4109 3986 4110 XOR
2 1 3864 3991 4111 XOR
2 1 4056 4111 4112 AND
2 1 4112 3991 4113 XOR
2 1 3867 3996 4114 XOR
2 1 4056 4114 4115 AND
2 1 4115 3996 4116 XOR
2 1 3870 4001 4117 XOR
2 1 4056 4117 4118 AND
2 1 4118 4001 4119 XOR
2 1 3873 4006 4120 XOR
2 1 4056 4120 4121 AND
2 1 4121 4006 4122 XOR
2 1 3876 4011 4123 XOR
2 1 4056 4123 4124 AND
2 1 4124 4011 4125 XOR
2 1 3879 4016 4126 XOR
2 1 4056 4126 4127 AND
2 1 4127 4016 4128 XOR
2 1 3882 4021 4129 XOR
2 1 4056 4129 4130 AND
2 1 4130 4021 4131 XOR
2 1 3885 4026 4132 XOR
2 1 4056 4132 4133 AND
2 1 4133 4026 4134 XOR
2 1 3888 4031 4135 XOR
2 1 4056 4135 4136 AND
2 1 4136 4031 4137 XOR
2 1 3891 4036 4138 XOR
2 1 4056 4138 4139 AND
2 1 4139 4036 4140 XOR
2 1 3894 4041 4141 XOR
2 1 4056 4141 4142 AND
2 1 4142 4041 4143 XOR
2 1 3897 4046 4144 XOR
2 1 4056 4144 4145 AND
2 1 4145 4046 4146 XOR
2 1 3900 4051 4147 XOR
2 1 4056 4147 4148 AND
2 1 4148 4051 4149 XOR
1 1 4056 4150 INV
2 1 1 32 4151 XOR
2 1 4151 32 4152 AND
2 1 4059 33 4153 XOR
2 1 4152 33 4154 XOR
2 1 4153 4152 4155 XOR
2 1 4153 4154 4156 AND
2 1 4152 4156 4157 XOR
2 1 4062 34 4158 XOR
2 1 4157 34 4159 XOR
2 1 4158 4157 4160 XOR
2 1 4158 4159 4161 AND
2 1 4157 4161 4162 XOR
2 1 4065 35 4163 XOR
2 1 4162 35 4164 XOR
2 1 4163 4162 4165 XOR
2 1 4163 4164 4166 AND
2 1 4162 4166 4167 XOR
2 1 4068 36 4168 XOR
2 1 4167 36 4169 XOR
2 1 4168 4167 4170 XOR
2 1 4168 4169 4171 AND
2 1 4167 4171 4172 XOR
2 1 4071 37 4173 XOR
2 1 4172 37 4174 XOR
2 1 4173 4172 4175 XOR
2 1 4173 4174 4176 AND
2 1 4172 4176 4177 XOR
2 1 4074 38 4178 XOR
2 1 4177 38 4179 XOR
2 1 4178 4177 4180 XOR
2 1 4178 4179 4181 AND
2 1 4177 4181 4182 XOR
2 1 4077 39 4183 XOR
2 1 4182 39 4184 XOR
2 1 4183 4182 4185 XOR
2 1 4183 4184 4186 AND
2 1 4182 4186 4187 XOR
2 1 4080 40 4188 XOR
2 1 4187 40 4189 XOR
2 1 4188 4187 4190 XOR
2 1 4188 4189 4191 AND
2 1 4187 4191 4192 XOR
2 1 4083 41 4193 XOR
2 1 4192 41 4194 XOR
2 1 4193 4192 4195 XOR
2 1 4193 4194 4196 AND
2 1 4192 4196 4197 XOR
2 1 4086 42 4198 XOR
2 1 4197 42 4199 XOR
2 1 4198 4197 4200 XOR
2 1 4198 4199 4201 AND
2 1 4197 4201 4202 XOR
2 1 4089 43 4203 XOR
2 1 4202 43 4204 XOR
2 1 4203 4202 4205 XOR
2 1 4203 4204 4206 AND
2 1 4202 4206 4207 XOR
2 1 4092 44 4208 XOR
2 1 4207 44 4209 XOR
2 1 4208 4207 4210 XOR
2 1 4208 4209 4211 AND
2 1 4207 4211 4212 XOR
2 1 4095 45 4213 XOR
2 1 4212 45 4214 XOR
2 1 4213 4212 4215 XOR
2 1 4213 4214 4216 AND
2 1 4212 4216 4217 XOR
2 1 4098 46 4218 XOR
2 1 4217 46 4219 XOR
2 1 4218 4217 4220 XOR
2 1 4218 4219 4221 AND
2 1 4217 4221 4222 XOR
2 1 4101 47 4223 XOR
2 1 4222 47 4224 XOR
2 1 4223 4222 4225 XOR
2 1 4223 4224 4226 AND
2 1 4222 4226 4227 XOR
2 1 4104 48 4228 XOR
2 1 4227 48 4229 XOR
2 1 4228 4227 4230 XOR
2 1 4228 4229 4231 AND
2 1 4227 4231 4232 XOR
2 1 4107 49 4233 XOR
2 1 4232 49 4234 XOR
2 1 4233 4232 4235 XOR
2 1 4233 4234 4236 AND
2 1 4232 4236 4237 XOR
2 1 4110 50 4238 XOR
2 1 4237 50 4239 XOR
2 1 4238 4237 4240 XOR
2 1 4238 4239 4241 AND
2 1 4237 4241 4242 XOR
2 1 4113 51 4243 XOR
2 1 4242 51 4244 XOR
2 1 4243 4242 4245 XOR
2 1 4243 4244 4246 AND
2 1 4242 4246 4247 XOR
2 1 4116 52 4248 XOR
2 1 4247 52 4249 XOR
2 1 4248 4247 4250 XOR
2 1 4248 4249 4251 AND
2 1 4247 4251 4252 XOR
2 1 4119 53 4253 XOR
2 1 4252 53 4254 XOR
2 1 4253 4252 4255 XOR
2 1 4253 4254 4256 AND
2 1 4252 4256 4257 XOR
2 1 4122 54 4258 XOR
2 1 4257 54 4259 XOR
2 1 4258 4257 4260 XOR
2 1 4258 4259 4261 AND
2 1 4257 4261 4262 XOR
2 1 4125 55 4263 XOR
2 1 4262 55 4264 XOR
2 1 4263 4262 4265 XOR
2 1 4263 4264 4266 AND
2 1 4262 4266 4267 XOR
2 1 4128 56 4268 XOR
2 1 4267 56 4269 XOR
2 1 4268 4267 4270 XOR
2 1 4268 4269 4271 AND
2 1 4267 4271 4272 XOR
2 1 4131 57 4273 XOR
2 1 4272 57 4274 XOR
2 1 4273 4272 4275 XOR
2 1 4273 4274 4276 AND
2 1 4272 4276 4277 XOR
2 1 4134 58 4278 XOR
2 1 4277 58 4279 XOR
2 1 4278 4277 4280 XOR
2 1 4278 4279 4281 AND
2 1 4277 4281 4282 XOR
2 1 4137 59 4283 XOR
2 1 4282 59 4284 XOR
2 1 4283 4282 4285 XOR
2 1 4283 4284 4286 AND
2 1 4282 4286 4287 XOR
2 1 4140 60 4288 XOR
2 1 4287 60 4289 XOR
2 1 4288 4287 4290 XOR
2 1 4288 4289 4291 AND
2 1 4287 4291 4292 XOR
2 1 4143 61 4293 XOR
2 1 4292 61 4294 XOR
2 1 4293 4292 4295 XOR
2 1 4293 4294 4296 AND
2 1 4292 4296 4297 XOR
2 1 4146 62 4298 XOR
2 1 4297 62 4299 XOR
2 1 4298 4297 4300 XOR
2 1 4298 4299 4301 AND
2 1 4297 4301 4302 XOR
2 1 4149 63 4303 XOR
2 1 4302 63 4304 XOR
2 1 4303 4302 4305 XOR
2 1 4303 4304 4306 AND
2 1 4302 4306 4307 XOR
2 1 1 4151 4308 XOR
2 1 4307 4308 4309 AND
2 1 4309 4151 4310 XOR
2 1 4059 4155 4311 XOR
2 1 4307 4311 4312 AND
2 1 4312 4155 4313 XOR
2 1 4062 4160 4314 XOR
2 1 4307 4314 4315 AND
2 1 4315 4160 4316 XOR
2 1 4065 4165 4317 XOR
2 1 4307 4317 4318 AND
2 1 4318 4165 4319 XOR
2 1 4068 4170 4320 XOR
2 1 4307 4320 4321 AND
2 1 4321 4170 4322 XOR
2 1 4071 4175 4323 XOR
2 1 4307 4323 4324 AND
2 1 4324 4175 4325 XOR
2 1 4074 4180 4326 XOR
2 1 4307 4326 4327 AND
2 1 4327 4180 4328 XOR
2 1 4077 4185 4329 XOR
2 1 4307 4329 4330 AND
2 1 4330 4185 4331 XOR
2 1 4080 4190 4332 XOR
2 1 4307 4332 4333 AND
2 1 4333 4190 4334 XOR
2 1 4083 4195 4335 XOR
2 1 4307 4335 4336 AND
2 1 4336 4195 4337 XOR
2 1 4086 4200 4338 XOR
2 1 4307 4338 4339 AND
2 1 4339 4200 4340 XOR
2 1 4089 4205 4341 XOR
2 1 4307 4341 4342 AND
2 1 4342 4205 4343 XOR
2 1 4092 4210 4344 XOR
2 1 4307 4344 4345 AND
2 1 4345 4210 4346 XOR
2 1 4095 4215 4347 XOR
2 1 4307 4347 4348 AND
2 1 4348 4215 4349 XOR
2 1 4098 4220 4350 XOR
2 1 4307 4350 4351 AND
2 1 4351 4220 4352 XOR
2 1 4101 4225 4353 XOR
2 1 4307 4353 4354 AND
2 1 4354 4225 4355 XOR
2 1 4104 4230 4356 XOR
2 1 4307 4356 4357 AND
2 1 4357 4230 4358 XOR
2 1 4107 4235 4359 XOR
2 1 4307 4359 4360 AND
2 1 4360 4235 4361 XOR
2 1 4110 4240 4362 XOR
2 1 4307 4362 4363 AND
2 1 4363 4240 4364 XOR
2 1 4113 4245 4365 XOR
2 1 4307 4365 4366 AND
2 1 4366 4245 4367 XOR
2 1 4116 4250 4368 XOR
2 1 4307 4368 4369 AND
2 1 4369 4250 4370 XOR
2 1 4119 4255 4371 XOR
2 1 4307 4371 4372 AND
2 1 4372 4255 4373 XOR
2 1 4122 4260 4374 XOR
2 1 4307 4374 4375 AND
2 1 4375 4260 4376 XOR
2 1 4125 4265 4377 XOR
2 1 4307 4377 4378 AND
2 1 4378 4265 4379 XOR
2 1 4128 4270 4380 XOR
2 1 4307 4380 4381 AND
2 1 4381 4270 4382 XOR
2 1 4131 4275 4383 XOR
2 1 4307 4383 4384 AND
2 1 4384 4275 4385 XOR
2 1 4134 4280 4386 XOR
2 1 4307 4386 4387 AND
2 1 4387 4280 4388 XOR
2 1 4137 4285 4389 XOR
2 1 4307 4389 4390 AND
2 1 4390 4285 4391 XOR
2 1 4140 4290 4392 XOR
2 1 4307 4392 4393 AND
2 1 4393 4290 4394 XOR
2 1 4143 4295 4395 XOR
2 1 4307 4395 4396 AND
2 1 4396 4295 4397 XOR
2 1 4146 4300 4398 XOR
2 1 4307 4398 4399 AND
2 1 4399 4300 4400 XOR
2 1 4149 4305 4401 XOR
2 1 4307 4401 4402 AND
2 1 4402 4305 4403 XOR
1 1 4307 4404 INV
2 1 0 32 4405 XOR
2 1 4405 32 4406 AND
2 1 4310 33 4407 XOR
2 1 4406 33 4408 XOR
2 1 4407 4406 4409 XOR
2 1 4407 4408 4410 AND
2 1 4406 4410 4411 XOR
2 1 4313 34 4412 XOR
2 1 4411 34 4413 XOR
2 1 4412 4411 4414 XOR
2 1 4412 4413 4415 AND
2 1 4411 4415 4416 XOR
2 1 4316 35 4417 XOR
2 1 4416 35 4418 XOR
2 1 4417 4416 4419 XOR
2 1 4417 4418 4420 AND
2 1 4416 4420 4421 XOR
2 1 4319 36 4422 XOR
2 1 4421 36 4423 XOR
2 1 4422 4421 4424 XOR
2 1 4422 4423 4425 AND
2 1 4421 4425 4426 XOR
2 1 4322 37 4427 XOR
2 1 4426 37 4428 XOR
2 1 4427 4426 4429 XOR
2 1 4427 4428 4430 AND
2 1 4426 4430 4431 XOR
2 1 4325 38 4432 XOR
2 1 4431 38 4433 XOR
2 1 4432 4431 4434 XOR
2 1 4432 4433 4435 AND
2 1 4431 4435 4436 XOR
2 1 4328 39 4437 XOR
2 1 4436 39 4438 XOR
2 1 4437 4436 4439 XOR
2 1 4437 4438 4440 AND
2 1 4436 4440 4441 XOR
2 1 4331 40 4442 XOR
2 1 4441 40 4443 XOR
2 1 4442 4441 4444 XOR
2 1 4442 4443 4445 AND
2 1 4441 4445 4446 XOR
2 1 4334 41 4447 XOR
2 1 4446 41 4448 XOR
2 1 4447 4446 4449 XOR
2 1 4447 4448 4450 AND
2 1 4446 4450 4451 XOR
2 1 4337 42 4452 XOR
2 1 4451 42 4453 XOR
2 1 4452 4451 4454 XOR
2 1 4452 4453 4455 AND
2 1 4451 4455 4456 XOR
2 1 4340 43 4457 XOR
2 1 4456 43 4458 XOR
2 1 4457 4456 4459 XOR
2 1 4457 4458 4460 AND
2 1 4456 4460 4461 XOR
2 1 4343 44 4462 XOR
2 1 4461 44 4463 XOR
2 1 4462 4461 4464 XOR
2 1 4462 4463 4465 AND
2 1 4461 4465 4466 XOR
2 1 4346 45 4467 XOR
2 1 4466 45 4468 XOR
2 1 4467 4466 4469 XOR
2 1 4467 4468 4470 AND
2 1 4466 4470 4471 XOR
2 1 4349 46 4472 XOR
2 1 4471 46 4473 XOR
2 1 4472 4471 4474 XOR
2 1 4472 4473 4475 AND
2 1 4471 4475 4476 XOR
2 1 4352 47 4477 XOR
2 1 4476 47 4478 XOR
2 1 4477 4476 4479 XOR
2 1 4477 4478 4480 AND
2 1 4476 4480 4481 XOR
2 1 4355 48 4482 XOR
2 1 4481 48 4483 XOR
2 1 4482 4481 4484 XOR
2 1 4482 4483 4485 AND
2 1 4481 4485 4486 XOR
2 1 4358 49 4487 XOR
2 1 4486 49 4488 XOR
2 1 4487 4486 4489 XOR
2 1 4487 4488 4490 AND
2 1 4486 4490 4491 XOR
2 1 4361 50 4492 XOR
2 1 4491 50 4493 XOR
2 1 4492 4491 4494 XOR
2 1 4492 4493 4495 AND
2 1 4491 4495 4496 XOR
2 1 4364 51 4497 XOR
2 1 4496 51 4498 XOR
2 1 4497 4496 4499 XOR
2 1 4497 4498 4500 AND
2 1 4496 4500 4501 XOR
2 1 4367 52 4502 XOR
2 1 4501 52 4503 XOR
2 1 4502 4501 4504 XOR
2 1 4502 4503 4505 AND
2 1 4501 4505 4506 XOR
2 1 4370 53 4507 XOR
2 1 4506 53 4508 XOR
2 1 4507 4506 4509 XOR
2 1 4507 4508 4510 AND
2 1 4506 4510 4511 XOR
2 1 4373 54 4512 XOR
2 1 4511 54 4513 XOR
2 1 4512 4511 4514 XOR
2 1 4512 4513 4515 AND
2 1 4511 4515 4516 XOR
2 1 4376 55 4517 XOR
2 1 4516 55 4518 XOR
2 1 4517 4516 4519 XOR
2 1 4517 4518 4520 AND
2 1 4516 4520 4521 XOR
2 1 4379 56 4522 XOR
2 1 4521 56 4523 XOR
2 1 4522 4521 4524 XOR
2 1 4522 4523 4525 AND
2 1 4521 4525 4526 XOR
2 1 4382 57 4527 XOR
2 1 4526 57 4528 XOR
2 1 4527 4526 4529 XOR
2 1 4527 4528 4530 AND
2 1 4526 4530 4531 XOR
2 1 4385 58 4532 XOR
2 1 4531 58 4533 XOR
2 1 4532 4531 4534 XOR
2 1 4532 4533 4535 AND
2 1 4531 4535 4536 XOR
2 1 4388 59 4537 XOR
2 1 4536 59 4538 XOR
2 1 4537 4536 4539 XOR
2 1 4537 4538 4540 AND
2 1 4536 4540 4541 XOR
2 1 4391 60 4542 XOR
2 1 4541 60 4543 XOR
2 1 4542 4541 4544 XOR
2 1 4542 4543 4545 AND
2 1 4541 4545 4546 XOR
2 1 4394 61 4547 XOR
2 1 4546 61 4548 XOR
2 1 4547 4546 4549 XOR
2 1 4547 4548 4550 AND
2 1 4546 4550 4551 XOR
2 1 4397 62 4552 XOR
2 1 4551 62 4553 XOR
2 1 4552 4551 4554 XOR
2 1 4552 4553 4555 AND
2 1 4551 4555 4556 XOR
2 1 4400 63 4557 XOR
2 1 4556 63 4558 XOR
2 1 4557 4556 4559 XOR
2 1 4557 4558 4560 AND
2 1 4556 4560 4561 XOR
2 1 4403 4561 4562 XOR
2 1 4403 4561 4563 AND
2 1 4561 4563 4564 XOR
2 1 0 4405 4565 XOR
2 1 4564 4565 4566 AND
2 1 4566 4405 4567 XOR
2 1 4310 4409 4568 XOR
2 1 4564 4568 4569 AND
2 1 4569 4409 4570 XOR
2 1 4313 4414 4571 XOR
2 1 4564 4571 4572 AND
2 1 4572 4414 4573 XOR
2 1 4316 4419 4574 XOR
2 1 4564 4574 4575 AND
2 1 4575 4419 4576 XOR
2 1 4319 4424 4577 XOR
2 1 4564 4577 4578 AND
2 1 4578 4424 4579 XOR
2 1 4322 4429 4580 XOR
2 1 4564 4580 4581 AND
2 1 4581 4429 4582 XOR
2 1 4325 4434 4583 XOR
2 1 4564 4583 4584 AND
2 1 4584 4434 4585 XOR
2 1 4328 4439 4586 XOR
2 1 4564 4586 4587 AND
2 1 4587 4439 4588 XOR
2 1 4331 4444 4589 XOR
2 1 4564 4589 4590 AND
2 1 4590 4444 4591 XOR
2 1 4334 4449 4592 XOR
2 1 4564 4592 4593 AND
2 1 4593 4449 4594 XOR
2 1 4337 4454 4595 XOR
2 1 4564 4595 4596 AND
2 1 4596 4454 4597 XOR
2 1 4340 4459 4598 XOR
2 1 4564 4598 4599 AND
2 1 4599 4459 4600 XOR
2 1 4343 4464 4601 XOR
2 1 4564 4601 4602 AND
2 1 4602 4464 4603 XOR
2 1 4346 4469 4604 XOR
2 1 4564 4604 4605 AND
2 1 4605 4469 4606 XOR
2 1 4349 4474 4607 XOR
2 1 4564 4607 4608 AND
2 1 4608 4474 4609 XOR
2 1 4352 4479 4610 XOR
2 1 4564 4610 4611 AND
2 1 4611 4479 4612 XOR
2 1 4355 4484 4613 XOR
2 1 4564 4613 4614 AND
2 1 4614 4484 4615 XOR
2 1 4358 4489 4616 XOR
2 1 4564 4616 4617 AND
2 1 4617 4489 4618 XOR
2 1 4361 4494 4619 XOR
2 1 4564 4619 4620 AND
2 1 4620 4494 4621 XOR
2 1 4364 4499 4622 XOR
2 1 4564 4622 4623 AND
2 1 4623 4499 4624 XOR
2 1 4367 4504 4625 XOR
2 1 4564 4625 4626 AND
2 1 4626 4504 4627 XOR
2 1 4370 4509 4628 XOR
2 1 4564 4628 4629 AND
2 1 4629 4509 4630 XOR
2 1 4373 4514 4631 XOR
2 1 4564 4631 4632 AND
2 1 4632 4514 4633 XOR
2 1 4376 4519 4634 XOR
2 1 4564 4634 4635 AND
2 1 4635 4519 4636 XOR
2 1 4379 4524 4637 XOR
2 1 4564 4637 4638 AND
2 1 4638 4524 4639 XOR
2 1 4382 4529 4640 XOR
2 1 4564 4640 4641 AND
2 1 4641 4529 4642 XOR
2 1 4385 4534 4643 XOR
2 1 4564 4643 4644 AND
2 1 4644 4534 4645 XOR
2 1 4388 4539 4646 XOR
2 1 4564 4646 4647 AND
2 1 4647 4539 4648 XOR
2 1 4391 4544 4649 XOR
2 1 4564 4649 4650 AND
2 1 4650 4544 4651 XOR
2 1 4394 4549 4652 XOR
2 1 4564 4652 4653 AND
2 1 4653 4549 4654 XOR
2 1 4397 4554 4655 XOR
2 1 4564 4655 4656 AND
2 1 4656 4554 4657 XOR
2 1 4400 4559 4658 XOR
2 1 4564 4658 4659 AND
2 1 4659 4559 4660 XOR
2 1 4403 4562 4661 XOR
2 1 4564 4661 4662 AND
2 1 4662 4562 4663 XOR
1 1 4564 4664 INV
2 1 0 0 4665 XOR
2 1 4665 4567 4666 XOR
2 1 4665 4570 4667 XOR
2 1 4665 4573 4668 XOR
2 1 4665 4576 4669 XOR
2 1 4665 4579 4670 XOR
2 1 4665 4582 4671 XOR
2 1 4665 4585 4672 XOR
2 1 4665 4588 4673 XOR
2 1 4665 4591 4674 XOR
2 1 4665 4594 4675 XOR
2 1 4665 4597 4676 XOR
2 1 4665 4600 4677 XOR
2 1 4665 4603 4678 XOR
2 1 4665 4606 4679 XOR
2 1 4665 4609 4680 XOR
2 1 4665 4612 4681 XOR
2 1 4665 4615 4682 XOR
2 1 4665 4618 4683 XOR
2 1 4665 4621 4684 XOR
2 1 4665 4624 4685 XOR
2 1 4665 4627 4686 XOR
2 1 4665 4630 4687 XOR
2 1 4665 4633 4688 XOR
2 1 4665 4636 4689 XOR
2 1 4665 4639 4690 XOR
2 1 4665 4642 4691 XOR
2 1 4665 4645 4692 XOR
2 1 4665 4648 4693 XOR
2 1 4665 4651 4694 XOR
2 1 4665 4654 4695 XOR
2 1 4665 4657 4696 XOR
2 1 4665 4660 4697 XOR
