17466 17594
64 64 64
                                                                                                                                                                                   
2 1 127 126 128 XOR
2 1 127 126 129 AND
2 1 128 129 130 XOR
2 1 130 125 131 XOR
2 1 130 125 132 AND
2 1 131 132 133 XOR
2 1 133 124 134 XOR
2 1 133 124 135 AND
2 1 134 135 136 XOR
2 1 136 123 137 XOR
2 1 136 123 138 AND
2 1 137 138 139 XOR
2 1 139 122 140 XOR
2 1 139 122 141 AND
2 1 140 141 142 XOR
2 1 142 121 143 XOR
2 1 142 121 144 AND
2 1 143 144 145 XOR
2 1 145 120 146 XOR
2 1 145 120 147 AND
2 1 146 147 148 XOR
2 1 148 119 149 XOR
2 1 148 119 150 AND
2 1 149 150 151 XOR
2 1 151 118 152 XOR
2 1 151 118 153 AND
2 1 152 153 154 XOR
2 1 154 117 155 XOR
2 1 154 117 156 AND
2 1 155 156 157 XOR
2 1 157 116 158 XOR
2 1 157 116 159 AND
2 1 158 159 160 XOR
2 1 160 115 161 XOR
2 1 160 115 162 AND
2 1 161 162 163 XOR
2 1 163 114 164 XOR
2 1 163 114 165 AND
2 1 164 165 166 XOR
2 1 166 113 167 XOR
2 1 166 113 168 AND
2 1 167 168 169 XOR
2 1 169 112 170 XOR
2 1 169 112 171 AND
2 1 170 171 172 XOR
2 1 172 111 173 XOR
2 1 172 111 174 AND
2 1 173 174 175 XOR
2 1 175 110 176 XOR
2 1 175 110 177 AND
2 1 176 177 178 XOR
2 1 178 109 179 XOR
2 1 178 109 180 AND
2 1 179 180 181 XOR
2 1 181 108 182 XOR
2 1 181 108 183 AND
2 1 182 183 184 XOR
2 1 184 107 185 XOR
2 1 184 107 186 AND
2 1 185 186 187 XOR
2 1 187 106 188 XOR
2 1 187 106 189 AND
2 1 188 189 190 XOR
2 1 190 105 191 XOR
2 1 190 105 192 AND
2 1 191 192 193 XOR
2 1 193 104 194 XOR
2 1 193 104 195 AND
2 1 194 195 196 XOR
2 1 196 103 197 XOR
2 1 196 103 198 AND
2 1 197 198 199 XOR
2 1 199 102 200 XOR
2 1 199 102 201 AND
2 1 200 201 202 XOR
2 1 202 101 203 XOR
2 1 202 101 204 AND
2 1 203 204 205 XOR
2 1 205 100 206 XOR
2 1 205 100 207 AND
2 1 206 207 208 XOR
2 1 208 99 209 XOR
2 1 208 99 210 AND
2 1 209 210 211 XOR
2 1 211 98 212 XOR
2 1 211 98 213 AND
2 1 212 213 214 XOR
2 1 214 97 215 XOR
2 1 214 97 216 AND
2 1 215 216 217 XOR
2 1 217 96 218 XOR
2 1 217 96 219 AND
2 1 218 219 220 XOR
2 1 220 95 221 XOR
2 1 220 95 222 AND
2 1 221 222 223 XOR
2 1 223 94 224 XOR
2 1 223 94 225 AND
2 1 224 225 226 XOR
2 1 226 93 227 XOR
2 1 226 93 228 AND
2 1 227 228 229 XOR
2 1 229 92 230 XOR
2 1 229 92 231 AND
2 1 230 231 232 XOR
2 1 232 91 233 XOR
2 1 232 91 234 AND
2 1 233 234 235 XOR
2 1 235 90 236 XOR
2 1 235 90 237 AND
2 1 236 237 238 XOR
2 1 238 89 239 XOR
2 1 238 89 240 AND
2 1 239 240 241 XOR
2 1 241 88 242 XOR
2 1 241 88 243 AND
2 1 242 243 244 XOR
2 1 244 87 245 XOR
2 1 244 87 246 AND
2 1 245 246 247 XOR
2 1 247 86 248 XOR
2 1 247 86 249 AND
2 1 248 249 250 XOR
2 1 250 85 251 XOR
2 1 250 85 252 AND
2 1 251 252 253 XOR
2 1 253 84 254 XOR
2 1 253 84 255 AND
2 1 254 255 256 XOR
2 1 256 83 257 XOR
2 1 256 83 258 AND
2 1 257 258 259 XOR
2 1 259 82 260 XOR
2 1 259 82 261 AND
2 1 260 261 262 XOR
2 1 262 81 263 XOR
2 1 262 81 264 AND
2 1 263 264 265 XOR
2 1 265 80 266 XOR
2 1 265 80 267 AND
2 1 266 267 268 XOR
2 1 268 79 269 XOR
2 1 268 79 270 AND
2 1 269 270 271 XOR
2 1 271 78 272 XOR
2 1 271 78 273 AND
2 1 272 273 274 XOR
2 1 274 77 275 XOR
2 1 274 77 276 AND
2 1 275 276 277 XOR
2 1 277 76 278 XOR
2 1 277 76 279 AND
2 1 278 279 280 XOR
2 1 280 75 281 XOR
2 1 280 75 282 AND
2 1 281 282 283 XOR
2 1 283 74 284 XOR
2 1 283 74 285 AND
2 1 284 285 286 XOR
2 1 286 73 287 XOR
2 1 286 73 288 AND
2 1 287 288 289 XOR
2 1 289 72 290 XOR
2 1 289 72 291 AND
2 1 290 291 292 XOR
2 1 292 71 293 XOR
2 1 292 71 294 AND
2 1 293 294 295 XOR
2 1 295 70 296 XOR
2 1 295 70 297 AND
2 1 296 297 298 XOR
2 1 298 69 299 XOR
2 1 298 69 300 AND
2 1 299 300 301 XOR
2 1 301 68 302 XOR
2 1 301 68 303 AND
2 1 302 303 304 XOR
2 1 304 67 305 XOR
2 1 304 67 306 AND
2 1 305 306 307 XOR
2 1 307 66 308 XOR
2 1 307 66 309 AND
2 1 308 309 310 XOR
2 1 310 65 311 XOR
2 1 310 65 312 AND
2 1 311 312 313 XOR
2 1 64 64 314 AND
2 1 314 313 315 XOR
2 1 314 313 316 AND
2 1 315 316 317 XOR
2 1 317 64 318 AND
2 1 318 64 319 XOR
1 1 317 320 INV
2 1 63 64 321 XOR
2 1 321 64 322 AND
2 1 319 65 323 XOR
2 1 322 65 324 XOR
2 1 323 322 325 XOR
2 1 323 324 326 AND
2 1 322 326 327 XOR
2 1 327 310 328 XOR
2 1 327 310 329 AND
2 1 328 329 330 XOR
2 1 63 321 331 XOR
2 1 330 331 332 AND
2 1 332 321 333 XOR
2 1 319 325 334 XOR
2 1 330 334 335 AND
2 1 335 325 336 XOR
1 1 330 337 INV
2 1 62 64 338 XOR
2 1 338 64 339 AND
2 1 333 65 340 XOR
2 1 339 65 341 XOR
2 1 340 339 342 XOR
2 1 340 341 343 AND
2 1 339 343 344 XOR
2 1 336 66 345 XOR
2 1 344 66 346 XOR
2 1 345 344 347 XOR
2 1 345 346 348 AND
2 1 344 348 349 XOR
2 1 349 307 350 XOR
2 1 349 307 351 AND
2 1 350 351 352 XOR
2 1 62 338 353 XOR
2 1 352 353 354 AND
2 1 354 338 355 XOR
2 1 333 342 356 XOR
2 1 352 356 357 AND
2 1 357 342 358 XOR
2 1 336 347 359 XOR
2 1 352 359 360 AND
2 1 360 347 361 XOR
1 1 352 362 INV
2 1 61 64 363 XOR
2 1 363 64 364 AND
2 1 355 65 365 XOR
2 1 364 65 366 XOR
2 1 365 364 367 XOR
2 1 365 366 368 AND
2 1 364 368 369 XOR
2 1 358 66 370 XOR
2 1 369 66 371 XOR
2 1 370 369 372 XOR
2 1 370 371 373 AND
2 1 369 373 374 XOR
2 1 361 67 375 XOR
2 1 374 67 376 XOR
2 1 375 374 377 XOR
2 1 375 376 378 AND
2 1 374 378 379 XOR
2 1 379 304 380 XOR
2 1 379 304 381 AND
2 1 380 381 382 XOR
2 1 61 363 383 XOR
2 1 382 383 384 AND
2 1 384 363 385 XOR
2 1 355 367 386 XOR
2 1 382 386 387 AND
2 1 387 367 388 XOR
2 1 358 372 389 XOR
2 1 382 389 390 AND
2 1 390 372 391 XOR
2 1 361 377 392 XOR
2 1 382 392 393 AND
2 1 393 377 394 XOR
1 1 382 395 INV
2 1 60 64 396 XOR
2 1 396 64 397 AND
2 1 385 65 398 XOR
2 1 397 65 399 XOR
2 1 398 397 400 XOR
2 1 398 399 401 AND
2 1 397 401 402 XOR
2 1 388 66 403 XOR
2 1 402 66 404 XOR
2 1 403 402 405 XOR
2 1 403 404 406 AND
2 1 402 406 407 XOR
2 1 391 67 408 XOR
2 1 407 67 409 XOR
2 1 408 407 410 XOR
2 1 408 409 411 AND
2 1 407 411 412 XOR
2 1 394 68 413 XOR
2 1 412 68 414 XOR
2 1 413 412 415 XOR
2 1 413 414 416 AND
2 1 412 416 417 XOR
2 1 417 301 418 XOR
2 1 417 301 419 AND
2 1 418 419 420 XOR
2 1 60 396 421 XOR
2 1 420 421 422 AND
2 1 422 396 423 XOR
2 1 385 400 424 XOR
2 1 420 424 425 AND
2 1 425 400 426 XOR
2 1 388 405 427 XOR
2 1 420 427 428 AND
2 1 428 405 429 XOR
2 1 391 410 430 XOR
2 1 420 430 431 AND
2 1 431 410 432 XOR
2 1 394 415 433 XOR
2 1 420 433 434 AND
2 1 434 415 435 XOR
1 1 420 436 INV
2 1 59 64 437 XOR
2 1 437 64 438 AND
2 1 423 65 439 XOR
2 1 438 65 440 XOR
2 1 439 438 441 XOR
2 1 439 440 442 AND
2 1 438 442 443 XOR
2 1 426 66 444 XOR
2 1 443 66 445 XOR
2 1 444 443 446 XOR
2 1 444 445 447 AND
2 1 443 447 448 XOR
2 1 429 67 449 XOR
2 1 448 67 450 XOR
2 1 449 448 451 XOR
2 1 449 450 452 AND
2 1 448 452 453 XOR
2 1 432 68 454 XOR
2 1 453 68 455 XOR
2 1 454 453 456 XOR
2 1 454 455 457 AND
2 1 453 457 458 XOR
2 1 435 69 459 XOR
2 1 458 69 460 XOR
2 1 459 458 461 XOR
2 1 459 460 462 AND
2 1 458 462 463 XOR
2 1 463 298 464 XOR
2 1 463 298 465 AND
2 1 464 465 466 XOR
2 1 59 437 467 XOR
2 1 466 467 468 AND
2 1 468 437 469 XOR
2 1 423 441 470 XOR
2 1 466 470 471 AND
2 1 471 441 472 XOR
2 1 426 446 473 XOR
2 1 466 473 474 AND
2 1 474 446 475 XOR
2 1 429 451 476 XOR
2 1 466 476 477 AND
2 1 477 451 478 XOR
2 1 432 456 479 XOR
2 1 466 479 480 AND
2 1 480 456 481 XOR
2 1 435 461 482 XOR
2 1 466 482 483 AND
2 1 483 461 484 XOR
1 1 466 485 INV
2 1 58 64 486 XOR
2 1 486 64 487 AND
2 1 469 65 488 XOR
2 1 487 65 489 XOR
2 1 488 487 490 XOR
2 1 488 489 491 AND
2 1 487 491 492 XOR
2 1 472 66 493 XOR
2 1 492 66 494 XOR
2 1 493 492 495 XOR
2 1 493 494 496 AND
2 1 492 496 497 XOR
2 1 475 67 498 XOR
2 1 497 67 499 XOR
2 1 498 497 500 XOR
2 1 498 499 501 AND
2 1 497 501 502 XOR
2 1 478 68 503 XOR
2 1 502 68 504 XOR
2 1 503 502 505 XOR
2 1 503 504 506 AND
2 1 502 506 507 XOR
2 1 481 69 508 XOR
2 1 507 69 509 XOR
2 1 508 507 510 XOR
2 1 508 509 511 AND
2 1 507 511 512 XOR
2 1 484 70 513 XOR
2 1 512 70 514 XOR
2 1 513 512 515 XOR
2 1 513 514 516 AND
2 1 512 516 517 XOR
2 1 517 295 518 XOR
2 1 517 295 519 AND
2 1 518 519 520 XOR
2 1 58 486 521 XOR
2 1 520 521 522 AND
2 1 522 486 523 XOR
2 1 469 490 524 XOR
2 1 520 524 525 AND
2 1 525 490 526 XOR
2 1 472 495 527 XOR
2 1 520 527 528 AND
2 1 528 495 529 XOR
2 1 475 500 530 XOR
2 1 520 530 531 AND
2 1 531 500 532 XOR
2 1 478 505 533 XOR
2 1 520 533 534 AND
2 1 534 505 535 XOR
2 1 481 510 536 XOR
2 1 520 536 537 AND
2 1 537 510 538 XOR
2 1 484 515 539 XOR
2 1 520 539 540 AND
2 1 540 515 541 XOR
1 1 520 542 INV
2 1 57 64 543 XOR
2 1 543 64 544 AND
2 1 523 65 545 XOR
2 1 544 65 546 XOR
2 1 545 544 547 XOR
2 1 545 546 548 AND
2 1 544 548 549 XOR
2 1 526 66 550 XOR
2 1 549 66 551 XOR
2 1 550 549 552 XOR
2 1 550 551 553 AND
2 1 549 553 554 XOR
2 1 529 67 555 XOR
2 1 554 67 556 XOR
2 1 555 554 557 XOR
2 1 555 556 558 AND
2 1 554 558 559 XOR
2 1 532 68 560 XOR
2 1 559 68 561 XOR
2 1 560 559 562 XOR
2 1 560 561 563 AND
2 1 559 563 564 XOR
2 1 535 69 565 XOR
2 1 564 69 566 XOR
2 1 565 564 567 XOR
2 1 565 566 568 AND
2 1 564 568 569 XOR
2 1 538 70 570 XOR
2 1 569 70 571 XOR
2 1 570 569 572 XOR
2 1 570 571 573 AND
2 1 569 573 574 XOR
2 1 541 71 575 XOR
2 1 574 71 576 XOR
2 1 575 574 577 XOR
2 1 575 576 578 AND
2 1 574 578 579 XOR
2 1 579 292 580 XOR
2 1 579 292 581 AND
2 1 580 581 582 XOR
2 1 57 543 583 XOR
2 1 582 583 584 AND
2 1 584 543 585 XOR
2 1 523 547 586 XOR
2 1 582 586 587 AND
2 1 587 547 588 XOR
2 1 526 552 589 XOR
2 1 582 589 590 AND
2 1 590 552 591 XOR
2 1 529 557 592 XOR
2 1 582 592 593 AND
2 1 593 557 594 XOR
2 1 532 562 595 XOR
2 1 582 595 596 AND
2 1 596 562 597 XOR
2 1 535 567 598 XOR
2 1 582 598 599 AND
2 1 599 567 600 XOR
2 1 538 572 601 XOR
2 1 582 601 602 AND
2 1 602 572 603 XOR
2 1 541 577 604 XOR
2 1 582 604 605 AND
2 1 605 577 606 XOR
1 1 582 607 INV
2 1 56 64 608 XOR
2 1 608 64 609 AND
2 1 585 65 610 XOR
2 1 609 65 611 XOR
2 1 610 609 612 XOR
2 1 610 611 613 AND
2 1 609 613 614 XOR
2 1 588 66 615 XOR
2 1 614 66 616 XOR
2 1 615 614 617 XOR
2 1 615 616 618 AND
2 1 614 618 619 XOR
2 1 591 67 620 XOR
2 1 619 67 621 XOR
2 1 620 619 622 XOR
2 1 620 621 623 AND
2 1 619 623 624 XOR
2 1 594 68 625 XOR
2 1 624 68 626 XOR
2 1 625 624 627 XOR
2 1 625 626 628 AND
2 1 624 628 629 XOR
2 1 597 69 630 XOR
2 1 629 69 631 XOR
2 1 630 629 632 XOR
2 1 630 631 633 AND
2 1 629 633 634 XOR
2 1 600 70 635 XOR
2 1 634 70 636 XOR
2 1 635 634 637 XOR
2 1 635 636 638 AND
2 1 634 638 639 XOR
2 1 603 71 640 XOR
2 1 639 71 641 XOR
2 1 640 639 642 XOR
2 1 640 641 643 AND
2 1 639 643 644 XOR
2 1 606 72 645 XOR
2 1 644 72 646 XOR
2 1 645 644 647 XOR
2 1 645 646 648 AND
2 1 644 648 649 XOR
2 1 649 289 650 XOR
2 1 649 289 651 AND
2 1 650 651 652 XOR
2 1 56 608 653 XOR
2 1 652 653 654 AND
2 1 654 608 655 XOR
2 1 585 612 656 XOR
2 1 652 656 657 AND
2 1 657 612 658 XOR
2 1 588 617 659 XOR
2 1 652 659 660 AND
2 1 660 617 661 XOR
2 1 591 622 662 XOR
2 1 652 662 663 AND
2 1 663 622 664 XOR
2 1 594 627 665 XOR
2 1 652 665 666 AND
2 1 666 627 667 XOR
2 1 597 632 668 XOR
2 1 652 668 669 AND
2 1 669 632 670 XOR
2 1 600 637 671 XOR
2 1 652 671 672 AND
2 1 672 637 673 XOR
2 1 603 642 674 XOR
2 1 652 674 675 AND
2 1 675 642 676 XOR
2 1 606 647 677 XOR
2 1 652 677 678 AND
2 1 678 647 679 XOR
1 1 652 680 INV
2 1 55 64 681 XOR
2 1 681 64 682 AND
2 1 655 65 683 XOR
2 1 682 65 684 XOR
2 1 683 682 685 XOR
2 1 683 684 686 AND
2 1 682 686 687 XOR
2 1 658 66 688 XOR
2 1 687 66 689 XOR
2 1 688 687 690 XOR
2 1 688 689 691 AND
2 1 687 691 692 XOR
2 1 661 67 693 XOR
2 1 692 67 694 XOR
2 1 693 692 695 XOR
2 1 693 694 696 AND
2 1 692 696 697 XOR
2 1 664 68 698 XOR
2 1 697 68 699 XOR
2 1 698 697 700 XOR
2 1 698 699 701 AND
2 1 697 701 702 XOR
2 1 667 69 703 XOR
2 1 702 69 704 XOR
2 1 703 702 705 XOR
2 1 703 704 706 AND
2 1 702 706 707 XOR
2 1 670 70 708 XOR
2 1 707 70 709 XOR
2 1 708 707 710 XOR
2 1 708 709 711 AND
2 1 707 711 712 XOR
2 1 673 71 713 XOR
2 1 712 71 714 XOR
2 1 713 712 715 XOR
2 1 713 714 716 AND
2 1 712 716 717 XOR
2 1 676 72 718 XOR
2 1 717 72 719 XOR
2 1 718 717 720 XOR
2 1 718 719 721 AND
2 1 717 721 722 XOR
2 1 679 73 723 XOR
2 1 722 73 724 XOR
2 1 723 722 725 XOR
2 1 723 724 726 AND
2 1 722 726 727 XOR
2 1 727 286 728 XOR
2 1 727 286 729 AND
2 1 728 729 730 XOR
2 1 55 681 731 XOR
2 1 730 731 732 AND
2 1 732 681 733 XOR
2 1 655 685 734 XOR
2 1 730 734 735 AND
2 1 735 685 736 XOR
2 1 658 690 737 XOR
2 1 730 737 738 AND
2 1 738 690 739 XOR
2 1 661 695 740 XOR
2 1 730 740 741 AND
2 1 741 695 742 XOR
2 1 664 700 743 XOR
2 1 730 743 744 AND
2 1 744 700 745 XOR
2 1 667 705 746 XOR
2 1 730 746 747 AND
2 1 747 705 748 XOR
2 1 670 710 749 XOR
2 1 730 749 750 AND
2 1 750 710 751 XOR
2 1 673 715 752 XOR
2 1 730 752 753 AND
2 1 753 715 754 XOR
2 1 676 720 755 XOR
2 1 730 755 756 AND
2 1 756 720 757 XOR
2 1 679 725 758 XOR
2 1 730 758 759 AND
2 1 759 725 760 XOR
1 1 730 761 INV
2 1 54 64 762 XOR
2 1 762 64 763 AND
2 1 733 65 764 XOR
2 1 763 65 765 XOR
2 1 764 763 766 XOR
2 1 764 765 767 AND
2 1 763 767 768 XOR
2 1 736 66 769 XOR
2 1 768 66 770 XOR
2 1 769 768 771 XOR
2 1 769 770 772 AND
2 1 768 772 773 XOR
2 1 739 67 774 XOR
2 1 773 67 775 XOR
2 1 774 773 776 XOR
2 1 774 775 777 AND
2 1 773 777 778 XOR
2 1 742 68 779 XOR
2 1 778 68 780 XOR
2 1 779 778 781 XOR
2 1 779 780 782 AND
2 1 778 782 783 XOR
2 1 745 69 784 XOR
2 1 783 69 785 XOR
2 1 784 783 786 XOR
2 1 784 785 787 AND
2 1 783 787 788 XOR
2 1 748 70 789 XOR
2 1 788 70 790 XOR
2 1 789 788 791 XOR
2 1 789 790 792 AND
2 1 788 792 793 XOR
2 1 751 71 794 XOR
2 1 793 71 795 XOR
2 1 794 793 796 XOR
2 1 794 795 797 AND
2 1 793 797 798 XOR
2 1 754 72 799 XOR
2 1 798 72 800 XOR
2 1 799 798 801 XOR
2 1 799 800 802 AND
2 1 798 802 803 XOR
2 1 757 73 804 XOR
2 1 803 73 805 XOR
2 1 804 803 806 XOR
2 1 804 805 807 AND
2 1 803 807 808 XOR
2 1 760 74 809 XOR
2 1 808 74 810 XOR
2 1 809 808 811 XOR
2 1 809 810 812 AND
2 1 808 812 813 XOR
2 1 813 283 814 XOR
2 1 813 283 815 AND
2 1 814 815 816 XOR
2 1 54 762 817 XOR
2 1 816 817 818 AND
2 1 818 762 819 XOR
2 1 733 766 820 XOR
2 1 816 820 821 AND
2 1 821 766 822 XOR
2 1 736 771 823 XOR
2 1 816 823 824 AND
2 1 824 771 825 XOR
2 1 739 776 826 XOR
2 1 816 826 827 AND
2 1 827 776 828 XOR
2 1 742 781 829 XOR
2 1 816 829 830 AND
2 1 830 781 831 XOR
2 1 745 786 832 XOR
2 1 816 832 833 AND
2 1 833 786 834 XOR
2 1 748 791 835 XOR
2 1 816 835 836 AND
2 1 836 791 837 XOR
2 1 751 796 838 XOR
2 1 816 838 839 AND
2 1 839 796 840 XOR
2 1 754 801 841 XOR
2 1 816 841 842 AND
2 1 842 801 843 XOR
2 1 757 806 844 XOR
2 1 816 844 845 AND
2 1 845 806 846 XOR
2 1 760 811 847 XOR
2 1 816 847 848 AND
2 1 848 811 849 XOR
1 1 816 850 INV
2 1 53 64 851 XOR
2 1 851 64 852 AND
2 1 819 65 853 XOR
2 1 852 65 854 XOR
2 1 853 852 855 XOR
2 1 853 854 856 AND
2 1 852 856 857 XOR
2 1 822 66 858 XOR
2 1 857 66 859 XOR
2 1 858 857 860 XOR
2 1 858 859 861 AND
2 1 857 861 862 XOR
2 1 825 67 863 XOR
2 1 862 67 864 XOR
2 1 863 862 865 XOR
2 1 863 864 866 AND
2 1 862 866 867 XOR
2 1 828 68 868 XOR
2 1 867 68 869 XOR
2 1 868 867 870 XOR
2 1 868 869 871 AND
2 1 867 871 872 XOR
2 1 831 69 873 XOR
2 1 872 69 874 XOR
2 1 873 872 875 XOR
2 1 873 874 876 AND
2 1 872 876 877 XOR
2 1 834 70 878 XOR
2 1 877 70 879 XOR
2 1 878 877 880 XOR
2 1 878 879 881 AND
2 1 877 881 882 XOR
2 1 837 71 883 XOR
2 1 882 71 884 XOR
2 1 883 882 885 XOR
2 1 883 884 886 AND
2 1 882 886 887 XOR
2 1 840 72 888 XOR
2 1 887 72 889 XOR
2 1 888 887 890 XOR
2 1 888 889 891 AND
2 1 887 891 892 XOR
2 1 843 73 893 XOR
2 1 892 73 894 XOR
2 1 893 892 895 XOR
2 1 893 894 896 AND
2 1 892 896 897 XOR
2 1 846 74 898 XOR
2 1 897 74 899 XOR
2 1 898 897 900 XOR
2 1 898 899 901 AND
2 1 897 901 902 XOR
2 1 849 75 903 XOR
2 1 902 75 904 XOR
2 1 903 902 905 XOR
2 1 903 904 906 AND
2 1 902 906 907 XOR
2 1 907 280 908 XOR
2 1 907 280 909 AND
2 1 908 909 910 XOR
2 1 53 851 911 XOR
2 1 910 911 912 AND
2 1 912 851 913 XOR
2 1 819 855 914 XOR
2 1 910 914 915 AND
2 1 915 855 916 XOR
2 1 822 860 917 XOR
2 1 910 917 918 AND
2 1 918 860 919 XOR
2 1 825 865 920 XOR
2 1 910 920 921 AND
2 1 921 865 922 XOR
2 1 828 870 923 XOR
2 1 910 923 924 AND
2 1 924 870 925 XOR
2 1 831 875 926 XOR
2 1 910 926 927 AND
2 1 927 875 928 XOR
2 1 834 880 929 XOR
2 1 910 929 930 AND
2 1 930 880 931 XOR
2 1 837 885 932 XOR
2 1 910 932 933 AND
2 1 933 885 934 XOR
2 1 840 890 935 XOR
2 1 910 935 936 AND
2 1 936 890 937 XOR
2 1 843 895 938 XOR
2 1 910 938 939 AND
2 1 939 895 940 XOR
2 1 846 900 941 XOR
2 1 910 941 942 AND
2 1 942 900 943 XOR
2 1 849 905 944 XOR
2 1 910 944 945 AND
2 1 945 905 946 XOR
1 1 910 947 INV
2 1 52 64 948 XOR
2 1 948 64 949 AND
2 1 913 65 950 XOR
2 1 949 65 951 XOR
2 1 950 949 952 XOR
2 1 950 951 953 AND
2 1 949 953 954 XOR
2 1 916 66 955 XOR
2 1 954 66 956 XOR
2 1 955 954 957 XOR
2 1 955 956 958 AND
2 1 954 958 959 XOR
2 1 919 67 960 XOR
2 1 959 67 961 XOR
2 1 960 959 962 XOR
2 1 960 961 963 AND
2 1 959 963 964 XOR
2 1 922 68 965 XOR
2 1 964 68 966 XOR
2 1 965 964 967 XOR
2 1 965 966 968 AND
2 1 964 968 969 XOR
2 1 925 69 970 XOR
2 1 969 69 971 XOR
2 1 970 969 972 XOR
2 1 970 971 973 AND
2 1 969 973 974 XOR
2 1 928 70 975 XOR
2 1 974 70 976 XOR
2 1 975 974 977 XOR
2 1 975 976 978 AND
2 1 974 978 979 XOR
2 1 931 71 980 XOR
2 1 979 71 981 XOR
2 1 980 979 982 XOR
2 1 980 981 983 AND
2 1 979 983 984 XOR
2 1 934 72 985 XOR
2 1 984 72 986 XOR
2 1 985 984 987 XOR
2 1 985 986 988 AND
2 1 984 988 989 XOR
2 1 937 73 990 XOR
2 1 989 73 991 XOR
2 1 990 989 992 XOR
2 1 990 991 993 AND
2 1 989 993 994 XOR
2 1 940 74 995 XOR
2 1 994 74 996 XOR
2 1 995 994 997 XOR
2 1 995 996 998 AND
2 1 994 998 999 XOR
2 1 943 75 1000 XOR
2 1 999 75 1001 XOR
2 1 1000 999 1002 XOR
2 1 1000 1001 1003 AND
2 1 999 1003 1004 XOR
2 1 946 76 1005 XOR
2 1 1004 76 1006 XOR
2 1 1005 1004 1007 XOR
2 1 1005 1006 1008 AND
2 1 1004 1008 1009 XOR
2 1 1009 277 1010 XOR
2 1 1009 277 1011 AND
2 1 1010 1011 1012 XOR
2 1 52 948 1013 XOR
2 1 1012 1013 1014 AND
2 1 1014 948 1015 XOR
2 1 913 952 1016 XOR
2 1 1012 1016 1017 AND
2 1 1017 952 1018 XOR
2 1 916 957 1019 XOR
2 1 1012 1019 1020 AND
2 1 1020 957 1021 XOR
2 1 919 962 1022 XOR
2 1 1012 1022 1023 AND
2 1 1023 962 1024 XOR
2 1 922 967 1025 XOR
2 1 1012 1025 1026 AND
2 1 1026 967 1027 XOR
2 1 925 972 1028 XOR
2 1 1012 1028 1029 AND
2 1 1029 972 1030 XOR
2 1 928 977 1031 XOR
2 1 1012 1031 1032 AND
2 1 1032 977 1033 XOR
2 1 931 982 1034 XOR
2 1 1012 1034 1035 AND
2 1 1035 982 1036 XOR
2 1 934 987 1037 XOR
2 1 1012 1037 1038 AND
2 1 1038 987 1039 XOR
2 1 937 992 1040 XOR
2 1 1012 1040 1041 AND
2 1 1041 992 1042 XOR
2 1 940 997 1043 XOR
2 1 1012 1043 1044 AND
2 1 1044 997 1045 XOR
2 1 943 1002 1046 XOR
2 1 1012 1046 1047 AND
2 1 1047 1002 1048 XOR
2 1 946 1007 1049 XOR
2 1 1012 1049 1050 AND
2 1 1050 1007 1051 XOR
1 1 1012 1052 INV
2 1 51 64 1053 XOR
2 1 1053 64 1054 AND
2 1 1015 65 1055 XOR
2 1 1054 65 1056 XOR
2 1 1055 1054 1057 XOR
2 1 1055 1056 1058 AND
2 1 1054 1058 1059 XOR
2 1 1018 66 1060 XOR
2 1 1059 66 1061 XOR
2 1 1060 1059 1062 XOR
2 1 1060 1061 1063 AND
2 1 1059 1063 1064 XOR
2 1 1021 67 1065 XOR
2 1 1064 67 1066 XOR
2 1 1065 1064 1067 XOR
2 1 1065 1066 1068 AND
2 1 1064 1068 1069 XOR
2 1 1024 68 1070 XOR
2 1 1069 68 1071 XOR
2 1 1070 1069 1072 XOR
2 1 1070 1071 1073 AND
2 1 1069 1073 1074 XOR
2 1 1027 69 1075 XOR
2 1 1074 69 1076 XOR
2 1 1075 1074 1077 XOR
2 1 1075 1076 1078 AND
2 1 1074 1078 1079 XOR
2 1 1030 70 1080 XOR
2 1 1079 70 1081 XOR
2 1 1080 1079 1082 XOR
2 1 1080 1081 1083 AND
2 1 1079 1083 1084 XOR
2 1 1033 71 1085 XOR
2 1 1084 71 1086 XOR
2 1 1085 1084 1087 XOR
2 1 1085 1086 1088 AND
2 1 1084 1088 1089 XOR
2 1 1036 72 1090 XOR
2 1 1089 72 1091 XOR
2 1 1090 1089 1092 XOR
2 1 1090 1091 1093 AND
2 1 1089 1093 1094 XOR
2 1 1039 73 1095 XOR
2 1 1094 73 1096 XOR
2 1 1095 1094 1097 XOR
2 1 1095 1096 1098 AND
2 1 1094 1098 1099 XOR
2 1 1042 74 1100 XOR
2 1 1099 74 1101 XOR
2 1 1100 1099 1102 XOR
2 1 1100 1101 1103 AND
2 1 1099 1103 1104 XOR
2 1 1045 75 1105 XOR
2 1 1104 75 1106 XOR
2 1 1105 1104 1107 XOR
2 1 1105 1106 1108 AND
2 1 1104 1108 1109 XOR
2 1 1048 76 1110 XOR
2 1 1109 76 1111 XOR
2 1 1110 1109 1112 XOR
2 1 1110 1111 1113 AND
2 1 1109 1113 1114 XOR
2 1 1051 77 1115 XOR
2 1 1114 77 1116 XOR
2 1 1115 1114 1117 XOR
2 1 1115 1116 1118 AND
2 1 1114 1118 1119 XOR
2 1 1119 274 1120 XOR
2 1 1119 274 1121 AND
2 1 1120 1121 1122 XOR
2 1 51 1053 1123 XOR
2 1 1122 1123 1124 AND
2 1 1124 1053 1125 XOR
2 1 1015 1057 1126 XOR
2 1 1122 1126 1127 AND
2 1 1127 1057 1128 XOR
2 1 1018 1062 1129 XOR
2 1 1122 1129 1130 AND
2 1 1130 1062 1131 XOR
2 1 1021 1067 1132 XOR
2 1 1122 1132 1133 AND
2 1 1133 1067 1134 XOR
2 1 1024 1072 1135 XOR
2 1 1122 1135 1136 AND
2 1 1136 1072 1137 XOR
2 1 1027 1077 1138 XOR
2 1 1122 1138 1139 AND
2 1 1139 1077 1140 XOR
2 1 1030 1082 1141 XOR
2 1 1122 1141 1142 AND
2 1 1142 1082 1143 XOR
2 1 1033 1087 1144 XOR
2 1 1122 1144 1145 AND
2 1 1145 1087 1146 XOR
2 1 1036 1092 1147 XOR
2 1 1122 1147 1148 AND
2 1 1148 1092 1149 XOR
2 1 1039 1097 1150 XOR
2 1 1122 1150 1151 AND
2 1 1151 1097 1152 XOR
2 1 1042 1102 1153 XOR
2 1 1122 1153 1154 AND
2 1 1154 1102 1155 XOR
2 1 1045 1107 1156 XOR
2 1 1122 1156 1157 AND
2 1 1157 1107 1158 XOR
2 1 1048 1112 1159 XOR
2 1 1122 1159 1160 AND
2 1 1160 1112 1161 XOR
2 1 1051 1117 1162 XOR
2 1 1122 1162 1163 AND
2 1 1163 1117 1164 XOR
1 1 1122 1165 INV
2 1 50 64 1166 XOR
2 1 1166 64 1167 AND
2 1 1125 65 1168 XOR
2 1 1167 65 1169 XOR
2 1 1168 1167 1170 XOR
2 1 1168 1169 1171 AND
2 1 1167 1171 1172 XOR
2 1 1128 66 1173 XOR
2 1 1172 66 1174 XOR
2 1 1173 1172 1175 XOR
2 1 1173 1174 1176 AND
2 1 1172 1176 1177 XOR
2 1 1131 67 1178 XOR
2 1 1177 67 1179 XOR
2 1 1178 1177 1180 XOR
2 1 1178 1179 1181 AND
2 1 1177 1181 1182 XOR
2 1 1134 68 1183 XOR
2 1 1182 68 1184 XOR
2 1 1183 1182 1185 XOR
2 1 1183 1184 1186 AND
2 1 1182 1186 1187 XOR
2 1 1137 69 1188 XOR
2 1 1187 69 1189 XOR
2 1 1188 1187 1190 XOR
2 1 1188 1189 1191 AND
2 1 1187 1191 1192 XOR
2 1 1140 70 1193 XOR
2 1 1192 70 1194 XOR
2 1 1193 1192 1195 XOR
2 1 1193 1194 1196 AND
2 1 1192 1196 1197 XOR
2 1 1143 71 1198 XOR
2 1 1197 71 1199 XOR
2 1 1198 1197 1200 XOR
2 1 1198 1199 1201 AND
2 1 1197 1201 1202 XOR
2 1 1146 72 1203 XOR
2 1 1202 72 1204 XOR
2 1 1203 1202 1205 XOR
2 1 1203 1204 1206 AND
2 1 1202 1206 1207 XOR
2 1 1149 73 1208 XOR
2 1 1207 73 1209 XOR
2 1 1208 1207 1210 XOR
2 1 1208 1209 1211 AND
2 1 1207 1211 1212 XOR
2 1 1152 74 1213 XOR
2 1 1212 74 1214 XOR
2 1 1213 1212 1215 XOR
2 1 1213 1214 1216 AND
2 1 1212 1216 1217 XOR
2 1 1155 75 1218 XOR
2 1 1217 75 1219 XOR
2 1 1218 1217 1220 XOR
2 1 1218 1219 1221 AND
2 1 1217 1221 1222 XOR
2 1 1158 76 1223 XOR
2 1 1222 76 1224 XOR
2 1 1223 1222 1225 XOR
2 1 1223 1224 1226 AND
2 1 1222 1226 1227 XOR
2 1 1161 77 1228 XOR
2 1 1227 77 1229 XOR
2 1 1228 1227 1230 XOR
2 1 1228 1229 1231 AND
2 1 1227 1231 1232 XOR
2 1 1164 78 1233 XOR
2 1 1232 78 1234 XOR
2 1 1233 1232 1235 XOR
2 1 1233 1234 1236 AND
2 1 1232 1236 1237 XOR
2 1 1237 271 1238 XOR
2 1 1237 271 1239 AND
2 1 1238 1239 1240 XOR
2 1 50 1166 1241 XOR
2 1 1240 1241 1242 AND
2 1 1242 1166 1243 XOR
2 1 1125 1170 1244 XOR
2 1 1240 1244 1245 AND
2 1 1245 1170 1246 XOR
2 1 1128 1175 1247 XOR
2 1 1240 1247 1248 AND
2 1 1248 1175 1249 XOR
2 1 1131 1180 1250 XOR
2 1 1240 1250 1251 AND
2 1 1251 1180 1252 XOR
2 1 1134 1185 1253 XOR
2 1 1240 1253 1254 AND
2 1 1254 1185 1255 XOR
2 1 1137 1190 1256 XOR
2 1 1240 1256 1257 AND
2 1 1257 1190 1258 XOR
2 1 1140 1195 1259 XOR
2 1 1240 1259 1260 AND
2 1 1260 1195 1261 XOR
2 1 1143 1200 1262 XOR
2 1 1240 1262 1263 AND
2 1 1263 1200 1264 XOR
2 1 1146 1205 1265 XOR
2 1 1240 1265 1266 AND
2 1 1266 1205 1267 XOR
2 1 1149 1210 1268 XOR
2 1 1240 1268 1269 AND
2 1 1269 1210 1270 XOR
2 1 1152 1215 1271 XOR
2 1 1240 1271 1272 AND
2 1 1272 1215 1273 XOR
2 1 1155 1220 1274 XOR
2 1 1240 1274 1275 AND
2 1 1275 1220 1276 XOR
2 1 1158 1225 1277 XOR
2 1 1240 1277 1278 AND
2 1 1278 1225 1279 XOR
2 1 1161 1230 1280 XOR
2 1 1240 1280 1281 AND
2 1 1281 1230 1282 XOR
2 1 1164 1235 1283 XOR
2 1 1240 1283 1284 AND
2 1 1284 1235 1285 XOR
1 1 1240 1286 INV
2 1 49 64 1287 XOR
2 1 1287 64 1288 AND
2 1 1243 65 1289 XOR
2 1 1288 65 1290 XOR
2 1 1289 1288 1291 XOR
2 1 1289 1290 1292 AND
2 1 1288 1292 1293 XOR
2 1 1246 66 1294 XOR
2 1 1293 66 1295 XOR
2 1 1294 1293 1296 XOR
2 1 1294 1295 1297 AND
2 1 1293 1297 1298 XOR
2 1 1249 67 1299 XOR
2 1 1298 67 1300 XOR
2 1 1299 1298 1301 XOR
2 1 1299 1300 1302 AND
2 1 1298 1302 1303 XOR
2 1 1252 68 1304 XOR
2 1 1303 68 1305 XOR
2 1 1304 1303 1306 XOR
2 1 1304 1305 1307 AND
2 1 1303 1307 1308 XOR
2 1 1255 69 1309 XOR
2 1 1308 69 1310 XOR
2 1 1309 1308 1311 XOR
2 1 1309 1310 1312 AND
2 1 1308 1312 1313 XOR
2 1 1258 70 1314 XOR
2 1 1313 70 1315 XOR
2 1 1314 1313 1316 XOR
2 1 1314 1315 1317 AND
2 1 1313 1317 1318 XOR
2 1 1261 71 1319 XOR
2 1 1318 71 1320 XOR
2 1 1319 1318 1321 XOR
2 1 1319 1320 1322 AND
2 1 1318 1322 1323 XOR
2 1 1264 72 1324 XOR
2 1 1323 72 1325 XOR
2 1 1324 1323 1326 XOR
2 1 1324 1325 1327 AND
2 1 1323 1327 1328 XOR
2 1 1267 73 1329 XOR
2 1 1328 73 1330 XOR
2 1 1329 1328 1331 XOR
2 1 1329 1330 1332 AND
2 1 1328 1332 1333 XOR
2 1 1270 74 1334 XOR
2 1 1333 74 1335 XOR
2 1 1334 1333 1336 XOR
2 1 1334 1335 1337 AND
2 1 1333 1337 1338 XOR
2 1 1273 75 1339 XOR
2 1 1338 75 1340 XOR
2 1 1339 1338 1341 XOR
2 1 1339 1340 1342 AND
2 1 1338 1342 1343 XOR
2 1 1276 76 1344 XOR
2 1 1343 76 1345 XOR
2 1 1344 1343 1346 XOR
2 1 1344 1345 1347 AND
2 1 1343 1347 1348 XOR
2 1 1279 77 1349 XOR
2 1 1348 77 1350 XOR
2 1 1349 1348 1351 XOR
2 1 1349 1350 1352 AND
2 1 1348 1352 1353 XOR
2 1 1282 78 1354 XOR
2 1 1353 78 1355 XOR
2 1 1354 1353 1356 XOR
2 1 1354 1355 1357 AND
2 1 1353 1357 1358 XOR
2 1 1285 79 1359 XOR
2 1 1358 79 1360 XOR
2 1 1359 1358 1361 XOR
2 1 1359 1360 1362 AND
2 1 1358 1362 1363 XOR
2 1 1363 268 1364 XOR
2 1 1363 268 1365 AND
2 1 1364 1365 1366 XOR
2 1 49 1287 1367 XOR
2 1 1366 1367 1368 AND
2 1 1368 1287 1369 XOR
2 1 1243 1291 1370 XOR
2 1 1366 1370 1371 AND
2 1 1371 1291 1372 XOR
2 1 1246 1296 1373 XOR
2 1 1366 1373 1374 AND
2 1 1374 1296 1375 XOR
2 1 1249 1301 1376 XOR
2 1 1366 1376 1377 AND
2 1 1377 1301 1378 XOR
2 1 1252 1306 1379 XOR
2 1 1366 1379 1380 AND
2 1 1380 1306 1381 XOR
2 1 1255 1311 1382 XOR
2 1 1366 1382 1383 AND
2 1 1383 1311 1384 XOR
2 1 1258 1316 1385 XOR
2 1 1366 1385 1386 AND
2 1 1386 1316 1387 XOR
2 1 1261 1321 1388 XOR
2 1 1366 1388 1389 AND
2 1 1389 1321 1390 XOR
2 1 1264 1326 1391 XOR
2 1 1366 1391 1392 AND
2 1 1392 1326 1393 XOR
2 1 1267 1331 1394 XOR
2 1 1366 1394 1395 AND
2 1 1395 1331 1396 XOR
2 1 1270 1336 1397 XOR
2 1 1366 1397 1398 AND
2 1 1398 1336 1399 XOR
2 1 1273 1341 1400 XOR
2 1 1366 1400 1401 AND
2 1 1401 1341 1402 XOR
2 1 1276 1346 1403 XOR
2 1 1366 1403 1404 AND
2 1 1404 1346 1405 XOR
2 1 1279 1351 1406 XOR
2 1 1366 1406 1407 AND
2 1 1407 1351 1408 XOR
2 1 1282 1356 1409 XOR
2 1 1366 1409 1410 AND
2 1 1410 1356 1411 XOR
2 1 1285 1361 1412 XOR
2 1 1366 1412 1413 AND
2 1 1413 1361 1414 XOR
1 1 1366 1415 INV
2 1 48 64 1416 XOR
2 1 1416 64 1417 AND
2 1 1369 65 1418 XOR
2 1 1417 65 1419 XOR
2 1 1418 1417 1420 XOR
2 1 1418 1419 1421 AND
2 1 1417 1421 1422 XOR
2 1 1372 66 1423 XOR
2 1 1422 66 1424 XOR
2 1 1423 1422 1425 XOR
2 1 1423 1424 1426 AND
2 1 1422 1426 1427 XOR
2 1 1375 67 1428 XOR
2 1 1427 67 1429 XOR
2 1 1428 1427 1430 XOR
2 1 1428 1429 1431 AND
2 1 1427 1431 1432 XOR
2 1 1378 68 1433 XOR
2 1 1432 68 1434 XOR
2 1 1433 1432 1435 XOR
2 1 1433 1434 1436 AND
2 1 1432 1436 1437 XOR
2 1 1381 69 1438 XOR
2 1 1437 69 1439 XOR
2 1 1438 1437 1440 XOR
2 1 1438 1439 1441 AND
2 1 1437 1441 1442 XOR
2 1 1384 70 1443 XOR
2 1 1442 70 1444 XOR
2 1 1443 1442 1445 XOR
2 1 1443 1444 1446 AND
2 1 1442 1446 1447 XOR
2 1 1387 71 1448 XOR
2 1 1447 71 1449 XOR
2 1 1448 1447 1450 XOR
2 1 1448 1449 1451 AND
2 1 1447 1451 1452 XOR
2 1 1390 72 1453 XOR
2 1 1452 72 1454 XOR
2 1 1453 1452 1455 XOR
2 1 1453 1454 1456 AND
2 1 1452 1456 1457 XOR
2 1 1393 73 1458 XOR
2 1 1457 73 1459 XOR
2 1 1458 1457 1460 XOR
2 1 1458 1459 1461 AND
2 1 1457 1461 1462 XOR
2 1 1396 74 1463 XOR
2 1 1462 74 1464 XOR
2 1 1463 1462 1465 XOR
2 1 1463 1464 1466 AND
2 1 1462 1466 1467 XOR
2 1 1399 75 1468 XOR
2 1 1467 75 1469 XOR
2 1 1468 1467 1470 XOR
2 1 1468 1469 1471 AND
2 1 1467 1471 1472 XOR
2 1 1402 76 1473 XOR
2 1 1472 76 1474 XOR
2 1 1473 1472 1475 XOR
2 1 1473 1474 1476 AND
2 1 1472 1476 1477 XOR
2 1 1405 77 1478 XOR
2 1 1477 77 1479 XOR
2 1 1478 1477 1480 XOR
2 1 1478 1479 1481 AND
2 1 1477 1481 1482 XOR
2 1 1408 78 1483 XOR
2 1 1482 78 1484 XOR
2 1 1483 1482 1485 XOR
2 1 1483 1484 1486 AND
2 1 1482 1486 1487 XOR
2 1 1411 79 1488 XOR
2 1 1487 79 1489 XOR
2 1 1488 1487 1490 XOR
2 1 1488 1489 1491 AND
2 1 1487 1491 1492 XOR
2 1 1414 80 1493 XOR
2 1 1492 80 1494 XOR
2 1 1493 1492 1495 XOR
2 1 1493 1494 1496 AND
2 1 1492 1496 1497 XOR
2 1 1497 265 1498 XOR
2 1 1497 265 1499 AND
2 1 1498 1499 1500 XOR
2 1 48 1416 1501 XOR
2 1 1500 1501 1502 AND
2 1 1502 1416 1503 XOR
2 1 1369 1420 1504 XOR
2 1 1500 1504 1505 AND
2 1 1505 1420 1506 XOR
2 1 1372 1425 1507 XOR
2 1 1500 1507 1508 AND
2 1 1508 1425 1509 XOR
2 1 1375 1430 1510 XOR
2 1 1500 1510 1511 AND
2 1 1511 1430 1512 XOR
2 1 1378 1435 1513 XOR
2 1 1500 1513 1514 AND
2 1 1514 1435 1515 XOR
2 1 1381 1440 1516 XOR
2 1 1500 1516 1517 AND
2 1 1517 1440 1518 XOR
2 1 1384 1445 1519 XOR
2 1 1500 1519 1520 AND
2 1 1520 1445 1521 XOR
2 1 1387 1450 1522 XOR
2 1 1500 1522 1523 AND
2 1 1523 1450 1524 XOR
2 1 1390 1455 1525 XOR
2 1 1500 1525 1526 AND
2 1 1526 1455 1527 XOR
2 1 1393 1460 1528 XOR
2 1 1500 1528 1529 AND
2 1 1529 1460 1530 XOR
2 1 1396 1465 1531 XOR
2 1 1500 1531 1532 AND
2 1 1532 1465 1533 XOR
2 1 1399 1470 1534 XOR
2 1 1500 1534 1535 AND
2 1 1535 1470 1536 XOR
2 1 1402 1475 1537 XOR
2 1 1500 1537 1538 AND
2 1 1538 1475 1539 XOR
2 1 1405 1480 1540 XOR
2 1 1500 1540 1541 AND
2 1 1541 1480 1542 XOR
2 1 1408 1485 1543 XOR
2 1 1500 1543 1544 AND
2 1 1544 1485 1545 XOR
2 1 1411 1490 1546 XOR
2 1 1500 1546 1547 AND
2 1 1547 1490 1548 XOR
2 1 1414 1495 1549 XOR
2 1 1500 1549 1550 AND
2 1 1550 1495 1551 XOR
1 1 1500 1552 INV
2 1 47 64 1553 XOR
2 1 1553 64 1554 AND
2 1 1503 65 1555 XOR
2 1 1554 65 1556 XOR
2 1 1555 1554 1557 XOR
2 1 1555 1556 1558 AND
2 1 1554 1558 1559 XOR
2 1 1506 66 1560 XOR
2 1 1559 66 1561 XOR
2 1 1560 1559 1562 XOR
2 1 1560 1561 1563 AND
2 1 1559 1563 1564 XOR
2 1 1509 67 1565 XOR
2 1 1564 67 1566 XOR
2 1 1565 1564 1567 XOR
2 1 1565 1566 1568 AND
2 1 1564 1568 1569 XOR
2 1 1512 68 1570 XOR
2 1 1569 68 1571 XOR
2 1 1570 1569 1572 XOR
2 1 1570 1571 1573 AND
2 1 1569 1573 1574 XOR
2 1 1515 69 1575 XOR
2 1 1574 69 1576 XOR
2 1 1575 1574 1577 XOR
2 1 1575 1576 1578 AND
2 1 1574 1578 1579 XOR
2 1 1518 70 1580 XOR
2 1 1579 70 1581 XOR
2 1 1580 1579 1582 XOR
2 1 1580 1581 1583 AND
2 1 1579 1583 1584 XOR
2 1 1521 71 1585 XOR
2 1 1584 71 1586 XOR
2 1 1585 1584 1587 XOR
2 1 1585 1586 1588 AND
2 1 1584 1588 1589 XOR
2 1 1524 72 1590 XOR
2 1 1589 72 1591 XOR
2 1 1590 1589 1592 XOR
2 1 1590 1591 1593 AND
2 1 1589 1593 1594 XOR
2 1 1527 73 1595 XOR
2 1 1594 73 1596 XOR
2 1 1595 1594 1597 XOR
2 1 1595 1596 1598 AND
2 1 1594 1598 1599 XOR
2 1 1530 74 1600 XOR
2 1 1599 74 1601 XOR
2 1 1600 1599 1602 XOR
2 1 1600 1601 1603 AND
2 1 1599 1603 1604 XOR
2 1 1533 75 1605 XOR
2 1 1604 75 1606 XOR
2 1 1605 1604 1607 XOR
2 1 1605 1606 1608 AND
2 1 1604 1608 1609 XOR
2 1 1536 76 1610 XOR
2 1 1609 76 1611 XOR
2 1 1610 1609 1612 XOR
2 1 1610 1611 1613 AND
2 1 1609 1613 1614 XOR
2 1 1539 77 1615 XOR
2 1 1614 77 1616 XOR
2 1 1615 1614 1617 XOR
2 1 1615 1616 1618 AND
2 1 1614 1618 1619 XOR
2 1 1542 78 1620 XOR
2 1 1619 78 1621 XOR
2 1 1620 1619 1622 XOR
2 1 1620 1621 1623 AND
2 1 1619 1623 1624 XOR
2 1 1545 79 1625 XOR
2 1 1624 79 1626 XOR
2 1 1625 1624 1627 XOR
2 1 1625 1626 1628 AND
2 1 1624 1628 1629 XOR
2 1 1548 80 1630 XOR
2 1 1629 80 1631 XOR
2 1 1630 1629 1632 XOR
2 1 1630 1631 1633 AND
2 1 1629 1633 1634 XOR
2 1 1551 81 1635 XOR
2 1 1634 81 1636 XOR
2 1 1635 1634 1637 XOR
2 1 1635 1636 1638 AND
2 1 1634 1638 1639 XOR
2 1 1639 262 1640 XOR
2 1 1639 262 1641 AND
2 1 1640 1641 1642 XOR
2 1 47 1553 1643 XOR
2 1 1642 1643 1644 AND
2 1 1644 1553 1645 XOR
2 1 1503 1557 1646 XOR
2 1 1642 1646 1647 AND
2 1 1647 1557 1648 XOR
2 1 1506 1562 1649 XOR
2 1 1642 1649 1650 AND
2 1 1650 1562 1651 XOR
2 1 1509 1567 1652 XOR
2 1 1642 1652 1653 AND
2 1 1653 1567 1654 XOR
2 1 1512 1572 1655 XOR
2 1 1642 1655 1656 AND
2 1 1656 1572 1657 XOR
2 1 1515 1577 1658 XOR
2 1 1642 1658 1659 AND
2 1 1659 1577 1660 XOR
2 1 1518 1582 1661 XOR
2 1 1642 1661 1662 AND
2 1 1662 1582 1663 XOR
2 1 1521 1587 1664 XOR
2 1 1642 1664 1665 AND
2 1 1665 1587 1666 XOR
2 1 1524 1592 1667 XOR
2 1 1642 1667 1668 AND
2 1 1668 1592 1669 XOR
2 1 1527 1597 1670 XOR
2 1 1642 1670 1671 AND
2 1 1671 1597 1672 XOR
2 1 1530 1602 1673 XOR
2 1 1642 1673 1674 AND
2 1 1674 1602 1675 XOR
2 1 1533 1607 1676 XOR
2 1 1642 1676 1677 AND
2 1 1677 1607 1678 XOR
2 1 1536 1612 1679 XOR
2 1 1642 1679 1680 AND
2 1 1680 1612 1681 XOR
2 1 1539 1617 1682 XOR
2 1 1642 1682 1683 AND
2 1 1683 1617 1684 XOR
2 1 1542 1622 1685 XOR
2 1 1642 1685 1686 AND
2 1 1686 1622 1687 XOR
2 1 1545 1627 1688 XOR
2 1 1642 1688 1689 AND
2 1 1689 1627 1690 XOR
2 1 1548 1632 1691 XOR
2 1 1642 1691 1692 AND
2 1 1692 1632 1693 XOR
2 1 1551 1637 1694 XOR
2 1 1642 1694 1695 AND
2 1 1695 1637 1696 XOR
1 1 1642 1697 INV
2 1 46 64 1698 XOR
2 1 1698 64 1699 AND
2 1 1645 65 1700 XOR
2 1 1699 65 1701 XOR
2 1 1700 1699 1702 XOR
2 1 1700 1701 1703 AND
2 1 1699 1703 1704 XOR
2 1 1648 66 1705 XOR
2 1 1704 66 1706 XOR
2 1 1705 1704 1707 XOR
2 1 1705 1706 1708 AND
2 1 1704 1708 1709 XOR
2 1 1651 67 1710 XOR
2 1 1709 67 1711 XOR
2 1 1710 1709 1712 XOR
2 1 1710 1711 1713 AND
2 1 1709 1713 1714 XOR
2 1 1654 68 1715 XOR
2 1 1714 68 1716 XOR
2 1 1715 1714 1717 XOR
2 1 1715 1716 1718 AND
2 1 1714 1718 1719 XOR
2 1 1657 69 1720 XOR
2 1 1719 69 1721 XOR
2 1 1720 1719 1722 XOR
2 1 1720 1721 1723 AND
2 1 1719 1723 1724 XOR
2 1 1660 70 1725 XOR
2 1 1724 70 1726 XOR
2 1 1725 1724 1727 XOR
2 1 1725 1726 1728 AND
2 1 1724 1728 1729 XOR
2 1 1663 71 1730 XOR
2 1 1729 71 1731 XOR
2 1 1730 1729 1732 XOR
2 1 1730 1731 1733 AND
2 1 1729 1733 1734 XOR
2 1 1666 72 1735 XOR
2 1 1734 72 1736 XOR
2 1 1735 1734 1737 XOR
2 1 1735 1736 1738 AND
2 1 1734 1738 1739 XOR
2 1 1669 73 1740 XOR
2 1 1739 73 1741 XOR
2 1 1740 1739 1742 XOR
2 1 1740 1741 1743 AND
2 1 1739 1743 1744 XOR
2 1 1672 74 1745 XOR
2 1 1744 74 1746 XOR
2 1 1745 1744 1747 XOR
2 1 1745 1746 1748 AND
2 1 1744 1748 1749 XOR
2 1 1675 75 1750 XOR
2 1 1749 75 1751 XOR
2 1 1750 1749 1752 XOR
2 1 1750 1751 1753 AND
2 1 1749 1753 1754 XOR
2 1 1678 76 1755 XOR
2 1 1754 76 1756 XOR
2 1 1755 1754 1757 XOR
2 1 1755 1756 1758 AND
2 1 1754 1758 1759 XOR
2 1 1681 77 1760 XOR
2 1 1759 77 1761 XOR
2 1 1760 1759 1762 XOR
2 1 1760 1761 1763 AND
2 1 1759 1763 1764 XOR
2 1 1684 78 1765 XOR
2 1 1764 78 1766 XOR
2 1 1765 1764 1767 XOR
2 1 1765 1766 1768 AND
2 1 1764 1768 1769 XOR
2 1 1687 79 1770 XOR
2 1 1769 79 1771 XOR
2 1 1770 1769 1772 XOR
2 1 1770 1771 1773 AND
2 1 1769 1773 1774 XOR
2 1 1690 80 1775 XOR
2 1 1774 80 1776 XOR
2 1 1775 1774 1777 XOR
2 1 1775 1776 1778 AND
2 1 1774 1778 1779 XOR
2 1 1693 81 1780 XOR
2 1 1779 81 1781 XOR
2 1 1780 1779 1782 XOR
2 1 1780 1781 1783 AND
2 1 1779 1783 1784 XOR
2 1 1696 82 1785 XOR
2 1 1784 82 1786 XOR
2 1 1785 1784 1787 XOR
2 1 1785 1786 1788 AND
2 1 1784 1788 1789 XOR
2 1 1789 259 1790 XOR
2 1 1789 259 1791 AND
2 1 1790 1791 1792 XOR
2 1 46 1698 1793 XOR
2 1 1792 1793 1794 AND
2 1 1794 1698 1795 XOR
2 1 1645 1702 1796 XOR
2 1 1792 1796 1797 AND
2 1 1797 1702 1798 XOR
2 1 1648 1707 1799 XOR
2 1 1792 1799 1800 AND
2 1 1800 1707 1801 XOR
2 1 1651 1712 1802 XOR
2 1 1792 1802 1803 AND
2 1 1803 1712 1804 XOR
2 1 1654 1717 1805 XOR
2 1 1792 1805 1806 AND
2 1 1806 1717 1807 XOR
2 1 1657 1722 1808 XOR
2 1 1792 1808 1809 AND
2 1 1809 1722 1810 XOR
2 1 1660 1727 1811 XOR
2 1 1792 1811 1812 AND
2 1 1812 1727 1813 XOR
2 1 1663 1732 1814 XOR
2 1 1792 1814 1815 AND
2 1 1815 1732 1816 XOR
2 1 1666 1737 1817 XOR
2 1 1792 1817 1818 AND
2 1 1818 1737 1819 XOR
2 1 1669 1742 1820 XOR
2 1 1792 1820 1821 AND
2 1 1821 1742 1822 XOR
2 1 1672 1747 1823 XOR
2 1 1792 1823 1824 AND
2 1 1824 1747 1825 XOR
2 1 1675 1752 1826 XOR
2 1 1792 1826 1827 AND
2 1 1827 1752 1828 XOR
2 1 1678 1757 1829 XOR
2 1 1792 1829 1830 AND
2 1 1830 1757 1831 XOR
2 1 1681 1762 1832 XOR
2 1 1792 1832 1833 AND
2 1 1833 1762 1834 XOR
2 1 1684 1767 1835 XOR
2 1 1792 1835 1836 AND
2 1 1836 1767 1837 XOR
2 1 1687 1772 1838 XOR
2 1 1792 1838 1839 AND
2 1 1839 1772 1840 XOR
2 1 1690 1777 1841 XOR
2 1 1792 1841 1842 AND
2 1 1842 1777 1843 XOR
2 1 1693 1782 1844 XOR
2 1 1792 1844 1845 AND
2 1 1845 1782 1846 XOR
2 1 1696 1787 1847 XOR
2 1 1792 1847 1848 AND
2 1 1848 1787 1849 XOR
1 1 1792 1850 INV
2 1 45 64 1851 XOR
2 1 1851 64 1852 AND
2 1 1795 65 1853 XOR
2 1 1852 65 1854 XOR
2 1 1853 1852 1855 XOR
2 1 1853 1854 1856 AND
2 1 1852 1856 1857 XOR
2 1 1798 66 1858 XOR
2 1 1857 66 1859 XOR
2 1 1858 1857 1860 XOR
2 1 1858 1859 1861 AND
2 1 1857 1861 1862 XOR
2 1 1801 67 1863 XOR
2 1 1862 67 1864 XOR
2 1 1863 1862 1865 XOR
2 1 1863 1864 1866 AND
2 1 1862 1866 1867 XOR
2 1 1804 68 1868 XOR
2 1 1867 68 1869 XOR
2 1 1868 1867 1870 XOR
2 1 1868 1869 1871 AND
2 1 1867 1871 1872 XOR
2 1 1807 69 1873 XOR
2 1 1872 69 1874 XOR
2 1 1873 1872 1875 XOR
2 1 1873 1874 1876 AND
2 1 1872 1876 1877 XOR
2 1 1810 70 1878 XOR
2 1 1877 70 1879 XOR
2 1 1878 1877 1880 XOR
2 1 1878 1879 1881 AND
2 1 1877 1881 1882 XOR
2 1 1813 71 1883 XOR
2 1 1882 71 1884 XOR
2 1 1883 1882 1885 XOR
2 1 1883 1884 1886 AND
2 1 1882 1886 1887 XOR
2 1 1816 72 1888 XOR
2 1 1887 72 1889 XOR
2 1 1888 1887 1890 XOR
2 1 1888 1889 1891 AND
2 1 1887 1891 1892 XOR
2 1 1819 73 1893 XOR
2 1 1892 73 1894 XOR
2 1 1893 1892 1895 XOR
2 1 1893 1894 1896 AND
2 1 1892 1896 1897 XOR
2 1 1822 74 1898 XOR
2 1 1897 74 1899 XOR
2 1 1898 1897 1900 XOR
2 1 1898 1899 1901 AND
2 1 1897 1901 1902 XOR
2 1 1825 75 1903 XOR
2 1 1902 75 1904 XOR
2 1 1903 1902 1905 XOR
2 1 1903 1904 1906 AND
2 1 1902 1906 1907 XOR
2 1 1828 76 1908 XOR
2 1 1907 76 1909 XOR
2 1 1908 1907 1910 XOR
2 1 1908 1909 1911 AND
2 1 1907 1911 1912 XOR
2 1 1831 77 1913 XOR
2 1 1912 77 1914 XOR
2 1 1913 1912 1915 XOR
2 1 1913 1914 1916 AND
2 1 1912 1916 1917 XOR
2 1 1834 78 1918 XOR
2 1 1917 78 1919 XOR
2 1 1918 1917 1920 XOR
2 1 1918 1919 1921 AND
2 1 1917 1921 1922 XOR
2 1 1837 79 1923 XOR
2 1 1922 79 1924 XOR
2 1 1923 1922 1925 XOR
2 1 1923 1924 1926 AND
2 1 1922 1926 1927 XOR
2 1 1840 80 1928 XOR
2 1 1927 80 1929 XOR
2 1 1928 1927 1930 XOR
2 1 1928 1929 1931 AND
2 1 1927 1931 1932 XOR
2 1 1843 81 1933 XOR
2 1 1932 81 1934 XOR
2 1 1933 1932 1935 XOR
2 1 1933 1934 1936 AND
2 1 1932 1936 1937 XOR
2 1 1846 82 1938 XOR
2 1 1937 82 1939 XOR
2 1 1938 1937 1940 XOR
2 1 1938 1939 1941 AND
2 1 1937 1941 1942 XOR
2 1 1849 83 1943 XOR
2 1 1942 83 1944 XOR
2 1 1943 1942 1945 XOR
2 1 1943 1944 1946 AND
2 1 1942 1946 1947 XOR
2 1 1947 256 1948 XOR
2 1 1947 256 1949 AND
2 1 1948 1949 1950 XOR
2 1 45 1851 1951 XOR
2 1 1950 1951 1952 AND
2 1 1952 1851 1953 XOR
2 1 1795 1855 1954 XOR
2 1 1950 1954 1955 AND
2 1 1955 1855 1956 XOR
2 1 1798 1860 1957 XOR
2 1 1950 1957 1958 AND
2 1 1958 1860 1959 XOR
2 1 1801 1865 1960 XOR
2 1 1950 1960 1961 AND
2 1 1961 1865 1962 XOR
2 1 1804 1870 1963 XOR
2 1 1950 1963 1964 AND
2 1 1964 1870 1965 XOR
2 1 1807 1875 1966 XOR
2 1 1950 1966 1967 AND
2 1 1967 1875 1968 XOR
2 1 1810 1880 1969 XOR
2 1 1950 1969 1970 AND
2 1 1970 1880 1971 XOR
2 1 1813 1885 1972 XOR
2 1 1950 1972 1973 AND
2 1 1973 1885 1974 XOR
2 1 1816 1890 1975 XOR
2 1 1950 1975 1976 AND
2 1 1976 1890 1977 XOR
2 1 1819 1895 1978 XOR
2 1 1950 1978 1979 AND
2 1 1979 1895 1980 XOR
2 1 1822 1900 1981 XOR
2 1 1950 1981 1982 AND
2 1 1982 1900 1983 XOR
2 1 1825 1905 1984 XOR
2 1 1950 1984 1985 AND
2 1 1985 1905 1986 XOR
2 1 1828 1910 1987 XOR
2 1 1950 1987 1988 AND
2 1 1988 1910 1989 XOR
2 1 1831 1915 1990 XOR
2 1 1950 1990 1991 AND
2 1 1991 1915 1992 XOR
2 1 1834 1920 1993 XOR
2 1 1950 1993 1994 AND
2 1 1994 1920 1995 XOR
2 1 1837 1925 1996 XOR
2 1 1950 1996 1997 AND
2 1 1997 1925 1998 XOR
2 1 1840 1930 1999 XOR
2 1 1950 1999 2000 AND
2 1 2000 1930 2001 XOR
2 1 1843 1935 2002 XOR
2 1 1950 2002 2003 AND
2 1 2003 1935 2004 XOR
2 1 1846 1940 2005 XOR
2 1 1950 2005 2006 AND
2 1 2006 1940 2007 XOR
2 1 1849 1945 2008 XOR
2 1 1950 2008 2009 AND
2 1 2009 1945 2010 XOR
1 1 1950 2011 INV
2 1 44 64 2012 XOR
2 1 2012 64 2013 AND
2 1 1953 65 2014 XOR
2 1 2013 65 2015 XOR
2 1 2014 2013 2016 XOR
2 1 2014 2015 2017 AND
2 1 2013 2017 2018 XOR
2 1 1956 66 2019 XOR
2 1 2018 66 2020 XOR
2 1 2019 2018 2021 XOR
2 1 2019 2020 2022 AND
2 1 2018 2022 2023 XOR
2 1 1959 67 2024 XOR
2 1 2023 67 2025 XOR
2 1 2024 2023 2026 XOR
2 1 2024 2025 2027 AND
2 1 2023 2027 2028 XOR
2 1 1962 68 2029 XOR
2 1 2028 68 2030 XOR
2 1 2029 2028 2031 XOR
2 1 2029 2030 2032 AND
2 1 2028 2032 2033 XOR
2 1 1965 69 2034 XOR
2 1 2033 69 2035 XOR
2 1 2034 2033 2036 XOR
2 1 2034 2035 2037 AND
2 1 2033 2037 2038 XOR
2 1 1968 70 2039 XOR
2 1 2038 70 2040 XOR
2 1 2039 2038 2041 XOR
2 1 2039 2040 2042 AND
2 1 2038 2042 2043 XOR
2 1 1971 71 2044 XOR
2 1 2043 71 2045 XOR
2 1 2044 2043 2046 XOR
2 1 2044 2045 2047 AND
2 1 2043 2047 2048 XOR
2 1 1974 72 2049 XOR
2 1 2048 72 2050 XOR
2 1 2049 2048 2051 XOR
2 1 2049 2050 2052 AND
2 1 2048 2052 2053 XOR
2 1 1977 73 2054 XOR
2 1 2053 73 2055 XOR
2 1 2054 2053 2056 XOR
2 1 2054 2055 2057 AND
2 1 2053 2057 2058 XOR
2 1 1980 74 2059 XOR
2 1 2058 74 2060 XOR
2 1 2059 2058 2061 XOR
2 1 2059 2060 2062 AND
2 1 2058 2062 2063 XOR
2 1 1983 75 2064 XOR
2 1 2063 75 2065 XOR
2 1 2064 2063 2066 XOR
2 1 2064 2065 2067 AND
2 1 2063 2067 2068 XOR
2 1 1986 76 2069 XOR
2 1 2068 76 2070 XOR
2 1 2069 2068 2071 XOR
2 1 2069 2070 2072 AND
2 1 2068 2072 2073 XOR
2 1 1989 77 2074 XOR
2 1 2073 77 2075 XOR
2 1 2074 2073 2076 XOR
2 1 2074 2075 2077 AND
2 1 2073 2077 2078 XOR
2 1 1992 78 2079 XOR
2 1 2078 78 2080 XOR
2 1 2079 2078 2081 XOR
2 1 2079 2080 2082 AND
2 1 2078 2082 2083 XOR
2 1 1995 79 2084 XOR
2 1 2083 79 2085 XOR
2 1 2084 2083 2086 XOR
2 1 2084 2085 2087 AND
2 1 2083 2087 2088 XOR
2 1 1998 80 2089 XOR
2 1 2088 80 2090 XOR
2 1 2089 2088 2091 XOR
2 1 2089 2090 2092 AND
2 1 2088 2092 2093 XOR
2 1 2001 81 2094 XOR
2 1 2093 81 2095 XOR
2 1 2094 2093 2096 XOR
2 1 2094 2095 2097 AND
2 1 2093 2097 2098 XOR
2 1 2004 82 2099 XOR
2 1 2098 82 2100 XOR
2 1 2099 2098 2101 XOR
2 1 2099 2100 2102 AND
2 1 2098 2102 2103 XOR
2 1 2007 83 2104 XOR
2 1 2103 83 2105 XOR
2 1 2104 2103 2106 XOR
2 1 2104 2105 2107 AND
2 1 2103 2107 2108 XOR
2 1 2010 84 2109 XOR
2 1 2108 84 2110 XOR
2 1 2109 2108 2111 XOR
2 1 2109 2110 2112 AND
2 1 2108 2112 2113 XOR
2 1 2113 253 2114 XOR
2 1 2113 253 2115 AND
2 1 2114 2115 2116 XOR
2 1 44 2012 2117 XOR
2 1 2116 2117 2118 AND
2 1 2118 2012 2119 XOR
2 1 1953 2016 2120 XOR
2 1 2116 2120 2121 AND
2 1 2121 2016 2122 XOR
2 1 1956 2021 2123 XOR
2 1 2116 2123 2124 AND
2 1 2124 2021 2125 XOR
2 1 1959 2026 2126 XOR
2 1 2116 2126 2127 AND
2 1 2127 2026 2128 XOR
2 1 1962 2031 2129 XOR
2 1 2116 2129 2130 AND
2 1 2130 2031 2131 XOR
2 1 1965 2036 2132 XOR
2 1 2116 2132 2133 AND
2 1 2133 2036 2134 XOR
2 1 1968 2041 2135 XOR
2 1 2116 2135 2136 AND
2 1 2136 2041 2137 XOR
2 1 1971 2046 2138 XOR
2 1 2116 2138 2139 AND
2 1 2139 2046 2140 XOR
2 1 1974 2051 2141 XOR
2 1 2116 2141 2142 AND
2 1 2142 2051 2143 XOR
2 1 1977 2056 2144 XOR
2 1 2116 2144 2145 AND
2 1 2145 2056 2146 XOR
2 1 1980 2061 2147 XOR
2 1 2116 2147 2148 AND
2 1 2148 2061 2149 XOR
2 1 1983 2066 2150 XOR
2 1 2116 2150 2151 AND
2 1 2151 2066 2152 XOR
2 1 1986 2071 2153 XOR
2 1 2116 2153 2154 AND
2 1 2154 2071 2155 XOR
2 1 1989 2076 2156 XOR
2 1 2116 2156 2157 AND
2 1 2157 2076 2158 XOR
2 1 1992 2081 2159 XOR
2 1 2116 2159 2160 AND
2 1 2160 2081 2161 XOR
2 1 1995 2086 2162 XOR
2 1 2116 2162 2163 AND
2 1 2163 2086 2164 XOR
2 1 1998 2091 2165 XOR
2 1 2116 2165 2166 AND
2 1 2166 2091 2167 XOR
2 1 2001 2096 2168 XOR
2 1 2116 2168 2169 AND
2 1 2169 2096 2170 XOR
2 1 2004 2101 2171 XOR
2 1 2116 2171 2172 AND
2 1 2172 2101 2173 XOR
2 1 2007 2106 2174 XOR
2 1 2116 2174 2175 AND
2 1 2175 2106 2176 XOR
2 1 2010 2111 2177 XOR
2 1 2116 2177 2178 AND
2 1 2178 2111 2179 XOR
1 1 2116 2180 INV
2 1 43 64 2181 XOR
2 1 2181 64 2182 AND
2 1 2119 65 2183 XOR
2 1 2182 65 2184 XOR
2 1 2183 2182 2185 XOR
2 1 2183 2184 2186 AND
2 1 2182 2186 2187 XOR
2 1 2122 66 2188 XOR
2 1 2187 66 2189 XOR
2 1 2188 2187 2190 XOR
2 1 2188 2189 2191 AND
2 1 2187 2191 2192 XOR
2 1 2125 67 2193 XOR
2 1 2192 67 2194 XOR
2 1 2193 2192 2195 XOR
2 1 2193 2194 2196 AND
2 1 2192 2196 2197 XOR
2 1 2128 68 2198 XOR
2 1 2197 68 2199 XOR
2 1 2198 2197 2200 XOR
2 1 2198 2199 2201 AND
2 1 2197 2201 2202 XOR
2 1 2131 69 2203 XOR
2 1 2202 69 2204 XOR
2 1 2203 2202 2205 XOR
2 1 2203 2204 2206 AND
2 1 2202 2206 2207 XOR
2 1 2134 70 2208 XOR
2 1 2207 70 2209 XOR
2 1 2208 2207 2210 XOR
2 1 2208 2209 2211 AND
2 1 2207 2211 2212 XOR
2 1 2137 71 2213 XOR
2 1 2212 71 2214 XOR
2 1 2213 2212 2215 XOR
2 1 2213 2214 2216 AND
2 1 2212 2216 2217 XOR
2 1 2140 72 2218 XOR
2 1 2217 72 2219 XOR
2 1 2218 2217 2220 XOR
2 1 2218 2219 2221 AND
2 1 2217 2221 2222 XOR
2 1 2143 73 2223 XOR
2 1 2222 73 2224 XOR
2 1 2223 2222 2225 XOR
2 1 2223 2224 2226 AND
2 1 2222 2226 2227 XOR
2 1 2146 74 2228 XOR
2 1 2227 74 2229 XOR
2 1 2228 2227 2230 XOR
2 1 2228 2229 2231 AND
2 1 2227 2231 2232 XOR
2 1 2149 75 2233 XOR
2 1 2232 75 2234 XOR
2 1 2233 2232 2235 XOR
2 1 2233 2234 2236 AND
2 1 2232 2236 2237 XOR
2 1 2152 76 2238 XOR
2 1 2237 76 2239 XOR
2 1 2238 2237 2240 XOR
2 1 2238 2239 2241 AND
2 1 2237 2241 2242 XOR
2 1 2155 77 2243 XOR
2 1 2242 77 2244 XOR
2 1 2243 2242 2245 XOR
2 1 2243 2244 2246 AND
2 1 2242 2246 2247 XOR
2 1 2158 78 2248 XOR
2 1 2247 78 2249 XOR
2 1 2248 2247 2250 XOR
2 1 2248 2249 2251 AND
2 1 2247 2251 2252 XOR
2 1 2161 79 2253 XOR
2 1 2252 79 2254 XOR
2 1 2253 2252 2255 XOR
2 1 2253 2254 2256 AND
2 1 2252 2256 2257 XOR
2 1 2164 80 2258 XOR
2 1 2257 80 2259 XOR
2 1 2258 2257 2260 XOR
2 1 2258 2259 2261 AND
2 1 2257 2261 2262 XOR
2 1 2167 81 2263 XOR
2 1 2262 81 2264 XOR
2 1 2263 2262 2265 XOR
2 1 2263 2264 2266 AND
2 1 2262 2266 2267 XOR
2 1 2170 82 2268 XOR
2 1 2267 82 2269 XOR
2 1 2268 2267 2270 XOR
2 1 2268 2269 2271 AND
2 1 2267 2271 2272 XOR
2 1 2173 83 2273 XOR
2 1 2272 83 2274 XOR
2 1 2273 2272 2275 XOR
2 1 2273 2274 2276 AND
2 1 2272 2276 2277 XOR
2 1 2176 84 2278 XOR
2 1 2277 84 2279 XOR
2 1 2278 2277 2280 XOR
2 1 2278 2279 2281 AND
2 1 2277 2281 2282 XOR
2 1 2179 85 2283 XOR
2 1 2282 85 2284 XOR
2 1 2283 2282 2285 XOR
2 1 2283 2284 2286 AND
2 1 2282 2286 2287 XOR
2 1 2287 250 2288 XOR
2 1 2287 250 2289 AND
2 1 2288 2289 2290 XOR
2 1 43 2181 2291 XOR
2 1 2290 2291 2292 AND
2 1 2292 2181 2293 XOR
2 1 2119 2185 2294 XOR
2 1 2290 2294 2295 AND
2 1 2295 2185 2296 XOR
2 1 2122 2190 2297 XOR
2 1 2290 2297 2298 AND
2 1 2298 2190 2299 XOR
2 1 2125 2195 2300 XOR
2 1 2290 2300 2301 AND
2 1 2301 2195 2302 XOR
2 1 2128 2200 2303 XOR
2 1 2290 2303 2304 AND
2 1 2304 2200 2305 XOR
2 1 2131 2205 2306 XOR
2 1 2290 2306 2307 AND
2 1 2307 2205 2308 XOR
2 1 2134 2210 2309 XOR
2 1 2290 2309 2310 AND
2 1 2310 2210 2311 XOR
2 1 2137 2215 2312 XOR
2 1 2290 2312 2313 AND
2 1 2313 2215 2314 XOR
2 1 2140 2220 2315 XOR
2 1 2290 2315 2316 AND
2 1 2316 2220 2317 XOR
2 1 2143 2225 2318 XOR
2 1 2290 2318 2319 AND
2 1 2319 2225 2320 XOR
2 1 2146 2230 2321 XOR
2 1 2290 2321 2322 AND
2 1 2322 2230 2323 XOR
2 1 2149 2235 2324 XOR
2 1 2290 2324 2325 AND
2 1 2325 2235 2326 XOR
2 1 2152 2240 2327 XOR
2 1 2290 2327 2328 AND
2 1 2328 2240 2329 XOR
2 1 2155 2245 2330 XOR
2 1 2290 2330 2331 AND
2 1 2331 2245 2332 XOR
2 1 2158 2250 2333 XOR
2 1 2290 2333 2334 AND
2 1 2334 2250 2335 XOR
2 1 2161 2255 2336 XOR
2 1 2290 2336 2337 AND
2 1 2337 2255 2338 XOR
2 1 2164 2260 2339 XOR
2 1 2290 2339 2340 AND
2 1 2340 2260 2341 XOR
2 1 2167 2265 2342 XOR
2 1 2290 2342 2343 AND
2 1 2343 2265 2344 XOR
2 1 2170 2270 2345 XOR
2 1 2290 2345 2346 AND
2 1 2346 2270 2347 XOR
2 1 2173 2275 2348 XOR
2 1 2290 2348 2349 AND
2 1 2349 2275 2350 XOR
2 1 2176 2280 2351 XOR
2 1 2290 2351 2352 AND
2 1 2352 2280 2353 XOR
2 1 2179 2285 2354 XOR
2 1 2290 2354 2355 AND
2 1 2355 2285 2356 XOR
1 1 2290 2357 INV
2 1 42 64 2358 XOR
2 1 2358 64 2359 AND
2 1 2293 65 2360 XOR
2 1 2359 65 2361 XOR
2 1 2360 2359 2362 XOR
2 1 2360 2361 2363 AND
2 1 2359 2363 2364 XOR
2 1 2296 66 2365 XOR
2 1 2364 66 2366 XOR
2 1 2365 2364 2367 XOR
2 1 2365 2366 2368 AND
2 1 2364 2368 2369 XOR
2 1 2299 67 2370 XOR
2 1 2369 67 2371 XOR
2 1 2370 2369 2372 XOR
2 1 2370 2371 2373 AND
2 1 2369 2373 2374 XOR
2 1 2302 68 2375 XOR
2 1 2374 68 2376 XOR
2 1 2375 2374 2377 XOR
2 1 2375 2376 2378 AND
2 1 2374 2378 2379 XOR
2 1 2305 69 2380 XOR
2 1 2379 69 2381 XOR
2 1 2380 2379 2382 XOR
2 1 2380 2381 2383 AND
2 1 2379 2383 2384 XOR
2 1 2308 70 2385 XOR
2 1 2384 70 2386 XOR
2 1 2385 2384 2387 XOR
2 1 2385 2386 2388 AND
2 1 2384 2388 2389 XOR
2 1 2311 71 2390 XOR
2 1 2389 71 2391 XOR
2 1 2390 2389 2392 XOR
2 1 2390 2391 2393 AND
2 1 2389 2393 2394 XOR
2 1 2314 72 2395 XOR
2 1 2394 72 2396 XOR
2 1 2395 2394 2397 XOR
2 1 2395 2396 2398 AND
2 1 2394 2398 2399 XOR
2 1 2317 73 2400 XOR
2 1 2399 73 2401 XOR
2 1 2400 2399 2402 XOR
2 1 2400 2401 2403 AND
2 1 2399 2403 2404 XOR
2 1 2320 74 2405 XOR
2 1 2404 74 2406 XOR
2 1 2405 2404 2407 XOR
2 1 2405 2406 2408 AND
2 1 2404 2408 2409 XOR
2 1 2323 75 2410 XOR
2 1 2409 75 2411 XOR
2 1 2410 2409 2412 XOR
2 1 2410 2411 2413 AND
2 1 2409 2413 2414 XOR
2 1 2326 76 2415 XOR
2 1 2414 76 2416 XOR
2 1 2415 2414 2417 XOR
2 1 2415 2416 2418 AND
2 1 2414 2418 2419 XOR
2 1 2329 77 2420 XOR
2 1 2419 77 2421 XOR
2 1 2420 2419 2422 XOR
2 1 2420 2421 2423 AND
2 1 2419 2423 2424 XOR
2 1 2332 78 2425 XOR
2 1 2424 78 2426 XOR
2 1 2425 2424 2427 XOR
2 1 2425 2426 2428 AND
2 1 2424 2428 2429 XOR
2 1 2335 79 2430 XOR
2 1 2429 79 2431 XOR
2 1 2430 2429 2432 XOR
2 1 2430 2431 2433 AND
2 1 2429 2433 2434 XOR
2 1 2338 80 2435 XOR
2 1 2434 80 2436 XOR
2 1 2435 2434 2437 XOR
2 1 2435 2436 2438 AND
2 1 2434 2438 2439 XOR
2 1 2341 81 2440 XOR
2 1 2439 81 2441 XOR
2 1 2440 2439 2442 XOR
2 1 2440 2441 2443 AND
2 1 2439 2443 2444 XOR
2 1 2344 82 2445 XOR
2 1 2444 82 2446 XOR
2 1 2445 2444 2447 XOR
2 1 2445 2446 2448 AND
2 1 2444 2448 2449 XOR
2 1 2347 83 2450 XOR
2 1 2449 83 2451 XOR
2 1 2450 2449 2452 XOR
2 1 2450 2451 2453 AND
2 1 2449 2453 2454 XOR
2 1 2350 84 2455 XOR
2 1 2454 84 2456 XOR
2 1 2455 2454 2457 XOR
2 1 2455 2456 2458 AND
2 1 2454 2458 2459 XOR
2 1 2353 85 2460 XOR
2 1 2459 85 2461 XOR
2 1 2460 2459 2462 XOR
2 1 2460 2461 2463 AND
2 1 2459 2463 2464 XOR
2 1 2356 86 2465 XOR
2 1 2464 86 2466 XOR
2 1 2465 2464 2467 XOR
2 1 2465 2466 2468 AND
2 1 2464 2468 2469 XOR
2 1 2469 247 2470 XOR
2 1 2469 247 2471 AND
2 1 2470 2471 2472 XOR
2 1 42 2358 2473 XOR
2 1 2472 2473 2474 AND
2 1 2474 2358 2475 XOR
2 1 2293 2362 2476 XOR
2 1 2472 2476 2477 AND
2 1 2477 2362 2478 XOR
2 1 2296 2367 2479 XOR
2 1 2472 2479 2480 AND
2 1 2480 2367 2481 XOR
2 1 2299 2372 2482 XOR
2 1 2472 2482 2483 AND
2 1 2483 2372 2484 XOR
2 1 2302 2377 2485 XOR
2 1 2472 2485 2486 AND
2 1 2486 2377 2487 XOR
2 1 2305 2382 2488 XOR
2 1 2472 2488 2489 AND
2 1 2489 2382 2490 XOR
2 1 2308 2387 2491 XOR
2 1 2472 2491 2492 AND
2 1 2492 2387 2493 XOR
2 1 2311 2392 2494 XOR
2 1 2472 2494 2495 AND
2 1 2495 2392 2496 XOR
2 1 2314 2397 2497 XOR
2 1 2472 2497 2498 AND
2 1 2498 2397 2499 XOR
2 1 2317 2402 2500 XOR
2 1 2472 2500 2501 AND
2 1 2501 2402 2502 XOR
2 1 2320 2407 2503 XOR
2 1 2472 2503 2504 AND
2 1 2504 2407 2505 XOR
2 1 2323 2412 2506 XOR
2 1 2472 2506 2507 AND
2 1 2507 2412 2508 XOR
2 1 2326 2417 2509 XOR
2 1 2472 2509 2510 AND
2 1 2510 2417 2511 XOR
2 1 2329 2422 2512 XOR
2 1 2472 2512 2513 AND
2 1 2513 2422 2514 XOR
2 1 2332 2427 2515 XOR
2 1 2472 2515 2516 AND
2 1 2516 2427 2517 XOR
2 1 2335 2432 2518 XOR
2 1 2472 2518 2519 AND
2 1 2519 2432 2520 XOR
2 1 2338 2437 2521 XOR
2 1 2472 2521 2522 AND
2 1 2522 2437 2523 XOR
2 1 2341 2442 2524 XOR
2 1 2472 2524 2525 AND
2 1 2525 2442 2526 XOR
2 1 2344 2447 2527 XOR
2 1 2472 2527 2528 AND
2 1 2528 2447 2529 XOR
2 1 2347 2452 2530 XOR
2 1 2472 2530 2531 AND
2 1 2531 2452 2532 XOR
2 1 2350 2457 2533 XOR
2 1 2472 2533 2534 AND
2 1 2534 2457 2535 XOR
2 1 2353 2462 2536 XOR
2 1 2472 2536 2537 AND
2 1 2537 2462 2538 XOR
2 1 2356 2467 2539 XOR
2 1 2472 2539 2540 AND
2 1 2540 2467 2541 XOR
1 1 2472 2542 INV
2 1 41 64 2543 XOR
2 1 2543 64 2544 AND
2 1 2475 65 2545 XOR
2 1 2544 65 2546 XOR
2 1 2545 2544 2547 XOR
2 1 2545 2546 2548 AND
2 1 2544 2548 2549 XOR
2 1 2478 66 2550 XOR
2 1 2549 66 2551 XOR
2 1 2550 2549 2552 XOR
2 1 2550 2551 2553 AND
2 1 2549 2553 2554 XOR
2 1 2481 67 2555 XOR
2 1 2554 67 2556 XOR
2 1 2555 2554 2557 XOR
2 1 2555 2556 2558 AND
2 1 2554 2558 2559 XOR
2 1 2484 68 2560 XOR
2 1 2559 68 2561 XOR
2 1 2560 2559 2562 XOR
2 1 2560 2561 2563 AND
2 1 2559 2563 2564 XOR
2 1 2487 69 2565 XOR
2 1 2564 69 2566 XOR
2 1 2565 2564 2567 XOR
2 1 2565 2566 2568 AND
2 1 2564 2568 2569 XOR
2 1 2490 70 2570 XOR
2 1 2569 70 2571 XOR
2 1 2570 2569 2572 XOR
2 1 2570 2571 2573 AND
2 1 2569 2573 2574 XOR
2 1 2493 71 2575 XOR
2 1 2574 71 2576 XOR
2 1 2575 2574 2577 XOR
2 1 2575 2576 2578 AND
2 1 2574 2578 2579 XOR
2 1 2496 72 2580 XOR
2 1 2579 72 2581 XOR
2 1 2580 2579 2582 XOR
2 1 2580 2581 2583 AND
2 1 2579 2583 2584 XOR
2 1 2499 73 2585 XOR
2 1 2584 73 2586 XOR
2 1 2585 2584 2587 XOR
2 1 2585 2586 2588 AND
2 1 2584 2588 2589 XOR
2 1 2502 74 2590 XOR
2 1 2589 74 2591 XOR
2 1 2590 2589 2592 XOR
2 1 2590 2591 2593 AND
2 1 2589 2593 2594 XOR
2 1 2505 75 2595 XOR
2 1 2594 75 2596 XOR
2 1 2595 2594 2597 XOR
2 1 2595 2596 2598 AND
2 1 2594 2598 2599 XOR
2 1 2508 76 2600 XOR
2 1 2599 76 2601 XOR
2 1 2600 2599 2602 XOR
2 1 2600 2601 2603 AND
2 1 2599 2603 2604 XOR
2 1 2511 77 2605 XOR
2 1 2604 77 2606 XOR
2 1 2605 2604 2607 XOR
2 1 2605 2606 2608 AND
2 1 2604 2608 2609 XOR
2 1 2514 78 2610 XOR
2 1 2609 78 2611 XOR
2 1 2610 2609 2612 XOR
2 1 2610 2611 2613 AND
2 1 2609 2613 2614 XOR
2 1 2517 79 2615 XOR
2 1 2614 79 2616 XOR
2 1 2615 2614 2617 XOR
2 1 2615 2616 2618 AND
2 1 2614 2618 2619 XOR
2 1 2520 80 2620 XOR
2 1 2619 80 2621 XOR
2 1 2620 2619 2622 XOR
2 1 2620 2621 2623 AND
2 1 2619 2623 2624 XOR
2 1 2523 81 2625 XOR
2 1 2624 81 2626 XOR
2 1 2625 2624 2627 XOR
2 1 2625 2626 2628 AND
2 1 2624 2628 2629 XOR
2 1 2526 82 2630 XOR
2 1 2629 82 2631 XOR
2 1 2630 2629 2632 XOR
2 1 2630 2631 2633 AND
2 1 2629 2633 2634 XOR
2 1 2529 83 2635 XOR
2 1 2634 83 2636 XOR
2 1 2635 2634 2637 XOR
2 1 2635 2636 2638 AND
2 1 2634 2638 2639 XOR
2 1 2532 84 2640 XOR
2 1 2639 84 2641 XOR
2 1 2640 2639 2642 XOR
2 1 2640 2641 2643 AND
2 1 2639 2643 2644 XOR
2 1 2535 85 2645 XOR
2 1 2644 85 2646 XOR
2 1 2645 2644 2647 XOR
2 1 2645 2646 2648 AND
2 1 2644 2648 2649 XOR
2 1 2538 86 2650 XOR
2 1 2649 86 2651 XOR
2 1 2650 2649 2652 XOR
2 1 2650 2651 2653 AND
2 1 2649 2653 2654 XOR
2 1 2541 87 2655 XOR
2 1 2654 87 2656 XOR
2 1 2655 2654 2657 XOR
2 1 2655 2656 2658 AND
2 1 2654 2658 2659 XOR
2 1 2659 244 2660 XOR
2 1 2659 244 2661 AND
2 1 2660 2661 2662 XOR
2 1 41 2543 2663 XOR
2 1 2662 2663 2664 AND
2 1 2664 2543 2665 XOR
2 1 2475 2547 2666 XOR
2 1 2662 2666 2667 AND
2 1 2667 2547 2668 XOR
2 1 2478 2552 2669 XOR
2 1 2662 2669 2670 AND
2 1 2670 2552 2671 XOR
2 1 2481 2557 2672 XOR
2 1 2662 2672 2673 AND
2 1 2673 2557 2674 XOR
2 1 2484 2562 2675 XOR
2 1 2662 2675 2676 AND
2 1 2676 2562 2677 XOR
2 1 2487 2567 2678 XOR
2 1 2662 2678 2679 AND
2 1 2679 2567 2680 XOR
2 1 2490 2572 2681 XOR
2 1 2662 2681 2682 AND
2 1 2682 2572 2683 XOR
2 1 2493 2577 2684 XOR
2 1 2662 2684 2685 AND
2 1 2685 2577 2686 XOR
2 1 2496 2582 2687 XOR
2 1 2662 2687 2688 AND
2 1 2688 2582 2689 XOR
2 1 2499 2587 2690 XOR
2 1 2662 2690 2691 AND
2 1 2691 2587 2692 XOR
2 1 2502 2592 2693 XOR
2 1 2662 2693 2694 AND
2 1 2694 2592 2695 XOR
2 1 2505 2597 2696 XOR
2 1 2662 2696 2697 AND
2 1 2697 2597 2698 XOR
2 1 2508 2602 2699 XOR
2 1 2662 2699 2700 AND
2 1 2700 2602 2701 XOR
2 1 2511 2607 2702 XOR
2 1 2662 2702 2703 AND
2 1 2703 2607 2704 XOR
2 1 2514 2612 2705 XOR
2 1 2662 2705 2706 AND
2 1 2706 2612 2707 XOR
2 1 2517 2617 2708 XOR
2 1 2662 2708 2709 AND
2 1 2709 2617 2710 XOR
2 1 2520 2622 2711 XOR
2 1 2662 2711 2712 AND
2 1 2712 2622 2713 XOR
2 1 2523 2627 2714 XOR
2 1 2662 2714 2715 AND
2 1 2715 2627 2716 XOR
2 1 2526 2632 2717 XOR
2 1 2662 2717 2718 AND
2 1 2718 2632 2719 XOR
2 1 2529 2637 2720 XOR
2 1 2662 2720 2721 AND
2 1 2721 2637 2722 XOR
2 1 2532 2642 2723 XOR
2 1 2662 2723 2724 AND
2 1 2724 2642 2725 XOR
2 1 2535 2647 2726 XOR
2 1 2662 2726 2727 AND
2 1 2727 2647 2728 XOR
2 1 2538 2652 2729 XOR
2 1 2662 2729 2730 AND
2 1 2730 2652 2731 XOR
2 1 2541 2657 2732 XOR
2 1 2662 2732 2733 AND
2 1 2733 2657 2734 XOR
1 1 2662 2735 INV
2 1 40 64 2736 XOR
2 1 2736 64 2737 AND
2 1 2665 65 2738 XOR
2 1 2737 65 2739 XOR
2 1 2738 2737 2740 XOR
2 1 2738 2739 2741 AND
2 1 2737 2741 2742 XOR
2 1 2668 66 2743 XOR
2 1 2742 66 2744 XOR
2 1 2743 2742 2745 XOR
2 1 2743 2744 2746 AND
2 1 2742 2746 2747 XOR
2 1 2671 67 2748 XOR
2 1 2747 67 2749 XOR
2 1 2748 2747 2750 XOR
2 1 2748 2749 2751 AND
2 1 2747 2751 2752 XOR
2 1 2674 68 2753 XOR
2 1 2752 68 2754 XOR
2 1 2753 2752 2755 XOR
2 1 2753 2754 2756 AND
2 1 2752 2756 2757 XOR
2 1 2677 69 2758 XOR
2 1 2757 69 2759 XOR
2 1 2758 2757 2760 XOR
2 1 2758 2759 2761 AND
2 1 2757 2761 2762 XOR
2 1 2680 70 2763 XOR
2 1 2762 70 2764 XOR
2 1 2763 2762 2765 XOR
2 1 2763 2764 2766 AND
2 1 2762 2766 2767 XOR
2 1 2683 71 2768 XOR
2 1 2767 71 2769 XOR
2 1 2768 2767 2770 XOR
2 1 2768 2769 2771 AND
2 1 2767 2771 2772 XOR
2 1 2686 72 2773 XOR
2 1 2772 72 2774 XOR
2 1 2773 2772 2775 XOR
2 1 2773 2774 2776 AND
2 1 2772 2776 2777 XOR
2 1 2689 73 2778 XOR
2 1 2777 73 2779 XOR
2 1 2778 2777 2780 XOR
2 1 2778 2779 2781 AND
2 1 2777 2781 2782 XOR
2 1 2692 74 2783 XOR
2 1 2782 74 2784 XOR
2 1 2783 2782 2785 XOR
2 1 2783 2784 2786 AND
2 1 2782 2786 2787 XOR
2 1 2695 75 2788 XOR
2 1 2787 75 2789 XOR
2 1 2788 2787 2790 XOR
2 1 2788 2789 2791 AND
2 1 2787 2791 2792 XOR
2 1 2698 76 2793 XOR
2 1 2792 76 2794 XOR
2 1 2793 2792 2795 XOR
2 1 2793 2794 2796 AND
2 1 2792 2796 2797 XOR
2 1 2701 77 2798 XOR
2 1 2797 77 2799 XOR
2 1 2798 2797 2800 XOR
2 1 2798 2799 2801 AND
2 1 2797 2801 2802 XOR
2 1 2704 78 2803 XOR
2 1 2802 78 2804 XOR
2 1 2803 2802 2805 XOR
2 1 2803 2804 2806 AND
2 1 2802 2806 2807 XOR
2 1 2707 79 2808 XOR
2 1 2807 79 2809 XOR
2 1 2808 2807 2810 XOR
2 1 2808 2809 2811 AND
2 1 2807 2811 2812 XOR
2 1 2710 80 2813 XOR
2 1 2812 80 2814 XOR
2 1 2813 2812 2815 XOR
2 1 2813 2814 2816 AND
2 1 2812 2816 2817 XOR
2 1 2713 81 2818 XOR
2 1 2817 81 2819 XOR
2 1 2818 2817 2820 XOR
2 1 2818 2819 2821 AND
2 1 2817 2821 2822 XOR
2 1 2716 82 2823 XOR
2 1 2822 82 2824 XOR
2 1 2823 2822 2825 XOR
2 1 2823 2824 2826 AND
2 1 2822 2826 2827 XOR
2 1 2719 83 2828 XOR
2 1 2827 83 2829 XOR
2 1 2828 2827 2830 XOR
2 1 2828 2829 2831 AND
2 1 2827 2831 2832 XOR
2 1 2722 84 2833 XOR
2 1 2832 84 2834 XOR
2 1 2833 2832 2835 XOR
2 1 2833 2834 2836 AND
2 1 2832 2836 2837 XOR
2 1 2725 85 2838 XOR
2 1 2837 85 2839 XOR
2 1 2838 2837 2840 XOR
2 1 2838 2839 2841 AND
2 1 2837 2841 2842 XOR
2 1 2728 86 2843 XOR
2 1 2842 86 2844 XOR
2 1 2843 2842 2845 XOR
2 1 2843 2844 2846 AND
2 1 2842 2846 2847 XOR
2 1 2731 87 2848 XOR
2 1 2847 87 2849 XOR
2 1 2848 2847 2850 XOR
2 1 2848 2849 2851 AND
2 1 2847 2851 2852 XOR
2 1 2734 88 2853 XOR
2 1 2852 88 2854 XOR
2 1 2853 2852 2855 XOR
2 1 2853 2854 2856 AND
2 1 2852 2856 2857 XOR
2 1 2857 241 2858 XOR
2 1 2857 241 2859 AND
2 1 2858 2859 2860 XOR
2 1 40 2736 2861 XOR
2 1 2860 2861 2862 AND
2 1 2862 2736 2863 XOR
2 1 2665 2740 2864 XOR
2 1 2860 2864 2865 AND
2 1 2865 2740 2866 XOR
2 1 2668 2745 2867 XOR
2 1 2860 2867 2868 AND
2 1 2868 2745 2869 XOR
2 1 2671 2750 2870 XOR
2 1 2860 2870 2871 AND
2 1 2871 2750 2872 XOR
2 1 2674 2755 2873 XOR
2 1 2860 2873 2874 AND
2 1 2874 2755 2875 XOR
2 1 2677 2760 2876 XOR
2 1 2860 2876 2877 AND
2 1 2877 2760 2878 XOR
2 1 2680 2765 2879 XOR
2 1 2860 2879 2880 AND
2 1 2880 2765 2881 XOR
2 1 2683 2770 2882 XOR
2 1 2860 2882 2883 AND
2 1 2883 2770 2884 XOR
2 1 2686 2775 2885 XOR
2 1 2860 2885 2886 AND
2 1 2886 2775 2887 XOR
2 1 2689 2780 2888 XOR
2 1 2860 2888 2889 AND
2 1 2889 2780 2890 XOR
2 1 2692 2785 2891 XOR
2 1 2860 2891 2892 AND
2 1 2892 2785 2893 XOR
2 1 2695 2790 2894 XOR
2 1 2860 2894 2895 AND
2 1 2895 2790 2896 XOR
2 1 2698 2795 2897 XOR
2 1 2860 2897 2898 AND
2 1 2898 2795 2899 XOR
2 1 2701 2800 2900 XOR
2 1 2860 2900 2901 AND
2 1 2901 2800 2902 XOR
2 1 2704 2805 2903 XOR
2 1 2860 2903 2904 AND
2 1 2904 2805 2905 XOR
2 1 2707 2810 2906 XOR
2 1 2860 2906 2907 AND
2 1 2907 2810 2908 XOR
2 1 2710 2815 2909 XOR
2 1 2860 2909 2910 AND
2 1 2910 2815 2911 XOR
2 1 2713 2820 2912 XOR
2 1 2860 2912 2913 AND
2 1 2913 2820 2914 XOR
2 1 2716 2825 2915 XOR
2 1 2860 2915 2916 AND
2 1 2916 2825 2917 XOR
2 1 2719 2830 2918 XOR
2 1 2860 2918 2919 AND
2 1 2919 2830 2920 XOR
2 1 2722 2835 2921 XOR
2 1 2860 2921 2922 AND
2 1 2922 2835 2923 XOR
2 1 2725 2840 2924 XOR
2 1 2860 2924 2925 AND
2 1 2925 2840 2926 XOR
2 1 2728 2845 2927 XOR
2 1 2860 2927 2928 AND
2 1 2928 2845 2929 XOR
2 1 2731 2850 2930 XOR
2 1 2860 2930 2931 AND
2 1 2931 2850 2932 XOR
2 1 2734 2855 2933 XOR
2 1 2860 2933 2934 AND
2 1 2934 2855 2935 XOR
1 1 2860 2936 INV
2 1 39 64 2937 XOR
2 1 2937 64 2938 AND
2 1 2863 65 2939 XOR
2 1 2938 65 2940 XOR
2 1 2939 2938 2941 XOR
2 1 2939 2940 2942 AND
2 1 2938 2942 2943 XOR
2 1 2866 66 2944 XOR
2 1 2943 66 2945 XOR
2 1 2944 2943 2946 XOR
2 1 2944 2945 2947 AND
2 1 2943 2947 2948 XOR
2 1 2869 67 2949 XOR
2 1 2948 67 2950 XOR
2 1 2949 2948 2951 XOR
2 1 2949 2950 2952 AND
2 1 2948 2952 2953 XOR
2 1 2872 68 2954 XOR
2 1 2953 68 2955 XOR
2 1 2954 2953 2956 XOR
2 1 2954 2955 2957 AND
2 1 2953 2957 2958 XOR
2 1 2875 69 2959 XOR
2 1 2958 69 2960 XOR
2 1 2959 2958 2961 XOR
2 1 2959 2960 2962 AND
2 1 2958 2962 2963 XOR
2 1 2878 70 2964 XOR
2 1 2963 70 2965 XOR
2 1 2964 2963 2966 XOR
2 1 2964 2965 2967 AND
2 1 2963 2967 2968 XOR
2 1 2881 71 2969 XOR
2 1 2968 71 2970 XOR
2 1 2969 2968 2971 XOR
2 1 2969 2970 2972 AND
2 1 2968 2972 2973 XOR
2 1 2884 72 2974 XOR
2 1 2973 72 2975 XOR
2 1 2974 2973 2976 XOR
2 1 2974 2975 2977 AND
2 1 2973 2977 2978 XOR
2 1 2887 73 2979 XOR
2 1 2978 73 2980 XOR
2 1 2979 2978 2981 XOR
2 1 2979 2980 2982 AND
2 1 2978 2982 2983 XOR
2 1 2890 74 2984 XOR
2 1 2983 74 2985 XOR
2 1 2984 2983 2986 XOR
2 1 2984 2985 2987 AND
2 1 2983 2987 2988 XOR
2 1 2893 75 2989 XOR
2 1 2988 75 2990 XOR
2 1 2989 2988 2991 XOR
2 1 2989 2990 2992 AND
2 1 2988 2992 2993 XOR
2 1 2896 76 2994 XOR
2 1 2993 76 2995 XOR
2 1 2994 2993 2996 XOR
2 1 2994 2995 2997 AND
2 1 2993 2997 2998 XOR
2 1 2899 77 2999 XOR
2 1 2998 77 3000 XOR
2 1 2999 2998 3001 XOR
2 1 2999 3000 3002 AND
2 1 2998 3002 3003 XOR
2 1 2902 78 3004 XOR
2 1 3003 78 3005 XOR
2 1 3004 3003 3006 XOR
2 1 3004 3005 3007 AND
2 1 3003 3007 3008 XOR
2 1 2905 79 3009 XOR
2 1 3008 79 3010 XOR
2 1 3009 3008 3011 XOR
2 1 3009 3010 3012 AND
2 1 3008 3012 3013 XOR
2 1 2908 80 3014 XOR
2 1 3013 80 3015 XOR
2 1 3014 3013 3016 XOR
2 1 3014 3015 3017 AND
2 1 3013 3017 3018 XOR
2 1 2911 81 3019 XOR
2 1 3018 81 3020 XOR
2 1 3019 3018 3021 XOR
2 1 3019 3020 3022 AND
2 1 3018 3022 3023 XOR
2 1 2914 82 3024 XOR
2 1 3023 82 3025 XOR
2 1 3024 3023 3026 XOR
2 1 3024 3025 3027 AND
2 1 3023 3027 3028 XOR
2 1 2917 83 3029 XOR
2 1 3028 83 3030 XOR
2 1 3029 3028 3031 XOR
2 1 3029 3030 3032 AND
2 1 3028 3032 3033 XOR
2 1 2920 84 3034 XOR
2 1 3033 84 3035 XOR
2 1 3034 3033 3036 XOR
2 1 3034 3035 3037 AND
2 1 3033 3037 3038 XOR
2 1 2923 85 3039 XOR
2 1 3038 85 3040 XOR
2 1 3039 3038 3041 XOR
2 1 3039 3040 3042 AND
2 1 3038 3042 3043 XOR
2 1 2926 86 3044 XOR
2 1 3043 86 3045 XOR
2 1 3044 3043 3046 XOR
2 1 3044 3045 3047 AND
2 1 3043 3047 3048 XOR
2 1 2929 87 3049 XOR
2 1 3048 87 3050 XOR
2 1 3049 3048 3051 XOR
2 1 3049 3050 3052 AND
2 1 3048 3052 3053 XOR
2 1 2932 88 3054 XOR
2 1 3053 88 3055 XOR
2 1 3054 3053 3056 XOR
2 1 3054 3055 3057 AND
2 1 3053 3057 3058 XOR
2 1 2935 89 3059 XOR
2 1 3058 89 3060 XOR
2 1 3059 3058 3061 XOR
2 1 3059 3060 3062 AND
2 1 3058 3062 3063 XOR
2 1 3063 238 3064 XOR
2 1 3063 238 3065 AND
2 1 3064 3065 3066 XOR
2 1 39 2937 3067 XOR
2 1 3066 3067 3068 AND
2 1 3068 2937 3069 XOR
2 1 2863 2941 3070 XOR
2 1 3066 3070 3071 AND
2 1 3071 2941 3072 XOR
2 1 2866 2946 3073 XOR
2 1 3066 3073 3074 AND
2 1 3074 2946 3075 XOR
2 1 2869 2951 3076 XOR
2 1 3066 3076 3077 AND
2 1 3077 2951 3078 XOR
2 1 2872 2956 3079 XOR
2 1 3066 3079 3080 AND
2 1 3080 2956 3081 XOR
2 1 2875 2961 3082 XOR
2 1 3066 3082 3083 AND
2 1 3083 2961 3084 XOR
2 1 2878 2966 3085 XOR
2 1 3066 3085 3086 AND
2 1 3086 2966 3087 XOR
2 1 2881 2971 3088 XOR
2 1 3066 3088 3089 AND
2 1 3089 2971 3090 XOR
2 1 2884 2976 3091 XOR
2 1 3066 3091 3092 AND
2 1 3092 2976 3093 XOR
2 1 2887 2981 3094 XOR
2 1 3066 3094 3095 AND
2 1 3095 2981 3096 XOR
2 1 2890 2986 3097 XOR
2 1 3066 3097 3098 AND
2 1 3098 2986 3099 XOR
2 1 2893 2991 3100 XOR
2 1 3066 3100 3101 AND
2 1 3101 2991 3102 XOR
2 1 2896 2996 3103 XOR
2 1 3066 3103 3104 AND
2 1 3104 2996 3105 XOR
2 1 2899 3001 3106 XOR
2 1 3066 3106 3107 AND
2 1 3107 3001 3108 XOR
2 1 2902 3006 3109 XOR
2 1 3066 3109 3110 AND
2 1 3110 3006 3111 XOR
2 1 2905 3011 3112 XOR
2 1 3066 3112 3113 AND
2 1 3113 3011 3114 XOR
2 1 2908 3016 3115 XOR
2 1 3066 3115 3116 AND
2 1 3116 3016 3117 XOR
2 1 2911 3021 3118 XOR
2 1 3066 3118 3119 AND
2 1 3119 3021 3120 XOR
2 1 2914 3026 3121 XOR
2 1 3066 3121 3122 AND
2 1 3122 3026 3123 XOR
2 1 2917 3031 3124 XOR
2 1 3066 3124 3125 AND
2 1 3125 3031 3126 XOR
2 1 2920 3036 3127 XOR
2 1 3066 3127 3128 AND
2 1 3128 3036 3129 XOR
2 1 2923 3041 3130 XOR
2 1 3066 3130 3131 AND
2 1 3131 3041 3132 XOR
2 1 2926 3046 3133 XOR
2 1 3066 3133 3134 AND
2 1 3134 3046 3135 XOR
2 1 2929 3051 3136 XOR
2 1 3066 3136 3137 AND
2 1 3137 3051 3138 XOR
2 1 2932 3056 3139 XOR
2 1 3066 3139 3140 AND
2 1 3140 3056 3141 XOR
2 1 2935 3061 3142 XOR
2 1 3066 3142 3143 AND
2 1 3143 3061 3144 XOR
1 1 3066 3145 INV
2 1 38 64 3146 XOR
2 1 3146 64 3147 AND
2 1 3069 65 3148 XOR
2 1 3147 65 3149 XOR
2 1 3148 3147 3150 XOR
2 1 3148 3149 3151 AND
2 1 3147 3151 3152 XOR
2 1 3072 66 3153 XOR
2 1 3152 66 3154 XOR
2 1 3153 3152 3155 XOR
2 1 3153 3154 3156 AND
2 1 3152 3156 3157 XOR
2 1 3075 67 3158 XOR
2 1 3157 67 3159 XOR
2 1 3158 3157 3160 XOR
2 1 3158 3159 3161 AND
2 1 3157 3161 3162 XOR
2 1 3078 68 3163 XOR
2 1 3162 68 3164 XOR
2 1 3163 3162 3165 XOR
2 1 3163 3164 3166 AND
2 1 3162 3166 3167 XOR
2 1 3081 69 3168 XOR
2 1 3167 69 3169 XOR
2 1 3168 3167 3170 XOR
2 1 3168 3169 3171 AND
2 1 3167 3171 3172 XOR
2 1 3084 70 3173 XOR
2 1 3172 70 3174 XOR
2 1 3173 3172 3175 XOR
2 1 3173 3174 3176 AND
2 1 3172 3176 3177 XOR
2 1 3087 71 3178 XOR
2 1 3177 71 3179 XOR
2 1 3178 3177 3180 XOR
2 1 3178 3179 3181 AND
2 1 3177 3181 3182 XOR
2 1 3090 72 3183 XOR
2 1 3182 72 3184 XOR
2 1 3183 3182 3185 XOR
2 1 3183 3184 3186 AND
2 1 3182 3186 3187 XOR
2 1 3093 73 3188 XOR
2 1 3187 73 3189 XOR
2 1 3188 3187 3190 XOR
2 1 3188 3189 3191 AND
2 1 3187 3191 3192 XOR
2 1 3096 74 3193 XOR
2 1 3192 74 3194 XOR
2 1 3193 3192 3195 XOR
2 1 3193 3194 3196 AND
2 1 3192 3196 3197 XOR
2 1 3099 75 3198 XOR
2 1 3197 75 3199 XOR
2 1 3198 3197 3200 XOR
2 1 3198 3199 3201 AND
2 1 3197 3201 3202 XOR
2 1 3102 76 3203 XOR
2 1 3202 76 3204 XOR
2 1 3203 3202 3205 XOR
2 1 3203 3204 3206 AND
2 1 3202 3206 3207 XOR
2 1 3105 77 3208 XOR
2 1 3207 77 3209 XOR
2 1 3208 3207 3210 XOR
2 1 3208 3209 3211 AND
2 1 3207 3211 3212 XOR
2 1 3108 78 3213 XOR
2 1 3212 78 3214 XOR
2 1 3213 3212 3215 XOR
2 1 3213 3214 3216 AND
2 1 3212 3216 3217 XOR
2 1 3111 79 3218 XOR
2 1 3217 79 3219 XOR
2 1 3218 3217 3220 XOR
2 1 3218 3219 3221 AND
2 1 3217 3221 3222 XOR
2 1 3114 80 3223 XOR
2 1 3222 80 3224 XOR
2 1 3223 3222 3225 XOR
2 1 3223 3224 3226 AND
2 1 3222 3226 3227 XOR
2 1 3117 81 3228 XOR
2 1 3227 81 3229 XOR
2 1 3228 3227 3230 XOR
2 1 3228 3229 3231 AND
2 1 3227 3231 3232 XOR
2 1 3120 82 3233 XOR
2 1 3232 82 3234 XOR
2 1 3233 3232 3235 XOR
2 1 3233 3234 3236 AND
2 1 3232 3236 3237 XOR
2 1 3123 83 3238 XOR
2 1 3237 83 3239 XOR
2 1 3238 3237 3240 XOR
2 1 3238 3239 3241 AND
2 1 3237 3241 3242 XOR
2 1 3126 84 3243 XOR
2 1 3242 84 3244 XOR
2 1 3243 3242 3245 XOR
2 1 3243 3244 3246 AND
2 1 3242 3246 3247 XOR
2 1 3129 85 3248 XOR
2 1 3247 85 3249 XOR
2 1 3248 3247 3250 XOR
2 1 3248 3249 3251 AND
2 1 3247 3251 3252 XOR
2 1 3132 86 3253 XOR
2 1 3252 86 3254 XOR
2 1 3253 3252 3255 XOR
2 1 3253 3254 3256 AND
2 1 3252 3256 3257 XOR
2 1 3135 87 3258 XOR
2 1 3257 87 3259 XOR
2 1 3258 3257 3260 XOR
2 1 3258 3259 3261 AND
2 1 3257 3261 3262 XOR
2 1 3138 88 3263 XOR
2 1 3262 88 3264 XOR
2 1 3263 3262 3265 XOR
2 1 3263 3264 3266 AND
2 1 3262 3266 3267 XOR
2 1 3141 89 3268 XOR
2 1 3267 89 3269 XOR
2 1 3268 3267 3270 XOR
2 1 3268 3269 3271 AND
2 1 3267 3271 3272 XOR
2 1 3144 90 3273 XOR
2 1 3272 90 3274 XOR
2 1 3273 3272 3275 XOR
2 1 3273 3274 3276 AND
2 1 3272 3276 3277 XOR
2 1 3277 235 3278 XOR
2 1 3277 235 3279 AND
2 1 3278 3279 3280 XOR
2 1 38 3146 3281 XOR
2 1 3280 3281 3282 AND
2 1 3282 3146 3283 XOR
2 1 3069 3150 3284 XOR
2 1 3280 3284 3285 AND
2 1 3285 3150 3286 XOR
2 1 3072 3155 3287 XOR
2 1 3280 3287 3288 AND
2 1 3288 3155 3289 XOR
2 1 3075 3160 3290 XOR
2 1 3280 3290 3291 AND
2 1 3291 3160 3292 XOR
2 1 3078 3165 3293 XOR
2 1 3280 3293 3294 AND
2 1 3294 3165 3295 XOR
2 1 3081 3170 3296 XOR
2 1 3280 3296 3297 AND
2 1 3297 3170 3298 XOR
2 1 3084 3175 3299 XOR
2 1 3280 3299 3300 AND
2 1 3300 3175 3301 XOR
2 1 3087 3180 3302 XOR
2 1 3280 3302 3303 AND
2 1 3303 3180 3304 XOR
2 1 3090 3185 3305 XOR
2 1 3280 3305 3306 AND
2 1 3306 3185 3307 XOR
2 1 3093 3190 3308 XOR
2 1 3280 3308 3309 AND
2 1 3309 3190 3310 XOR
2 1 3096 3195 3311 XOR
2 1 3280 3311 3312 AND
2 1 3312 3195 3313 XOR
2 1 3099 3200 3314 XOR
2 1 3280 3314 3315 AND
2 1 3315 3200 3316 XOR
2 1 3102 3205 3317 XOR
2 1 3280 3317 3318 AND
2 1 3318 3205 3319 XOR
2 1 3105 3210 3320 XOR
2 1 3280 3320 3321 AND
2 1 3321 3210 3322 XOR
2 1 3108 3215 3323 XOR
2 1 3280 3323 3324 AND
2 1 3324 3215 3325 XOR
2 1 3111 3220 3326 XOR
2 1 3280 3326 3327 AND
2 1 3327 3220 3328 XOR
2 1 3114 3225 3329 XOR
2 1 3280 3329 3330 AND
2 1 3330 3225 3331 XOR
2 1 3117 3230 3332 XOR
2 1 3280 3332 3333 AND
2 1 3333 3230 3334 XOR
2 1 3120 3235 3335 XOR
2 1 3280 3335 3336 AND
2 1 3336 3235 3337 XOR
2 1 3123 3240 3338 XOR
2 1 3280 3338 3339 AND
2 1 3339 3240 3340 XOR
2 1 3126 3245 3341 XOR
2 1 3280 3341 3342 AND
2 1 3342 3245 3343 XOR
2 1 3129 3250 3344 XOR
2 1 3280 3344 3345 AND
2 1 3345 3250 3346 XOR
2 1 3132 3255 3347 XOR
2 1 3280 3347 3348 AND
2 1 3348 3255 3349 XOR
2 1 3135 3260 3350 XOR
2 1 3280 3350 3351 AND
2 1 3351 3260 3352 XOR
2 1 3138 3265 3353 XOR
2 1 3280 3353 3354 AND
2 1 3354 3265 3355 XOR
2 1 3141 3270 3356 XOR
2 1 3280 3356 3357 AND
2 1 3357 3270 3358 XOR
2 1 3144 3275 3359 XOR
2 1 3280 3359 3360 AND
2 1 3360 3275 3361 XOR
1 1 3280 3362 INV
2 1 37 64 3363 XOR
2 1 3363 64 3364 AND
2 1 3283 65 3365 XOR
2 1 3364 65 3366 XOR
2 1 3365 3364 3367 XOR
2 1 3365 3366 3368 AND
2 1 3364 3368 3369 XOR
2 1 3286 66 3370 XOR
2 1 3369 66 3371 XOR
2 1 3370 3369 3372 XOR
2 1 3370 3371 3373 AND
2 1 3369 3373 3374 XOR
2 1 3289 67 3375 XOR
2 1 3374 67 3376 XOR
2 1 3375 3374 3377 XOR
2 1 3375 3376 3378 AND
2 1 3374 3378 3379 XOR
2 1 3292 68 3380 XOR
2 1 3379 68 3381 XOR
2 1 3380 3379 3382 XOR
2 1 3380 3381 3383 AND
2 1 3379 3383 3384 XOR
2 1 3295 69 3385 XOR
2 1 3384 69 3386 XOR
2 1 3385 3384 3387 XOR
2 1 3385 3386 3388 AND
2 1 3384 3388 3389 XOR
2 1 3298 70 3390 XOR
2 1 3389 70 3391 XOR
2 1 3390 3389 3392 XOR
2 1 3390 3391 3393 AND
2 1 3389 3393 3394 XOR
2 1 3301 71 3395 XOR
2 1 3394 71 3396 XOR
2 1 3395 3394 3397 XOR
2 1 3395 3396 3398 AND
2 1 3394 3398 3399 XOR
2 1 3304 72 3400 XOR
2 1 3399 72 3401 XOR
2 1 3400 3399 3402 XOR
2 1 3400 3401 3403 AND
2 1 3399 3403 3404 XOR
2 1 3307 73 3405 XOR
2 1 3404 73 3406 XOR
2 1 3405 3404 3407 XOR
2 1 3405 3406 3408 AND
2 1 3404 3408 3409 XOR
2 1 3310 74 3410 XOR
2 1 3409 74 3411 XOR
2 1 3410 3409 3412 XOR
2 1 3410 3411 3413 AND
2 1 3409 3413 3414 XOR
2 1 3313 75 3415 XOR
2 1 3414 75 3416 XOR
2 1 3415 3414 3417 XOR
2 1 3415 3416 3418 AND
2 1 3414 3418 3419 XOR
2 1 3316 76 3420 XOR
2 1 3419 76 3421 XOR
2 1 3420 3419 3422 XOR
2 1 3420 3421 3423 AND
2 1 3419 3423 3424 XOR
2 1 3319 77 3425 XOR
2 1 3424 77 3426 XOR
2 1 3425 3424 3427 XOR
2 1 3425 3426 3428 AND
2 1 3424 3428 3429 XOR
2 1 3322 78 3430 XOR
2 1 3429 78 3431 XOR
2 1 3430 3429 3432 XOR
2 1 3430 3431 3433 AND
2 1 3429 3433 3434 XOR
2 1 3325 79 3435 XOR
2 1 3434 79 3436 XOR
2 1 3435 3434 3437 XOR
2 1 3435 3436 3438 AND
2 1 3434 3438 3439 XOR
2 1 3328 80 3440 XOR
2 1 3439 80 3441 XOR
2 1 3440 3439 3442 XOR
2 1 3440 3441 3443 AND
2 1 3439 3443 3444 XOR
2 1 3331 81 3445 XOR
2 1 3444 81 3446 XOR
2 1 3445 3444 3447 XOR
2 1 3445 3446 3448 AND
2 1 3444 3448 3449 XOR
2 1 3334 82 3450 XOR
2 1 3449 82 3451 XOR
2 1 3450 3449 3452 XOR
2 1 3450 3451 3453 AND
2 1 3449 3453 3454 XOR
2 1 3337 83 3455 XOR
2 1 3454 83 3456 XOR
2 1 3455 3454 3457 XOR
2 1 3455 3456 3458 AND
2 1 3454 3458 3459 XOR
2 1 3340 84 3460 XOR
2 1 3459 84 3461 XOR
2 1 3460 3459 3462 XOR
2 1 3460 3461 3463 AND
2 1 3459 3463 3464 XOR
2 1 3343 85 3465 XOR
2 1 3464 85 3466 XOR
2 1 3465 3464 3467 XOR
2 1 3465 3466 3468 AND
2 1 3464 3468 3469 XOR
2 1 3346 86 3470 XOR
2 1 3469 86 3471 XOR
2 1 3470 3469 3472 XOR
2 1 3470 3471 3473 AND
2 1 3469 3473 3474 XOR
2 1 3349 87 3475 XOR
2 1 3474 87 3476 XOR
2 1 3475 3474 3477 XOR
2 1 3475 3476 3478 AND
2 1 3474 3478 3479 XOR
2 1 3352 88 3480 XOR
2 1 3479 88 3481 XOR
2 1 3480 3479 3482 XOR
2 1 3480 3481 3483 AND
2 1 3479 3483 3484 XOR
2 1 3355 89 3485 XOR
2 1 3484 89 3486 XOR
2 1 3485 3484 3487 XOR
2 1 3485 3486 3488 AND
2 1 3484 3488 3489 XOR
2 1 3358 90 3490 XOR
2 1 3489 90 3491 XOR
2 1 3490 3489 3492 XOR
2 1 3490 3491 3493 AND
2 1 3489 3493 3494 XOR
2 1 3361 91 3495 XOR
2 1 3494 91 3496 XOR
2 1 3495 3494 3497 XOR
2 1 3495 3496 3498 AND
2 1 3494 3498 3499 XOR
2 1 3499 232 3500 XOR
2 1 3499 232 3501 AND
2 1 3500 3501 3502 XOR
2 1 37 3363 3503 XOR
2 1 3502 3503 3504 AND
2 1 3504 3363 3505 XOR
2 1 3283 3367 3506 XOR
2 1 3502 3506 3507 AND
2 1 3507 3367 3508 XOR
2 1 3286 3372 3509 XOR
2 1 3502 3509 3510 AND
2 1 3510 3372 3511 XOR
2 1 3289 3377 3512 XOR
2 1 3502 3512 3513 AND
2 1 3513 3377 3514 XOR
2 1 3292 3382 3515 XOR
2 1 3502 3515 3516 AND
2 1 3516 3382 3517 XOR
2 1 3295 3387 3518 XOR
2 1 3502 3518 3519 AND
2 1 3519 3387 3520 XOR
2 1 3298 3392 3521 XOR
2 1 3502 3521 3522 AND
2 1 3522 3392 3523 XOR
2 1 3301 3397 3524 XOR
2 1 3502 3524 3525 AND
2 1 3525 3397 3526 XOR
2 1 3304 3402 3527 XOR
2 1 3502 3527 3528 AND
2 1 3528 3402 3529 XOR
2 1 3307 3407 3530 XOR
2 1 3502 3530 3531 AND
2 1 3531 3407 3532 XOR
2 1 3310 3412 3533 XOR
2 1 3502 3533 3534 AND
2 1 3534 3412 3535 XOR
2 1 3313 3417 3536 XOR
2 1 3502 3536 3537 AND
2 1 3537 3417 3538 XOR
2 1 3316 3422 3539 XOR
2 1 3502 3539 3540 AND
2 1 3540 3422 3541 XOR
2 1 3319 3427 3542 XOR
2 1 3502 3542 3543 AND
2 1 3543 3427 3544 XOR
2 1 3322 3432 3545 XOR
2 1 3502 3545 3546 AND
2 1 3546 3432 3547 XOR
2 1 3325 3437 3548 XOR
2 1 3502 3548 3549 AND
2 1 3549 3437 3550 XOR
2 1 3328 3442 3551 XOR
2 1 3502 3551 3552 AND
2 1 3552 3442 3553 XOR
2 1 3331 3447 3554 XOR
2 1 3502 3554 3555 AND
2 1 3555 3447 3556 XOR
2 1 3334 3452 3557 XOR
2 1 3502 3557 3558 AND
2 1 3558 3452 3559 XOR
2 1 3337 3457 3560 XOR
2 1 3502 3560 3561 AND
2 1 3561 3457 3562 XOR
2 1 3340 3462 3563 XOR
2 1 3502 3563 3564 AND
2 1 3564 3462 3565 XOR
2 1 3343 3467 3566 XOR
2 1 3502 3566 3567 AND
2 1 3567 3467 3568 XOR
2 1 3346 3472 3569 XOR
2 1 3502 3569 3570 AND
2 1 3570 3472 3571 XOR
2 1 3349 3477 3572 XOR
2 1 3502 3572 3573 AND
2 1 3573 3477 3574 XOR
2 1 3352 3482 3575 XOR
2 1 3502 3575 3576 AND
2 1 3576 3482 3577 XOR
2 1 3355 3487 3578 XOR
2 1 3502 3578 3579 AND
2 1 3579 3487 3580 XOR
2 1 3358 3492 3581 XOR
2 1 3502 3581 3582 AND
2 1 3582 3492 3583 XOR
2 1 3361 3497 3584 XOR
2 1 3502 3584 3585 AND
2 1 3585 3497 3586 XOR
1 1 3502 3587 INV
2 1 36 64 3588 XOR
2 1 3588 64 3589 AND
2 1 3505 65 3590 XOR
2 1 3589 65 3591 XOR
2 1 3590 3589 3592 XOR
2 1 3590 3591 3593 AND
2 1 3589 3593 3594 XOR
2 1 3508 66 3595 XOR
2 1 3594 66 3596 XOR
2 1 3595 3594 3597 XOR
2 1 3595 3596 3598 AND
2 1 3594 3598 3599 XOR
2 1 3511 67 3600 XOR
2 1 3599 67 3601 XOR
2 1 3600 3599 3602 XOR
2 1 3600 3601 3603 AND
2 1 3599 3603 3604 XOR
2 1 3514 68 3605 XOR
2 1 3604 68 3606 XOR
2 1 3605 3604 3607 XOR
2 1 3605 3606 3608 AND
2 1 3604 3608 3609 XOR
2 1 3517 69 3610 XOR
2 1 3609 69 3611 XOR
2 1 3610 3609 3612 XOR
2 1 3610 3611 3613 AND
2 1 3609 3613 3614 XOR
2 1 3520 70 3615 XOR
2 1 3614 70 3616 XOR
2 1 3615 3614 3617 XOR
2 1 3615 3616 3618 AND
2 1 3614 3618 3619 XOR
2 1 3523 71 3620 XOR
2 1 3619 71 3621 XOR
2 1 3620 3619 3622 XOR
2 1 3620 3621 3623 AND
2 1 3619 3623 3624 XOR
2 1 3526 72 3625 XOR
2 1 3624 72 3626 XOR
2 1 3625 3624 3627 XOR
2 1 3625 3626 3628 AND
2 1 3624 3628 3629 XOR
2 1 3529 73 3630 XOR
2 1 3629 73 3631 XOR
2 1 3630 3629 3632 XOR
2 1 3630 3631 3633 AND
2 1 3629 3633 3634 XOR
2 1 3532 74 3635 XOR
2 1 3634 74 3636 XOR
2 1 3635 3634 3637 XOR
2 1 3635 3636 3638 AND
2 1 3634 3638 3639 XOR
2 1 3535 75 3640 XOR
2 1 3639 75 3641 XOR
2 1 3640 3639 3642 XOR
2 1 3640 3641 3643 AND
2 1 3639 3643 3644 XOR
2 1 3538 76 3645 XOR
2 1 3644 76 3646 XOR
2 1 3645 3644 3647 XOR
2 1 3645 3646 3648 AND
2 1 3644 3648 3649 XOR
2 1 3541 77 3650 XOR
2 1 3649 77 3651 XOR
2 1 3650 3649 3652 XOR
2 1 3650 3651 3653 AND
2 1 3649 3653 3654 XOR
2 1 3544 78 3655 XOR
2 1 3654 78 3656 XOR
2 1 3655 3654 3657 XOR
2 1 3655 3656 3658 AND
2 1 3654 3658 3659 XOR
2 1 3547 79 3660 XOR
2 1 3659 79 3661 XOR
2 1 3660 3659 3662 XOR
2 1 3660 3661 3663 AND
2 1 3659 3663 3664 XOR
2 1 3550 80 3665 XOR
2 1 3664 80 3666 XOR
2 1 3665 3664 3667 XOR
2 1 3665 3666 3668 AND
2 1 3664 3668 3669 XOR
2 1 3553 81 3670 XOR
2 1 3669 81 3671 XOR
2 1 3670 3669 3672 XOR
2 1 3670 3671 3673 AND
2 1 3669 3673 3674 XOR
2 1 3556 82 3675 XOR
2 1 3674 82 3676 XOR
2 1 3675 3674 3677 XOR
2 1 3675 3676 3678 AND
2 1 3674 3678 3679 XOR
2 1 3559 83 3680 XOR
2 1 3679 83 3681 XOR
2 1 3680 3679 3682 XOR
2 1 3680 3681 3683 AND
2 1 3679 3683 3684 XOR
2 1 3562 84 3685 XOR
2 1 3684 84 3686 XOR
2 1 3685 3684 3687 XOR
2 1 3685 3686 3688 AND
2 1 3684 3688 3689 XOR
2 1 3565 85 3690 XOR
2 1 3689 85 3691 XOR
2 1 3690 3689 3692 XOR
2 1 3690 3691 3693 AND
2 1 3689 3693 3694 XOR
2 1 3568 86 3695 XOR
2 1 3694 86 3696 XOR
2 1 3695 3694 3697 XOR
2 1 3695 3696 3698 AND
2 1 3694 3698 3699 XOR
2 1 3571 87 3700 XOR
2 1 3699 87 3701 XOR
2 1 3700 3699 3702 XOR
2 1 3700 3701 3703 AND
2 1 3699 3703 3704 XOR
2 1 3574 88 3705 XOR
2 1 3704 88 3706 XOR
2 1 3705 3704 3707 XOR
2 1 3705 3706 3708 AND
2 1 3704 3708 3709 XOR
2 1 3577 89 3710 XOR
2 1 3709 89 3711 XOR
2 1 3710 3709 3712 XOR
2 1 3710 3711 3713 AND
2 1 3709 3713 3714 XOR
2 1 3580 90 3715 XOR
2 1 3714 90 3716 XOR
2 1 3715 3714 3717 XOR
2 1 3715 3716 3718 AND
2 1 3714 3718 3719 XOR
2 1 3583 91 3720 XOR
2 1 3719 91 3721 XOR
2 1 3720 3719 3722 XOR
2 1 3720 3721 3723 AND
2 1 3719 3723 3724 XOR
2 1 3586 92 3725 XOR
2 1 3724 92 3726 XOR
2 1 3725 3724 3727 XOR
2 1 3725 3726 3728 AND
2 1 3724 3728 3729 XOR
2 1 3729 229 3730 XOR
2 1 3729 229 3731 AND
2 1 3730 3731 3732 XOR
2 1 36 3588 3733 XOR
2 1 3732 3733 3734 AND
2 1 3734 3588 3735 XOR
2 1 3505 3592 3736 XOR
2 1 3732 3736 3737 AND
2 1 3737 3592 3738 XOR
2 1 3508 3597 3739 XOR
2 1 3732 3739 3740 AND
2 1 3740 3597 3741 XOR
2 1 3511 3602 3742 XOR
2 1 3732 3742 3743 AND
2 1 3743 3602 3744 XOR
2 1 3514 3607 3745 XOR
2 1 3732 3745 3746 AND
2 1 3746 3607 3747 XOR
2 1 3517 3612 3748 XOR
2 1 3732 3748 3749 AND
2 1 3749 3612 3750 XOR
2 1 3520 3617 3751 XOR
2 1 3732 3751 3752 AND
2 1 3752 3617 3753 XOR
2 1 3523 3622 3754 XOR
2 1 3732 3754 3755 AND
2 1 3755 3622 3756 XOR
2 1 3526 3627 3757 XOR
2 1 3732 3757 3758 AND
2 1 3758 3627 3759 XOR
2 1 3529 3632 3760 XOR
2 1 3732 3760 3761 AND
2 1 3761 3632 3762 XOR
2 1 3532 3637 3763 XOR
2 1 3732 3763 3764 AND
2 1 3764 3637 3765 XOR
2 1 3535 3642 3766 XOR
2 1 3732 3766 3767 AND
2 1 3767 3642 3768 XOR
2 1 3538 3647 3769 XOR
2 1 3732 3769 3770 AND
2 1 3770 3647 3771 XOR
2 1 3541 3652 3772 XOR
2 1 3732 3772 3773 AND
2 1 3773 3652 3774 XOR
2 1 3544 3657 3775 XOR
2 1 3732 3775 3776 AND
2 1 3776 3657 3777 XOR
2 1 3547 3662 3778 XOR
2 1 3732 3778 3779 AND
2 1 3779 3662 3780 XOR
2 1 3550 3667 3781 XOR
2 1 3732 3781 3782 AND
2 1 3782 3667 3783 XOR
2 1 3553 3672 3784 XOR
2 1 3732 3784 3785 AND
2 1 3785 3672 3786 XOR
2 1 3556 3677 3787 XOR
2 1 3732 3787 3788 AND
2 1 3788 3677 3789 XOR
2 1 3559 3682 3790 XOR
2 1 3732 3790 3791 AND
2 1 3791 3682 3792 XOR
2 1 3562 3687 3793 XOR
2 1 3732 3793 3794 AND
2 1 3794 3687 3795 XOR
2 1 3565 3692 3796 XOR
2 1 3732 3796 3797 AND
2 1 3797 3692 3798 XOR
2 1 3568 3697 3799 XOR
2 1 3732 3799 3800 AND
2 1 3800 3697 3801 XOR
2 1 3571 3702 3802 XOR
2 1 3732 3802 3803 AND
2 1 3803 3702 3804 XOR
2 1 3574 3707 3805 XOR
2 1 3732 3805 3806 AND
2 1 3806 3707 3807 XOR
2 1 3577 3712 3808 XOR
2 1 3732 3808 3809 AND
2 1 3809 3712 3810 XOR
2 1 3580 3717 3811 XOR
2 1 3732 3811 3812 AND
2 1 3812 3717 3813 XOR
2 1 3583 3722 3814 XOR
2 1 3732 3814 3815 AND
2 1 3815 3722 3816 XOR
2 1 3586 3727 3817 XOR
2 1 3732 3817 3818 AND
2 1 3818 3727 3819 XOR
1 1 3732 3820 INV
2 1 35 64 3821 XOR
2 1 3821 64 3822 AND
2 1 3735 65 3823 XOR
2 1 3822 65 3824 XOR
2 1 3823 3822 3825 XOR
2 1 3823 3824 3826 AND
2 1 3822 3826 3827 XOR
2 1 3738 66 3828 XOR
2 1 3827 66 3829 XOR
2 1 3828 3827 3830 XOR
2 1 3828 3829 3831 AND
2 1 3827 3831 3832 XOR
2 1 3741 67 3833 XOR
2 1 3832 67 3834 XOR
2 1 3833 3832 3835 XOR
2 1 3833 3834 3836 AND
2 1 3832 3836 3837 XOR
2 1 3744 68 3838 XOR
2 1 3837 68 3839 XOR
2 1 3838 3837 3840 XOR
2 1 3838 3839 3841 AND
2 1 3837 3841 3842 XOR
2 1 3747 69 3843 XOR
2 1 3842 69 3844 XOR
2 1 3843 3842 3845 XOR
2 1 3843 3844 3846 AND
2 1 3842 3846 3847 XOR
2 1 3750 70 3848 XOR
2 1 3847 70 3849 XOR
2 1 3848 3847 3850 XOR
2 1 3848 3849 3851 AND
2 1 3847 3851 3852 XOR
2 1 3753 71 3853 XOR
2 1 3852 71 3854 XOR
2 1 3853 3852 3855 XOR
2 1 3853 3854 3856 AND
2 1 3852 3856 3857 XOR
2 1 3756 72 3858 XOR
2 1 3857 72 3859 XOR
2 1 3858 3857 3860 XOR
2 1 3858 3859 3861 AND
2 1 3857 3861 3862 XOR
2 1 3759 73 3863 XOR
2 1 3862 73 3864 XOR
2 1 3863 3862 3865 XOR
2 1 3863 3864 3866 AND
2 1 3862 3866 3867 XOR
2 1 3762 74 3868 XOR
2 1 3867 74 3869 XOR
2 1 3868 3867 3870 XOR
2 1 3868 3869 3871 AND
2 1 3867 3871 3872 XOR
2 1 3765 75 3873 XOR
2 1 3872 75 3874 XOR
2 1 3873 3872 3875 XOR
2 1 3873 3874 3876 AND
2 1 3872 3876 3877 XOR
2 1 3768 76 3878 XOR
2 1 3877 76 3879 XOR
2 1 3878 3877 3880 XOR
2 1 3878 3879 3881 AND
2 1 3877 3881 3882 XOR
2 1 3771 77 3883 XOR
2 1 3882 77 3884 XOR
2 1 3883 3882 3885 XOR
2 1 3883 3884 3886 AND
2 1 3882 3886 3887 XOR
2 1 3774 78 3888 XOR
2 1 3887 78 3889 XOR
2 1 3888 3887 3890 XOR
2 1 3888 3889 3891 AND
2 1 3887 3891 3892 XOR
2 1 3777 79 3893 XOR
2 1 3892 79 3894 XOR
2 1 3893 3892 3895 XOR
2 1 3893 3894 3896 AND
2 1 3892 3896 3897 XOR
2 1 3780 80 3898 XOR
2 1 3897 80 3899 XOR
2 1 3898 3897 3900 XOR
2 1 3898 3899 3901 AND
2 1 3897 3901 3902 XOR
2 1 3783 81 3903 XOR
2 1 3902 81 3904 XOR
2 1 3903 3902 3905 XOR
2 1 3903 3904 3906 AND
2 1 3902 3906 3907 XOR
2 1 3786 82 3908 XOR
2 1 3907 82 3909 XOR
2 1 3908 3907 3910 XOR
2 1 3908 3909 3911 AND
2 1 3907 3911 3912 XOR
2 1 3789 83 3913 XOR
2 1 3912 83 3914 XOR
2 1 3913 3912 3915 XOR
2 1 3913 3914 3916 AND
2 1 3912 3916 3917 XOR
2 1 3792 84 3918 XOR
2 1 3917 84 3919 XOR
2 1 3918 3917 3920 XOR
2 1 3918 3919 3921 AND
2 1 3917 3921 3922 XOR
2 1 3795 85 3923 XOR
2 1 3922 85 3924 XOR
2 1 3923 3922 3925 XOR
2 1 3923 3924 3926 AND
2 1 3922 3926 3927 XOR
2 1 3798 86 3928 XOR
2 1 3927 86 3929 XOR
2 1 3928 3927 3930 XOR
2 1 3928 3929 3931 AND
2 1 3927 3931 3932 XOR
2 1 3801 87 3933 XOR
2 1 3932 87 3934 XOR
2 1 3933 3932 3935 XOR
2 1 3933 3934 3936 AND
2 1 3932 3936 3937 XOR
2 1 3804 88 3938 XOR
2 1 3937 88 3939 XOR
2 1 3938 3937 3940 XOR
2 1 3938 3939 3941 AND
2 1 3937 3941 3942 XOR
2 1 3807 89 3943 XOR
2 1 3942 89 3944 XOR
2 1 3943 3942 3945 XOR
2 1 3943 3944 3946 AND
2 1 3942 3946 3947 XOR
2 1 3810 90 3948 XOR
2 1 3947 90 3949 XOR
2 1 3948 3947 3950 XOR
2 1 3948 3949 3951 AND
2 1 3947 3951 3952 XOR
2 1 3813 91 3953 XOR
2 1 3952 91 3954 XOR
2 1 3953 3952 3955 XOR
2 1 3953 3954 3956 AND
2 1 3952 3956 3957 XOR
2 1 3816 92 3958 XOR
2 1 3957 92 3959 XOR
2 1 3958 3957 3960 XOR
2 1 3958 3959 3961 AND
2 1 3957 3961 3962 XOR
2 1 3819 93 3963 XOR
2 1 3962 93 3964 XOR
2 1 3963 3962 3965 XOR
2 1 3963 3964 3966 AND
2 1 3962 3966 3967 XOR
2 1 3967 226 3968 XOR
2 1 3967 226 3969 AND
2 1 3968 3969 3970 XOR
2 1 35 3821 3971 XOR
2 1 3970 3971 3972 AND
2 1 3972 3821 3973 XOR
2 1 3735 3825 3974 XOR
2 1 3970 3974 3975 AND
2 1 3975 3825 3976 XOR
2 1 3738 3830 3977 XOR
2 1 3970 3977 3978 AND
2 1 3978 3830 3979 XOR
2 1 3741 3835 3980 XOR
2 1 3970 3980 3981 AND
2 1 3981 3835 3982 XOR
2 1 3744 3840 3983 XOR
2 1 3970 3983 3984 AND
2 1 3984 3840 3985 XOR
2 1 3747 3845 3986 XOR
2 1 3970 3986 3987 AND
2 1 3987 3845 3988 XOR
2 1 3750 3850 3989 XOR
2 1 3970 3989 3990 AND
2 1 3990 3850 3991 XOR
2 1 3753 3855 3992 XOR
2 1 3970 3992 3993 AND
2 1 3993 3855 3994 XOR
2 1 3756 3860 3995 XOR
2 1 3970 3995 3996 AND
2 1 3996 3860 3997 XOR
2 1 3759 3865 3998 XOR
2 1 3970 3998 3999 AND
2 1 3999 3865 4000 XOR
2 1 3762 3870 4001 XOR
2 1 3970 4001 4002 AND
2 1 4002 3870 4003 XOR
2 1 3765 3875 4004 XOR
2 1 3970 4004 4005 AND
2 1 4005 3875 4006 XOR
2 1 3768 3880 4007 XOR
2 1 3970 4007 4008 AND
2 1 4008 3880 4009 XOR
2 1 3771 3885 4010 XOR
2 1 3970 4010 4011 AND
2 1 4011 3885 4012 XOR
2 1 3774 3890 4013 XOR
2 1 3970 4013 4014 AND
2 1 4014 3890 4015 XOR
2 1 3777 3895 4016 XOR
2 1 3970 4016 4017 AND
2 1 4017 3895 4018 XOR
2 1 3780 3900 4019 XOR
2 1 3970 4019 4020 AND
2 1 4020 3900 4021 XOR
2 1 3783 3905 4022 XOR
2 1 3970 4022 4023 AND
2 1 4023 3905 4024 XOR
2 1 3786 3910 4025 XOR
2 1 3970 4025 4026 AND
2 1 4026 3910 4027 XOR
2 1 3789 3915 4028 XOR
2 1 3970 4028 4029 AND
2 1 4029 3915 4030 XOR
2 1 3792 3920 4031 XOR
2 1 3970 4031 4032 AND
2 1 4032 3920 4033 XOR
2 1 3795 3925 4034 XOR
2 1 3970 4034 4035 AND
2 1 4035 3925 4036 XOR
2 1 3798 3930 4037 XOR
2 1 3970 4037 4038 AND
2 1 4038 3930 4039 XOR
2 1 3801 3935 4040 XOR
2 1 3970 4040 4041 AND
2 1 4041 3935 4042 XOR
2 1 3804 3940 4043 XOR
2 1 3970 4043 4044 AND
2 1 4044 3940 4045 XOR
2 1 3807 3945 4046 XOR
2 1 3970 4046 4047 AND
2 1 4047 3945 4048 XOR
2 1 3810 3950 4049 XOR
2 1 3970 4049 4050 AND
2 1 4050 3950 4051 XOR
2 1 3813 3955 4052 XOR
2 1 3970 4052 4053 AND
2 1 4053 3955 4054 XOR
2 1 3816 3960 4055 XOR
2 1 3970 4055 4056 AND
2 1 4056 3960 4057 XOR
2 1 3819 3965 4058 XOR
2 1 3970 4058 4059 AND
2 1 4059 3965 4060 XOR
1 1 3970 4061 INV
2 1 34 64 4062 XOR
2 1 4062 64 4063 AND
2 1 3973 65 4064 XOR
2 1 4063 65 4065 XOR
2 1 4064 4063 4066 XOR
2 1 4064 4065 4067 AND
2 1 4063 4067 4068 XOR
2 1 3976 66 4069 XOR
2 1 4068 66 4070 XOR
2 1 4069 4068 4071 XOR
2 1 4069 4070 4072 AND
2 1 4068 4072 4073 XOR
2 1 3979 67 4074 XOR
2 1 4073 67 4075 XOR
2 1 4074 4073 4076 XOR
2 1 4074 4075 4077 AND
2 1 4073 4077 4078 XOR
2 1 3982 68 4079 XOR
2 1 4078 68 4080 XOR
2 1 4079 4078 4081 XOR
2 1 4079 4080 4082 AND
2 1 4078 4082 4083 XOR
2 1 3985 69 4084 XOR
2 1 4083 69 4085 XOR
2 1 4084 4083 4086 XOR
2 1 4084 4085 4087 AND
2 1 4083 4087 4088 XOR
2 1 3988 70 4089 XOR
2 1 4088 70 4090 XOR
2 1 4089 4088 4091 XOR
2 1 4089 4090 4092 AND
2 1 4088 4092 4093 XOR
2 1 3991 71 4094 XOR
2 1 4093 71 4095 XOR
2 1 4094 4093 4096 XOR
2 1 4094 4095 4097 AND
2 1 4093 4097 4098 XOR
2 1 3994 72 4099 XOR
2 1 4098 72 4100 XOR
2 1 4099 4098 4101 XOR
2 1 4099 4100 4102 AND
2 1 4098 4102 4103 XOR
2 1 3997 73 4104 XOR
2 1 4103 73 4105 XOR
2 1 4104 4103 4106 XOR
2 1 4104 4105 4107 AND
2 1 4103 4107 4108 XOR
2 1 4000 74 4109 XOR
2 1 4108 74 4110 XOR
2 1 4109 4108 4111 XOR
2 1 4109 4110 4112 AND
2 1 4108 4112 4113 XOR
2 1 4003 75 4114 XOR
2 1 4113 75 4115 XOR
2 1 4114 4113 4116 XOR
2 1 4114 4115 4117 AND
2 1 4113 4117 4118 XOR
2 1 4006 76 4119 XOR
2 1 4118 76 4120 XOR
2 1 4119 4118 4121 XOR
2 1 4119 4120 4122 AND
2 1 4118 4122 4123 XOR
2 1 4009 77 4124 XOR
2 1 4123 77 4125 XOR
2 1 4124 4123 4126 XOR
2 1 4124 4125 4127 AND
2 1 4123 4127 4128 XOR
2 1 4012 78 4129 XOR
2 1 4128 78 4130 XOR
2 1 4129 4128 4131 XOR
2 1 4129 4130 4132 AND
2 1 4128 4132 4133 XOR
2 1 4015 79 4134 XOR
2 1 4133 79 4135 XOR
2 1 4134 4133 4136 XOR
2 1 4134 4135 4137 AND
2 1 4133 4137 4138 XOR
2 1 4018 80 4139 XOR
2 1 4138 80 4140 XOR
2 1 4139 4138 4141 XOR
2 1 4139 4140 4142 AND
2 1 4138 4142 4143 XOR
2 1 4021 81 4144 XOR
2 1 4143 81 4145 XOR
2 1 4144 4143 4146 XOR
2 1 4144 4145 4147 AND
2 1 4143 4147 4148 XOR
2 1 4024 82 4149 XOR
2 1 4148 82 4150 XOR
2 1 4149 4148 4151 XOR
2 1 4149 4150 4152 AND
2 1 4148 4152 4153 XOR
2 1 4027 83 4154 XOR
2 1 4153 83 4155 XOR
2 1 4154 4153 4156 XOR
2 1 4154 4155 4157 AND
2 1 4153 4157 4158 XOR
2 1 4030 84 4159 XOR
2 1 4158 84 4160 XOR
2 1 4159 4158 4161 XOR
2 1 4159 4160 4162 AND
2 1 4158 4162 4163 XOR
2 1 4033 85 4164 XOR
2 1 4163 85 4165 XOR
2 1 4164 4163 4166 XOR
2 1 4164 4165 4167 AND
2 1 4163 4167 4168 XOR
2 1 4036 86 4169 XOR
2 1 4168 86 4170 XOR
2 1 4169 4168 4171 XOR
2 1 4169 4170 4172 AND
2 1 4168 4172 4173 XOR
2 1 4039 87 4174 XOR
2 1 4173 87 4175 XOR
2 1 4174 4173 4176 XOR
2 1 4174 4175 4177 AND
2 1 4173 4177 4178 XOR
2 1 4042 88 4179 XOR
2 1 4178 88 4180 XOR
2 1 4179 4178 4181 XOR
2 1 4179 4180 4182 AND
2 1 4178 4182 4183 XOR
2 1 4045 89 4184 XOR
2 1 4183 89 4185 XOR
2 1 4184 4183 4186 XOR
2 1 4184 4185 4187 AND
2 1 4183 4187 4188 XOR
2 1 4048 90 4189 XOR
2 1 4188 90 4190 XOR
2 1 4189 4188 4191 XOR
2 1 4189 4190 4192 AND
2 1 4188 4192 4193 XOR
2 1 4051 91 4194 XOR
2 1 4193 91 4195 XOR
2 1 4194 4193 4196 XOR
2 1 4194 4195 4197 AND
2 1 4193 4197 4198 XOR
2 1 4054 92 4199 XOR
2 1 4198 92 4200 XOR
2 1 4199 4198 4201 XOR
2 1 4199 4200 4202 AND
2 1 4198 4202 4203 XOR
2 1 4057 93 4204 XOR
2 1 4203 93 4205 XOR
2 1 4204 4203 4206 XOR
2 1 4204 4205 4207 AND
2 1 4203 4207 4208 XOR
2 1 4060 94 4209 XOR
2 1 4208 94 4210 XOR
2 1 4209 4208 4211 XOR
2 1 4209 4210 4212 AND
2 1 4208 4212 4213 XOR
2 1 4213 223 4214 XOR
2 1 4213 223 4215 AND
2 1 4214 4215 4216 XOR
2 1 34 4062 4217 XOR
2 1 4216 4217 4218 AND
2 1 4218 4062 4219 XOR
2 1 3973 4066 4220 XOR
2 1 4216 4220 4221 AND
2 1 4221 4066 4222 XOR
2 1 3976 4071 4223 XOR
2 1 4216 4223 4224 AND
2 1 4224 4071 4225 XOR
2 1 3979 4076 4226 XOR
2 1 4216 4226 4227 AND
2 1 4227 4076 4228 XOR
2 1 3982 4081 4229 XOR
2 1 4216 4229 4230 AND
2 1 4230 4081 4231 XOR
2 1 3985 4086 4232 XOR
2 1 4216 4232 4233 AND
2 1 4233 4086 4234 XOR
2 1 3988 4091 4235 XOR
2 1 4216 4235 4236 AND
2 1 4236 4091 4237 XOR
2 1 3991 4096 4238 XOR
2 1 4216 4238 4239 AND
2 1 4239 4096 4240 XOR
2 1 3994 4101 4241 XOR
2 1 4216 4241 4242 AND
2 1 4242 4101 4243 XOR
2 1 3997 4106 4244 XOR
2 1 4216 4244 4245 AND
2 1 4245 4106 4246 XOR
2 1 4000 4111 4247 XOR
2 1 4216 4247 4248 AND
2 1 4248 4111 4249 XOR
2 1 4003 4116 4250 XOR
2 1 4216 4250 4251 AND
2 1 4251 4116 4252 XOR
2 1 4006 4121 4253 XOR
2 1 4216 4253 4254 AND
2 1 4254 4121 4255 XOR
2 1 4009 4126 4256 XOR
2 1 4216 4256 4257 AND
2 1 4257 4126 4258 XOR
2 1 4012 4131 4259 XOR
2 1 4216 4259 4260 AND
2 1 4260 4131 4261 XOR
2 1 4015 4136 4262 XOR
2 1 4216 4262 4263 AND
2 1 4263 4136 4264 XOR
2 1 4018 4141 4265 XOR
2 1 4216 4265 4266 AND
2 1 4266 4141 4267 XOR
2 1 4021 4146 4268 XOR
2 1 4216 4268 4269 AND
2 1 4269 4146 4270 XOR
2 1 4024 4151 4271 XOR
2 1 4216 4271 4272 AND
2 1 4272 4151 4273 XOR
2 1 4027 4156 4274 XOR
2 1 4216 4274 4275 AND
2 1 4275 4156 4276 XOR
2 1 4030 4161 4277 XOR
2 1 4216 4277 4278 AND
2 1 4278 4161 4279 XOR
2 1 4033 4166 4280 XOR
2 1 4216 4280 4281 AND
2 1 4281 4166 4282 XOR
2 1 4036 4171 4283 XOR
2 1 4216 4283 4284 AND
2 1 4284 4171 4285 XOR
2 1 4039 4176 4286 XOR
2 1 4216 4286 4287 AND
2 1 4287 4176 4288 XOR
2 1 4042 4181 4289 XOR
2 1 4216 4289 4290 AND
2 1 4290 4181 4291 XOR
2 1 4045 4186 4292 XOR
2 1 4216 4292 4293 AND
2 1 4293 4186 4294 XOR
2 1 4048 4191 4295 XOR
2 1 4216 4295 4296 AND
2 1 4296 4191 4297 XOR
2 1 4051 4196 4298 XOR
2 1 4216 4298 4299 AND
2 1 4299 4196 4300 XOR
2 1 4054 4201 4301 XOR
2 1 4216 4301 4302 AND
2 1 4302 4201 4303 XOR
2 1 4057 4206 4304 XOR
2 1 4216 4304 4305 AND
2 1 4305 4206 4306 XOR
2 1 4060 4211 4307 XOR
2 1 4216 4307 4308 AND
2 1 4308 4211 4309 XOR
1 1 4216 4310 INV
2 1 33 64 4311 XOR
2 1 4311 64 4312 AND
2 1 4219 65 4313 XOR
2 1 4312 65 4314 XOR
2 1 4313 4312 4315 XOR
2 1 4313 4314 4316 AND
2 1 4312 4316 4317 XOR
2 1 4222 66 4318 XOR
2 1 4317 66 4319 XOR
2 1 4318 4317 4320 XOR
2 1 4318 4319 4321 AND
2 1 4317 4321 4322 XOR
2 1 4225 67 4323 XOR
2 1 4322 67 4324 XOR
2 1 4323 4322 4325 XOR
2 1 4323 4324 4326 AND
2 1 4322 4326 4327 XOR
2 1 4228 68 4328 XOR
2 1 4327 68 4329 XOR
2 1 4328 4327 4330 XOR
2 1 4328 4329 4331 AND
2 1 4327 4331 4332 XOR
2 1 4231 69 4333 XOR
2 1 4332 69 4334 XOR
2 1 4333 4332 4335 XOR
2 1 4333 4334 4336 AND
2 1 4332 4336 4337 XOR
2 1 4234 70 4338 XOR
2 1 4337 70 4339 XOR
2 1 4338 4337 4340 XOR
2 1 4338 4339 4341 AND
2 1 4337 4341 4342 XOR
2 1 4237 71 4343 XOR
2 1 4342 71 4344 XOR
2 1 4343 4342 4345 XOR
2 1 4343 4344 4346 AND
2 1 4342 4346 4347 XOR
2 1 4240 72 4348 XOR
2 1 4347 72 4349 XOR
2 1 4348 4347 4350 XOR
2 1 4348 4349 4351 AND
2 1 4347 4351 4352 XOR
2 1 4243 73 4353 XOR
2 1 4352 73 4354 XOR
2 1 4353 4352 4355 XOR
2 1 4353 4354 4356 AND
2 1 4352 4356 4357 XOR
2 1 4246 74 4358 XOR
2 1 4357 74 4359 XOR
2 1 4358 4357 4360 XOR
2 1 4358 4359 4361 AND
2 1 4357 4361 4362 XOR
2 1 4249 75 4363 XOR
2 1 4362 75 4364 XOR
2 1 4363 4362 4365 XOR
2 1 4363 4364 4366 AND
2 1 4362 4366 4367 XOR
2 1 4252 76 4368 XOR
2 1 4367 76 4369 XOR
2 1 4368 4367 4370 XOR
2 1 4368 4369 4371 AND
2 1 4367 4371 4372 XOR
2 1 4255 77 4373 XOR
2 1 4372 77 4374 XOR
2 1 4373 4372 4375 XOR
2 1 4373 4374 4376 AND
2 1 4372 4376 4377 XOR
2 1 4258 78 4378 XOR
2 1 4377 78 4379 XOR
2 1 4378 4377 4380 XOR
2 1 4378 4379 4381 AND
2 1 4377 4381 4382 XOR
2 1 4261 79 4383 XOR
2 1 4382 79 4384 XOR
2 1 4383 4382 4385 XOR
2 1 4383 4384 4386 AND
2 1 4382 4386 4387 XOR
2 1 4264 80 4388 XOR
2 1 4387 80 4389 XOR
2 1 4388 4387 4390 XOR
2 1 4388 4389 4391 AND
2 1 4387 4391 4392 XOR
2 1 4267 81 4393 XOR
2 1 4392 81 4394 XOR
2 1 4393 4392 4395 XOR
2 1 4393 4394 4396 AND
2 1 4392 4396 4397 XOR
2 1 4270 82 4398 XOR
2 1 4397 82 4399 XOR
2 1 4398 4397 4400 XOR
2 1 4398 4399 4401 AND
2 1 4397 4401 4402 XOR
2 1 4273 83 4403 XOR
2 1 4402 83 4404 XOR
2 1 4403 4402 4405 XOR
2 1 4403 4404 4406 AND
2 1 4402 4406 4407 XOR
2 1 4276 84 4408 XOR
2 1 4407 84 4409 XOR
2 1 4408 4407 4410 XOR
2 1 4408 4409 4411 AND
2 1 4407 4411 4412 XOR
2 1 4279 85 4413 XOR
2 1 4412 85 4414 XOR
2 1 4413 4412 4415 XOR
2 1 4413 4414 4416 AND
2 1 4412 4416 4417 XOR
2 1 4282 86 4418 XOR
2 1 4417 86 4419 XOR
2 1 4418 4417 4420 XOR
2 1 4418 4419 4421 AND
2 1 4417 4421 4422 XOR
2 1 4285 87 4423 XOR
2 1 4422 87 4424 XOR
2 1 4423 4422 4425 XOR
2 1 4423 4424 4426 AND
2 1 4422 4426 4427 XOR
2 1 4288 88 4428 XOR
2 1 4427 88 4429 XOR
2 1 4428 4427 4430 XOR
2 1 4428 4429 4431 AND
2 1 4427 4431 4432 XOR
2 1 4291 89 4433 XOR
2 1 4432 89 4434 XOR
2 1 4433 4432 4435 XOR
2 1 4433 4434 4436 AND
2 1 4432 4436 4437 XOR
2 1 4294 90 4438 XOR
2 1 4437 90 4439 XOR
2 1 4438 4437 4440 XOR
2 1 4438 4439 4441 AND
2 1 4437 4441 4442 XOR
2 1 4297 91 4443 XOR
2 1 4442 91 4444 XOR
2 1 4443 4442 4445 XOR
2 1 4443 4444 4446 AND
2 1 4442 4446 4447 XOR
2 1 4300 92 4448 XOR
2 1 4447 92 4449 XOR
2 1 4448 4447 4450 XOR
2 1 4448 4449 4451 AND
2 1 4447 4451 4452 XOR
2 1 4303 93 4453 XOR
2 1 4452 93 4454 XOR
2 1 4453 4452 4455 XOR
2 1 4453 4454 4456 AND
2 1 4452 4456 4457 XOR
2 1 4306 94 4458 XOR
2 1 4457 94 4459 XOR
2 1 4458 4457 4460 XOR
2 1 4458 4459 4461 AND
2 1 4457 4461 4462 XOR
2 1 4309 95 4463 XOR
2 1 4462 95 4464 XOR
2 1 4463 4462 4465 XOR
2 1 4463 4464 4466 AND
2 1 4462 4466 4467 XOR
2 1 4467 220 4468 XOR
2 1 4467 220 4469 AND
2 1 4468 4469 4470 XOR
2 1 33 4311 4471 XOR
2 1 4470 4471 4472 AND
2 1 4472 4311 4473 XOR
2 1 4219 4315 4474 XOR
2 1 4470 4474 4475 AND
2 1 4475 4315 4476 XOR
2 1 4222 4320 4477 XOR
2 1 4470 4477 4478 AND
2 1 4478 4320 4479 XOR
2 1 4225 4325 4480 XOR
2 1 4470 4480 4481 AND
2 1 4481 4325 4482 XOR
2 1 4228 4330 4483 XOR
2 1 4470 4483 4484 AND
2 1 4484 4330 4485 XOR
2 1 4231 4335 4486 XOR
2 1 4470 4486 4487 AND
2 1 4487 4335 4488 XOR
2 1 4234 4340 4489 XOR
2 1 4470 4489 4490 AND
2 1 4490 4340 4491 XOR
2 1 4237 4345 4492 XOR
2 1 4470 4492 4493 AND
2 1 4493 4345 4494 XOR
2 1 4240 4350 4495 XOR
2 1 4470 4495 4496 AND
2 1 4496 4350 4497 XOR
2 1 4243 4355 4498 XOR
2 1 4470 4498 4499 AND
2 1 4499 4355 4500 XOR
2 1 4246 4360 4501 XOR
2 1 4470 4501 4502 AND
2 1 4502 4360 4503 XOR
2 1 4249 4365 4504 XOR
2 1 4470 4504 4505 AND
2 1 4505 4365 4506 XOR
2 1 4252 4370 4507 XOR
2 1 4470 4507 4508 AND
2 1 4508 4370 4509 XOR
2 1 4255 4375 4510 XOR
2 1 4470 4510 4511 AND
2 1 4511 4375 4512 XOR
2 1 4258 4380 4513 XOR
2 1 4470 4513 4514 AND
2 1 4514 4380 4515 XOR
2 1 4261 4385 4516 XOR
2 1 4470 4516 4517 AND
2 1 4517 4385 4518 XOR
2 1 4264 4390 4519 XOR
2 1 4470 4519 4520 AND
2 1 4520 4390 4521 XOR
2 1 4267 4395 4522 XOR
2 1 4470 4522 4523 AND
2 1 4523 4395 4524 XOR
2 1 4270 4400 4525 XOR
2 1 4470 4525 4526 AND
2 1 4526 4400 4527 XOR
2 1 4273 4405 4528 XOR
2 1 4470 4528 4529 AND
2 1 4529 4405 4530 XOR
2 1 4276 4410 4531 XOR
2 1 4470 4531 4532 AND
2 1 4532 4410 4533 XOR
2 1 4279 4415 4534 XOR
2 1 4470 4534 4535 AND
2 1 4535 4415 4536 XOR
2 1 4282 4420 4537 XOR
2 1 4470 4537 4538 AND
2 1 4538 4420 4539 XOR
2 1 4285 4425 4540 XOR
2 1 4470 4540 4541 AND
2 1 4541 4425 4542 XOR
2 1 4288 4430 4543 XOR
2 1 4470 4543 4544 AND
2 1 4544 4430 4545 XOR
2 1 4291 4435 4546 XOR
2 1 4470 4546 4547 AND
2 1 4547 4435 4548 XOR
2 1 4294 4440 4549 XOR
2 1 4470 4549 4550 AND
2 1 4550 4440 4551 XOR
2 1 4297 4445 4552 XOR
2 1 4470 4552 4553 AND
2 1 4553 4445 4554 XOR
2 1 4300 4450 4555 XOR
2 1 4470 4555 4556 AND
2 1 4556 4450 4557 XOR
2 1 4303 4455 4558 XOR
2 1 4470 4558 4559 AND
2 1 4559 4455 4560 XOR
2 1 4306 4460 4561 XOR
2 1 4470 4561 4562 AND
2 1 4562 4460 4563 XOR
2 1 4309 4465 4564 XOR
2 1 4470 4564 4565 AND
2 1 4565 4465 4566 XOR
1 1 4470 4567 INV
2 1 32 64 4568 XOR
2 1 4568 64 4569 AND
2 1 4473 65 4570 XOR
2 1 4569 65 4571 XOR
2 1 4570 4569 4572 XOR
2 1 4570 4571 4573 AND
2 1 4569 4573 4574 XOR
2 1 4476 66 4575 XOR
2 1 4574 66 4576 XOR
2 1 4575 4574 4577 XOR
2 1 4575 4576 4578 AND
2 1 4574 4578 4579 XOR
2 1 4479 67 4580 XOR
2 1 4579 67 4581 XOR
2 1 4580 4579 4582 XOR
2 1 4580 4581 4583 AND
2 1 4579 4583 4584 XOR
2 1 4482 68 4585 XOR
2 1 4584 68 4586 XOR
2 1 4585 4584 4587 XOR
2 1 4585 4586 4588 AND
2 1 4584 4588 4589 XOR
2 1 4485 69 4590 XOR
2 1 4589 69 4591 XOR
2 1 4590 4589 4592 XOR
2 1 4590 4591 4593 AND
2 1 4589 4593 4594 XOR
2 1 4488 70 4595 XOR
2 1 4594 70 4596 XOR
2 1 4595 4594 4597 XOR
2 1 4595 4596 4598 AND
2 1 4594 4598 4599 XOR
2 1 4491 71 4600 XOR
2 1 4599 71 4601 XOR
2 1 4600 4599 4602 XOR
2 1 4600 4601 4603 AND
2 1 4599 4603 4604 XOR
2 1 4494 72 4605 XOR
2 1 4604 72 4606 XOR
2 1 4605 4604 4607 XOR
2 1 4605 4606 4608 AND
2 1 4604 4608 4609 XOR
2 1 4497 73 4610 XOR
2 1 4609 73 4611 XOR
2 1 4610 4609 4612 XOR
2 1 4610 4611 4613 AND
2 1 4609 4613 4614 XOR
2 1 4500 74 4615 XOR
2 1 4614 74 4616 XOR
2 1 4615 4614 4617 XOR
2 1 4615 4616 4618 AND
2 1 4614 4618 4619 XOR
2 1 4503 75 4620 XOR
2 1 4619 75 4621 XOR
2 1 4620 4619 4622 XOR
2 1 4620 4621 4623 AND
2 1 4619 4623 4624 XOR
2 1 4506 76 4625 XOR
2 1 4624 76 4626 XOR
2 1 4625 4624 4627 XOR
2 1 4625 4626 4628 AND
2 1 4624 4628 4629 XOR
2 1 4509 77 4630 XOR
2 1 4629 77 4631 XOR
2 1 4630 4629 4632 XOR
2 1 4630 4631 4633 AND
2 1 4629 4633 4634 XOR
2 1 4512 78 4635 XOR
2 1 4634 78 4636 XOR
2 1 4635 4634 4637 XOR
2 1 4635 4636 4638 AND
2 1 4634 4638 4639 XOR
2 1 4515 79 4640 XOR
2 1 4639 79 4641 XOR
2 1 4640 4639 4642 XOR
2 1 4640 4641 4643 AND
2 1 4639 4643 4644 XOR
2 1 4518 80 4645 XOR
2 1 4644 80 4646 XOR
2 1 4645 4644 4647 XOR
2 1 4645 4646 4648 AND
2 1 4644 4648 4649 XOR
2 1 4521 81 4650 XOR
2 1 4649 81 4651 XOR
2 1 4650 4649 4652 XOR
2 1 4650 4651 4653 AND
2 1 4649 4653 4654 XOR
2 1 4524 82 4655 XOR
2 1 4654 82 4656 XOR
2 1 4655 4654 4657 XOR
2 1 4655 4656 4658 AND
2 1 4654 4658 4659 XOR
2 1 4527 83 4660 XOR
2 1 4659 83 4661 XOR
2 1 4660 4659 4662 XOR
2 1 4660 4661 4663 AND
2 1 4659 4663 4664 XOR
2 1 4530 84 4665 XOR
2 1 4664 84 4666 XOR
2 1 4665 4664 4667 XOR
2 1 4665 4666 4668 AND
2 1 4664 4668 4669 XOR
2 1 4533 85 4670 XOR
2 1 4669 85 4671 XOR
2 1 4670 4669 4672 XOR
2 1 4670 4671 4673 AND
2 1 4669 4673 4674 XOR
2 1 4536 86 4675 XOR
2 1 4674 86 4676 XOR
2 1 4675 4674 4677 XOR
2 1 4675 4676 4678 AND
2 1 4674 4678 4679 XOR
2 1 4539 87 4680 XOR
2 1 4679 87 4681 XOR
2 1 4680 4679 4682 XOR
2 1 4680 4681 4683 AND
2 1 4679 4683 4684 XOR
2 1 4542 88 4685 XOR
2 1 4684 88 4686 XOR
2 1 4685 4684 4687 XOR
2 1 4685 4686 4688 AND
2 1 4684 4688 4689 XOR
2 1 4545 89 4690 XOR
2 1 4689 89 4691 XOR
2 1 4690 4689 4692 XOR
2 1 4690 4691 4693 AND
2 1 4689 4693 4694 XOR
2 1 4548 90 4695 XOR
2 1 4694 90 4696 XOR
2 1 4695 4694 4697 XOR
2 1 4695 4696 4698 AND
2 1 4694 4698 4699 XOR
2 1 4551 91 4700 XOR
2 1 4699 91 4701 XOR
2 1 4700 4699 4702 XOR
2 1 4700 4701 4703 AND
2 1 4699 4703 4704 XOR
2 1 4554 92 4705 XOR
2 1 4704 92 4706 XOR
2 1 4705 4704 4707 XOR
2 1 4705 4706 4708 AND
2 1 4704 4708 4709 XOR
2 1 4557 93 4710 XOR
2 1 4709 93 4711 XOR
2 1 4710 4709 4712 XOR
2 1 4710 4711 4713 AND
2 1 4709 4713 4714 XOR
2 1 4560 94 4715 XOR
2 1 4714 94 4716 XOR
2 1 4715 4714 4717 XOR
2 1 4715 4716 4718 AND
2 1 4714 4718 4719 XOR
2 1 4563 95 4720 XOR
2 1 4719 95 4721 XOR
2 1 4720 4719 4722 XOR
2 1 4720 4721 4723 AND
2 1 4719 4723 4724 XOR
2 1 4566 96 4725 XOR
2 1 4724 96 4726 XOR
2 1 4725 4724 4727 XOR
2 1 4725 4726 4728 AND
2 1 4724 4728 4729 XOR
2 1 4729 217 4730 XOR
2 1 4729 217 4731 AND
2 1 4730 4731 4732 XOR
2 1 32 4568 4733 XOR
2 1 4732 4733 4734 AND
2 1 4734 4568 4735 XOR
2 1 4473 4572 4736 XOR
2 1 4732 4736 4737 AND
2 1 4737 4572 4738 XOR
2 1 4476 4577 4739 XOR
2 1 4732 4739 4740 AND
2 1 4740 4577 4741 XOR
2 1 4479 4582 4742 XOR
2 1 4732 4742 4743 AND
2 1 4743 4582 4744 XOR
2 1 4482 4587 4745 XOR
2 1 4732 4745 4746 AND
2 1 4746 4587 4747 XOR
2 1 4485 4592 4748 XOR
2 1 4732 4748 4749 AND
2 1 4749 4592 4750 XOR
2 1 4488 4597 4751 XOR
2 1 4732 4751 4752 AND
2 1 4752 4597 4753 XOR
2 1 4491 4602 4754 XOR
2 1 4732 4754 4755 AND
2 1 4755 4602 4756 XOR
2 1 4494 4607 4757 XOR
2 1 4732 4757 4758 AND
2 1 4758 4607 4759 XOR
2 1 4497 4612 4760 XOR
2 1 4732 4760 4761 AND
2 1 4761 4612 4762 XOR
2 1 4500 4617 4763 XOR
2 1 4732 4763 4764 AND
2 1 4764 4617 4765 XOR
2 1 4503 4622 4766 XOR
2 1 4732 4766 4767 AND
2 1 4767 4622 4768 XOR
2 1 4506 4627 4769 XOR
2 1 4732 4769 4770 AND
2 1 4770 4627 4771 XOR
2 1 4509 4632 4772 XOR
2 1 4732 4772 4773 AND
2 1 4773 4632 4774 XOR
2 1 4512 4637 4775 XOR
2 1 4732 4775 4776 AND
2 1 4776 4637 4777 XOR
2 1 4515 4642 4778 XOR
2 1 4732 4778 4779 AND
2 1 4779 4642 4780 XOR
2 1 4518 4647 4781 XOR
2 1 4732 4781 4782 AND
2 1 4782 4647 4783 XOR
2 1 4521 4652 4784 XOR
2 1 4732 4784 4785 AND
2 1 4785 4652 4786 XOR
2 1 4524 4657 4787 XOR
2 1 4732 4787 4788 AND
2 1 4788 4657 4789 XOR
2 1 4527 4662 4790 XOR
2 1 4732 4790 4791 AND
2 1 4791 4662 4792 XOR
2 1 4530 4667 4793 XOR
2 1 4732 4793 4794 AND
2 1 4794 4667 4795 XOR
2 1 4533 4672 4796 XOR
2 1 4732 4796 4797 AND
2 1 4797 4672 4798 XOR
2 1 4536 4677 4799 XOR
2 1 4732 4799 4800 AND
2 1 4800 4677 4801 XOR
2 1 4539 4682 4802 XOR
2 1 4732 4802 4803 AND
2 1 4803 4682 4804 XOR
2 1 4542 4687 4805 XOR
2 1 4732 4805 4806 AND
2 1 4806 4687 4807 XOR
2 1 4545 4692 4808 XOR
2 1 4732 4808 4809 AND
2 1 4809 4692 4810 XOR
2 1 4548 4697 4811 XOR
2 1 4732 4811 4812 AND
2 1 4812 4697 4813 XOR
2 1 4551 4702 4814 XOR
2 1 4732 4814 4815 AND
2 1 4815 4702 4816 XOR
2 1 4554 4707 4817 XOR
2 1 4732 4817 4818 AND
2 1 4818 4707 4819 XOR
2 1 4557 4712 4820 XOR
2 1 4732 4820 4821 AND
2 1 4821 4712 4822 XOR
2 1 4560 4717 4823 XOR
2 1 4732 4823 4824 AND
2 1 4824 4717 4825 XOR
2 1 4563 4722 4826 XOR
2 1 4732 4826 4827 AND
2 1 4827 4722 4828 XOR
2 1 4566 4727 4829 XOR
2 1 4732 4829 4830 AND
2 1 4830 4727 4831 XOR
1 1 4732 4832 INV
2 1 31 64 4833 XOR
2 1 4833 64 4834 AND
2 1 4735 65 4835 XOR
2 1 4834 65 4836 XOR
2 1 4835 4834 4837 XOR
2 1 4835 4836 4838 AND
2 1 4834 4838 4839 XOR
2 1 4738 66 4840 XOR
2 1 4839 66 4841 XOR
2 1 4840 4839 4842 XOR
2 1 4840 4841 4843 AND
2 1 4839 4843 4844 XOR
2 1 4741 67 4845 XOR
2 1 4844 67 4846 XOR
2 1 4845 4844 4847 XOR
2 1 4845 4846 4848 AND
2 1 4844 4848 4849 XOR
2 1 4744 68 4850 XOR
2 1 4849 68 4851 XOR
2 1 4850 4849 4852 XOR
2 1 4850 4851 4853 AND
2 1 4849 4853 4854 XOR
2 1 4747 69 4855 XOR
2 1 4854 69 4856 XOR
2 1 4855 4854 4857 XOR
2 1 4855 4856 4858 AND
2 1 4854 4858 4859 XOR
2 1 4750 70 4860 XOR
2 1 4859 70 4861 XOR
2 1 4860 4859 4862 XOR
2 1 4860 4861 4863 AND
2 1 4859 4863 4864 XOR
2 1 4753 71 4865 XOR
2 1 4864 71 4866 XOR
2 1 4865 4864 4867 XOR
2 1 4865 4866 4868 AND
2 1 4864 4868 4869 XOR
2 1 4756 72 4870 XOR
2 1 4869 72 4871 XOR
2 1 4870 4869 4872 XOR
2 1 4870 4871 4873 AND
2 1 4869 4873 4874 XOR
2 1 4759 73 4875 XOR
2 1 4874 73 4876 XOR
2 1 4875 4874 4877 XOR
2 1 4875 4876 4878 AND
2 1 4874 4878 4879 XOR
2 1 4762 74 4880 XOR
2 1 4879 74 4881 XOR
2 1 4880 4879 4882 XOR
2 1 4880 4881 4883 AND
2 1 4879 4883 4884 XOR
2 1 4765 75 4885 XOR
2 1 4884 75 4886 XOR
2 1 4885 4884 4887 XOR
2 1 4885 4886 4888 AND
2 1 4884 4888 4889 XOR
2 1 4768 76 4890 XOR
2 1 4889 76 4891 XOR
2 1 4890 4889 4892 XOR
2 1 4890 4891 4893 AND
2 1 4889 4893 4894 XOR
2 1 4771 77 4895 XOR
2 1 4894 77 4896 XOR
2 1 4895 4894 4897 XOR
2 1 4895 4896 4898 AND
2 1 4894 4898 4899 XOR
2 1 4774 78 4900 XOR
2 1 4899 78 4901 XOR
2 1 4900 4899 4902 XOR
2 1 4900 4901 4903 AND
2 1 4899 4903 4904 XOR
2 1 4777 79 4905 XOR
2 1 4904 79 4906 XOR
2 1 4905 4904 4907 XOR
2 1 4905 4906 4908 AND
2 1 4904 4908 4909 XOR
2 1 4780 80 4910 XOR
2 1 4909 80 4911 XOR
2 1 4910 4909 4912 XOR
2 1 4910 4911 4913 AND
2 1 4909 4913 4914 XOR
2 1 4783 81 4915 XOR
2 1 4914 81 4916 XOR
2 1 4915 4914 4917 XOR
2 1 4915 4916 4918 AND
2 1 4914 4918 4919 XOR
2 1 4786 82 4920 XOR
2 1 4919 82 4921 XOR
2 1 4920 4919 4922 XOR
2 1 4920 4921 4923 AND
2 1 4919 4923 4924 XOR
2 1 4789 83 4925 XOR
2 1 4924 83 4926 XOR
2 1 4925 4924 4927 XOR
2 1 4925 4926 4928 AND
2 1 4924 4928 4929 XOR
2 1 4792 84 4930 XOR
2 1 4929 84 4931 XOR
2 1 4930 4929 4932 XOR
2 1 4930 4931 4933 AND
2 1 4929 4933 4934 XOR
2 1 4795 85 4935 XOR
2 1 4934 85 4936 XOR
2 1 4935 4934 4937 XOR
2 1 4935 4936 4938 AND
2 1 4934 4938 4939 XOR
2 1 4798 86 4940 XOR
2 1 4939 86 4941 XOR
2 1 4940 4939 4942 XOR
2 1 4940 4941 4943 AND
2 1 4939 4943 4944 XOR
2 1 4801 87 4945 XOR
2 1 4944 87 4946 XOR
2 1 4945 4944 4947 XOR
2 1 4945 4946 4948 AND
2 1 4944 4948 4949 XOR
2 1 4804 88 4950 XOR
2 1 4949 88 4951 XOR
2 1 4950 4949 4952 XOR
2 1 4950 4951 4953 AND
2 1 4949 4953 4954 XOR
2 1 4807 89 4955 XOR
2 1 4954 89 4956 XOR
2 1 4955 4954 4957 XOR
2 1 4955 4956 4958 AND
2 1 4954 4958 4959 XOR
2 1 4810 90 4960 XOR
2 1 4959 90 4961 XOR
2 1 4960 4959 4962 XOR
2 1 4960 4961 4963 AND
2 1 4959 4963 4964 XOR
2 1 4813 91 4965 XOR
2 1 4964 91 4966 XOR
2 1 4965 4964 4967 XOR
2 1 4965 4966 4968 AND
2 1 4964 4968 4969 XOR
2 1 4816 92 4970 XOR
2 1 4969 92 4971 XOR
2 1 4970 4969 4972 XOR
2 1 4970 4971 4973 AND
2 1 4969 4973 4974 XOR
2 1 4819 93 4975 XOR
2 1 4974 93 4976 XOR
2 1 4975 4974 4977 XOR
2 1 4975 4976 4978 AND
2 1 4974 4978 4979 XOR
2 1 4822 94 4980 XOR
2 1 4979 94 4981 XOR
2 1 4980 4979 4982 XOR
2 1 4980 4981 4983 AND
2 1 4979 4983 4984 XOR
2 1 4825 95 4985 XOR
2 1 4984 95 4986 XOR
2 1 4985 4984 4987 XOR
2 1 4985 4986 4988 AND
2 1 4984 4988 4989 XOR
2 1 4828 96 4990 XOR
2 1 4989 96 4991 XOR
2 1 4990 4989 4992 XOR
2 1 4990 4991 4993 AND
2 1 4989 4993 4994 XOR
2 1 4831 97 4995 XOR
2 1 4994 97 4996 XOR
2 1 4995 4994 4997 XOR
2 1 4995 4996 4998 AND
2 1 4994 4998 4999 XOR
2 1 4999 214 5000 XOR
2 1 4999 214 5001 AND
2 1 5000 5001 5002 XOR
2 1 31 4833 5003 XOR
2 1 5002 5003 5004 AND
2 1 5004 4833 5005 XOR
2 1 4735 4837 5006 XOR
2 1 5002 5006 5007 AND
2 1 5007 4837 5008 XOR
2 1 4738 4842 5009 XOR
2 1 5002 5009 5010 AND
2 1 5010 4842 5011 XOR
2 1 4741 4847 5012 XOR
2 1 5002 5012 5013 AND
2 1 5013 4847 5014 XOR
2 1 4744 4852 5015 XOR
2 1 5002 5015 5016 AND
2 1 5016 4852 5017 XOR
2 1 4747 4857 5018 XOR
2 1 5002 5018 5019 AND
2 1 5019 4857 5020 XOR
2 1 4750 4862 5021 XOR
2 1 5002 5021 5022 AND
2 1 5022 4862 5023 XOR
2 1 4753 4867 5024 XOR
2 1 5002 5024 5025 AND
2 1 5025 4867 5026 XOR
2 1 4756 4872 5027 XOR
2 1 5002 5027 5028 AND
2 1 5028 4872 5029 XOR
2 1 4759 4877 5030 XOR
2 1 5002 5030 5031 AND
2 1 5031 4877 5032 XOR
2 1 4762 4882 5033 XOR
2 1 5002 5033 5034 AND
2 1 5034 4882 5035 XOR
2 1 4765 4887 5036 XOR
2 1 5002 5036 5037 AND
2 1 5037 4887 5038 XOR
2 1 4768 4892 5039 XOR
2 1 5002 5039 5040 AND
2 1 5040 4892 5041 XOR
2 1 4771 4897 5042 XOR
2 1 5002 5042 5043 AND
2 1 5043 4897 5044 XOR
2 1 4774 4902 5045 XOR
2 1 5002 5045 5046 AND
2 1 5046 4902 5047 XOR
2 1 4777 4907 5048 XOR
2 1 5002 5048 5049 AND
2 1 5049 4907 5050 XOR
2 1 4780 4912 5051 XOR
2 1 5002 5051 5052 AND
2 1 5052 4912 5053 XOR
2 1 4783 4917 5054 XOR
2 1 5002 5054 5055 AND
2 1 5055 4917 5056 XOR
2 1 4786 4922 5057 XOR
2 1 5002 5057 5058 AND
2 1 5058 4922 5059 XOR
2 1 4789 4927 5060 XOR
2 1 5002 5060 5061 AND
2 1 5061 4927 5062 XOR
2 1 4792 4932 5063 XOR
2 1 5002 5063 5064 AND
2 1 5064 4932 5065 XOR
2 1 4795 4937 5066 XOR
2 1 5002 5066 5067 AND
2 1 5067 4937 5068 XOR
2 1 4798 4942 5069 XOR
2 1 5002 5069 5070 AND
2 1 5070 4942 5071 XOR
2 1 4801 4947 5072 XOR
2 1 5002 5072 5073 AND
2 1 5073 4947 5074 XOR
2 1 4804 4952 5075 XOR
2 1 5002 5075 5076 AND
2 1 5076 4952 5077 XOR
2 1 4807 4957 5078 XOR
2 1 5002 5078 5079 AND
2 1 5079 4957 5080 XOR
2 1 4810 4962 5081 XOR
2 1 5002 5081 5082 AND
2 1 5082 4962 5083 XOR
2 1 4813 4967 5084 XOR
2 1 5002 5084 5085 AND
2 1 5085 4967 5086 XOR
2 1 4816 4972 5087 XOR
2 1 5002 5087 5088 AND
2 1 5088 4972 5089 XOR
2 1 4819 4977 5090 XOR
2 1 5002 5090 5091 AND
2 1 5091 4977 5092 XOR
2 1 4822 4982 5093 XOR
2 1 5002 5093 5094 AND
2 1 5094 4982 5095 XOR
2 1 4825 4987 5096 XOR
2 1 5002 5096 5097 AND
2 1 5097 4987 5098 XOR
2 1 4828 4992 5099 XOR
2 1 5002 5099 5100 AND
2 1 5100 4992 5101 XOR
2 1 4831 4997 5102 XOR
2 1 5002 5102 5103 AND
2 1 5103 4997 5104 XOR
1 1 5002 5105 INV
2 1 30 64 5106 XOR
2 1 5106 64 5107 AND
2 1 5005 65 5108 XOR
2 1 5107 65 5109 XOR
2 1 5108 5107 5110 XOR
2 1 5108 5109 5111 AND
2 1 5107 5111 5112 XOR
2 1 5008 66 5113 XOR
2 1 5112 66 5114 XOR
2 1 5113 5112 5115 XOR
2 1 5113 5114 5116 AND
2 1 5112 5116 5117 XOR
2 1 5011 67 5118 XOR
2 1 5117 67 5119 XOR
2 1 5118 5117 5120 XOR
2 1 5118 5119 5121 AND
2 1 5117 5121 5122 XOR
2 1 5014 68 5123 XOR
2 1 5122 68 5124 XOR
2 1 5123 5122 5125 XOR
2 1 5123 5124 5126 AND
2 1 5122 5126 5127 XOR
2 1 5017 69 5128 XOR
2 1 5127 69 5129 XOR
2 1 5128 5127 5130 XOR
2 1 5128 5129 5131 AND
2 1 5127 5131 5132 XOR
2 1 5020 70 5133 XOR
2 1 5132 70 5134 XOR
2 1 5133 5132 5135 XOR
2 1 5133 5134 5136 AND
2 1 5132 5136 5137 XOR
2 1 5023 71 5138 XOR
2 1 5137 71 5139 XOR
2 1 5138 5137 5140 XOR
2 1 5138 5139 5141 AND
2 1 5137 5141 5142 XOR
2 1 5026 72 5143 XOR
2 1 5142 72 5144 XOR
2 1 5143 5142 5145 XOR
2 1 5143 5144 5146 AND
2 1 5142 5146 5147 XOR
2 1 5029 73 5148 XOR
2 1 5147 73 5149 XOR
2 1 5148 5147 5150 XOR
2 1 5148 5149 5151 AND
2 1 5147 5151 5152 XOR
2 1 5032 74 5153 XOR
2 1 5152 74 5154 XOR
2 1 5153 5152 5155 XOR
2 1 5153 5154 5156 AND
2 1 5152 5156 5157 XOR
2 1 5035 75 5158 XOR
2 1 5157 75 5159 XOR
2 1 5158 5157 5160 XOR
2 1 5158 5159 5161 AND
2 1 5157 5161 5162 XOR
2 1 5038 76 5163 XOR
2 1 5162 76 5164 XOR
2 1 5163 5162 5165 XOR
2 1 5163 5164 5166 AND
2 1 5162 5166 5167 XOR
2 1 5041 77 5168 XOR
2 1 5167 77 5169 XOR
2 1 5168 5167 5170 XOR
2 1 5168 5169 5171 AND
2 1 5167 5171 5172 XOR
2 1 5044 78 5173 XOR
2 1 5172 78 5174 XOR
2 1 5173 5172 5175 XOR
2 1 5173 5174 5176 AND
2 1 5172 5176 5177 XOR
2 1 5047 79 5178 XOR
2 1 5177 79 5179 XOR
2 1 5178 5177 5180 XOR
2 1 5178 5179 5181 AND
2 1 5177 5181 5182 XOR
2 1 5050 80 5183 XOR
2 1 5182 80 5184 XOR
2 1 5183 5182 5185 XOR
2 1 5183 5184 5186 AND
2 1 5182 5186 5187 XOR
2 1 5053 81 5188 XOR
2 1 5187 81 5189 XOR
2 1 5188 5187 5190 XOR
2 1 5188 5189 5191 AND
2 1 5187 5191 5192 XOR
2 1 5056 82 5193 XOR
2 1 5192 82 5194 XOR
2 1 5193 5192 5195 XOR
2 1 5193 5194 5196 AND
2 1 5192 5196 5197 XOR
2 1 5059 83 5198 XOR
2 1 5197 83 5199 XOR
2 1 5198 5197 5200 XOR
2 1 5198 5199 5201 AND
2 1 5197 5201 5202 XOR
2 1 5062 84 5203 XOR
2 1 5202 84 5204 XOR
2 1 5203 5202 5205 XOR
2 1 5203 5204 5206 AND
2 1 5202 5206 5207 XOR
2 1 5065 85 5208 XOR
2 1 5207 85 5209 XOR
2 1 5208 5207 5210 XOR
2 1 5208 5209 5211 AND
2 1 5207 5211 5212 XOR
2 1 5068 86 5213 XOR
2 1 5212 86 5214 XOR
2 1 5213 5212 5215 XOR
2 1 5213 5214 5216 AND
2 1 5212 5216 5217 XOR
2 1 5071 87 5218 XOR
2 1 5217 87 5219 XOR
2 1 5218 5217 5220 XOR
2 1 5218 5219 5221 AND
2 1 5217 5221 5222 XOR
2 1 5074 88 5223 XOR
2 1 5222 88 5224 XOR
2 1 5223 5222 5225 XOR
2 1 5223 5224 5226 AND
2 1 5222 5226 5227 XOR
2 1 5077 89 5228 XOR
2 1 5227 89 5229 XOR
2 1 5228 5227 5230 XOR
2 1 5228 5229 5231 AND
2 1 5227 5231 5232 XOR
2 1 5080 90 5233 XOR
2 1 5232 90 5234 XOR
2 1 5233 5232 5235 XOR
2 1 5233 5234 5236 AND
2 1 5232 5236 5237 XOR
2 1 5083 91 5238 XOR
2 1 5237 91 5239 XOR
2 1 5238 5237 5240 XOR
2 1 5238 5239 5241 AND
2 1 5237 5241 5242 XOR
2 1 5086 92 5243 XOR
2 1 5242 92 5244 XOR
2 1 5243 5242 5245 XOR
2 1 5243 5244 5246 AND
2 1 5242 5246 5247 XOR
2 1 5089 93 5248 XOR
2 1 5247 93 5249 XOR
2 1 5248 5247 5250 XOR
2 1 5248 5249 5251 AND
2 1 5247 5251 5252 XOR
2 1 5092 94 5253 XOR
2 1 5252 94 5254 XOR
2 1 5253 5252 5255 XOR
2 1 5253 5254 5256 AND
2 1 5252 5256 5257 XOR
2 1 5095 95 5258 XOR
2 1 5257 95 5259 XOR
2 1 5258 5257 5260 XOR
2 1 5258 5259 5261 AND
2 1 5257 5261 5262 XOR
2 1 5098 96 5263 XOR
2 1 5262 96 5264 XOR
2 1 5263 5262 5265 XOR
2 1 5263 5264 5266 AND
2 1 5262 5266 5267 XOR
2 1 5101 97 5268 XOR
2 1 5267 97 5269 XOR
2 1 5268 5267 5270 XOR
2 1 5268 5269 5271 AND
2 1 5267 5271 5272 XOR
2 1 5104 98 5273 XOR
2 1 5272 98 5274 XOR
2 1 5273 5272 5275 XOR
2 1 5273 5274 5276 AND
2 1 5272 5276 5277 XOR
2 1 5277 211 5278 XOR
2 1 5277 211 5279 AND
2 1 5278 5279 5280 XOR
2 1 30 5106 5281 XOR
2 1 5280 5281 5282 AND
2 1 5282 5106 5283 XOR
2 1 5005 5110 5284 XOR
2 1 5280 5284 5285 AND
2 1 5285 5110 5286 XOR
2 1 5008 5115 5287 XOR
2 1 5280 5287 5288 AND
2 1 5288 5115 5289 XOR
2 1 5011 5120 5290 XOR
2 1 5280 5290 5291 AND
2 1 5291 5120 5292 XOR
2 1 5014 5125 5293 XOR
2 1 5280 5293 5294 AND
2 1 5294 5125 5295 XOR
2 1 5017 5130 5296 XOR
2 1 5280 5296 5297 AND
2 1 5297 5130 5298 XOR
2 1 5020 5135 5299 XOR
2 1 5280 5299 5300 AND
2 1 5300 5135 5301 XOR
2 1 5023 5140 5302 XOR
2 1 5280 5302 5303 AND
2 1 5303 5140 5304 XOR
2 1 5026 5145 5305 XOR
2 1 5280 5305 5306 AND
2 1 5306 5145 5307 XOR
2 1 5029 5150 5308 XOR
2 1 5280 5308 5309 AND
2 1 5309 5150 5310 XOR
2 1 5032 5155 5311 XOR
2 1 5280 5311 5312 AND
2 1 5312 5155 5313 XOR
2 1 5035 5160 5314 XOR
2 1 5280 5314 5315 AND
2 1 5315 5160 5316 XOR
2 1 5038 5165 5317 XOR
2 1 5280 5317 5318 AND
2 1 5318 5165 5319 XOR
2 1 5041 5170 5320 XOR
2 1 5280 5320 5321 AND
2 1 5321 5170 5322 XOR
2 1 5044 5175 5323 XOR
2 1 5280 5323 5324 AND
2 1 5324 5175 5325 XOR
2 1 5047 5180 5326 XOR
2 1 5280 5326 5327 AND
2 1 5327 5180 5328 XOR
2 1 5050 5185 5329 XOR
2 1 5280 5329 5330 AND
2 1 5330 5185 5331 XOR
2 1 5053 5190 5332 XOR
2 1 5280 5332 5333 AND
2 1 5333 5190 5334 XOR
2 1 5056 5195 5335 XOR
2 1 5280 5335 5336 AND
2 1 5336 5195 5337 XOR
2 1 5059 5200 5338 XOR
2 1 5280 5338 5339 AND
2 1 5339 5200 5340 XOR
2 1 5062 5205 5341 XOR
2 1 5280 5341 5342 AND
2 1 5342 5205 5343 XOR
2 1 5065 5210 5344 XOR
2 1 5280 5344 5345 AND
2 1 5345 5210 5346 XOR
2 1 5068 5215 5347 XOR
2 1 5280 5347 5348 AND
2 1 5348 5215 5349 XOR
2 1 5071 5220 5350 XOR
2 1 5280 5350 5351 AND
2 1 5351 5220 5352 XOR
2 1 5074 5225 5353 XOR
2 1 5280 5353 5354 AND
2 1 5354 5225 5355 XOR
2 1 5077 5230 5356 XOR
2 1 5280 5356 5357 AND
2 1 5357 5230 5358 XOR
2 1 5080 5235 5359 XOR
2 1 5280 5359 5360 AND
2 1 5360 5235 5361 XOR
2 1 5083 5240 5362 XOR
2 1 5280 5362 5363 AND
2 1 5363 5240 5364 XOR
2 1 5086 5245 5365 XOR
2 1 5280 5365 5366 AND
2 1 5366 5245 5367 XOR
2 1 5089 5250 5368 XOR
2 1 5280 5368 5369 AND
2 1 5369 5250 5370 XOR
2 1 5092 5255 5371 XOR
2 1 5280 5371 5372 AND
2 1 5372 5255 5373 XOR
2 1 5095 5260 5374 XOR
2 1 5280 5374 5375 AND
2 1 5375 5260 5376 XOR
2 1 5098 5265 5377 XOR
2 1 5280 5377 5378 AND
2 1 5378 5265 5379 XOR
2 1 5101 5270 5380 XOR
2 1 5280 5380 5381 AND
2 1 5381 5270 5382 XOR
2 1 5104 5275 5383 XOR
2 1 5280 5383 5384 AND
2 1 5384 5275 5385 XOR
1 1 5280 5386 INV
2 1 29 64 5387 XOR
2 1 5387 64 5388 AND
2 1 5283 65 5389 XOR
2 1 5388 65 5390 XOR
2 1 5389 5388 5391 XOR
2 1 5389 5390 5392 AND
2 1 5388 5392 5393 XOR
2 1 5286 66 5394 XOR
2 1 5393 66 5395 XOR
2 1 5394 5393 5396 XOR
2 1 5394 5395 5397 AND
2 1 5393 5397 5398 XOR
2 1 5289 67 5399 XOR
2 1 5398 67 5400 XOR
2 1 5399 5398 5401 XOR
2 1 5399 5400 5402 AND
2 1 5398 5402 5403 XOR
2 1 5292 68 5404 XOR
2 1 5403 68 5405 XOR
2 1 5404 5403 5406 XOR
2 1 5404 5405 5407 AND
2 1 5403 5407 5408 XOR
2 1 5295 69 5409 XOR
2 1 5408 69 5410 XOR
2 1 5409 5408 5411 XOR
2 1 5409 5410 5412 AND
2 1 5408 5412 5413 XOR
2 1 5298 70 5414 XOR
2 1 5413 70 5415 XOR
2 1 5414 5413 5416 XOR
2 1 5414 5415 5417 AND
2 1 5413 5417 5418 XOR
2 1 5301 71 5419 XOR
2 1 5418 71 5420 XOR
2 1 5419 5418 5421 XOR
2 1 5419 5420 5422 AND
2 1 5418 5422 5423 XOR
2 1 5304 72 5424 XOR
2 1 5423 72 5425 XOR
2 1 5424 5423 5426 XOR
2 1 5424 5425 5427 AND
2 1 5423 5427 5428 XOR
2 1 5307 73 5429 XOR
2 1 5428 73 5430 XOR
2 1 5429 5428 5431 XOR
2 1 5429 5430 5432 AND
2 1 5428 5432 5433 XOR
2 1 5310 74 5434 XOR
2 1 5433 74 5435 XOR
2 1 5434 5433 5436 XOR
2 1 5434 5435 5437 AND
2 1 5433 5437 5438 XOR
2 1 5313 75 5439 XOR
2 1 5438 75 5440 XOR
2 1 5439 5438 5441 XOR
2 1 5439 5440 5442 AND
2 1 5438 5442 5443 XOR
2 1 5316 76 5444 XOR
2 1 5443 76 5445 XOR
2 1 5444 5443 5446 XOR
2 1 5444 5445 5447 AND
2 1 5443 5447 5448 XOR
2 1 5319 77 5449 XOR
2 1 5448 77 5450 XOR
2 1 5449 5448 5451 XOR
2 1 5449 5450 5452 AND
2 1 5448 5452 5453 XOR
2 1 5322 78 5454 XOR
2 1 5453 78 5455 XOR
2 1 5454 5453 5456 XOR
2 1 5454 5455 5457 AND
2 1 5453 5457 5458 XOR
2 1 5325 79 5459 XOR
2 1 5458 79 5460 XOR
2 1 5459 5458 5461 XOR
2 1 5459 5460 5462 AND
2 1 5458 5462 5463 XOR
2 1 5328 80 5464 XOR
2 1 5463 80 5465 XOR
2 1 5464 5463 5466 XOR
2 1 5464 5465 5467 AND
2 1 5463 5467 5468 XOR
2 1 5331 81 5469 XOR
2 1 5468 81 5470 XOR
2 1 5469 5468 5471 XOR
2 1 5469 5470 5472 AND
2 1 5468 5472 5473 XOR
2 1 5334 82 5474 XOR
2 1 5473 82 5475 XOR
2 1 5474 5473 5476 XOR
2 1 5474 5475 5477 AND
2 1 5473 5477 5478 XOR
2 1 5337 83 5479 XOR
2 1 5478 83 5480 XOR
2 1 5479 5478 5481 XOR
2 1 5479 5480 5482 AND
2 1 5478 5482 5483 XOR
2 1 5340 84 5484 XOR
2 1 5483 84 5485 XOR
2 1 5484 5483 5486 XOR
2 1 5484 5485 5487 AND
2 1 5483 5487 5488 XOR
2 1 5343 85 5489 XOR
2 1 5488 85 5490 XOR
2 1 5489 5488 5491 XOR
2 1 5489 5490 5492 AND
2 1 5488 5492 5493 XOR
2 1 5346 86 5494 XOR
2 1 5493 86 5495 XOR
2 1 5494 5493 5496 XOR
2 1 5494 5495 5497 AND
2 1 5493 5497 5498 XOR
2 1 5349 87 5499 XOR
2 1 5498 87 5500 XOR
2 1 5499 5498 5501 XOR
2 1 5499 5500 5502 AND
2 1 5498 5502 5503 XOR
2 1 5352 88 5504 XOR
2 1 5503 88 5505 XOR
2 1 5504 5503 5506 XOR
2 1 5504 5505 5507 AND
2 1 5503 5507 5508 XOR
2 1 5355 89 5509 XOR
2 1 5508 89 5510 XOR
2 1 5509 5508 5511 XOR
2 1 5509 5510 5512 AND
2 1 5508 5512 5513 XOR
2 1 5358 90 5514 XOR
2 1 5513 90 5515 XOR
2 1 5514 5513 5516 XOR
2 1 5514 5515 5517 AND
2 1 5513 5517 5518 XOR
2 1 5361 91 5519 XOR
2 1 5518 91 5520 XOR
2 1 5519 5518 5521 XOR
2 1 5519 5520 5522 AND
2 1 5518 5522 5523 XOR
2 1 5364 92 5524 XOR
2 1 5523 92 5525 XOR
2 1 5524 5523 5526 XOR
2 1 5524 5525 5527 AND
2 1 5523 5527 5528 XOR
2 1 5367 93 5529 XOR
2 1 5528 93 5530 XOR
2 1 5529 5528 5531 XOR
2 1 5529 5530 5532 AND
2 1 5528 5532 5533 XOR
2 1 5370 94 5534 XOR
2 1 5533 94 5535 XOR
2 1 5534 5533 5536 XOR
2 1 5534 5535 5537 AND
2 1 5533 5537 5538 XOR
2 1 5373 95 5539 XOR
2 1 5538 95 5540 XOR
2 1 5539 5538 5541 XOR
2 1 5539 5540 5542 AND
2 1 5538 5542 5543 XOR
2 1 5376 96 5544 XOR
2 1 5543 96 5545 XOR
2 1 5544 5543 5546 XOR
2 1 5544 5545 5547 AND
2 1 5543 5547 5548 XOR
2 1 5379 97 5549 XOR
2 1 5548 97 5550 XOR
2 1 5549 5548 5551 XOR
2 1 5549 5550 5552 AND
2 1 5548 5552 5553 XOR
2 1 5382 98 5554 XOR
2 1 5553 98 5555 XOR
2 1 5554 5553 5556 XOR
2 1 5554 5555 5557 AND
2 1 5553 5557 5558 XOR
2 1 5385 99 5559 XOR
2 1 5558 99 5560 XOR
2 1 5559 5558 5561 XOR
2 1 5559 5560 5562 AND
2 1 5558 5562 5563 XOR
2 1 5563 208 5564 XOR
2 1 5563 208 5565 AND
2 1 5564 5565 5566 XOR
2 1 29 5387 5567 XOR
2 1 5566 5567 5568 AND
2 1 5568 5387 5569 XOR
2 1 5283 5391 5570 XOR
2 1 5566 5570 5571 AND
2 1 5571 5391 5572 XOR
2 1 5286 5396 5573 XOR
2 1 5566 5573 5574 AND
2 1 5574 5396 5575 XOR
2 1 5289 5401 5576 XOR
2 1 5566 5576 5577 AND
2 1 5577 5401 5578 XOR
2 1 5292 5406 5579 XOR
2 1 5566 5579 5580 AND
2 1 5580 5406 5581 XOR
2 1 5295 5411 5582 XOR
2 1 5566 5582 5583 AND
2 1 5583 5411 5584 XOR
2 1 5298 5416 5585 XOR
2 1 5566 5585 5586 AND
2 1 5586 5416 5587 XOR
2 1 5301 5421 5588 XOR
2 1 5566 5588 5589 AND
2 1 5589 5421 5590 XOR
2 1 5304 5426 5591 XOR
2 1 5566 5591 5592 AND
2 1 5592 5426 5593 XOR
2 1 5307 5431 5594 XOR
2 1 5566 5594 5595 AND
2 1 5595 5431 5596 XOR
2 1 5310 5436 5597 XOR
2 1 5566 5597 5598 AND
2 1 5598 5436 5599 XOR
2 1 5313 5441 5600 XOR
2 1 5566 5600 5601 AND
2 1 5601 5441 5602 XOR
2 1 5316 5446 5603 XOR
2 1 5566 5603 5604 AND
2 1 5604 5446 5605 XOR
2 1 5319 5451 5606 XOR
2 1 5566 5606 5607 AND
2 1 5607 5451 5608 XOR
2 1 5322 5456 5609 XOR
2 1 5566 5609 5610 AND
2 1 5610 5456 5611 XOR
2 1 5325 5461 5612 XOR
2 1 5566 5612 5613 AND
2 1 5613 5461 5614 XOR
2 1 5328 5466 5615 XOR
2 1 5566 5615 5616 AND
2 1 5616 5466 5617 XOR
2 1 5331 5471 5618 XOR
2 1 5566 5618 5619 AND
2 1 5619 5471 5620 XOR
2 1 5334 5476 5621 XOR
2 1 5566 5621 5622 AND
2 1 5622 5476 5623 XOR
2 1 5337 5481 5624 XOR
2 1 5566 5624 5625 AND
2 1 5625 5481 5626 XOR
2 1 5340 5486 5627 XOR
2 1 5566 5627 5628 AND
2 1 5628 5486 5629 XOR
2 1 5343 5491 5630 XOR
2 1 5566 5630 5631 AND
2 1 5631 5491 5632 XOR
2 1 5346 5496 5633 XOR
2 1 5566 5633 5634 AND
2 1 5634 5496 5635 XOR
2 1 5349 5501 5636 XOR
2 1 5566 5636 5637 AND
2 1 5637 5501 5638 XOR
2 1 5352 5506 5639 XOR
2 1 5566 5639 5640 AND
2 1 5640 5506 5641 XOR
2 1 5355 5511 5642 XOR
2 1 5566 5642 5643 AND
2 1 5643 5511 5644 XOR
2 1 5358 5516 5645 XOR
2 1 5566 5645 5646 AND
2 1 5646 5516 5647 XOR
2 1 5361 5521 5648 XOR
2 1 5566 5648 5649 AND
2 1 5649 5521 5650 XOR
2 1 5364 5526 5651 XOR
2 1 5566 5651 5652 AND
2 1 5652 5526 5653 XOR
2 1 5367 5531 5654 XOR
2 1 5566 5654 5655 AND
2 1 5655 5531 5656 XOR
2 1 5370 5536 5657 XOR
2 1 5566 5657 5658 AND
2 1 5658 5536 5659 XOR
2 1 5373 5541 5660 XOR
2 1 5566 5660 5661 AND
2 1 5661 5541 5662 XOR
2 1 5376 5546 5663 XOR
2 1 5566 5663 5664 AND
2 1 5664 5546 5665 XOR
2 1 5379 5551 5666 XOR
2 1 5566 5666 5667 AND
2 1 5667 5551 5668 XOR
2 1 5382 5556 5669 XOR
2 1 5566 5669 5670 AND
2 1 5670 5556 5671 XOR
2 1 5385 5561 5672 XOR
2 1 5566 5672 5673 AND
2 1 5673 5561 5674 XOR
1 1 5566 5675 INV
2 1 28 64 5676 XOR
2 1 5676 64 5677 AND
2 1 5569 65 5678 XOR
2 1 5677 65 5679 XOR
2 1 5678 5677 5680 XOR
2 1 5678 5679 5681 AND
2 1 5677 5681 5682 XOR
2 1 5572 66 5683 XOR
2 1 5682 66 5684 XOR
2 1 5683 5682 5685 XOR
2 1 5683 5684 5686 AND
2 1 5682 5686 5687 XOR
2 1 5575 67 5688 XOR
2 1 5687 67 5689 XOR
2 1 5688 5687 5690 XOR
2 1 5688 5689 5691 AND
2 1 5687 5691 5692 XOR
2 1 5578 68 5693 XOR
2 1 5692 68 5694 XOR
2 1 5693 5692 5695 XOR
2 1 5693 5694 5696 AND
2 1 5692 5696 5697 XOR
2 1 5581 69 5698 XOR
2 1 5697 69 5699 XOR
2 1 5698 5697 5700 XOR
2 1 5698 5699 5701 AND
2 1 5697 5701 5702 XOR
2 1 5584 70 5703 XOR
2 1 5702 70 5704 XOR
2 1 5703 5702 5705 XOR
2 1 5703 5704 5706 AND
2 1 5702 5706 5707 XOR
2 1 5587 71 5708 XOR
2 1 5707 71 5709 XOR
2 1 5708 5707 5710 XOR
2 1 5708 5709 5711 AND
2 1 5707 5711 5712 XOR
2 1 5590 72 5713 XOR
2 1 5712 72 5714 XOR
2 1 5713 5712 5715 XOR
2 1 5713 5714 5716 AND
2 1 5712 5716 5717 XOR
2 1 5593 73 5718 XOR
2 1 5717 73 5719 XOR
2 1 5718 5717 5720 XOR
2 1 5718 5719 5721 AND
2 1 5717 5721 5722 XOR
2 1 5596 74 5723 XOR
2 1 5722 74 5724 XOR
2 1 5723 5722 5725 XOR
2 1 5723 5724 5726 AND
2 1 5722 5726 5727 XOR
2 1 5599 75 5728 XOR
2 1 5727 75 5729 XOR
2 1 5728 5727 5730 XOR
2 1 5728 5729 5731 AND
2 1 5727 5731 5732 XOR
2 1 5602 76 5733 XOR
2 1 5732 76 5734 XOR
2 1 5733 5732 5735 XOR
2 1 5733 5734 5736 AND
2 1 5732 5736 5737 XOR
2 1 5605 77 5738 XOR
2 1 5737 77 5739 XOR
2 1 5738 5737 5740 XOR
2 1 5738 5739 5741 AND
2 1 5737 5741 5742 XOR
2 1 5608 78 5743 XOR
2 1 5742 78 5744 XOR
2 1 5743 5742 5745 XOR
2 1 5743 5744 5746 AND
2 1 5742 5746 5747 XOR
2 1 5611 79 5748 XOR
2 1 5747 79 5749 XOR
2 1 5748 5747 5750 XOR
2 1 5748 5749 5751 AND
2 1 5747 5751 5752 XOR
2 1 5614 80 5753 XOR
2 1 5752 80 5754 XOR
2 1 5753 5752 5755 XOR
2 1 5753 5754 5756 AND
2 1 5752 5756 5757 XOR
2 1 5617 81 5758 XOR
2 1 5757 81 5759 XOR
2 1 5758 5757 5760 XOR
2 1 5758 5759 5761 AND
2 1 5757 5761 5762 XOR
2 1 5620 82 5763 XOR
2 1 5762 82 5764 XOR
2 1 5763 5762 5765 XOR
2 1 5763 5764 5766 AND
2 1 5762 5766 5767 XOR
2 1 5623 83 5768 XOR
2 1 5767 83 5769 XOR
2 1 5768 5767 5770 XOR
2 1 5768 5769 5771 AND
2 1 5767 5771 5772 XOR
2 1 5626 84 5773 XOR
2 1 5772 84 5774 XOR
2 1 5773 5772 5775 XOR
2 1 5773 5774 5776 AND
2 1 5772 5776 5777 XOR
2 1 5629 85 5778 XOR
2 1 5777 85 5779 XOR
2 1 5778 5777 5780 XOR
2 1 5778 5779 5781 AND
2 1 5777 5781 5782 XOR
2 1 5632 86 5783 XOR
2 1 5782 86 5784 XOR
2 1 5783 5782 5785 XOR
2 1 5783 5784 5786 AND
2 1 5782 5786 5787 XOR
2 1 5635 87 5788 XOR
2 1 5787 87 5789 XOR
2 1 5788 5787 5790 XOR
2 1 5788 5789 5791 AND
2 1 5787 5791 5792 XOR
2 1 5638 88 5793 XOR
2 1 5792 88 5794 XOR
2 1 5793 5792 5795 XOR
2 1 5793 5794 5796 AND
2 1 5792 5796 5797 XOR
2 1 5641 89 5798 XOR
2 1 5797 89 5799 XOR
2 1 5798 5797 5800 XOR
2 1 5798 5799 5801 AND
2 1 5797 5801 5802 XOR
2 1 5644 90 5803 XOR
2 1 5802 90 5804 XOR
2 1 5803 5802 5805 XOR
2 1 5803 5804 5806 AND
2 1 5802 5806 5807 XOR
2 1 5647 91 5808 XOR
2 1 5807 91 5809 XOR
2 1 5808 5807 5810 XOR
2 1 5808 5809 5811 AND
2 1 5807 5811 5812 XOR
2 1 5650 92 5813 XOR
2 1 5812 92 5814 XOR
2 1 5813 5812 5815 XOR
2 1 5813 5814 5816 AND
2 1 5812 5816 5817 XOR
2 1 5653 93 5818 XOR
2 1 5817 93 5819 XOR
2 1 5818 5817 5820 XOR
2 1 5818 5819 5821 AND
2 1 5817 5821 5822 XOR
2 1 5656 94 5823 XOR
2 1 5822 94 5824 XOR
2 1 5823 5822 5825 XOR
2 1 5823 5824 5826 AND
2 1 5822 5826 5827 XOR
2 1 5659 95 5828 XOR
2 1 5827 95 5829 XOR
2 1 5828 5827 5830 XOR
2 1 5828 5829 5831 AND
2 1 5827 5831 5832 XOR
2 1 5662 96 5833 XOR
2 1 5832 96 5834 XOR
2 1 5833 5832 5835 XOR
2 1 5833 5834 5836 AND
2 1 5832 5836 5837 XOR
2 1 5665 97 5838 XOR
2 1 5837 97 5839 XOR
2 1 5838 5837 5840 XOR
2 1 5838 5839 5841 AND
2 1 5837 5841 5842 XOR
2 1 5668 98 5843 XOR
2 1 5842 98 5844 XOR
2 1 5843 5842 5845 XOR
2 1 5843 5844 5846 AND
2 1 5842 5846 5847 XOR
2 1 5671 99 5848 XOR
2 1 5847 99 5849 XOR
2 1 5848 5847 5850 XOR
2 1 5848 5849 5851 AND
2 1 5847 5851 5852 XOR
2 1 5674 100 5853 XOR
2 1 5852 100 5854 XOR
2 1 5853 5852 5855 XOR
2 1 5853 5854 5856 AND
2 1 5852 5856 5857 XOR
2 1 5857 205 5858 XOR
2 1 5857 205 5859 AND
2 1 5858 5859 5860 XOR
2 1 28 5676 5861 XOR
2 1 5860 5861 5862 AND
2 1 5862 5676 5863 XOR
2 1 5569 5680 5864 XOR
2 1 5860 5864 5865 AND
2 1 5865 5680 5866 XOR
2 1 5572 5685 5867 XOR
2 1 5860 5867 5868 AND
2 1 5868 5685 5869 XOR
2 1 5575 5690 5870 XOR
2 1 5860 5870 5871 AND
2 1 5871 5690 5872 XOR
2 1 5578 5695 5873 XOR
2 1 5860 5873 5874 AND
2 1 5874 5695 5875 XOR
2 1 5581 5700 5876 XOR
2 1 5860 5876 5877 AND
2 1 5877 5700 5878 XOR
2 1 5584 5705 5879 XOR
2 1 5860 5879 5880 AND
2 1 5880 5705 5881 XOR
2 1 5587 5710 5882 XOR
2 1 5860 5882 5883 AND
2 1 5883 5710 5884 XOR
2 1 5590 5715 5885 XOR
2 1 5860 5885 5886 AND
2 1 5886 5715 5887 XOR
2 1 5593 5720 5888 XOR
2 1 5860 5888 5889 AND
2 1 5889 5720 5890 XOR
2 1 5596 5725 5891 XOR
2 1 5860 5891 5892 AND
2 1 5892 5725 5893 XOR
2 1 5599 5730 5894 XOR
2 1 5860 5894 5895 AND
2 1 5895 5730 5896 XOR
2 1 5602 5735 5897 XOR
2 1 5860 5897 5898 AND
2 1 5898 5735 5899 XOR
2 1 5605 5740 5900 XOR
2 1 5860 5900 5901 AND
2 1 5901 5740 5902 XOR
2 1 5608 5745 5903 XOR
2 1 5860 5903 5904 AND
2 1 5904 5745 5905 XOR
2 1 5611 5750 5906 XOR
2 1 5860 5906 5907 AND
2 1 5907 5750 5908 XOR
2 1 5614 5755 5909 XOR
2 1 5860 5909 5910 AND
2 1 5910 5755 5911 XOR
2 1 5617 5760 5912 XOR
2 1 5860 5912 5913 AND
2 1 5913 5760 5914 XOR
2 1 5620 5765 5915 XOR
2 1 5860 5915 5916 AND
2 1 5916 5765 5917 XOR
2 1 5623 5770 5918 XOR
2 1 5860 5918 5919 AND
2 1 5919 5770 5920 XOR
2 1 5626 5775 5921 XOR
2 1 5860 5921 5922 AND
2 1 5922 5775 5923 XOR
2 1 5629 5780 5924 XOR
2 1 5860 5924 5925 AND
2 1 5925 5780 5926 XOR
2 1 5632 5785 5927 XOR
2 1 5860 5927 5928 AND
2 1 5928 5785 5929 XOR
2 1 5635 5790 5930 XOR
2 1 5860 5930 5931 AND
2 1 5931 5790 5932 XOR
2 1 5638 5795 5933 XOR
2 1 5860 5933 5934 AND
2 1 5934 5795 5935 XOR
2 1 5641 5800 5936 XOR
2 1 5860 5936 5937 AND
2 1 5937 5800 5938 XOR
2 1 5644 5805 5939 XOR
2 1 5860 5939 5940 AND
2 1 5940 5805 5941 XOR
2 1 5647 5810 5942 XOR
2 1 5860 5942 5943 AND
2 1 5943 5810 5944 XOR
2 1 5650 5815 5945 XOR
2 1 5860 5945 5946 AND
2 1 5946 5815 5947 XOR
2 1 5653 5820 5948 XOR
2 1 5860 5948 5949 AND
2 1 5949 5820 5950 XOR
2 1 5656 5825 5951 XOR
2 1 5860 5951 5952 AND
2 1 5952 5825 5953 XOR
2 1 5659 5830 5954 XOR
2 1 5860 5954 5955 AND
2 1 5955 5830 5956 XOR
2 1 5662 5835 5957 XOR
2 1 5860 5957 5958 AND
2 1 5958 5835 5959 XOR
2 1 5665 5840 5960 XOR
2 1 5860 5960 5961 AND
2 1 5961 5840 5962 XOR
2 1 5668 5845 5963 XOR
2 1 5860 5963 5964 AND
2 1 5964 5845 5965 XOR
2 1 5671 5850 5966 XOR
2 1 5860 5966 5967 AND
2 1 5967 5850 5968 XOR
2 1 5674 5855 5969 XOR
2 1 5860 5969 5970 AND
2 1 5970 5855 5971 XOR
1 1 5860 5972 INV
2 1 27 64 5973 XOR
2 1 5973 64 5974 AND
2 1 5863 65 5975 XOR
2 1 5974 65 5976 XOR
2 1 5975 5974 5977 XOR
2 1 5975 5976 5978 AND
2 1 5974 5978 5979 XOR
2 1 5866 66 5980 XOR
2 1 5979 66 5981 XOR
2 1 5980 5979 5982 XOR
2 1 5980 5981 5983 AND
2 1 5979 5983 5984 XOR
2 1 5869 67 5985 XOR
2 1 5984 67 5986 XOR
2 1 5985 5984 5987 XOR
2 1 5985 5986 5988 AND
2 1 5984 5988 5989 XOR
2 1 5872 68 5990 XOR
2 1 5989 68 5991 XOR
2 1 5990 5989 5992 XOR
2 1 5990 5991 5993 AND
2 1 5989 5993 5994 XOR
2 1 5875 69 5995 XOR
2 1 5994 69 5996 XOR
2 1 5995 5994 5997 XOR
2 1 5995 5996 5998 AND
2 1 5994 5998 5999 XOR
2 1 5878 70 6000 XOR
2 1 5999 70 6001 XOR
2 1 6000 5999 6002 XOR
2 1 6000 6001 6003 AND
2 1 5999 6003 6004 XOR
2 1 5881 71 6005 XOR
2 1 6004 71 6006 XOR
2 1 6005 6004 6007 XOR
2 1 6005 6006 6008 AND
2 1 6004 6008 6009 XOR
2 1 5884 72 6010 XOR
2 1 6009 72 6011 XOR
2 1 6010 6009 6012 XOR
2 1 6010 6011 6013 AND
2 1 6009 6013 6014 XOR
2 1 5887 73 6015 XOR
2 1 6014 73 6016 XOR
2 1 6015 6014 6017 XOR
2 1 6015 6016 6018 AND
2 1 6014 6018 6019 XOR
2 1 5890 74 6020 XOR
2 1 6019 74 6021 XOR
2 1 6020 6019 6022 XOR
2 1 6020 6021 6023 AND
2 1 6019 6023 6024 XOR
2 1 5893 75 6025 XOR
2 1 6024 75 6026 XOR
2 1 6025 6024 6027 XOR
2 1 6025 6026 6028 AND
2 1 6024 6028 6029 XOR
2 1 5896 76 6030 XOR
2 1 6029 76 6031 XOR
2 1 6030 6029 6032 XOR
2 1 6030 6031 6033 AND
2 1 6029 6033 6034 XOR
2 1 5899 77 6035 XOR
2 1 6034 77 6036 XOR
2 1 6035 6034 6037 XOR
2 1 6035 6036 6038 AND
2 1 6034 6038 6039 XOR
2 1 5902 78 6040 XOR
2 1 6039 78 6041 XOR
2 1 6040 6039 6042 XOR
2 1 6040 6041 6043 AND
2 1 6039 6043 6044 XOR
2 1 5905 79 6045 XOR
2 1 6044 79 6046 XOR
2 1 6045 6044 6047 XOR
2 1 6045 6046 6048 AND
2 1 6044 6048 6049 XOR
2 1 5908 80 6050 XOR
2 1 6049 80 6051 XOR
2 1 6050 6049 6052 XOR
2 1 6050 6051 6053 AND
2 1 6049 6053 6054 XOR
2 1 5911 81 6055 XOR
2 1 6054 81 6056 XOR
2 1 6055 6054 6057 XOR
2 1 6055 6056 6058 AND
2 1 6054 6058 6059 XOR
2 1 5914 82 6060 XOR
2 1 6059 82 6061 XOR
2 1 6060 6059 6062 XOR
2 1 6060 6061 6063 AND
2 1 6059 6063 6064 XOR
2 1 5917 83 6065 XOR
2 1 6064 83 6066 XOR
2 1 6065 6064 6067 XOR
2 1 6065 6066 6068 AND
2 1 6064 6068 6069 XOR
2 1 5920 84 6070 XOR
2 1 6069 84 6071 XOR
2 1 6070 6069 6072 XOR
2 1 6070 6071 6073 AND
2 1 6069 6073 6074 XOR
2 1 5923 85 6075 XOR
2 1 6074 85 6076 XOR
2 1 6075 6074 6077 XOR
2 1 6075 6076 6078 AND
2 1 6074 6078 6079 XOR
2 1 5926 86 6080 XOR
2 1 6079 86 6081 XOR
2 1 6080 6079 6082 XOR
2 1 6080 6081 6083 AND
2 1 6079 6083 6084 XOR
2 1 5929 87 6085 XOR
2 1 6084 87 6086 XOR
2 1 6085 6084 6087 XOR
2 1 6085 6086 6088 AND
2 1 6084 6088 6089 XOR
2 1 5932 88 6090 XOR
2 1 6089 88 6091 XOR
2 1 6090 6089 6092 XOR
2 1 6090 6091 6093 AND
2 1 6089 6093 6094 XOR
2 1 5935 89 6095 XOR
2 1 6094 89 6096 XOR
2 1 6095 6094 6097 XOR
2 1 6095 6096 6098 AND
2 1 6094 6098 6099 XOR
2 1 5938 90 6100 XOR
2 1 6099 90 6101 XOR
2 1 6100 6099 6102 XOR
2 1 6100 6101 6103 AND
2 1 6099 6103 6104 XOR
2 1 5941 91 6105 XOR
2 1 6104 91 6106 XOR
2 1 6105 6104 6107 XOR
2 1 6105 6106 6108 AND
2 1 6104 6108 6109 XOR
2 1 5944 92 6110 XOR
2 1 6109 92 6111 XOR
2 1 6110 6109 6112 XOR
2 1 6110 6111 6113 AND
2 1 6109 6113 6114 XOR
2 1 5947 93 6115 XOR
2 1 6114 93 6116 XOR
2 1 6115 6114 6117 XOR
2 1 6115 6116 6118 AND
2 1 6114 6118 6119 XOR
2 1 5950 94 6120 XOR
2 1 6119 94 6121 XOR
2 1 6120 6119 6122 XOR
2 1 6120 6121 6123 AND
2 1 6119 6123 6124 XOR
2 1 5953 95 6125 XOR
2 1 6124 95 6126 XOR
2 1 6125 6124 6127 XOR
2 1 6125 6126 6128 AND
2 1 6124 6128 6129 XOR
2 1 5956 96 6130 XOR
2 1 6129 96 6131 XOR
2 1 6130 6129 6132 XOR
2 1 6130 6131 6133 AND
2 1 6129 6133 6134 XOR
2 1 5959 97 6135 XOR
2 1 6134 97 6136 XOR
2 1 6135 6134 6137 XOR
2 1 6135 6136 6138 AND
2 1 6134 6138 6139 XOR
2 1 5962 98 6140 XOR
2 1 6139 98 6141 XOR
2 1 6140 6139 6142 XOR
2 1 6140 6141 6143 AND
2 1 6139 6143 6144 XOR
2 1 5965 99 6145 XOR
2 1 6144 99 6146 XOR
2 1 6145 6144 6147 XOR
2 1 6145 6146 6148 AND
2 1 6144 6148 6149 XOR
2 1 5968 100 6150 XOR
2 1 6149 100 6151 XOR
2 1 6150 6149 6152 XOR
2 1 6150 6151 6153 AND
2 1 6149 6153 6154 XOR
2 1 5971 101 6155 XOR
2 1 6154 101 6156 XOR
2 1 6155 6154 6157 XOR
2 1 6155 6156 6158 AND
2 1 6154 6158 6159 XOR
2 1 6159 202 6160 XOR
2 1 6159 202 6161 AND
2 1 6160 6161 6162 XOR
2 1 27 5973 6163 XOR
2 1 6162 6163 6164 AND
2 1 6164 5973 6165 XOR
2 1 5863 5977 6166 XOR
2 1 6162 6166 6167 AND
2 1 6167 5977 6168 XOR
2 1 5866 5982 6169 XOR
2 1 6162 6169 6170 AND
2 1 6170 5982 6171 XOR
2 1 5869 5987 6172 XOR
2 1 6162 6172 6173 AND
2 1 6173 5987 6174 XOR
2 1 5872 5992 6175 XOR
2 1 6162 6175 6176 AND
2 1 6176 5992 6177 XOR
2 1 5875 5997 6178 XOR
2 1 6162 6178 6179 AND
2 1 6179 5997 6180 XOR
2 1 5878 6002 6181 XOR
2 1 6162 6181 6182 AND
2 1 6182 6002 6183 XOR
2 1 5881 6007 6184 XOR
2 1 6162 6184 6185 AND
2 1 6185 6007 6186 XOR
2 1 5884 6012 6187 XOR
2 1 6162 6187 6188 AND
2 1 6188 6012 6189 XOR
2 1 5887 6017 6190 XOR
2 1 6162 6190 6191 AND
2 1 6191 6017 6192 XOR
2 1 5890 6022 6193 XOR
2 1 6162 6193 6194 AND
2 1 6194 6022 6195 XOR
2 1 5893 6027 6196 XOR
2 1 6162 6196 6197 AND
2 1 6197 6027 6198 XOR
2 1 5896 6032 6199 XOR
2 1 6162 6199 6200 AND
2 1 6200 6032 6201 XOR
2 1 5899 6037 6202 XOR
2 1 6162 6202 6203 AND
2 1 6203 6037 6204 XOR
2 1 5902 6042 6205 XOR
2 1 6162 6205 6206 AND
2 1 6206 6042 6207 XOR
2 1 5905 6047 6208 XOR
2 1 6162 6208 6209 AND
2 1 6209 6047 6210 XOR
2 1 5908 6052 6211 XOR
2 1 6162 6211 6212 AND
2 1 6212 6052 6213 XOR
2 1 5911 6057 6214 XOR
2 1 6162 6214 6215 AND
2 1 6215 6057 6216 XOR
2 1 5914 6062 6217 XOR
2 1 6162 6217 6218 AND
2 1 6218 6062 6219 XOR
2 1 5917 6067 6220 XOR
2 1 6162 6220 6221 AND
2 1 6221 6067 6222 XOR
2 1 5920 6072 6223 XOR
2 1 6162 6223 6224 AND
2 1 6224 6072 6225 XOR
2 1 5923 6077 6226 XOR
2 1 6162 6226 6227 AND
2 1 6227 6077 6228 XOR
2 1 5926 6082 6229 XOR
2 1 6162 6229 6230 AND
2 1 6230 6082 6231 XOR
2 1 5929 6087 6232 XOR
2 1 6162 6232 6233 AND
2 1 6233 6087 6234 XOR
2 1 5932 6092 6235 XOR
2 1 6162 6235 6236 AND
2 1 6236 6092 6237 XOR
2 1 5935 6097 6238 XOR
2 1 6162 6238 6239 AND
2 1 6239 6097 6240 XOR
2 1 5938 6102 6241 XOR
2 1 6162 6241 6242 AND
2 1 6242 6102 6243 XOR
2 1 5941 6107 6244 XOR
2 1 6162 6244 6245 AND
2 1 6245 6107 6246 XOR
2 1 5944 6112 6247 XOR
2 1 6162 6247 6248 AND
2 1 6248 6112 6249 XOR
2 1 5947 6117 6250 XOR
2 1 6162 6250 6251 AND
2 1 6251 6117 6252 XOR
2 1 5950 6122 6253 XOR
2 1 6162 6253 6254 AND
2 1 6254 6122 6255 XOR
2 1 5953 6127 6256 XOR
2 1 6162 6256 6257 AND
2 1 6257 6127 6258 XOR
2 1 5956 6132 6259 XOR
2 1 6162 6259 6260 AND
2 1 6260 6132 6261 XOR
2 1 5959 6137 6262 XOR
2 1 6162 6262 6263 AND
2 1 6263 6137 6264 XOR
2 1 5962 6142 6265 XOR
2 1 6162 6265 6266 AND
2 1 6266 6142 6267 XOR
2 1 5965 6147 6268 XOR
2 1 6162 6268 6269 AND
2 1 6269 6147 6270 XOR
2 1 5968 6152 6271 XOR
2 1 6162 6271 6272 AND
2 1 6272 6152 6273 XOR
2 1 5971 6157 6274 XOR
2 1 6162 6274 6275 AND
2 1 6275 6157 6276 XOR
1 1 6162 6277 INV
2 1 26 64 6278 XOR
2 1 6278 64 6279 AND
2 1 6165 65 6280 XOR
2 1 6279 65 6281 XOR
2 1 6280 6279 6282 XOR
2 1 6280 6281 6283 AND
2 1 6279 6283 6284 XOR
2 1 6168 66 6285 XOR
2 1 6284 66 6286 XOR
2 1 6285 6284 6287 XOR
2 1 6285 6286 6288 AND
2 1 6284 6288 6289 XOR
2 1 6171 67 6290 XOR
2 1 6289 67 6291 XOR
2 1 6290 6289 6292 XOR
2 1 6290 6291 6293 AND
2 1 6289 6293 6294 XOR
2 1 6174 68 6295 XOR
2 1 6294 68 6296 XOR
2 1 6295 6294 6297 XOR
2 1 6295 6296 6298 AND
2 1 6294 6298 6299 XOR
2 1 6177 69 6300 XOR
2 1 6299 69 6301 XOR
2 1 6300 6299 6302 XOR
2 1 6300 6301 6303 AND
2 1 6299 6303 6304 XOR
2 1 6180 70 6305 XOR
2 1 6304 70 6306 XOR
2 1 6305 6304 6307 XOR
2 1 6305 6306 6308 AND
2 1 6304 6308 6309 XOR
2 1 6183 71 6310 XOR
2 1 6309 71 6311 XOR
2 1 6310 6309 6312 XOR
2 1 6310 6311 6313 AND
2 1 6309 6313 6314 XOR
2 1 6186 72 6315 XOR
2 1 6314 72 6316 XOR
2 1 6315 6314 6317 XOR
2 1 6315 6316 6318 AND
2 1 6314 6318 6319 XOR
2 1 6189 73 6320 XOR
2 1 6319 73 6321 XOR
2 1 6320 6319 6322 XOR
2 1 6320 6321 6323 AND
2 1 6319 6323 6324 XOR
2 1 6192 74 6325 XOR
2 1 6324 74 6326 XOR
2 1 6325 6324 6327 XOR
2 1 6325 6326 6328 AND
2 1 6324 6328 6329 XOR
2 1 6195 75 6330 XOR
2 1 6329 75 6331 XOR
2 1 6330 6329 6332 XOR
2 1 6330 6331 6333 AND
2 1 6329 6333 6334 XOR
2 1 6198 76 6335 XOR
2 1 6334 76 6336 XOR
2 1 6335 6334 6337 XOR
2 1 6335 6336 6338 AND
2 1 6334 6338 6339 XOR
2 1 6201 77 6340 XOR
2 1 6339 77 6341 XOR
2 1 6340 6339 6342 XOR
2 1 6340 6341 6343 AND
2 1 6339 6343 6344 XOR
2 1 6204 78 6345 XOR
2 1 6344 78 6346 XOR
2 1 6345 6344 6347 XOR
2 1 6345 6346 6348 AND
2 1 6344 6348 6349 XOR
2 1 6207 79 6350 XOR
2 1 6349 79 6351 XOR
2 1 6350 6349 6352 XOR
2 1 6350 6351 6353 AND
2 1 6349 6353 6354 XOR
2 1 6210 80 6355 XOR
2 1 6354 80 6356 XOR
2 1 6355 6354 6357 XOR
2 1 6355 6356 6358 AND
2 1 6354 6358 6359 XOR
2 1 6213 81 6360 XOR
2 1 6359 81 6361 XOR
2 1 6360 6359 6362 XOR
2 1 6360 6361 6363 AND
2 1 6359 6363 6364 XOR
2 1 6216 82 6365 XOR
2 1 6364 82 6366 XOR
2 1 6365 6364 6367 XOR
2 1 6365 6366 6368 AND
2 1 6364 6368 6369 XOR
2 1 6219 83 6370 XOR
2 1 6369 83 6371 XOR
2 1 6370 6369 6372 XOR
2 1 6370 6371 6373 AND
2 1 6369 6373 6374 XOR
2 1 6222 84 6375 XOR
2 1 6374 84 6376 XOR
2 1 6375 6374 6377 XOR
2 1 6375 6376 6378 AND
2 1 6374 6378 6379 XOR
2 1 6225 85 6380 XOR
2 1 6379 85 6381 XOR
2 1 6380 6379 6382 XOR
2 1 6380 6381 6383 AND
2 1 6379 6383 6384 XOR
2 1 6228 86 6385 XOR
2 1 6384 86 6386 XOR
2 1 6385 6384 6387 XOR
2 1 6385 6386 6388 AND
2 1 6384 6388 6389 XOR
2 1 6231 87 6390 XOR
2 1 6389 87 6391 XOR
2 1 6390 6389 6392 XOR
2 1 6390 6391 6393 AND
2 1 6389 6393 6394 XOR
2 1 6234 88 6395 XOR
2 1 6394 88 6396 XOR
2 1 6395 6394 6397 XOR
2 1 6395 6396 6398 AND
2 1 6394 6398 6399 XOR
2 1 6237 89 6400 XOR
2 1 6399 89 6401 XOR
2 1 6400 6399 6402 XOR
2 1 6400 6401 6403 AND
2 1 6399 6403 6404 XOR
2 1 6240 90 6405 XOR
2 1 6404 90 6406 XOR
2 1 6405 6404 6407 XOR
2 1 6405 6406 6408 AND
2 1 6404 6408 6409 XOR
2 1 6243 91 6410 XOR
2 1 6409 91 6411 XOR
2 1 6410 6409 6412 XOR
2 1 6410 6411 6413 AND
2 1 6409 6413 6414 XOR
2 1 6246 92 6415 XOR
2 1 6414 92 6416 XOR
2 1 6415 6414 6417 XOR
2 1 6415 6416 6418 AND
2 1 6414 6418 6419 XOR
2 1 6249 93 6420 XOR
2 1 6419 93 6421 XOR
2 1 6420 6419 6422 XOR
2 1 6420 6421 6423 AND
2 1 6419 6423 6424 XOR
2 1 6252 94 6425 XOR
2 1 6424 94 6426 XOR
2 1 6425 6424 6427 XOR
2 1 6425 6426 6428 AND
2 1 6424 6428 6429 XOR
2 1 6255 95 6430 XOR
2 1 6429 95 6431 XOR
2 1 6430 6429 6432 XOR
2 1 6430 6431 6433 AND
2 1 6429 6433 6434 XOR
2 1 6258 96 6435 XOR
2 1 6434 96 6436 XOR
2 1 6435 6434 6437 XOR
2 1 6435 6436 6438 AND
2 1 6434 6438 6439 XOR
2 1 6261 97 6440 XOR
2 1 6439 97 6441 XOR
2 1 6440 6439 6442 XOR
2 1 6440 6441 6443 AND
2 1 6439 6443 6444 XOR
2 1 6264 98 6445 XOR
2 1 6444 98 6446 XOR
2 1 6445 6444 6447 XOR
2 1 6445 6446 6448 AND
2 1 6444 6448 6449 XOR
2 1 6267 99 6450 XOR
2 1 6449 99 6451 XOR
2 1 6450 6449 6452 XOR
2 1 6450 6451 6453 AND
2 1 6449 6453 6454 XOR
2 1 6270 100 6455 XOR
2 1 6454 100 6456 XOR
2 1 6455 6454 6457 XOR
2 1 6455 6456 6458 AND
2 1 6454 6458 6459 XOR
2 1 6273 101 6460 XOR
2 1 6459 101 6461 XOR
2 1 6460 6459 6462 XOR
2 1 6460 6461 6463 AND
2 1 6459 6463 6464 XOR
2 1 6276 102 6465 XOR
2 1 6464 102 6466 XOR
2 1 6465 6464 6467 XOR
2 1 6465 6466 6468 AND
2 1 6464 6468 6469 XOR
2 1 6469 199 6470 XOR
2 1 6469 199 6471 AND
2 1 6470 6471 6472 XOR
2 1 26 6278 6473 XOR
2 1 6472 6473 6474 AND
2 1 6474 6278 6475 XOR
2 1 6165 6282 6476 XOR
2 1 6472 6476 6477 AND
2 1 6477 6282 6478 XOR
2 1 6168 6287 6479 XOR
2 1 6472 6479 6480 AND
2 1 6480 6287 6481 XOR
2 1 6171 6292 6482 XOR
2 1 6472 6482 6483 AND
2 1 6483 6292 6484 XOR
2 1 6174 6297 6485 XOR
2 1 6472 6485 6486 AND
2 1 6486 6297 6487 XOR
2 1 6177 6302 6488 XOR
2 1 6472 6488 6489 AND
2 1 6489 6302 6490 XOR
2 1 6180 6307 6491 XOR
2 1 6472 6491 6492 AND
2 1 6492 6307 6493 XOR
2 1 6183 6312 6494 XOR
2 1 6472 6494 6495 AND
2 1 6495 6312 6496 XOR
2 1 6186 6317 6497 XOR
2 1 6472 6497 6498 AND
2 1 6498 6317 6499 XOR
2 1 6189 6322 6500 XOR
2 1 6472 6500 6501 AND
2 1 6501 6322 6502 XOR
2 1 6192 6327 6503 XOR
2 1 6472 6503 6504 AND
2 1 6504 6327 6505 XOR
2 1 6195 6332 6506 XOR
2 1 6472 6506 6507 AND
2 1 6507 6332 6508 XOR
2 1 6198 6337 6509 XOR
2 1 6472 6509 6510 AND
2 1 6510 6337 6511 XOR
2 1 6201 6342 6512 XOR
2 1 6472 6512 6513 AND
2 1 6513 6342 6514 XOR
2 1 6204 6347 6515 XOR
2 1 6472 6515 6516 AND
2 1 6516 6347 6517 XOR
2 1 6207 6352 6518 XOR
2 1 6472 6518 6519 AND
2 1 6519 6352 6520 XOR
2 1 6210 6357 6521 XOR
2 1 6472 6521 6522 AND
2 1 6522 6357 6523 XOR
2 1 6213 6362 6524 XOR
2 1 6472 6524 6525 AND
2 1 6525 6362 6526 XOR
2 1 6216 6367 6527 XOR
2 1 6472 6527 6528 AND
2 1 6528 6367 6529 XOR
2 1 6219 6372 6530 XOR
2 1 6472 6530 6531 AND
2 1 6531 6372 6532 XOR
2 1 6222 6377 6533 XOR
2 1 6472 6533 6534 AND
2 1 6534 6377 6535 XOR
2 1 6225 6382 6536 XOR
2 1 6472 6536 6537 AND
2 1 6537 6382 6538 XOR
2 1 6228 6387 6539 XOR
2 1 6472 6539 6540 AND
2 1 6540 6387 6541 XOR
2 1 6231 6392 6542 XOR
2 1 6472 6542 6543 AND
2 1 6543 6392 6544 XOR
2 1 6234 6397 6545 XOR
2 1 6472 6545 6546 AND
2 1 6546 6397 6547 XOR
2 1 6237 6402 6548 XOR
2 1 6472 6548 6549 AND
2 1 6549 6402 6550 XOR
2 1 6240 6407 6551 XOR
2 1 6472 6551 6552 AND
2 1 6552 6407 6553 XOR
2 1 6243 6412 6554 XOR
2 1 6472 6554 6555 AND
2 1 6555 6412 6556 XOR
2 1 6246 6417 6557 XOR
2 1 6472 6557 6558 AND
2 1 6558 6417 6559 XOR
2 1 6249 6422 6560 XOR
2 1 6472 6560 6561 AND
2 1 6561 6422 6562 XOR
2 1 6252 6427 6563 XOR
2 1 6472 6563 6564 AND
2 1 6564 6427 6565 XOR
2 1 6255 6432 6566 XOR
2 1 6472 6566 6567 AND
2 1 6567 6432 6568 XOR
2 1 6258 6437 6569 XOR
2 1 6472 6569 6570 AND
2 1 6570 6437 6571 XOR
2 1 6261 6442 6572 XOR
2 1 6472 6572 6573 AND
2 1 6573 6442 6574 XOR
2 1 6264 6447 6575 XOR
2 1 6472 6575 6576 AND
2 1 6576 6447 6577 XOR
2 1 6267 6452 6578 XOR
2 1 6472 6578 6579 AND
2 1 6579 6452 6580 XOR
2 1 6270 6457 6581 XOR
2 1 6472 6581 6582 AND
2 1 6582 6457 6583 XOR
2 1 6273 6462 6584 XOR
2 1 6472 6584 6585 AND
2 1 6585 6462 6586 XOR
2 1 6276 6467 6587 XOR
2 1 6472 6587 6588 AND
2 1 6588 6467 6589 XOR
1 1 6472 6590 INV
2 1 25 64 6591 XOR
2 1 6591 64 6592 AND
2 1 6475 65 6593 XOR
2 1 6592 65 6594 XOR
2 1 6593 6592 6595 XOR
2 1 6593 6594 6596 AND
2 1 6592 6596 6597 XOR
2 1 6478 66 6598 XOR
2 1 6597 66 6599 XOR
2 1 6598 6597 6600 XOR
2 1 6598 6599 6601 AND
2 1 6597 6601 6602 XOR
2 1 6481 67 6603 XOR
2 1 6602 67 6604 XOR
2 1 6603 6602 6605 XOR
2 1 6603 6604 6606 AND
2 1 6602 6606 6607 XOR
2 1 6484 68 6608 XOR
2 1 6607 68 6609 XOR
2 1 6608 6607 6610 XOR
2 1 6608 6609 6611 AND
2 1 6607 6611 6612 XOR
2 1 6487 69 6613 XOR
2 1 6612 69 6614 XOR
2 1 6613 6612 6615 XOR
2 1 6613 6614 6616 AND
2 1 6612 6616 6617 XOR
2 1 6490 70 6618 XOR
2 1 6617 70 6619 XOR
2 1 6618 6617 6620 XOR
2 1 6618 6619 6621 AND
2 1 6617 6621 6622 XOR
2 1 6493 71 6623 XOR
2 1 6622 71 6624 XOR
2 1 6623 6622 6625 XOR
2 1 6623 6624 6626 AND
2 1 6622 6626 6627 XOR
2 1 6496 72 6628 XOR
2 1 6627 72 6629 XOR
2 1 6628 6627 6630 XOR
2 1 6628 6629 6631 AND
2 1 6627 6631 6632 XOR
2 1 6499 73 6633 XOR
2 1 6632 73 6634 XOR
2 1 6633 6632 6635 XOR
2 1 6633 6634 6636 AND
2 1 6632 6636 6637 XOR
2 1 6502 74 6638 XOR
2 1 6637 74 6639 XOR
2 1 6638 6637 6640 XOR
2 1 6638 6639 6641 AND
2 1 6637 6641 6642 XOR
2 1 6505 75 6643 XOR
2 1 6642 75 6644 XOR
2 1 6643 6642 6645 XOR
2 1 6643 6644 6646 AND
2 1 6642 6646 6647 XOR
2 1 6508 76 6648 XOR
2 1 6647 76 6649 XOR
2 1 6648 6647 6650 XOR
2 1 6648 6649 6651 AND
2 1 6647 6651 6652 XOR
2 1 6511 77 6653 XOR
2 1 6652 77 6654 XOR
2 1 6653 6652 6655 XOR
2 1 6653 6654 6656 AND
2 1 6652 6656 6657 XOR
2 1 6514 78 6658 XOR
2 1 6657 78 6659 XOR
2 1 6658 6657 6660 XOR
2 1 6658 6659 6661 AND
2 1 6657 6661 6662 XOR
2 1 6517 79 6663 XOR
2 1 6662 79 6664 XOR
2 1 6663 6662 6665 XOR
2 1 6663 6664 6666 AND
2 1 6662 6666 6667 XOR
2 1 6520 80 6668 XOR
2 1 6667 80 6669 XOR
2 1 6668 6667 6670 XOR
2 1 6668 6669 6671 AND
2 1 6667 6671 6672 XOR
2 1 6523 81 6673 XOR
2 1 6672 81 6674 XOR
2 1 6673 6672 6675 XOR
2 1 6673 6674 6676 AND
2 1 6672 6676 6677 XOR
2 1 6526 82 6678 XOR
2 1 6677 82 6679 XOR
2 1 6678 6677 6680 XOR
2 1 6678 6679 6681 AND
2 1 6677 6681 6682 XOR
2 1 6529 83 6683 XOR
2 1 6682 83 6684 XOR
2 1 6683 6682 6685 XOR
2 1 6683 6684 6686 AND
2 1 6682 6686 6687 XOR
2 1 6532 84 6688 XOR
2 1 6687 84 6689 XOR
2 1 6688 6687 6690 XOR
2 1 6688 6689 6691 AND
2 1 6687 6691 6692 XOR
2 1 6535 85 6693 XOR
2 1 6692 85 6694 XOR
2 1 6693 6692 6695 XOR
2 1 6693 6694 6696 AND
2 1 6692 6696 6697 XOR
2 1 6538 86 6698 XOR
2 1 6697 86 6699 XOR
2 1 6698 6697 6700 XOR
2 1 6698 6699 6701 AND
2 1 6697 6701 6702 XOR
2 1 6541 87 6703 XOR
2 1 6702 87 6704 XOR
2 1 6703 6702 6705 XOR
2 1 6703 6704 6706 AND
2 1 6702 6706 6707 XOR
2 1 6544 88 6708 XOR
2 1 6707 88 6709 XOR
2 1 6708 6707 6710 XOR
2 1 6708 6709 6711 AND
2 1 6707 6711 6712 XOR
2 1 6547 89 6713 XOR
2 1 6712 89 6714 XOR
2 1 6713 6712 6715 XOR
2 1 6713 6714 6716 AND
2 1 6712 6716 6717 XOR
2 1 6550 90 6718 XOR
2 1 6717 90 6719 XOR
2 1 6718 6717 6720 XOR
2 1 6718 6719 6721 AND
2 1 6717 6721 6722 XOR
2 1 6553 91 6723 XOR
2 1 6722 91 6724 XOR
2 1 6723 6722 6725 XOR
2 1 6723 6724 6726 AND
2 1 6722 6726 6727 XOR
2 1 6556 92 6728 XOR
2 1 6727 92 6729 XOR
2 1 6728 6727 6730 XOR
2 1 6728 6729 6731 AND
2 1 6727 6731 6732 XOR
2 1 6559 93 6733 XOR
2 1 6732 93 6734 XOR
2 1 6733 6732 6735 XOR
2 1 6733 6734 6736 AND
2 1 6732 6736 6737 XOR
2 1 6562 94 6738 XOR
2 1 6737 94 6739 XOR
2 1 6738 6737 6740 XOR
2 1 6738 6739 6741 AND
2 1 6737 6741 6742 XOR
2 1 6565 95 6743 XOR
2 1 6742 95 6744 XOR
2 1 6743 6742 6745 XOR
2 1 6743 6744 6746 AND
2 1 6742 6746 6747 XOR
2 1 6568 96 6748 XOR
2 1 6747 96 6749 XOR
2 1 6748 6747 6750 XOR
2 1 6748 6749 6751 AND
2 1 6747 6751 6752 XOR
2 1 6571 97 6753 XOR
2 1 6752 97 6754 XOR
2 1 6753 6752 6755 XOR
2 1 6753 6754 6756 AND
2 1 6752 6756 6757 XOR
2 1 6574 98 6758 XOR
2 1 6757 98 6759 XOR
2 1 6758 6757 6760 XOR
2 1 6758 6759 6761 AND
2 1 6757 6761 6762 XOR
2 1 6577 99 6763 XOR
2 1 6762 99 6764 XOR
2 1 6763 6762 6765 XOR
2 1 6763 6764 6766 AND
2 1 6762 6766 6767 XOR
2 1 6580 100 6768 XOR
2 1 6767 100 6769 XOR
2 1 6768 6767 6770 XOR
2 1 6768 6769 6771 AND
2 1 6767 6771 6772 XOR
2 1 6583 101 6773 XOR
2 1 6772 101 6774 XOR
2 1 6773 6772 6775 XOR
2 1 6773 6774 6776 AND
2 1 6772 6776 6777 XOR
2 1 6586 102 6778 XOR
2 1 6777 102 6779 XOR
2 1 6778 6777 6780 XOR
2 1 6778 6779 6781 AND
2 1 6777 6781 6782 XOR
2 1 6589 103 6783 XOR
2 1 6782 103 6784 XOR
2 1 6783 6782 6785 XOR
2 1 6783 6784 6786 AND
2 1 6782 6786 6787 XOR
2 1 6787 196 6788 XOR
2 1 6787 196 6789 AND
2 1 6788 6789 6790 XOR
2 1 25 6591 6791 XOR
2 1 6790 6791 6792 AND
2 1 6792 6591 6793 XOR
2 1 6475 6595 6794 XOR
2 1 6790 6794 6795 AND
2 1 6795 6595 6796 XOR
2 1 6478 6600 6797 XOR
2 1 6790 6797 6798 AND
2 1 6798 6600 6799 XOR
2 1 6481 6605 6800 XOR
2 1 6790 6800 6801 AND
2 1 6801 6605 6802 XOR
2 1 6484 6610 6803 XOR
2 1 6790 6803 6804 AND
2 1 6804 6610 6805 XOR
2 1 6487 6615 6806 XOR
2 1 6790 6806 6807 AND
2 1 6807 6615 6808 XOR
2 1 6490 6620 6809 XOR
2 1 6790 6809 6810 AND
2 1 6810 6620 6811 XOR
2 1 6493 6625 6812 XOR
2 1 6790 6812 6813 AND
2 1 6813 6625 6814 XOR
2 1 6496 6630 6815 XOR
2 1 6790 6815 6816 AND
2 1 6816 6630 6817 XOR
2 1 6499 6635 6818 XOR
2 1 6790 6818 6819 AND
2 1 6819 6635 6820 XOR
2 1 6502 6640 6821 XOR
2 1 6790 6821 6822 AND
2 1 6822 6640 6823 XOR
2 1 6505 6645 6824 XOR
2 1 6790 6824 6825 AND
2 1 6825 6645 6826 XOR
2 1 6508 6650 6827 XOR
2 1 6790 6827 6828 AND
2 1 6828 6650 6829 XOR
2 1 6511 6655 6830 XOR
2 1 6790 6830 6831 AND
2 1 6831 6655 6832 XOR
2 1 6514 6660 6833 XOR
2 1 6790 6833 6834 AND
2 1 6834 6660 6835 XOR
2 1 6517 6665 6836 XOR
2 1 6790 6836 6837 AND
2 1 6837 6665 6838 XOR
2 1 6520 6670 6839 XOR
2 1 6790 6839 6840 AND
2 1 6840 6670 6841 XOR
2 1 6523 6675 6842 XOR
2 1 6790 6842 6843 AND
2 1 6843 6675 6844 XOR
2 1 6526 6680 6845 XOR
2 1 6790 6845 6846 AND
2 1 6846 6680 6847 XOR
2 1 6529 6685 6848 XOR
2 1 6790 6848 6849 AND
2 1 6849 6685 6850 XOR
2 1 6532 6690 6851 XOR
2 1 6790 6851 6852 AND
2 1 6852 6690 6853 XOR
2 1 6535 6695 6854 XOR
2 1 6790 6854 6855 AND
2 1 6855 6695 6856 XOR
2 1 6538 6700 6857 XOR
2 1 6790 6857 6858 AND
2 1 6858 6700 6859 XOR
2 1 6541 6705 6860 XOR
2 1 6790 6860 6861 AND
2 1 6861 6705 6862 XOR
2 1 6544 6710 6863 XOR
2 1 6790 6863 6864 AND
2 1 6864 6710 6865 XOR
2 1 6547 6715 6866 XOR
2 1 6790 6866 6867 AND
2 1 6867 6715 6868 XOR
2 1 6550 6720 6869 XOR
2 1 6790 6869 6870 AND
2 1 6870 6720 6871 XOR
2 1 6553 6725 6872 XOR
2 1 6790 6872 6873 AND
2 1 6873 6725 6874 XOR
2 1 6556 6730 6875 XOR
2 1 6790 6875 6876 AND
2 1 6876 6730 6877 XOR
2 1 6559 6735 6878 XOR
2 1 6790 6878 6879 AND
2 1 6879 6735 6880 XOR
2 1 6562 6740 6881 XOR
2 1 6790 6881 6882 AND
2 1 6882 6740 6883 XOR
2 1 6565 6745 6884 XOR
2 1 6790 6884 6885 AND
2 1 6885 6745 6886 XOR
2 1 6568 6750 6887 XOR
2 1 6790 6887 6888 AND
2 1 6888 6750 6889 XOR
2 1 6571 6755 6890 XOR
2 1 6790 6890 6891 AND
2 1 6891 6755 6892 XOR
2 1 6574 6760 6893 XOR
2 1 6790 6893 6894 AND
2 1 6894 6760 6895 XOR
2 1 6577 6765 6896 XOR
2 1 6790 6896 6897 AND
2 1 6897 6765 6898 XOR
2 1 6580 6770 6899 XOR
2 1 6790 6899 6900 AND
2 1 6900 6770 6901 XOR
2 1 6583 6775 6902 XOR
2 1 6790 6902 6903 AND
2 1 6903 6775 6904 XOR
2 1 6586 6780 6905 XOR
2 1 6790 6905 6906 AND
2 1 6906 6780 6907 XOR
2 1 6589 6785 6908 XOR
2 1 6790 6908 6909 AND
2 1 6909 6785 6910 XOR
1 1 6790 6911 INV
2 1 24 64 6912 XOR
2 1 6912 64 6913 AND
2 1 6793 65 6914 XOR
2 1 6913 65 6915 XOR
2 1 6914 6913 6916 XOR
2 1 6914 6915 6917 AND
2 1 6913 6917 6918 XOR
2 1 6796 66 6919 XOR
2 1 6918 66 6920 XOR
2 1 6919 6918 6921 XOR
2 1 6919 6920 6922 AND
2 1 6918 6922 6923 XOR
2 1 6799 67 6924 XOR
2 1 6923 67 6925 XOR
2 1 6924 6923 6926 XOR
2 1 6924 6925 6927 AND
2 1 6923 6927 6928 XOR
2 1 6802 68 6929 XOR
2 1 6928 68 6930 XOR
2 1 6929 6928 6931 XOR
2 1 6929 6930 6932 AND
2 1 6928 6932 6933 XOR
2 1 6805 69 6934 XOR
2 1 6933 69 6935 XOR
2 1 6934 6933 6936 XOR
2 1 6934 6935 6937 AND
2 1 6933 6937 6938 XOR
2 1 6808 70 6939 XOR
2 1 6938 70 6940 XOR
2 1 6939 6938 6941 XOR
2 1 6939 6940 6942 AND
2 1 6938 6942 6943 XOR
2 1 6811 71 6944 XOR
2 1 6943 71 6945 XOR
2 1 6944 6943 6946 XOR
2 1 6944 6945 6947 AND
2 1 6943 6947 6948 XOR
2 1 6814 72 6949 XOR
2 1 6948 72 6950 XOR
2 1 6949 6948 6951 XOR
2 1 6949 6950 6952 AND
2 1 6948 6952 6953 XOR
2 1 6817 73 6954 XOR
2 1 6953 73 6955 XOR
2 1 6954 6953 6956 XOR
2 1 6954 6955 6957 AND
2 1 6953 6957 6958 XOR
2 1 6820 74 6959 XOR
2 1 6958 74 6960 XOR
2 1 6959 6958 6961 XOR
2 1 6959 6960 6962 AND
2 1 6958 6962 6963 XOR
2 1 6823 75 6964 XOR
2 1 6963 75 6965 XOR
2 1 6964 6963 6966 XOR
2 1 6964 6965 6967 AND
2 1 6963 6967 6968 XOR
2 1 6826 76 6969 XOR
2 1 6968 76 6970 XOR
2 1 6969 6968 6971 XOR
2 1 6969 6970 6972 AND
2 1 6968 6972 6973 XOR
2 1 6829 77 6974 XOR
2 1 6973 77 6975 XOR
2 1 6974 6973 6976 XOR
2 1 6974 6975 6977 AND
2 1 6973 6977 6978 XOR
2 1 6832 78 6979 XOR
2 1 6978 78 6980 XOR
2 1 6979 6978 6981 XOR
2 1 6979 6980 6982 AND
2 1 6978 6982 6983 XOR
2 1 6835 79 6984 XOR
2 1 6983 79 6985 XOR
2 1 6984 6983 6986 XOR
2 1 6984 6985 6987 AND
2 1 6983 6987 6988 XOR
2 1 6838 80 6989 XOR
2 1 6988 80 6990 XOR
2 1 6989 6988 6991 XOR
2 1 6989 6990 6992 AND
2 1 6988 6992 6993 XOR
2 1 6841 81 6994 XOR
2 1 6993 81 6995 XOR
2 1 6994 6993 6996 XOR
2 1 6994 6995 6997 AND
2 1 6993 6997 6998 XOR
2 1 6844 82 6999 XOR
2 1 6998 82 7000 XOR
2 1 6999 6998 7001 XOR
2 1 6999 7000 7002 AND
2 1 6998 7002 7003 XOR
2 1 6847 83 7004 XOR
2 1 7003 83 7005 XOR
2 1 7004 7003 7006 XOR
2 1 7004 7005 7007 AND
2 1 7003 7007 7008 XOR
2 1 6850 84 7009 XOR
2 1 7008 84 7010 XOR
2 1 7009 7008 7011 XOR
2 1 7009 7010 7012 AND
2 1 7008 7012 7013 XOR
2 1 6853 85 7014 XOR
2 1 7013 85 7015 XOR
2 1 7014 7013 7016 XOR
2 1 7014 7015 7017 AND
2 1 7013 7017 7018 XOR
2 1 6856 86 7019 XOR
2 1 7018 86 7020 XOR
2 1 7019 7018 7021 XOR
2 1 7019 7020 7022 AND
2 1 7018 7022 7023 XOR
2 1 6859 87 7024 XOR
2 1 7023 87 7025 XOR
2 1 7024 7023 7026 XOR
2 1 7024 7025 7027 AND
2 1 7023 7027 7028 XOR
2 1 6862 88 7029 XOR
2 1 7028 88 7030 XOR
2 1 7029 7028 7031 XOR
2 1 7029 7030 7032 AND
2 1 7028 7032 7033 XOR
2 1 6865 89 7034 XOR
2 1 7033 89 7035 XOR
2 1 7034 7033 7036 XOR
2 1 7034 7035 7037 AND
2 1 7033 7037 7038 XOR
2 1 6868 90 7039 XOR
2 1 7038 90 7040 XOR
2 1 7039 7038 7041 XOR
2 1 7039 7040 7042 AND
2 1 7038 7042 7043 XOR
2 1 6871 91 7044 XOR
2 1 7043 91 7045 XOR
2 1 7044 7043 7046 XOR
2 1 7044 7045 7047 AND
2 1 7043 7047 7048 XOR
2 1 6874 92 7049 XOR
2 1 7048 92 7050 XOR
2 1 7049 7048 7051 XOR
2 1 7049 7050 7052 AND
2 1 7048 7052 7053 XOR
2 1 6877 93 7054 XOR
2 1 7053 93 7055 XOR
2 1 7054 7053 7056 XOR
2 1 7054 7055 7057 AND
2 1 7053 7057 7058 XOR
2 1 6880 94 7059 XOR
2 1 7058 94 7060 XOR
2 1 7059 7058 7061 XOR
2 1 7059 7060 7062 AND
2 1 7058 7062 7063 XOR
2 1 6883 95 7064 XOR
2 1 7063 95 7065 XOR
2 1 7064 7063 7066 XOR
2 1 7064 7065 7067 AND
2 1 7063 7067 7068 XOR
2 1 6886 96 7069 XOR
2 1 7068 96 7070 XOR
2 1 7069 7068 7071 XOR
2 1 7069 7070 7072 AND
2 1 7068 7072 7073 XOR
2 1 6889 97 7074 XOR
2 1 7073 97 7075 XOR
2 1 7074 7073 7076 XOR
2 1 7074 7075 7077 AND
2 1 7073 7077 7078 XOR
2 1 6892 98 7079 XOR
2 1 7078 98 7080 XOR
2 1 7079 7078 7081 XOR
2 1 7079 7080 7082 AND
2 1 7078 7082 7083 XOR
2 1 6895 99 7084 XOR
2 1 7083 99 7085 XOR
2 1 7084 7083 7086 XOR
2 1 7084 7085 7087 AND
2 1 7083 7087 7088 XOR
2 1 6898 100 7089 XOR
2 1 7088 100 7090 XOR
2 1 7089 7088 7091 XOR
2 1 7089 7090 7092 AND
2 1 7088 7092 7093 XOR
2 1 6901 101 7094 XOR
2 1 7093 101 7095 XOR
2 1 7094 7093 7096 XOR
2 1 7094 7095 7097 AND
2 1 7093 7097 7098 XOR
2 1 6904 102 7099 XOR
2 1 7098 102 7100 XOR
2 1 7099 7098 7101 XOR
2 1 7099 7100 7102 AND
2 1 7098 7102 7103 XOR
2 1 6907 103 7104 XOR
2 1 7103 103 7105 XOR
2 1 7104 7103 7106 XOR
2 1 7104 7105 7107 AND
2 1 7103 7107 7108 XOR
2 1 6910 104 7109 XOR
2 1 7108 104 7110 XOR
2 1 7109 7108 7111 XOR
2 1 7109 7110 7112 AND
2 1 7108 7112 7113 XOR
2 1 7113 193 7114 XOR
2 1 7113 193 7115 AND
2 1 7114 7115 7116 XOR
2 1 24 6912 7117 XOR
2 1 7116 7117 7118 AND
2 1 7118 6912 7119 XOR
2 1 6793 6916 7120 XOR
2 1 7116 7120 7121 AND
2 1 7121 6916 7122 XOR
2 1 6796 6921 7123 XOR
2 1 7116 7123 7124 AND
2 1 7124 6921 7125 XOR
2 1 6799 6926 7126 XOR
2 1 7116 7126 7127 AND
2 1 7127 6926 7128 XOR
2 1 6802 6931 7129 XOR
2 1 7116 7129 7130 AND
2 1 7130 6931 7131 XOR
2 1 6805 6936 7132 XOR
2 1 7116 7132 7133 AND
2 1 7133 6936 7134 XOR
2 1 6808 6941 7135 XOR
2 1 7116 7135 7136 AND
2 1 7136 6941 7137 XOR
2 1 6811 6946 7138 XOR
2 1 7116 7138 7139 AND
2 1 7139 6946 7140 XOR
2 1 6814 6951 7141 XOR
2 1 7116 7141 7142 AND
2 1 7142 6951 7143 XOR
2 1 6817 6956 7144 XOR
2 1 7116 7144 7145 AND
2 1 7145 6956 7146 XOR
2 1 6820 6961 7147 XOR
2 1 7116 7147 7148 AND
2 1 7148 6961 7149 XOR
2 1 6823 6966 7150 XOR
2 1 7116 7150 7151 AND
2 1 7151 6966 7152 XOR
2 1 6826 6971 7153 XOR
2 1 7116 7153 7154 AND
2 1 7154 6971 7155 XOR
2 1 6829 6976 7156 XOR
2 1 7116 7156 7157 AND
2 1 7157 6976 7158 XOR
2 1 6832 6981 7159 XOR
2 1 7116 7159 7160 AND
2 1 7160 6981 7161 XOR
2 1 6835 6986 7162 XOR
2 1 7116 7162 7163 AND
2 1 7163 6986 7164 XOR
2 1 6838 6991 7165 XOR
2 1 7116 7165 7166 AND
2 1 7166 6991 7167 XOR
2 1 6841 6996 7168 XOR
2 1 7116 7168 7169 AND
2 1 7169 6996 7170 XOR
2 1 6844 7001 7171 XOR
2 1 7116 7171 7172 AND
2 1 7172 7001 7173 XOR
2 1 6847 7006 7174 XOR
2 1 7116 7174 7175 AND
2 1 7175 7006 7176 XOR
2 1 6850 7011 7177 XOR
2 1 7116 7177 7178 AND
2 1 7178 7011 7179 XOR
2 1 6853 7016 7180 XOR
2 1 7116 7180 7181 AND
2 1 7181 7016 7182 XOR
2 1 6856 7021 7183 XOR
2 1 7116 7183 7184 AND
2 1 7184 7021 7185 XOR
2 1 6859 7026 7186 XOR
2 1 7116 7186 7187 AND
2 1 7187 7026 7188 XOR
2 1 6862 7031 7189 XOR
2 1 7116 7189 7190 AND
2 1 7190 7031 7191 XOR
2 1 6865 7036 7192 XOR
2 1 7116 7192 7193 AND
2 1 7193 7036 7194 XOR
2 1 6868 7041 7195 XOR
2 1 7116 7195 7196 AND
2 1 7196 7041 7197 XOR
2 1 6871 7046 7198 XOR
2 1 7116 7198 7199 AND
2 1 7199 7046 7200 XOR
2 1 6874 7051 7201 XOR
2 1 7116 7201 7202 AND
2 1 7202 7051 7203 XOR
2 1 6877 7056 7204 XOR
2 1 7116 7204 7205 AND
2 1 7205 7056 7206 XOR
2 1 6880 7061 7207 XOR
2 1 7116 7207 7208 AND
2 1 7208 7061 7209 XOR
2 1 6883 7066 7210 XOR
2 1 7116 7210 7211 AND
2 1 7211 7066 7212 XOR
2 1 6886 7071 7213 XOR
2 1 7116 7213 7214 AND
2 1 7214 7071 7215 XOR
2 1 6889 7076 7216 XOR
2 1 7116 7216 7217 AND
2 1 7217 7076 7218 XOR
2 1 6892 7081 7219 XOR
2 1 7116 7219 7220 AND
2 1 7220 7081 7221 XOR
2 1 6895 7086 7222 XOR
2 1 7116 7222 7223 AND
2 1 7223 7086 7224 XOR
2 1 6898 7091 7225 XOR
2 1 7116 7225 7226 AND
2 1 7226 7091 7227 XOR
2 1 6901 7096 7228 XOR
2 1 7116 7228 7229 AND
2 1 7229 7096 7230 XOR
2 1 6904 7101 7231 XOR
2 1 7116 7231 7232 AND
2 1 7232 7101 7233 XOR
2 1 6907 7106 7234 XOR
2 1 7116 7234 7235 AND
2 1 7235 7106 7236 XOR
2 1 6910 7111 7237 XOR
2 1 7116 7237 7238 AND
2 1 7238 7111 7239 XOR
1 1 7116 7240 INV
2 1 23 64 7241 XOR
2 1 7241 64 7242 AND
2 1 7119 65 7243 XOR
2 1 7242 65 7244 XOR
2 1 7243 7242 7245 XOR
2 1 7243 7244 7246 AND
2 1 7242 7246 7247 XOR
2 1 7122 66 7248 XOR
2 1 7247 66 7249 XOR
2 1 7248 7247 7250 XOR
2 1 7248 7249 7251 AND
2 1 7247 7251 7252 XOR
2 1 7125 67 7253 XOR
2 1 7252 67 7254 XOR
2 1 7253 7252 7255 XOR
2 1 7253 7254 7256 AND
2 1 7252 7256 7257 XOR
2 1 7128 68 7258 XOR
2 1 7257 68 7259 XOR
2 1 7258 7257 7260 XOR
2 1 7258 7259 7261 AND
2 1 7257 7261 7262 XOR
2 1 7131 69 7263 XOR
2 1 7262 69 7264 XOR
2 1 7263 7262 7265 XOR
2 1 7263 7264 7266 AND
2 1 7262 7266 7267 XOR
2 1 7134 70 7268 XOR
2 1 7267 70 7269 XOR
2 1 7268 7267 7270 XOR
2 1 7268 7269 7271 AND
2 1 7267 7271 7272 XOR
2 1 7137 71 7273 XOR
2 1 7272 71 7274 XOR
2 1 7273 7272 7275 XOR
2 1 7273 7274 7276 AND
2 1 7272 7276 7277 XOR
2 1 7140 72 7278 XOR
2 1 7277 72 7279 XOR
2 1 7278 7277 7280 XOR
2 1 7278 7279 7281 AND
2 1 7277 7281 7282 XOR
2 1 7143 73 7283 XOR
2 1 7282 73 7284 XOR
2 1 7283 7282 7285 XOR
2 1 7283 7284 7286 AND
2 1 7282 7286 7287 XOR
2 1 7146 74 7288 XOR
2 1 7287 74 7289 XOR
2 1 7288 7287 7290 XOR
2 1 7288 7289 7291 AND
2 1 7287 7291 7292 XOR
2 1 7149 75 7293 XOR
2 1 7292 75 7294 XOR
2 1 7293 7292 7295 XOR
2 1 7293 7294 7296 AND
2 1 7292 7296 7297 XOR
2 1 7152 76 7298 XOR
2 1 7297 76 7299 XOR
2 1 7298 7297 7300 XOR
2 1 7298 7299 7301 AND
2 1 7297 7301 7302 XOR
2 1 7155 77 7303 XOR
2 1 7302 77 7304 XOR
2 1 7303 7302 7305 XOR
2 1 7303 7304 7306 AND
2 1 7302 7306 7307 XOR
2 1 7158 78 7308 XOR
2 1 7307 78 7309 XOR
2 1 7308 7307 7310 XOR
2 1 7308 7309 7311 AND
2 1 7307 7311 7312 XOR
2 1 7161 79 7313 XOR
2 1 7312 79 7314 XOR
2 1 7313 7312 7315 XOR
2 1 7313 7314 7316 AND
2 1 7312 7316 7317 XOR
2 1 7164 80 7318 XOR
2 1 7317 80 7319 XOR
2 1 7318 7317 7320 XOR
2 1 7318 7319 7321 AND
2 1 7317 7321 7322 XOR
2 1 7167 81 7323 XOR
2 1 7322 81 7324 XOR
2 1 7323 7322 7325 XOR
2 1 7323 7324 7326 AND
2 1 7322 7326 7327 XOR
2 1 7170 82 7328 XOR
2 1 7327 82 7329 XOR
2 1 7328 7327 7330 XOR
2 1 7328 7329 7331 AND
2 1 7327 7331 7332 XOR
2 1 7173 83 7333 XOR
2 1 7332 83 7334 XOR
2 1 7333 7332 7335 XOR
2 1 7333 7334 7336 AND
2 1 7332 7336 7337 XOR
2 1 7176 84 7338 XOR
2 1 7337 84 7339 XOR
2 1 7338 7337 7340 XOR
2 1 7338 7339 7341 AND
2 1 7337 7341 7342 XOR
2 1 7179 85 7343 XOR
2 1 7342 85 7344 XOR
2 1 7343 7342 7345 XOR
2 1 7343 7344 7346 AND
2 1 7342 7346 7347 XOR
2 1 7182 86 7348 XOR
2 1 7347 86 7349 XOR
2 1 7348 7347 7350 XOR
2 1 7348 7349 7351 AND
2 1 7347 7351 7352 XOR
2 1 7185 87 7353 XOR
2 1 7352 87 7354 XOR
2 1 7353 7352 7355 XOR
2 1 7353 7354 7356 AND
2 1 7352 7356 7357 XOR
2 1 7188 88 7358 XOR
2 1 7357 88 7359 XOR
2 1 7358 7357 7360 XOR
2 1 7358 7359 7361 AND
2 1 7357 7361 7362 XOR
2 1 7191 89 7363 XOR
2 1 7362 89 7364 XOR
2 1 7363 7362 7365 XOR
2 1 7363 7364 7366 AND
2 1 7362 7366 7367 XOR
2 1 7194 90 7368 XOR
2 1 7367 90 7369 XOR
2 1 7368 7367 7370 XOR
2 1 7368 7369 7371 AND
2 1 7367 7371 7372 XOR
2 1 7197 91 7373 XOR
2 1 7372 91 7374 XOR
2 1 7373 7372 7375 XOR
2 1 7373 7374 7376 AND
2 1 7372 7376 7377 XOR
2 1 7200 92 7378 XOR
2 1 7377 92 7379 XOR
2 1 7378 7377 7380 XOR
2 1 7378 7379 7381 AND
2 1 7377 7381 7382 XOR
2 1 7203 93 7383 XOR
2 1 7382 93 7384 XOR
2 1 7383 7382 7385 XOR
2 1 7383 7384 7386 AND
2 1 7382 7386 7387 XOR
2 1 7206 94 7388 XOR
2 1 7387 94 7389 XOR
2 1 7388 7387 7390 XOR
2 1 7388 7389 7391 AND
2 1 7387 7391 7392 XOR
2 1 7209 95 7393 XOR
2 1 7392 95 7394 XOR
2 1 7393 7392 7395 XOR
2 1 7393 7394 7396 AND
2 1 7392 7396 7397 XOR
2 1 7212 96 7398 XOR
2 1 7397 96 7399 XOR
2 1 7398 7397 7400 XOR
2 1 7398 7399 7401 AND
2 1 7397 7401 7402 XOR
2 1 7215 97 7403 XOR
2 1 7402 97 7404 XOR
2 1 7403 7402 7405 XOR
2 1 7403 7404 7406 AND
2 1 7402 7406 7407 XOR
2 1 7218 98 7408 XOR
2 1 7407 98 7409 XOR
2 1 7408 7407 7410 XOR
2 1 7408 7409 7411 AND
2 1 7407 7411 7412 XOR
2 1 7221 99 7413 XOR
2 1 7412 99 7414 XOR
2 1 7413 7412 7415 XOR
2 1 7413 7414 7416 AND
2 1 7412 7416 7417 XOR
2 1 7224 100 7418 XOR
2 1 7417 100 7419 XOR
2 1 7418 7417 7420 XOR
2 1 7418 7419 7421 AND
2 1 7417 7421 7422 XOR
2 1 7227 101 7423 XOR
2 1 7422 101 7424 XOR
2 1 7423 7422 7425 XOR
2 1 7423 7424 7426 AND
2 1 7422 7426 7427 XOR
2 1 7230 102 7428 XOR
2 1 7427 102 7429 XOR
2 1 7428 7427 7430 XOR
2 1 7428 7429 7431 AND
2 1 7427 7431 7432 XOR
2 1 7233 103 7433 XOR
2 1 7432 103 7434 XOR
2 1 7433 7432 7435 XOR
2 1 7433 7434 7436 AND
2 1 7432 7436 7437 XOR
2 1 7236 104 7438 XOR
2 1 7437 104 7439 XOR
2 1 7438 7437 7440 XOR
2 1 7438 7439 7441 AND
2 1 7437 7441 7442 XOR
2 1 7239 105 7443 XOR
2 1 7442 105 7444 XOR
2 1 7443 7442 7445 XOR
2 1 7443 7444 7446 AND
2 1 7442 7446 7447 XOR
2 1 7447 190 7448 XOR
2 1 7447 190 7449 AND
2 1 7448 7449 7450 XOR
2 1 23 7241 7451 XOR
2 1 7450 7451 7452 AND
2 1 7452 7241 7453 XOR
2 1 7119 7245 7454 XOR
2 1 7450 7454 7455 AND
2 1 7455 7245 7456 XOR
2 1 7122 7250 7457 XOR
2 1 7450 7457 7458 AND
2 1 7458 7250 7459 XOR
2 1 7125 7255 7460 XOR
2 1 7450 7460 7461 AND
2 1 7461 7255 7462 XOR
2 1 7128 7260 7463 XOR
2 1 7450 7463 7464 AND
2 1 7464 7260 7465 XOR
2 1 7131 7265 7466 XOR
2 1 7450 7466 7467 AND
2 1 7467 7265 7468 XOR
2 1 7134 7270 7469 XOR
2 1 7450 7469 7470 AND
2 1 7470 7270 7471 XOR
2 1 7137 7275 7472 XOR
2 1 7450 7472 7473 AND
2 1 7473 7275 7474 XOR
2 1 7140 7280 7475 XOR
2 1 7450 7475 7476 AND
2 1 7476 7280 7477 XOR
2 1 7143 7285 7478 XOR
2 1 7450 7478 7479 AND
2 1 7479 7285 7480 XOR
2 1 7146 7290 7481 XOR
2 1 7450 7481 7482 AND
2 1 7482 7290 7483 XOR
2 1 7149 7295 7484 XOR
2 1 7450 7484 7485 AND
2 1 7485 7295 7486 XOR
2 1 7152 7300 7487 XOR
2 1 7450 7487 7488 AND
2 1 7488 7300 7489 XOR
2 1 7155 7305 7490 XOR
2 1 7450 7490 7491 AND
2 1 7491 7305 7492 XOR
2 1 7158 7310 7493 XOR
2 1 7450 7493 7494 AND
2 1 7494 7310 7495 XOR
2 1 7161 7315 7496 XOR
2 1 7450 7496 7497 AND
2 1 7497 7315 7498 XOR
2 1 7164 7320 7499 XOR
2 1 7450 7499 7500 AND
2 1 7500 7320 7501 XOR
2 1 7167 7325 7502 XOR
2 1 7450 7502 7503 AND
2 1 7503 7325 7504 XOR
2 1 7170 7330 7505 XOR
2 1 7450 7505 7506 AND
2 1 7506 7330 7507 XOR
2 1 7173 7335 7508 XOR
2 1 7450 7508 7509 AND
2 1 7509 7335 7510 XOR
2 1 7176 7340 7511 XOR
2 1 7450 7511 7512 AND
2 1 7512 7340 7513 XOR
2 1 7179 7345 7514 XOR
2 1 7450 7514 7515 AND
2 1 7515 7345 7516 XOR
2 1 7182 7350 7517 XOR
2 1 7450 7517 7518 AND
2 1 7518 7350 7519 XOR
2 1 7185 7355 7520 XOR
2 1 7450 7520 7521 AND
2 1 7521 7355 7522 XOR
2 1 7188 7360 7523 XOR
2 1 7450 7523 7524 AND
2 1 7524 7360 7525 XOR
2 1 7191 7365 7526 XOR
2 1 7450 7526 7527 AND
2 1 7527 7365 7528 XOR
2 1 7194 7370 7529 XOR
2 1 7450 7529 7530 AND
2 1 7530 7370 7531 XOR
2 1 7197 7375 7532 XOR
2 1 7450 7532 7533 AND
2 1 7533 7375 7534 XOR
2 1 7200 7380 7535 XOR
2 1 7450 7535 7536 AND
2 1 7536 7380 7537 XOR
2 1 7203 7385 7538 XOR
2 1 7450 7538 7539 AND
2 1 7539 7385 7540 XOR
2 1 7206 7390 7541 XOR
2 1 7450 7541 7542 AND
2 1 7542 7390 7543 XOR
2 1 7209 7395 7544 XOR
2 1 7450 7544 7545 AND
2 1 7545 7395 7546 XOR
2 1 7212 7400 7547 XOR
2 1 7450 7547 7548 AND
2 1 7548 7400 7549 XOR
2 1 7215 7405 7550 XOR
2 1 7450 7550 7551 AND
2 1 7551 7405 7552 XOR
2 1 7218 7410 7553 XOR
2 1 7450 7553 7554 AND
2 1 7554 7410 7555 XOR
2 1 7221 7415 7556 XOR
2 1 7450 7556 7557 AND
2 1 7557 7415 7558 XOR
2 1 7224 7420 7559 XOR
2 1 7450 7559 7560 AND
2 1 7560 7420 7561 XOR
2 1 7227 7425 7562 XOR
2 1 7450 7562 7563 AND
2 1 7563 7425 7564 XOR
2 1 7230 7430 7565 XOR
2 1 7450 7565 7566 AND
2 1 7566 7430 7567 XOR
2 1 7233 7435 7568 XOR
2 1 7450 7568 7569 AND
2 1 7569 7435 7570 XOR
2 1 7236 7440 7571 XOR
2 1 7450 7571 7572 AND
2 1 7572 7440 7573 XOR
2 1 7239 7445 7574 XOR
2 1 7450 7574 7575 AND
2 1 7575 7445 7576 XOR
1 1 7450 7577 INV
2 1 22 64 7578 XOR
2 1 7578 64 7579 AND
2 1 7453 65 7580 XOR
2 1 7579 65 7581 XOR
2 1 7580 7579 7582 XOR
2 1 7580 7581 7583 AND
2 1 7579 7583 7584 XOR
2 1 7456 66 7585 XOR
2 1 7584 66 7586 XOR
2 1 7585 7584 7587 XOR
2 1 7585 7586 7588 AND
2 1 7584 7588 7589 XOR
2 1 7459 67 7590 XOR
2 1 7589 67 7591 XOR
2 1 7590 7589 7592 XOR
2 1 7590 7591 7593 AND
2 1 7589 7593 7594 XOR
2 1 7462 68 7595 XOR
2 1 7594 68 7596 XOR
2 1 7595 7594 7597 XOR
2 1 7595 7596 7598 AND
2 1 7594 7598 7599 XOR
2 1 7465 69 7600 XOR
2 1 7599 69 7601 XOR
2 1 7600 7599 7602 XOR
2 1 7600 7601 7603 AND
2 1 7599 7603 7604 XOR
2 1 7468 70 7605 XOR
2 1 7604 70 7606 XOR
2 1 7605 7604 7607 XOR
2 1 7605 7606 7608 AND
2 1 7604 7608 7609 XOR
2 1 7471 71 7610 XOR
2 1 7609 71 7611 XOR
2 1 7610 7609 7612 XOR
2 1 7610 7611 7613 AND
2 1 7609 7613 7614 XOR
2 1 7474 72 7615 XOR
2 1 7614 72 7616 XOR
2 1 7615 7614 7617 XOR
2 1 7615 7616 7618 AND
2 1 7614 7618 7619 XOR
2 1 7477 73 7620 XOR
2 1 7619 73 7621 XOR
2 1 7620 7619 7622 XOR
2 1 7620 7621 7623 AND
2 1 7619 7623 7624 XOR
2 1 7480 74 7625 XOR
2 1 7624 74 7626 XOR
2 1 7625 7624 7627 XOR
2 1 7625 7626 7628 AND
2 1 7624 7628 7629 XOR
2 1 7483 75 7630 XOR
2 1 7629 75 7631 XOR
2 1 7630 7629 7632 XOR
2 1 7630 7631 7633 AND
2 1 7629 7633 7634 XOR
2 1 7486 76 7635 XOR
2 1 7634 76 7636 XOR
2 1 7635 7634 7637 XOR
2 1 7635 7636 7638 AND
2 1 7634 7638 7639 XOR
2 1 7489 77 7640 XOR
2 1 7639 77 7641 XOR
2 1 7640 7639 7642 XOR
2 1 7640 7641 7643 AND
2 1 7639 7643 7644 XOR
2 1 7492 78 7645 XOR
2 1 7644 78 7646 XOR
2 1 7645 7644 7647 XOR
2 1 7645 7646 7648 AND
2 1 7644 7648 7649 XOR
2 1 7495 79 7650 XOR
2 1 7649 79 7651 XOR
2 1 7650 7649 7652 XOR
2 1 7650 7651 7653 AND
2 1 7649 7653 7654 XOR
2 1 7498 80 7655 XOR
2 1 7654 80 7656 XOR
2 1 7655 7654 7657 XOR
2 1 7655 7656 7658 AND
2 1 7654 7658 7659 XOR
2 1 7501 81 7660 XOR
2 1 7659 81 7661 XOR
2 1 7660 7659 7662 XOR
2 1 7660 7661 7663 AND
2 1 7659 7663 7664 XOR
2 1 7504 82 7665 XOR
2 1 7664 82 7666 XOR
2 1 7665 7664 7667 XOR
2 1 7665 7666 7668 AND
2 1 7664 7668 7669 XOR
2 1 7507 83 7670 XOR
2 1 7669 83 7671 XOR
2 1 7670 7669 7672 XOR
2 1 7670 7671 7673 AND
2 1 7669 7673 7674 XOR
2 1 7510 84 7675 XOR
2 1 7674 84 7676 XOR
2 1 7675 7674 7677 XOR
2 1 7675 7676 7678 AND
2 1 7674 7678 7679 XOR
2 1 7513 85 7680 XOR
2 1 7679 85 7681 XOR
2 1 7680 7679 7682 XOR
2 1 7680 7681 7683 AND
2 1 7679 7683 7684 XOR
2 1 7516 86 7685 XOR
2 1 7684 86 7686 XOR
2 1 7685 7684 7687 XOR
2 1 7685 7686 7688 AND
2 1 7684 7688 7689 XOR
2 1 7519 87 7690 XOR
2 1 7689 87 7691 XOR
2 1 7690 7689 7692 XOR
2 1 7690 7691 7693 AND
2 1 7689 7693 7694 XOR
2 1 7522 88 7695 XOR
2 1 7694 88 7696 XOR
2 1 7695 7694 7697 XOR
2 1 7695 7696 7698 AND
2 1 7694 7698 7699 XOR
2 1 7525 89 7700 XOR
2 1 7699 89 7701 XOR
2 1 7700 7699 7702 XOR
2 1 7700 7701 7703 AND
2 1 7699 7703 7704 XOR
2 1 7528 90 7705 XOR
2 1 7704 90 7706 XOR
2 1 7705 7704 7707 XOR
2 1 7705 7706 7708 AND
2 1 7704 7708 7709 XOR
2 1 7531 91 7710 XOR
2 1 7709 91 7711 XOR
2 1 7710 7709 7712 XOR
2 1 7710 7711 7713 AND
2 1 7709 7713 7714 XOR
2 1 7534 92 7715 XOR
2 1 7714 92 7716 XOR
2 1 7715 7714 7717 XOR
2 1 7715 7716 7718 AND
2 1 7714 7718 7719 XOR
2 1 7537 93 7720 XOR
2 1 7719 93 7721 XOR
2 1 7720 7719 7722 XOR
2 1 7720 7721 7723 AND
2 1 7719 7723 7724 XOR
2 1 7540 94 7725 XOR
2 1 7724 94 7726 XOR
2 1 7725 7724 7727 XOR
2 1 7725 7726 7728 AND
2 1 7724 7728 7729 XOR
2 1 7543 95 7730 XOR
2 1 7729 95 7731 XOR
2 1 7730 7729 7732 XOR
2 1 7730 7731 7733 AND
2 1 7729 7733 7734 XOR
2 1 7546 96 7735 XOR
2 1 7734 96 7736 XOR
2 1 7735 7734 7737 XOR
2 1 7735 7736 7738 AND
2 1 7734 7738 7739 XOR
2 1 7549 97 7740 XOR
2 1 7739 97 7741 XOR
2 1 7740 7739 7742 XOR
2 1 7740 7741 7743 AND
2 1 7739 7743 7744 XOR
2 1 7552 98 7745 XOR
2 1 7744 98 7746 XOR
2 1 7745 7744 7747 XOR
2 1 7745 7746 7748 AND
2 1 7744 7748 7749 XOR
2 1 7555 99 7750 XOR
2 1 7749 99 7751 XOR
2 1 7750 7749 7752 XOR
2 1 7750 7751 7753 AND
2 1 7749 7753 7754 XOR
2 1 7558 100 7755 XOR
2 1 7754 100 7756 XOR
2 1 7755 7754 7757 XOR
2 1 7755 7756 7758 AND
2 1 7754 7758 7759 XOR
2 1 7561 101 7760 XOR
2 1 7759 101 7761 XOR
2 1 7760 7759 7762 XOR
2 1 7760 7761 7763 AND
2 1 7759 7763 7764 XOR
2 1 7564 102 7765 XOR
2 1 7764 102 7766 XOR
2 1 7765 7764 7767 XOR
2 1 7765 7766 7768 AND
2 1 7764 7768 7769 XOR
2 1 7567 103 7770 XOR
2 1 7769 103 7771 XOR
2 1 7770 7769 7772 XOR
2 1 7770 7771 7773 AND
2 1 7769 7773 7774 XOR
2 1 7570 104 7775 XOR
2 1 7774 104 7776 XOR
2 1 7775 7774 7777 XOR
2 1 7775 7776 7778 AND
2 1 7774 7778 7779 XOR
2 1 7573 105 7780 XOR
2 1 7779 105 7781 XOR
2 1 7780 7779 7782 XOR
2 1 7780 7781 7783 AND
2 1 7779 7783 7784 XOR
2 1 7576 106 7785 XOR
2 1 7784 106 7786 XOR
2 1 7785 7784 7787 XOR
2 1 7785 7786 7788 AND
2 1 7784 7788 7789 XOR
2 1 7789 187 7790 XOR
2 1 7789 187 7791 AND
2 1 7790 7791 7792 XOR
2 1 22 7578 7793 XOR
2 1 7792 7793 7794 AND
2 1 7794 7578 7795 XOR
2 1 7453 7582 7796 XOR
2 1 7792 7796 7797 AND
2 1 7797 7582 7798 XOR
2 1 7456 7587 7799 XOR
2 1 7792 7799 7800 AND
2 1 7800 7587 7801 XOR
2 1 7459 7592 7802 XOR
2 1 7792 7802 7803 AND
2 1 7803 7592 7804 XOR
2 1 7462 7597 7805 XOR
2 1 7792 7805 7806 AND
2 1 7806 7597 7807 XOR
2 1 7465 7602 7808 XOR
2 1 7792 7808 7809 AND
2 1 7809 7602 7810 XOR
2 1 7468 7607 7811 XOR
2 1 7792 7811 7812 AND
2 1 7812 7607 7813 XOR
2 1 7471 7612 7814 XOR
2 1 7792 7814 7815 AND
2 1 7815 7612 7816 XOR
2 1 7474 7617 7817 XOR
2 1 7792 7817 7818 AND
2 1 7818 7617 7819 XOR
2 1 7477 7622 7820 XOR
2 1 7792 7820 7821 AND
2 1 7821 7622 7822 XOR
2 1 7480 7627 7823 XOR
2 1 7792 7823 7824 AND
2 1 7824 7627 7825 XOR
2 1 7483 7632 7826 XOR
2 1 7792 7826 7827 AND
2 1 7827 7632 7828 XOR
2 1 7486 7637 7829 XOR
2 1 7792 7829 7830 AND
2 1 7830 7637 7831 XOR
2 1 7489 7642 7832 XOR
2 1 7792 7832 7833 AND
2 1 7833 7642 7834 XOR
2 1 7492 7647 7835 XOR
2 1 7792 7835 7836 AND
2 1 7836 7647 7837 XOR
2 1 7495 7652 7838 XOR
2 1 7792 7838 7839 AND
2 1 7839 7652 7840 XOR
2 1 7498 7657 7841 XOR
2 1 7792 7841 7842 AND
2 1 7842 7657 7843 XOR
2 1 7501 7662 7844 XOR
2 1 7792 7844 7845 AND
2 1 7845 7662 7846 XOR
2 1 7504 7667 7847 XOR
2 1 7792 7847 7848 AND
2 1 7848 7667 7849 XOR
2 1 7507 7672 7850 XOR
2 1 7792 7850 7851 AND
2 1 7851 7672 7852 XOR
2 1 7510 7677 7853 XOR
2 1 7792 7853 7854 AND
2 1 7854 7677 7855 XOR
2 1 7513 7682 7856 XOR
2 1 7792 7856 7857 AND
2 1 7857 7682 7858 XOR
2 1 7516 7687 7859 XOR
2 1 7792 7859 7860 AND
2 1 7860 7687 7861 XOR
2 1 7519 7692 7862 XOR
2 1 7792 7862 7863 AND
2 1 7863 7692 7864 XOR
2 1 7522 7697 7865 XOR
2 1 7792 7865 7866 AND
2 1 7866 7697 7867 XOR
2 1 7525 7702 7868 XOR
2 1 7792 7868 7869 AND
2 1 7869 7702 7870 XOR
2 1 7528 7707 7871 XOR
2 1 7792 7871 7872 AND
2 1 7872 7707 7873 XOR
2 1 7531 7712 7874 XOR
2 1 7792 7874 7875 AND
2 1 7875 7712 7876 XOR
2 1 7534 7717 7877 XOR
2 1 7792 7877 7878 AND
2 1 7878 7717 7879 XOR
2 1 7537 7722 7880 XOR
2 1 7792 7880 7881 AND
2 1 7881 7722 7882 XOR
2 1 7540 7727 7883 XOR
2 1 7792 7883 7884 AND
2 1 7884 7727 7885 XOR
2 1 7543 7732 7886 XOR
2 1 7792 7886 7887 AND
2 1 7887 7732 7888 XOR
2 1 7546 7737 7889 XOR
2 1 7792 7889 7890 AND
2 1 7890 7737 7891 XOR
2 1 7549 7742 7892 XOR
2 1 7792 7892 7893 AND
2 1 7893 7742 7894 XOR
2 1 7552 7747 7895 XOR
2 1 7792 7895 7896 AND
2 1 7896 7747 7897 XOR
2 1 7555 7752 7898 XOR
2 1 7792 7898 7899 AND
2 1 7899 7752 7900 XOR
2 1 7558 7757 7901 XOR
2 1 7792 7901 7902 AND
2 1 7902 7757 7903 XOR
2 1 7561 7762 7904 XOR
2 1 7792 7904 7905 AND
2 1 7905 7762 7906 XOR
2 1 7564 7767 7907 XOR
2 1 7792 7907 7908 AND
2 1 7908 7767 7909 XOR
2 1 7567 7772 7910 XOR
2 1 7792 7910 7911 AND
2 1 7911 7772 7912 XOR
2 1 7570 7777 7913 XOR
2 1 7792 7913 7914 AND
2 1 7914 7777 7915 XOR
2 1 7573 7782 7916 XOR
2 1 7792 7916 7917 AND
2 1 7917 7782 7918 XOR
2 1 7576 7787 7919 XOR
2 1 7792 7919 7920 AND
2 1 7920 7787 7921 XOR
1 1 7792 7922 INV
2 1 21 64 7923 XOR
2 1 7923 64 7924 AND
2 1 7795 65 7925 XOR
2 1 7924 65 7926 XOR
2 1 7925 7924 7927 XOR
2 1 7925 7926 7928 AND
2 1 7924 7928 7929 XOR
2 1 7798 66 7930 XOR
2 1 7929 66 7931 XOR
2 1 7930 7929 7932 XOR
2 1 7930 7931 7933 AND
2 1 7929 7933 7934 XOR
2 1 7801 67 7935 XOR
2 1 7934 67 7936 XOR
2 1 7935 7934 7937 XOR
2 1 7935 7936 7938 AND
2 1 7934 7938 7939 XOR
2 1 7804 68 7940 XOR
2 1 7939 68 7941 XOR
2 1 7940 7939 7942 XOR
2 1 7940 7941 7943 AND
2 1 7939 7943 7944 XOR
2 1 7807 69 7945 XOR
2 1 7944 69 7946 XOR
2 1 7945 7944 7947 XOR
2 1 7945 7946 7948 AND
2 1 7944 7948 7949 XOR
2 1 7810 70 7950 XOR
2 1 7949 70 7951 XOR
2 1 7950 7949 7952 XOR
2 1 7950 7951 7953 AND
2 1 7949 7953 7954 XOR
2 1 7813 71 7955 XOR
2 1 7954 71 7956 XOR
2 1 7955 7954 7957 XOR
2 1 7955 7956 7958 AND
2 1 7954 7958 7959 XOR
2 1 7816 72 7960 XOR
2 1 7959 72 7961 XOR
2 1 7960 7959 7962 XOR
2 1 7960 7961 7963 AND
2 1 7959 7963 7964 XOR
2 1 7819 73 7965 XOR
2 1 7964 73 7966 XOR
2 1 7965 7964 7967 XOR
2 1 7965 7966 7968 AND
2 1 7964 7968 7969 XOR
2 1 7822 74 7970 XOR
2 1 7969 74 7971 XOR
2 1 7970 7969 7972 XOR
2 1 7970 7971 7973 AND
2 1 7969 7973 7974 XOR
2 1 7825 75 7975 XOR
2 1 7974 75 7976 XOR
2 1 7975 7974 7977 XOR
2 1 7975 7976 7978 AND
2 1 7974 7978 7979 XOR
2 1 7828 76 7980 XOR
2 1 7979 76 7981 XOR
2 1 7980 7979 7982 XOR
2 1 7980 7981 7983 AND
2 1 7979 7983 7984 XOR
2 1 7831 77 7985 XOR
2 1 7984 77 7986 XOR
2 1 7985 7984 7987 XOR
2 1 7985 7986 7988 AND
2 1 7984 7988 7989 XOR
2 1 7834 78 7990 XOR
2 1 7989 78 7991 XOR
2 1 7990 7989 7992 XOR
2 1 7990 7991 7993 AND
2 1 7989 7993 7994 XOR
2 1 7837 79 7995 XOR
2 1 7994 79 7996 XOR
2 1 7995 7994 7997 XOR
2 1 7995 7996 7998 AND
2 1 7994 7998 7999 XOR
2 1 7840 80 8000 XOR
2 1 7999 80 8001 XOR
2 1 8000 7999 8002 XOR
2 1 8000 8001 8003 AND
2 1 7999 8003 8004 XOR
2 1 7843 81 8005 XOR
2 1 8004 81 8006 XOR
2 1 8005 8004 8007 XOR
2 1 8005 8006 8008 AND
2 1 8004 8008 8009 XOR
2 1 7846 82 8010 XOR
2 1 8009 82 8011 XOR
2 1 8010 8009 8012 XOR
2 1 8010 8011 8013 AND
2 1 8009 8013 8014 XOR
2 1 7849 83 8015 XOR
2 1 8014 83 8016 XOR
2 1 8015 8014 8017 XOR
2 1 8015 8016 8018 AND
2 1 8014 8018 8019 XOR
2 1 7852 84 8020 XOR
2 1 8019 84 8021 XOR
2 1 8020 8019 8022 XOR
2 1 8020 8021 8023 AND
2 1 8019 8023 8024 XOR
2 1 7855 85 8025 XOR
2 1 8024 85 8026 XOR
2 1 8025 8024 8027 XOR
2 1 8025 8026 8028 AND
2 1 8024 8028 8029 XOR
2 1 7858 86 8030 XOR
2 1 8029 86 8031 XOR
2 1 8030 8029 8032 XOR
2 1 8030 8031 8033 AND
2 1 8029 8033 8034 XOR
2 1 7861 87 8035 XOR
2 1 8034 87 8036 XOR
2 1 8035 8034 8037 XOR
2 1 8035 8036 8038 AND
2 1 8034 8038 8039 XOR
2 1 7864 88 8040 XOR
2 1 8039 88 8041 XOR
2 1 8040 8039 8042 XOR
2 1 8040 8041 8043 AND
2 1 8039 8043 8044 XOR
2 1 7867 89 8045 XOR
2 1 8044 89 8046 XOR
2 1 8045 8044 8047 XOR
2 1 8045 8046 8048 AND
2 1 8044 8048 8049 XOR
2 1 7870 90 8050 XOR
2 1 8049 90 8051 XOR
2 1 8050 8049 8052 XOR
2 1 8050 8051 8053 AND
2 1 8049 8053 8054 XOR
2 1 7873 91 8055 XOR
2 1 8054 91 8056 XOR
2 1 8055 8054 8057 XOR
2 1 8055 8056 8058 AND
2 1 8054 8058 8059 XOR
2 1 7876 92 8060 XOR
2 1 8059 92 8061 XOR
2 1 8060 8059 8062 XOR
2 1 8060 8061 8063 AND
2 1 8059 8063 8064 XOR
2 1 7879 93 8065 XOR
2 1 8064 93 8066 XOR
2 1 8065 8064 8067 XOR
2 1 8065 8066 8068 AND
2 1 8064 8068 8069 XOR
2 1 7882 94 8070 XOR
2 1 8069 94 8071 XOR
2 1 8070 8069 8072 XOR
2 1 8070 8071 8073 AND
2 1 8069 8073 8074 XOR
2 1 7885 95 8075 XOR
2 1 8074 95 8076 XOR
2 1 8075 8074 8077 XOR
2 1 8075 8076 8078 AND
2 1 8074 8078 8079 XOR
2 1 7888 96 8080 XOR
2 1 8079 96 8081 XOR
2 1 8080 8079 8082 XOR
2 1 8080 8081 8083 AND
2 1 8079 8083 8084 XOR
2 1 7891 97 8085 XOR
2 1 8084 97 8086 XOR
2 1 8085 8084 8087 XOR
2 1 8085 8086 8088 AND
2 1 8084 8088 8089 XOR
2 1 7894 98 8090 XOR
2 1 8089 98 8091 XOR
2 1 8090 8089 8092 XOR
2 1 8090 8091 8093 AND
2 1 8089 8093 8094 XOR
2 1 7897 99 8095 XOR
2 1 8094 99 8096 XOR
2 1 8095 8094 8097 XOR
2 1 8095 8096 8098 AND
2 1 8094 8098 8099 XOR
2 1 7900 100 8100 XOR
2 1 8099 100 8101 XOR
2 1 8100 8099 8102 XOR
2 1 8100 8101 8103 AND
2 1 8099 8103 8104 XOR
2 1 7903 101 8105 XOR
2 1 8104 101 8106 XOR
2 1 8105 8104 8107 XOR
2 1 8105 8106 8108 AND
2 1 8104 8108 8109 XOR
2 1 7906 102 8110 XOR
2 1 8109 102 8111 XOR
2 1 8110 8109 8112 XOR
2 1 8110 8111 8113 AND
2 1 8109 8113 8114 XOR
2 1 7909 103 8115 XOR
2 1 8114 103 8116 XOR
2 1 8115 8114 8117 XOR
2 1 8115 8116 8118 AND
2 1 8114 8118 8119 XOR
2 1 7912 104 8120 XOR
2 1 8119 104 8121 XOR
2 1 8120 8119 8122 XOR
2 1 8120 8121 8123 AND
2 1 8119 8123 8124 XOR
2 1 7915 105 8125 XOR
2 1 8124 105 8126 XOR
2 1 8125 8124 8127 XOR
2 1 8125 8126 8128 AND
2 1 8124 8128 8129 XOR
2 1 7918 106 8130 XOR
2 1 8129 106 8131 XOR
2 1 8130 8129 8132 XOR
2 1 8130 8131 8133 AND
2 1 8129 8133 8134 XOR
2 1 7921 107 8135 XOR
2 1 8134 107 8136 XOR
2 1 8135 8134 8137 XOR
2 1 8135 8136 8138 AND
2 1 8134 8138 8139 XOR
2 1 8139 184 8140 XOR
2 1 8139 184 8141 AND
2 1 8140 8141 8142 XOR
2 1 21 7923 8143 XOR
2 1 8142 8143 8144 AND
2 1 8144 7923 8145 XOR
2 1 7795 7927 8146 XOR
2 1 8142 8146 8147 AND
2 1 8147 7927 8148 XOR
2 1 7798 7932 8149 XOR
2 1 8142 8149 8150 AND
2 1 8150 7932 8151 XOR
2 1 7801 7937 8152 XOR
2 1 8142 8152 8153 AND
2 1 8153 7937 8154 XOR
2 1 7804 7942 8155 XOR
2 1 8142 8155 8156 AND
2 1 8156 7942 8157 XOR
2 1 7807 7947 8158 XOR
2 1 8142 8158 8159 AND
2 1 8159 7947 8160 XOR
2 1 7810 7952 8161 XOR
2 1 8142 8161 8162 AND
2 1 8162 7952 8163 XOR
2 1 7813 7957 8164 XOR
2 1 8142 8164 8165 AND
2 1 8165 7957 8166 XOR
2 1 7816 7962 8167 XOR
2 1 8142 8167 8168 AND
2 1 8168 7962 8169 XOR
2 1 7819 7967 8170 XOR
2 1 8142 8170 8171 AND
2 1 8171 7967 8172 XOR
2 1 7822 7972 8173 XOR
2 1 8142 8173 8174 AND
2 1 8174 7972 8175 XOR
2 1 7825 7977 8176 XOR
2 1 8142 8176 8177 AND
2 1 8177 7977 8178 XOR
2 1 7828 7982 8179 XOR
2 1 8142 8179 8180 AND
2 1 8180 7982 8181 XOR
2 1 7831 7987 8182 XOR
2 1 8142 8182 8183 AND
2 1 8183 7987 8184 XOR
2 1 7834 7992 8185 XOR
2 1 8142 8185 8186 AND
2 1 8186 7992 8187 XOR
2 1 7837 7997 8188 XOR
2 1 8142 8188 8189 AND
2 1 8189 7997 8190 XOR
2 1 7840 8002 8191 XOR
2 1 8142 8191 8192 AND
2 1 8192 8002 8193 XOR
2 1 7843 8007 8194 XOR
2 1 8142 8194 8195 AND
2 1 8195 8007 8196 XOR
2 1 7846 8012 8197 XOR
2 1 8142 8197 8198 AND
2 1 8198 8012 8199 XOR
2 1 7849 8017 8200 XOR
2 1 8142 8200 8201 AND
2 1 8201 8017 8202 XOR
2 1 7852 8022 8203 XOR
2 1 8142 8203 8204 AND
2 1 8204 8022 8205 XOR
2 1 7855 8027 8206 XOR
2 1 8142 8206 8207 AND
2 1 8207 8027 8208 XOR
2 1 7858 8032 8209 XOR
2 1 8142 8209 8210 AND
2 1 8210 8032 8211 XOR
2 1 7861 8037 8212 XOR
2 1 8142 8212 8213 AND
2 1 8213 8037 8214 XOR
2 1 7864 8042 8215 XOR
2 1 8142 8215 8216 AND
2 1 8216 8042 8217 XOR
2 1 7867 8047 8218 XOR
2 1 8142 8218 8219 AND
2 1 8219 8047 8220 XOR
2 1 7870 8052 8221 XOR
2 1 8142 8221 8222 AND
2 1 8222 8052 8223 XOR
2 1 7873 8057 8224 XOR
2 1 8142 8224 8225 AND
2 1 8225 8057 8226 XOR
2 1 7876 8062 8227 XOR
2 1 8142 8227 8228 AND
2 1 8228 8062 8229 XOR
2 1 7879 8067 8230 XOR
2 1 8142 8230 8231 AND
2 1 8231 8067 8232 XOR
2 1 7882 8072 8233 XOR
2 1 8142 8233 8234 AND
2 1 8234 8072 8235 XOR
2 1 7885 8077 8236 XOR
2 1 8142 8236 8237 AND
2 1 8237 8077 8238 XOR
2 1 7888 8082 8239 XOR
2 1 8142 8239 8240 AND
2 1 8240 8082 8241 XOR
2 1 7891 8087 8242 XOR
2 1 8142 8242 8243 AND
2 1 8243 8087 8244 XOR
2 1 7894 8092 8245 XOR
2 1 8142 8245 8246 AND
2 1 8246 8092 8247 XOR
2 1 7897 8097 8248 XOR
2 1 8142 8248 8249 AND
2 1 8249 8097 8250 XOR
2 1 7900 8102 8251 XOR
2 1 8142 8251 8252 AND
2 1 8252 8102 8253 XOR
2 1 7903 8107 8254 XOR
2 1 8142 8254 8255 AND
2 1 8255 8107 8256 XOR
2 1 7906 8112 8257 XOR
2 1 8142 8257 8258 AND
2 1 8258 8112 8259 XOR
2 1 7909 8117 8260 XOR
2 1 8142 8260 8261 AND
2 1 8261 8117 8262 XOR
2 1 7912 8122 8263 XOR
2 1 8142 8263 8264 AND
2 1 8264 8122 8265 XOR
2 1 7915 8127 8266 XOR
2 1 8142 8266 8267 AND
2 1 8267 8127 8268 XOR
2 1 7918 8132 8269 XOR
2 1 8142 8269 8270 AND
2 1 8270 8132 8271 XOR
2 1 7921 8137 8272 XOR
2 1 8142 8272 8273 AND
2 1 8273 8137 8274 XOR
1 1 8142 8275 INV
2 1 20 64 8276 XOR
2 1 8276 64 8277 AND
2 1 8145 65 8278 XOR
2 1 8277 65 8279 XOR
2 1 8278 8277 8280 XOR
2 1 8278 8279 8281 AND
2 1 8277 8281 8282 XOR
2 1 8148 66 8283 XOR
2 1 8282 66 8284 XOR
2 1 8283 8282 8285 XOR
2 1 8283 8284 8286 AND
2 1 8282 8286 8287 XOR
2 1 8151 67 8288 XOR
2 1 8287 67 8289 XOR
2 1 8288 8287 8290 XOR
2 1 8288 8289 8291 AND
2 1 8287 8291 8292 XOR
2 1 8154 68 8293 XOR
2 1 8292 68 8294 XOR
2 1 8293 8292 8295 XOR
2 1 8293 8294 8296 AND
2 1 8292 8296 8297 XOR
2 1 8157 69 8298 XOR
2 1 8297 69 8299 XOR
2 1 8298 8297 8300 XOR
2 1 8298 8299 8301 AND
2 1 8297 8301 8302 XOR
2 1 8160 70 8303 XOR
2 1 8302 70 8304 XOR
2 1 8303 8302 8305 XOR
2 1 8303 8304 8306 AND
2 1 8302 8306 8307 XOR
2 1 8163 71 8308 XOR
2 1 8307 71 8309 XOR
2 1 8308 8307 8310 XOR
2 1 8308 8309 8311 AND
2 1 8307 8311 8312 XOR
2 1 8166 72 8313 XOR
2 1 8312 72 8314 XOR
2 1 8313 8312 8315 XOR
2 1 8313 8314 8316 AND
2 1 8312 8316 8317 XOR
2 1 8169 73 8318 XOR
2 1 8317 73 8319 XOR
2 1 8318 8317 8320 XOR
2 1 8318 8319 8321 AND
2 1 8317 8321 8322 XOR
2 1 8172 74 8323 XOR
2 1 8322 74 8324 XOR
2 1 8323 8322 8325 XOR
2 1 8323 8324 8326 AND
2 1 8322 8326 8327 XOR
2 1 8175 75 8328 XOR
2 1 8327 75 8329 XOR
2 1 8328 8327 8330 XOR
2 1 8328 8329 8331 AND
2 1 8327 8331 8332 XOR
2 1 8178 76 8333 XOR
2 1 8332 76 8334 XOR
2 1 8333 8332 8335 XOR
2 1 8333 8334 8336 AND
2 1 8332 8336 8337 XOR
2 1 8181 77 8338 XOR
2 1 8337 77 8339 XOR
2 1 8338 8337 8340 XOR
2 1 8338 8339 8341 AND
2 1 8337 8341 8342 XOR
2 1 8184 78 8343 XOR
2 1 8342 78 8344 XOR
2 1 8343 8342 8345 XOR
2 1 8343 8344 8346 AND
2 1 8342 8346 8347 XOR
2 1 8187 79 8348 XOR
2 1 8347 79 8349 XOR
2 1 8348 8347 8350 XOR
2 1 8348 8349 8351 AND
2 1 8347 8351 8352 XOR
2 1 8190 80 8353 XOR
2 1 8352 80 8354 XOR
2 1 8353 8352 8355 XOR
2 1 8353 8354 8356 AND
2 1 8352 8356 8357 XOR
2 1 8193 81 8358 XOR
2 1 8357 81 8359 XOR
2 1 8358 8357 8360 XOR
2 1 8358 8359 8361 AND
2 1 8357 8361 8362 XOR
2 1 8196 82 8363 XOR
2 1 8362 82 8364 XOR
2 1 8363 8362 8365 XOR
2 1 8363 8364 8366 AND
2 1 8362 8366 8367 XOR
2 1 8199 83 8368 XOR
2 1 8367 83 8369 XOR
2 1 8368 8367 8370 XOR
2 1 8368 8369 8371 AND
2 1 8367 8371 8372 XOR
2 1 8202 84 8373 XOR
2 1 8372 84 8374 XOR
2 1 8373 8372 8375 XOR
2 1 8373 8374 8376 AND
2 1 8372 8376 8377 XOR
2 1 8205 85 8378 XOR
2 1 8377 85 8379 XOR
2 1 8378 8377 8380 XOR
2 1 8378 8379 8381 AND
2 1 8377 8381 8382 XOR
2 1 8208 86 8383 XOR
2 1 8382 86 8384 XOR
2 1 8383 8382 8385 XOR
2 1 8383 8384 8386 AND
2 1 8382 8386 8387 XOR
2 1 8211 87 8388 XOR
2 1 8387 87 8389 XOR
2 1 8388 8387 8390 XOR
2 1 8388 8389 8391 AND
2 1 8387 8391 8392 XOR
2 1 8214 88 8393 XOR
2 1 8392 88 8394 XOR
2 1 8393 8392 8395 XOR
2 1 8393 8394 8396 AND
2 1 8392 8396 8397 XOR
2 1 8217 89 8398 XOR
2 1 8397 89 8399 XOR
2 1 8398 8397 8400 XOR
2 1 8398 8399 8401 AND
2 1 8397 8401 8402 XOR
2 1 8220 90 8403 XOR
2 1 8402 90 8404 XOR
2 1 8403 8402 8405 XOR
2 1 8403 8404 8406 AND
2 1 8402 8406 8407 XOR
2 1 8223 91 8408 XOR
2 1 8407 91 8409 XOR
2 1 8408 8407 8410 XOR
2 1 8408 8409 8411 AND
2 1 8407 8411 8412 XOR
2 1 8226 92 8413 XOR
2 1 8412 92 8414 XOR
2 1 8413 8412 8415 XOR
2 1 8413 8414 8416 AND
2 1 8412 8416 8417 XOR
2 1 8229 93 8418 XOR
2 1 8417 93 8419 XOR
2 1 8418 8417 8420 XOR
2 1 8418 8419 8421 AND
2 1 8417 8421 8422 XOR
2 1 8232 94 8423 XOR
2 1 8422 94 8424 XOR
2 1 8423 8422 8425 XOR
2 1 8423 8424 8426 AND
2 1 8422 8426 8427 XOR
2 1 8235 95 8428 XOR
2 1 8427 95 8429 XOR
2 1 8428 8427 8430 XOR
2 1 8428 8429 8431 AND
2 1 8427 8431 8432 XOR
2 1 8238 96 8433 XOR
2 1 8432 96 8434 XOR
2 1 8433 8432 8435 XOR
2 1 8433 8434 8436 AND
2 1 8432 8436 8437 XOR
2 1 8241 97 8438 XOR
2 1 8437 97 8439 XOR
2 1 8438 8437 8440 XOR
2 1 8438 8439 8441 AND
2 1 8437 8441 8442 XOR
2 1 8244 98 8443 XOR
2 1 8442 98 8444 XOR
2 1 8443 8442 8445 XOR
2 1 8443 8444 8446 AND
2 1 8442 8446 8447 XOR
2 1 8247 99 8448 XOR
2 1 8447 99 8449 XOR
2 1 8448 8447 8450 XOR
2 1 8448 8449 8451 AND
2 1 8447 8451 8452 XOR
2 1 8250 100 8453 XOR
2 1 8452 100 8454 XOR
2 1 8453 8452 8455 XOR
2 1 8453 8454 8456 AND
2 1 8452 8456 8457 XOR
2 1 8253 101 8458 XOR
2 1 8457 101 8459 XOR
2 1 8458 8457 8460 XOR
2 1 8458 8459 8461 AND
2 1 8457 8461 8462 XOR
2 1 8256 102 8463 XOR
2 1 8462 102 8464 XOR
2 1 8463 8462 8465 XOR
2 1 8463 8464 8466 AND
2 1 8462 8466 8467 XOR
2 1 8259 103 8468 XOR
2 1 8467 103 8469 XOR
2 1 8468 8467 8470 XOR
2 1 8468 8469 8471 AND
2 1 8467 8471 8472 XOR
2 1 8262 104 8473 XOR
2 1 8472 104 8474 XOR
2 1 8473 8472 8475 XOR
2 1 8473 8474 8476 AND
2 1 8472 8476 8477 XOR
2 1 8265 105 8478 XOR
2 1 8477 105 8479 XOR
2 1 8478 8477 8480 XOR
2 1 8478 8479 8481 AND
2 1 8477 8481 8482 XOR
2 1 8268 106 8483 XOR
2 1 8482 106 8484 XOR
2 1 8483 8482 8485 XOR
2 1 8483 8484 8486 AND
2 1 8482 8486 8487 XOR
2 1 8271 107 8488 XOR
2 1 8487 107 8489 XOR
2 1 8488 8487 8490 XOR
2 1 8488 8489 8491 AND
2 1 8487 8491 8492 XOR
2 1 8274 108 8493 XOR
2 1 8492 108 8494 XOR
2 1 8493 8492 8495 XOR
2 1 8493 8494 8496 AND
2 1 8492 8496 8497 XOR
2 1 8497 181 8498 XOR
2 1 8497 181 8499 AND
2 1 8498 8499 8500 XOR
2 1 20 8276 8501 XOR
2 1 8500 8501 8502 AND
2 1 8502 8276 8503 XOR
2 1 8145 8280 8504 XOR
2 1 8500 8504 8505 AND
2 1 8505 8280 8506 XOR
2 1 8148 8285 8507 XOR
2 1 8500 8507 8508 AND
2 1 8508 8285 8509 XOR
2 1 8151 8290 8510 XOR
2 1 8500 8510 8511 AND
2 1 8511 8290 8512 XOR
2 1 8154 8295 8513 XOR
2 1 8500 8513 8514 AND
2 1 8514 8295 8515 XOR
2 1 8157 8300 8516 XOR
2 1 8500 8516 8517 AND
2 1 8517 8300 8518 XOR
2 1 8160 8305 8519 XOR
2 1 8500 8519 8520 AND
2 1 8520 8305 8521 XOR
2 1 8163 8310 8522 XOR
2 1 8500 8522 8523 AND
2 1 8523 8310 8524 XOR
2 1 8166 8315 8525 XOR
2 1 8500 8525 8526 AND
2 1 8526 8315 8527 XOR
2 1 8169 8320 8528 XOR
2 1 8500 8528 8529 AND
2 1 8529 8320 8530 XOR
2 1 8172 8325 8531 XOR
2 1 8500 8531 8532 AND
2 1 8532 8325 8533 XOR
2 1 8175 8330 8534 XOR
2 1 8500 8534 8535 AND
2 1 8535 8330 8536 XOR
2 1 8178 8335 8537 XOR
2 1 8500 8537 8538 AND
2 1 8538 8335 8539 XOR
2 1 8181 8340 8540 XOR
2 1 8500 8540 8541 AND
2 1 8541 8340 8542 XOR
2 1 8184 8345 8543 XOR
2 1 8500 8543 8544 AND
2 1 8544 8345 8545 XOR
2 1 8187 8350 8546 XOR
2 1 8500 8546 8547 AND
2 1 8547 8350 8548 XOR
2 1 8190 8355 8549 XOR
2 1 8500 8549 8550 AND
2 1 8550 8355 8551 XOR
2 1 8193 8360 8552 XOR
2 1 8500 8552 8553 AND
2 1 8553 8360 8554 XOR
2 1 8196 8365 8555 XOR
2 1 8500 8555 8556 AND
2 1 8556 8365 8557 XOR
2 1 8199 8370 8558 XOR
2 1 8500 8558 8559 AND
2 1 8559 8370 8560 XOR
2 1 8202 8375 8561 XOR
2 1 8500 8561 8562 AND
2 1 8562 8375 8563 XOR
2 1 8205 8380 8564 XOR
2 1 8500 8564 8565 AND
2 1 8565 8380 8566 XOR
2 1 8208 8385 8567 XOR
2 1 8500 8567 8568 AND
2 1 8568 8385 8569 XOR
2 1 8211 8390 8570 XOR
2 1 8500 8570 8571 AND
2 1 8571 8390 8572 XOR
2 1 8214 8395 8573 XOR
2 1 8500 8573 8574 AND
2 1 8574 8395 8575 XOR
2 1 8217 8400 8576 XOR
2 1 8500 8576 8577 AND
2 1 8577 8400 8578 XOR
2 1 8220 8405 8579 XOR
2 1 8500 8579 8580 AND
2 1 8580 8405 8581 XOR
2 1 8223 8410 8582 XOR
2 1 8500 8582 8583 AND
2 1 8583 8410 8584 XOR
2 1 8226 8415 8585 XOR
2 1 8500 8585 8586 AND
2 1 8586 8415 8587 XOR
2 1 8229 8420 8588 XOR
2 1 8500 8588 8589 AND
2 1 8589 8420 8590 XOR
2 1 8232 8425 8591 XOR
2 1 8500 8591 8592 AND
2 1 8592 8425 8593 XOR
2 1 8235 8430 8594 XOR
2 1 8500 8594 8595 AND
2 1 8595 8430 8596 XOR
2 1 8238 8435 8597 XOR
2 1 8500 8597 8598 AND
2 1 8598 8435 8599 XOR
2 1 8241 8440 8600 XOR
2 1 8500 8600 8601 AND
2 1 8601 8440 8602 XOR
2 1 8244 8445 8603 XOR
2 1 8500 8603 8604 AND
2 1 8604 8445 8605 XOR
2 1 8247 8450 8606 XOR
2 1 8500 8606 8607 AND
2 1 8607 8450 8608 XOR
2 1 8250 8455 8609 XOR
2 1 8500 8609 8610 AND
2 1 8610 8455 8611 XOR
2 1 8253 8460 8612 XOR
2 1 8500 8612 8613 AND
2 1 8613 8460 8614 XOR
2 1 8256 8465 8615 XOR
2 1 8500 8615 8616 AND
2 1 8616 8465 8617 XOR
2 1 8259 8470 8618 XOR
2 1 8500 8618 8619 AND
2 1 8619 8470 8620 XOR
2 1 8262 8475 8621 XOR
2 1 8500 8621 8622 AND
2 1 8622 8475 8623 XOR
2 1 8265 8480 8624 XOR
2 1 8500 8624 8625 AND
2 1 8625 8480 8626 XOR
2 1 8268 8485 8627 XOR
2 1 8500 8627 8628 AND
2 1 8628 8485 8629 XOR
2 1 8271 8490 8630 XOR
2 1 8500 8630 8631 AND
2 1 8631 8490 8632 XOR
2 1 8274 8495 8633 XOR
2 1 8500 8633 8634 AND
2 1 8634 8495 8635 XOR
1 1 8500 8636 INV
2 1 19 64 8637 XOR
2 1 8637 64 8638 AND
2 1 8503 65 8639 XOR
2 1 8638 65 8640 XOR
2 1 8639 8638 8641 XOR
2 1 8639 8640 8642 AND
2 1 8638 8642 8643 XOR
2 1 8506 66 8644 XOR
2 1 8643 66 8645 XOR
2 1 8644 8643 8646 XOR
2 1 8644 8645 8647 AND
2 1 8643 8647 8648 XOR
2 1 8509 67 8649 XOR
2 1 8648 67 8650 XOR
2 1 8649 8648 8651 XOR
2 1 8649 8650 8652 AND
2 1 8648 8652 8653 XOR
2 1 8512 68 8654 XOR
2 1 8653 68 8655 XOR
2 1 8654 8653 8656 XOR
2 1 8654 8655 8657 AND
2 1 8653 8657 8658 XOR
2 1 8515 69 8659 XOR
2 1 8658 69 8660 XOR
2 1 8659 8658 8661 XOR
2 1 8659 8660 8662 AND
2 1 8658 8662 8663 XOR
2 1 8518 70 8664 XOR
2 1 8663 70 8665 XOR
2 1 8664 8663 8666 XOR
2 1 8664 8665 8667 AND
2 1 8663 8667 8668 XOR
2 1 8521 71 8669 XOR
2 1 8668 71 8670 XOR
2 1 8669 8668 8671 XOR
2 1 8669 8670 8672 AND
2 1 8668 8672 8673 XOR
2 1 8524 72 8674 XOR
2 1 8673 72 8675 XOR
2 1 8674 8673 8676 XOR
2 1 8674 8675 8677 AND
2 1 8673 8677 8678 XOR
2 1 8527 73 8679 XOR
2 1 8678 73 8680 XOR
2 1 8679 8678 8681 XOR
2 1 8679 8680 8682 AND
2 1 8678 8682 8683 XOR
2 1 8530 74 8684 XOR
2 1 8683 74 8685 XOR
2 1 8684 8683 8686 XOR
2 1 8684 8685 8687 AND
2 1 8683 8687 8688 XOR
2 1 8533 75 8689 XOR
2 1 8688 75 8690 XOR
2 1 8689 8688 8691 XOR
2 1 8689 8690 8692 AND
2 1 8688 8692 8693 XOR
2 1 8536 76 8694 XOR
2 1 8693 76 8695 XOR
2 1 8694 8693 8696 XOR
2 1 8694 8695 8697 AND
2 1 8693 8697 8698 XOR
2 1 8539 77 8699 XOR
2 1 8698 77 8700 XOR
2 1 8699 8698 8701 XOR
2 1 8699 8700 8702 AND
2 1 8698 8702 8703 XOR
2 1 8542 78 8704 XOR
2 1 8703 78 8705 XOR
2 1 8704 8703 8706 XOR
2 1 8704 8705 8707 AND
2 1 8703 8707 8708 XOR
2 1 8545 79 8709 XOR
2 1 8708 79 8710 XOR
2 1 8709 8708 8711 XOR
2 1 8709 8710 8712 AND
2 1 8708 8712 8713 XOR
2 1 8548 80 8714 XOR
2 1 8713 80 8715 XOR
2 1 8714 8713 8716 XOR
2 1 8714 8715 8717 AND
2 1 8713 8717 8718 XOR
2 1 8551 81 8719 XOR
2 1 8718 81 8720 XOR
2 1 8719 8718 8721 XOR
2 1 8719 8720 8722 AND
2 1 8718 8722 8723 XOR
2 1 8554 82 8724 XOR
2 1 8723 82 8725 XOR
2 1 8724 8723 8726 XOR
2 1 8724 8725 8727 AND
2 1 8723 8727 8728 XOR
2 1 8557 83 8729 XOR
2 1 8728 83 8730 XOR
2 1 8729 8728 8731 XOR
2 1 8729 8730 8732 AND
2 1 8728 8732 8733 XOR
2 1 8560 84 8734 XOR
2 1 8733 84 8735 XOR
2 1 8734 8733 8736 XOR
2 1 8734 8735 8737 AND
2 1 8733 8737 8738 XOR
2 1 8563 85 8739 XOR
2 1 8738 85 8740 XOR
2 1 8739 8738 8741 XOR
2 1 8739 8740 8742 AND
2 1 8738 8742 8743 XOR
2 1 8566 86 8744 XOR
2 1 8743 86 8745 XOR
2 1 8744 8743 8746 XOR
2 1 8744 8745 8747 AND
2 1 8743 8747 8748 XOR
2 1 8569 87 8749 XOR
2 1 8748 87 8750 XOR
2 1 8749 8748 8751 XOR
2 1 8749 8750 8752 AND
2 1 8748 8752 8753 XOR
2 1 8572 88 8754 XOR
2 1 8753 88 8755 XOR
2 1 8754 8753 8756 XOR
2 1 8754 8755 8757 AND
2 1 8753 8757 8758 XOR
2 1 8575 89 8759 XOR
2 1 8758 89 8760 XOR
2 1 8759 8758 8761 XOR
2 1 8759 8760 8762 AND
2 1 8758 8762 8763 XOR
2 1 8578 90 8764 XOR
2 1 8763 90 8765 XOR
2 1 8764 8763 8766 XOR
2 1 8764 8765 8767 AND
2 1 8763 8767 8768 XOR
2 1 8581 91 8769 XOR
2 1 8768 91 8770 XOR
2 1 8769 8768 8771 XOR
2 1 8769 8770 8772 AND
2 1 8768 8772 8773 XOR
2 1 8584 92 8774 XOR
2 1 8773 92 8775 XOR
2 1 8774 8773 8776 XOR
2 1 8774 8775 8777 AND
2 1 8773 8777 8778 XOR
2 1 8587 93 8779 XOR
2 1 8778 93 8780 XOR
2 1 8779 8778 8781 XOR
2 1 8779 8780 8782 AND
2 1 8778 8782 8783 XOR
2 1 8590 94 8784 XOR
2 1 8783 94 8785 XOR
2 1 8784 8783 8786 XOR
2 1 8784 8785 8787 AND
2 1 8783 8787 8788 XOR
2 1 8593 95 8789 XOR
2 1 8788 95 8790 XOR
2 1 8789 8788 8791 XOR
2 1 8789 8790 8792 AND
2 1 8788 8792 8793 XOR
2 1 8596 96 8794 XOR
2 1 8793 96 8795 XOR
2 1 8794 8793 8796 XOR
2 1 8794 8795 8797 AND
2 1 8793 8797 8798 XOR
2 1 8599 97 8799 XOR
2 1 8798 97 8800 XOR
2 1 8799 8798 8801 XOR
2 1 8799 8800 8802 AND
2 1 8798 8802 8803 XOR
2 1 8602 98 8804 XOR
2 1 8803 98 8805 XOR
2 1 8804 8803 8806 XOR
2 1 8804 8805 8807 AND
2 1 8803 8807 8808 XOR
2 1 8605 99 8809 XOR
2 1 8808 99 8810 XOR
2 1 8809 8808 8811 XOR
2 1 8809 8810 8812 AND
2 1 8808 8812 8813 XOR
2 1 8608 100 8814 XOR
2 1 8813 100 8815 XOR
2 1 8814 8813 8816 XOR
2 1 8814 8815 8817 AND
2 1 8813 8817 8818 XOR
2 1 8611 101 8819 XOR
2 1 8818 101 8820 XOR
2 1 8819 8818 8821 XOR
2 1 8819 8820 8822 AND
2 1 8818 8822 8823 XOR
2 1 8614 102 8824 XOR
2 1 8823 102 8825 XOR
2 1 8824 8823 8826 XOR
2 1 8824 8825 8827 AND
2 1 8823 8827 8828 XOR
2 1 8617 103 8829 XOR
2 1 8828 103 8830 XOR
2 1 8829 8828 8831 XOR
2 1 8829 8830 8832 AND
2 1 8828 8832 8833 XOR
2 1 8620 104 8834 XOR
2 1 8833 104 8835 XOR
2 1 8834 8833 8836 XOR
2 1 8834 8835 8837 AND
2 1 8833 8837 8838 XOR
2 1 8623 105 8839 XOR
2 1 8838 105 8840 XOR
2 1 8839 8838 8841 XOR
2 1 8839 8840 8842 AND
2 1 8838 8842 8843 XOR
2 1 8626 106 8844 XOR
2 1 8843 106 8845 XOR
2 1 8844 8843 8846 XOR
2 1 8844 8845 8847 AND
2 1 8843 8847 8848 XOR
2 1 8629 107 8849 XOR
2 1 8848 107 8850 XOR
2 1 8849 8848 8851 XOR
2 1 8849 8850 8852 AND
2 1 8848 8852 8853 XOR
2 1 8632 108 8854 XOR
2 1 8853 108 8855 XOR
2 1 8854 8853 8856 XOR
2 1 8854 8855 8857 AND
2 1 8853 8857 8858 XOR
2 1 8635 109 8859 XOR
2 1 8858 109 8860 XOR
2 1 8859 8858 8861 XOR
2 1 8859 8860 8862 AND
2 1 8858 8862 8863 XOR
2 1 8863 178 8864 XOR
2 1 8863 178 8865 AND
2 1 8864 8865 8866 XOR
2 1 19 8637 8867 XOR
2 1 8866 8867 8868 AND
2 1 8868 8637 8869 XOR
2 1 8503 8641 8870 XOR
2 1 8866 8870 8871 AND
2 1 8871 8641 8872 XOR
2 1 8506 8646 8873 XOR
2 1 8866 8873 8874 AND
2 1 8874 8646 8875 XOR
2 1 8509 8651 8876 XOR
2 1 8866 8876 8877 AND
2 1 8877 8651 8878 XOR
2 1 8512 8656 8879 XOR
2 1 8866 8879 8880 AND
2 1 8880 8656 8881 XOR
2 1 8515 8661 8882 XOR
2 1 8866 8882 8883 AND
2 1 8883 8661 8884 XOR
2 1 8518 8666 8885 XOR
2 1 8866 8885 8886 AND
2 1 8886 8666 8887 XOR
2 1 8521 8671 8888 XOR
2 1 8866 8888 8889 AND
2 1 8889 8671 8890 XOR
2 1 8524 8676 8891 XOR
2 1 8866 8891 8892 AND
2 1 8892 8676 8893 XOR
2 1 8527 8681 8894 XOR
2 1 8866 8894 8895 AND
2 1 8895 8681 8896 XOR
2 1 8530 8686 8897 XOR
2 1 8866 8897 8898 AND
2 1 8898 8686 8899 XOR
2 1 8533 8691 8900 XOR
2 1 8866 8900 8901 AND
2 1 8901 8691 8902 XOR
2 1 8536 8696 8903 XOR
2 1 8866 8903 8904 AND
2 1 8904 8696 8905 XOR
2 1 8539 8701 8906 XOR
2 1 8866 8906 8907 AND
2 1 8907 8701 8908 XOR
2 1 8542 8706 8909 XOR
2 1 8866 8909 8910 AND
2 1 8910 8706 8911 XOR
2 1 8545 8711 8912 XOR
2 1 8866 8912 8913 AND
2 1 8913 8711 8914 XOR
2 1 8548 8716 8915 XOR
2 1 8866 8915 8916 AND
2 1 8916 8716 8917 XOR
2 1 8551 8721 8918 XOR
2 1 8866 8918 8919 AND
2 1 8919 8721 8920 XOR
2 1 8554 8726 8921 XOR
2 1 8866 8921 8922 AND
2 1 8922 8726 8923 XOR
2 1 8557 8731 8924 XOR
2 1 8866 8924 8925 AND
2 1 8925 8731 8926 XOR
2 1 8560 8736 8927 XOR
2 1 8866 8927 8928 AND
2 1 8928 8736 8929 XOR
2 1 8563 8741 8930 XOR
2 1 8866 8930 8931 AND
2 1 8931 8741 8932 XOR
2 1 8566 8746 8933 XOR
2 1 8866 8933 8934 AND
2 1 8934 8746 8935 XOR
2 1 8569 8751 8936 XOR
2 1 8866 8936 8937 AND
2 1 8937 8751 8938 XOR
2 1 8572 8756 8939 XOR
2 1 8866 8939 8940 AND
2 1 8940 8756 8941 XOR
2 1 8575 8761 8942 XOR
2 1 8866 8942 8943 AND
2 1 8943 8761 8944 XOR
2 1 8578 8766 8945 XOR
2 1 8866 8945 8946 AND
2 1 8946 8766 8947 XOR
2 1 8581 8771 8948 XOR
2 1 8866 8948 8949 AND
2 1 8949 8771 8950 XOR
2 1 8584 8776 8951 XOR
2 1 8866 8951 8952 AND
2 1 8952 8776 8953 XOR
2 1 8587 8781 8954 XOR
2 1 8866 8954 8955 AND
2 1 8955 8781 8956 XOR
2 1 8590 8786 8957 XOR
2 1 8866 8957 8958 AND
2 1 8958 8786 8959 XOR
2 1 8593 8791 8960 XOR
2 1 8866 8960 8961 AND
2 1 8961 8791 8962 XOR
2 1 8596 8796 8963 XOR
2 1 8866 8963 8964 AND
2 1 8964 8796 8965 XOR
2 1 8599 8801 8966 XOR
2 1 8866 8966 8967 AND
2 1 8967 8801 8968 XOR
2 1 8602 8806 8969 XOR
2 1 8866 8969 8970 AND
2 1 8970 8806 8971 XOR
2 1 8605 8811 8972 XOR
2 1 8866 8972 8973 AND
2 1 8973 8811 8974 XOR
2 1 8608 8816 8975 XOR
2 1 8866 8975 8976 AND
2 1 8976 8816 8977 XOR
2 1 8611 8821 8978 XOR
2 1 8866 8978 8979 AND
2 1 8979 8821 8980 XOR
2 1 8614 8826 8981 XOR
2 1 8866 8981 8982 AND
2 1 8982 8826 8983 XOR
2 1 8617 8831 8984 XOR
2 1 8866 8984 8985 AND
2 1 8985 8831 8986 XOR
2 1 8620 8836 8987 XOR
2 1 8866 8987 8988 AND
2 1 8988 8836 8989 XOR
2 1 8623 8841 8990 XOR
2 1 8866 8990 8991 AND
2 1 8991 8841 8992 XOR
2 1 8626 8846 8993 XOR
2 1 8866 8993 8994 AND
2 1 8994 8846 8995 XOR
2 1 8629 8851 8996 XOR
2 1 8866 8996 8997 AND
2 1 8997 8851 8998 XOR
2 1 8632 8856 8999 XOR
2 1 8866 8999 9000 AND
2 1 9000 8856 9001 XOR
2 1 8635 8861 9002 XOR
2 1 8866 9002 9003 AND
2 1 9003 8861 9004 XOR
1 1 8866 9005 INV
2 1 18 64 9006 XOR
2 1 9006 64 9007 AND
2 1 8869 65 9008 XOR
2 1 9007 65 9009 XOR
2 1 9008 9007 9010 XOR
2 1 9008 9009 9011 AND
2 1 9007 9011 9012 XOR
2 1 8872 66 9013 XOR
2 1 9012 66 9014 XOR
2 1 9013 9012 9015 XOR
2 1 9013 9014 9016 AND
2 1 9012 9016 9017 XOR
2 1 8875 67 9018 XOR
2 1 9017 67 9019 XOR
2 1 9018 9017 9020 XOR
2 1 9018 9019 9021 AND
2 1 9017 9021 9022 XOR
2 1 8878 68 9023 XOR
2 1 9022 68 9024 XOR
2 1 9023 9022 9025 XOR
2 1 9023 9024 9026 AND
2 1 9022 9026 9027 XOR
2 1 8881 69 9028 XOR
2 1 9027 69 9029 XOR
2 1 9028 9027 9030 XOR
2 1 9028 9029 9031 AND
2 1 9027 9031 9032 XOR
2 1 8884 70 9033 XOR
2 1 9032 70 9034 XOR
2 1 9033 9032 9035 XOR
2 1 9033 9034 9036 AND
2 1 9032 9036 9037 XOR
2 1 8887 71 9038 XOR
2 1 9037 71 9039 XOR
2 1 9038 9037 9040 XOR
2 1 9038 9039 9041 AND
2 1 9037 9041 9042 XOR
2 1 8890 72 9043 XOR
2 1 9042 72 9044 XOR
2 1 9043 9042 9045 XOR
2 1 9043 9044 9046 AND
2 1 9042 9046 9047 XOR
2 1 8893 73 9048 XOR
2 1 9047 73 9049 XOR
2 1 9048 9047 9050 XOR
2 1 9048 9049 9051 AND
2 1 9047 9051 9052 XOR
2 1 8896 74 9053 XOR
2 1 9052 74 9054 XOR
2 1 9053 9052 9055 XOR
2 1 9053 9054 9056 AND
2 1 9052 9056 9057 XOR
2 1 8899 75 9058 XOR
2 1 9057 75 9059 XOR
2 1 9058 9057 9060 XOR
2 1 9058 9059 9061 AND
2 1 9057 9061 9062 XOR
2 1 8902 76 9063 XOR
2 1 9062 76 9064 XOR
2 1 9063 9062 9065 XOR
2 1 9063 9064 9066 AND
2 1 9062 9066 9067 XOR
2 1 8905 77 9068 XOR
2 1 9067 77 9069 XOR
2 1 9068 9067 9070 XOR
2 1 9068 9069 9071 AND
2 1 9067 9071 9072 XOR
2 1 8908 78 9073 XOR
2 1 9072 78 9074 XOR
2 1 9073 9072 9075 XOR
2 1 9073 9074 9076 AND
2 1 9072 9076 9077 XOR
2 1 8911 79 9078 XOR
2 1 9077 79 9079 XOR
2 1 9078 9077 9080 XOR
2 1 9078 9079 9081 AND
2 1 9077 9081 9082 XOR
2 1 8914 80 9083 XOR
2 1 9082 80 9084 XOR
2 1 9083 9082 9085 XOR
2 1 9083 9084 9086 AND
2 1 9082 9086 9087 XOR
2 1 8917 81 9088 XOR
2 1 9087 81 9089 XOR
2 1 9088 9087 9090 XOR
2 1 9088 9089 9091 AND
2 1 9087 9091 9092 XOR
2 1 8920 82 9093 XOR
2 1 9092 82 9094 XOR
2 1 9093 9092 9095 XOR
2 1 9093 9094 9096 AND
2 1 9092 9096 9097 XOR
2 1 8923 83 9098 XOR
2 1 9097 83 9099 XOR
2 1 9098 9097 9100 XOR
2 1 9098 9099 9101 AND
2 1 9097 9101 9102 XOR
2 1 8926 84 9103 XOR
2 1 9102 84 9104 XOR
2 1 9103 9102 9105 XOR
2 1 9103 9104 9106 AND
2 1 9102 9106 9107 XOR
2 1 8929 85 9108 XOR
2 1 9107 85 9109 XOR
2 1 9108 9107 9110 XOR
2 1 9108 9109 9111 AND
2 1 9107 9111 9112 XOR
2 1 8932 86 9113 XOR
2 1 9112 86 9114 XOR
2 1 9113 9112 9115 XOR
2 1 9113 9114 9116 AND
2 1 9112 9116 9117 XOR
2 1 8935 87 9118 XOR
2 1 9117 87 9119 XOR
2 1 9118 9117 9120 XOR
2 1 9118 9119 9121 AND
2 1 9117 9121 9122 XOR
2 1 8938 88 9123 XOR
2 1 9122 88 9124 XOR
2 1 9123 9122 9125 XOR
2 1 9123 9124 9126 AND
2 1 9122 9126 9127 XOR
2 1 8941 89 9128 XOR
2 1 9127 89 9129 XOR
2 1 9128 9127 9130 XOR
2 1 9128 9129 9131 AND
2 1 9127 9131 9132 XOR
2 1 8944 90 9133 XOR
2 1 9132 90 9134 XOR
2 1 9133 9132 9135 XOR
2 1 9133 9134 9136 AND
2 1 9132 9136 9137 XOR
2 1 8947 91 9138 XOR
2 1 9137 91 9139 XOR
2 1 9138 9137 9140 XOR
2 1 9138 9139 9141 AND
2 1 9137 9141 9142 XOR
2 1 8950 92 9143 XOR
2 1 9142 92 9144 XOR
2 1 9143 9142 9145 XOR
2 1 9143 9144 9146 AND
2 1 9142 9146 9147 XOR
2 1 8953 93 9148 XOR
2 1 9147 93 9149 XOR
2 1 9148 9147 9150 XOR
2 1 9148 9149 9151 AND
2 1 9147 9151 9152 XOR
2 1 8956 94 9153 XOR
2 1 9152 94 9154 XOR
2 1 9153 9152 9155 XOR
2 1 9153 9154 9156 AND
2 1 9152 9156 9157 XOR
2 1 8959 95 9158 XOR
2 1 9157 95 9159 XOR
2 1 9158 9157 9160 XOR
2 1 9158 9159 9161 AND
2 1 9157 9161 9162 XOR
2 1 8962 96 9163 XOR
2 1 9162 96 9164 XOR
2 1 9163 9162 9165 XOR
2 1 9163 9164 9166 AND
2 1 9162 9166 9167 XOR
2 1 8965 97 9168 XOR
2 1 9167 97 9169 XOR
2 1 9168 9167 9170 XOR
2 1 9168 9169 9171 AND
2 1 9167 9171 9172 XOR
2 1 8968 98 9173 XOR
2 1 9172 98 9174 XOR
2 1 9173 9172 9175 XOR
2 1 9173 9174 9176 AND
2 1 9172 9176 9177 XOR
2 1 8971 99 9178 XOR
2 1 9177 99 9179 XOR
2 1 9178 9177 9180 XOR
2 1 9178 9179 9181 AND
2 1 9177 9181 9182 XOR
2 1 8974 100 9183 XOR
2 1 9182 100 9184 XOR
2 1 9183 9182 9185 XOR
2 1 9183 9184 9186 AND
2 1 9182 9186 9187 XOR
2 1 8977 101 9188 XOR
2 1 9187 101 9189 XOR
2 1 9188 9187 9190 XOR
2 1 9188 9189 9191 AND
2 1 9187 9191 9192 XOR
2 1 8980 102 9193 XOR
2 1 9192 102 9194 XOR
2 1 9193 9192 9195 XOR
2 1 9193 9194 9196 AND
2 1 9192 9196 9197 XOR
2 1 8983 103 9198 XOR
2 1 9197 103 9199 XOR
2 1 9198 9197 9200 XOR
2 1 9198 9199 9201 AND
2 1 9197 9201 9202 XOR
2 1 8986 104 9203 XOR
2 1 9202 104 9204 XOR
2 1 9203 9202 9205 XOR
2 1 9203 9204 9206 AND
2 1 9202 9206 9207 XOR
2 1 8989 105 9208 XOR
2 1 9207 105 9209 XOR
2 1 9208 9207 9210 XOR
2 1 9208 9209 9211 AND
2 1 9207 9211 9212 XOR
2 1 8992 106 9213 XOR
2 1 9212 106 9214 XOR
2 1 9213 9212 9215 XOR
2 1 9213 9214 9216 AND
2 1 9212 9216 9217 XOR
2 1 8995 107 9218 XOR
2 1 9217 107 9219 XOR
2 1 9218 9217 9220 XOR
2 1 9218 9219 9221 AND
2 1 9217 9221 9222 XOR
2 1 8998 108 9223 XOR
2 1 9222 108 9224 XOR
2 1 9223 9222 9225 XOR
2 1 9223 9224 9226 AND
2 1 9222 9226 9227 XOR
2 1 9001 109 9228 XOR
2 1 9227 109 9229 XOR
2 1 9228 9227 9230 XOR
2 1 9228 9229 9231 AND
2 1 9227 9231 9232 XOR
2 1 9004 110 9233 XOR
2 1 9232 110 9234 XOR
2 1 9233 9232 9235 XOR
2 1 9233 9234 9236 AND
2 1 9232 9236 9237 XOR
2 1 9237 175 9238 XOR
2 1 9237 175 9239 AND
2 1 9238 9239 9240 XOR
2 1 18 9006 9241 XOR
2 1 9240 9241 9242 AND
2 1 9242 9006 9243 XOR
2 1 8869 9010 9244 XOR
2 1 9240 9244 9245 AND
2 1 9245 9010 9246 XOR
2 1 8872 9015 9247 XOR
2 1 9240 9247 9248 AND
2 1 9248 9015 9249 XOR
2 1 8875 9020 9250 XOR
2 1 9240 9250 9251 AND
2 1 9251 9020 9252 XOR
2 1 8878 9025 9253 XOR
2 1 9240 9253 9254 AND
2 1 9254 9025 9255 XOR
2 1 8881 9030 9256 XOR
2 1 9240 9256 9257 AND
2 1 9257 9030 9258 XOR
2 1 8884 9035 9259 XOR
2 1 9240 9259 9260 AND
2 1 9260 9035 9261 XOR
2 1 8887 9040 9262 XOR
2 1 9240 9262 9263 AND
2 1 9263 9040 9264 XOR
2 1 8890 9045 9265 XOR
2 1 9240 9265 9266 AND
2 1 9266 9045 9267 XOR
2 1 8893 9050 9268 XOR
2 1 9240 9268 9269 AND
2 1 9269 9050 9270 XOR
2 1 8896 9055 9271 XOR
2 1 9240 9271 9272 AND
2 1 9272 9055 9273 XOR
2 1 8899 9060 9274 XOR
2 1 9240 9274 9275 AND
2 1 9275 9060 9276 XOR
2 1 8902 9065 9277 XOR
2 1 9240 9277 9278 AND
2 1 9278 9065 9279 XOR
2 1 8905 9070 9280 XOR
2 1 9240 9280 9281 AND
2 1 9281 9070 9282 XOR
2 1 8908 9075 9283 XOR
2 1 9240 9283 9284 AND
2 1 9284 9075 9285 XOR
2 1 8911 9080 9286 XOR
2 1 9240 9286 9287 AND
2 1 9287 9080 9288 XOR
2 1 8914 9085 9289 XOR
2 1 9240 9289 9290 AND
2 1 9290 9085 9291 XOR
2 1 8917 9090 9292 XOR
2 1 9240 9292 9293 AND
2 1 9293 9090 9294 XOR
2 1 8920 9095 9295 XOR
2 1 9240 9295 9296 AND
2 1 9296 9095 9297 XOR
2 1 8923 9100 9298 XOR
2 1 9240 9298 9299 AND
2 1 9299 9100 9300 XOR
2 1 8926 9105 9301 XOR
2 1 9240 9301 9302 AND
2 1 9302 9105 9303 XOR
2 1 8929 9110 9304 XOR
2 1 9240 9304 9305 AND
2 1 9305 9110 9306 XOR
2 1 8932 9115 9307 XOR
2 1 9240 9307 9308 AND
2 1 9308 9115 9309 XOR
2 1 8935 9120 9310 XOR
2 1 9240 9310 9311 AND
2 1 9311 9120 9312 XOR
2 1 8938 9125 9313 XOR
2 1 9240 9313 9314 AND
2 1 9314 9125 9315 XOR
2 1 8941 9130 9316 XOR
2 1 9240 9316 9317 AND
2 1 9317 9130 9318 XOR
2 1 8944 9135 9319 XOR
2 1 9240 9319 9320 AND
2 1 9320 9135 9321 XOR
2 1 8947 9140 9322 XOR
2 1 9240 9322 9323 AND
2 1 9323 9140 9324 XOR
2 1 8950 9145 9325 XOR
2 1 9240 9325 9326 AND
2 1 9326 9145 9327 XOR
2 1 8953 9150 9328 XOR
2 1 9240 9328 9329 AND
2 1 9329 9150 9330 XOR
2 1 8956 9155 9331 XOR
2 1 9240 9331 9332 AND
2 1 9332 9155 9333 XOR
2 1 8959 9160 9334 XOR
2 1 9240 9334 9335 AND
2 1 9335 9160 9336 XOR
2 1 8962 9165 9337 XOR
2 1 9240 9337 9338 AND
2 1 9338 9165 9339 XOR
2 1 8965 9170 9340 XOR
2 1 9240 9340 9341 AND
2 1 9341 9170 9342 XOR
2 1 8968 9175 9343 XOR
2 1 9240 9343 9344 AND
2 1 9344 9175 9345 XOR
2 1 8971 9180 9346 XOR
2 1 9240 9346 9347 AND
2 1 9347 9180 9348 XOR
2 1 8974 9185 9349 XOR
2 1 9240 9349 9350 AND
2 1 9350 9185 9351 XOR
2 1 8977 9190 9352 XOR
2 1 9240 9352 9353 AND
2 1 9353 9190 9354 XOR
2 1 8980 9195 9355 XOR
2 1 9240 9355 9356 AND
2 1 9356 9195 9357 XOR
2 1 8983 9200 9358 XOR
2 1 9240 9358 9359 AND
2 1 9359 9200 9360 XOR
2 1 8986 9205 9361 XOR
2 1 9240 9361 9362 AND
2 1 9362 9205 9363 XOR
2 1 8989 9210 9364 XOR
2 1 9240 9364 9365 AND
2 1 9365 9210 9366 XOR
2 1 8992 9215 9367 XOR
2 1 9240 9367 9368 AND
2 1 9368 9215 9369 XOR
2 1 8995 9220 9370 XOR
2 1 9240 9370 9371 AND
2 1 9371 9220 9372 XOR
2 1 8998 9225 9373 XOR
2 1 9240 9373 9374 AND
2 1 9374 9225 9375 XOR
2 1 9001 9230 9376 XOR
2 1 9240 9376 9377 AND
2 1 9377 9230 9378 XOR
2 1 9004 9235 9379 XOR
2 1 9240 9379 9380 AND
2 1 9380 9235 9381 XOR
1 1 9240 9382 INV
2 1 17 64 9383 XOR
2 1 9383 64 9384 AND
2 1 9243 65 9385 XOR
2 1 9384 65 9386 XOR
2 1 9385 9384 9387 XOR
2 1 9385 9386 9388 AND
2 1 9384 9388 9389 XOR
2 1 9246 66 9390 XOR
2 1 9389 66 9391 XOR
2 1 9390 9389 9392 XOR
2 1 9390 9391 9393 AND
2 1 9389 9393 9394 XOR
2 1 9249 67 9395 XOR
2 1 9394 67 9396 XOR
2 1 9395 9394 9397 XOR
2 1 9395 9396 9398 AND
2 1 9394 9398 9399 XOR
2 1 9252 68 9400 XOR
2 1 9399 68 9401 XOR
2 1 9400 9399 9402 XOR
2 1 9400 9401 9403 AND
2 1 9399 9403 9404 XOR
2 1 9255 69 9405 XOR
2 1 9404 69 9406 XOR
2 1 9405 9404 9407 XOR
2 1 9405 9406 9408 AND
2 1 9404 9408 9409 XOR
2 1 9258 70 9410 XOR
2 1 9409 70 9411 XOR
2 1 9410 9409 9412 XOR
2 1 9410 9411 9413 AND
2 1 9409 9413 9414 XOR
2 1 9261 71 9415 XOR
2 1 9414 71 9416 XOR
2 1 9415 9414 9417 XOR
2 1 9415 9416 9418 AND
2 1 9414 9418 9419 XOR
2 1 9264 72 9420 XOR
2 1 9419 72 9421 XOR
2 1 9420 9419 9422 XOR
2 1 9420 9421 9423 AND
2 1 9419 9423 9424 XOR
2 1 9267 73 9425 XOR
2 1 9424 73 9426 XOR
2 1 9425 9424 9427 XOR
2 1 9425 9426 9428 AND
2 1 9424 9428 9429 XOR
2 1 9270 74 9430 XOR
2 1 9429 74 9431 XOR
2 1 9430 9429 9432 XOR
2 1 9430 9431 9433 AND
2 1 9429 9433 9434 XOR
2 1 9273 75 9435 XOR
2 1 9434 75 9436 XOR
2 1 9435 9434 9437 XOR
2 1 9435 9436 9438 AND
2 1 9434 9438 9439 XOR
2 1 9276 76 9440 XOR
2 1 9439 76 9441 XOR
2 1 9440 9439 9442 XOR
2 1 9440 9441 9443 AND
2 1 9439 9443 9444 XOR
2 1 9279 77 9445 XOR
2 1 9444 77 9446 XOR
2 1 9445 9444 9447 XOR
2 1 9445 9446 9448 AND
2 1 9444 9448 9449 XOR
2 1 9282 78 9450 XOR
2 1 9449 78 9451 XOR
2 1 9450 9449 9452 XOR
2 1 9450 9451 9453 AND
2 1 9449 9453 9454 XOR
2 1 9285 79 9455 XOR
2 1 9454 79 9456 XOR
2 1 9455 9454 9457 XOR
2 1 9455 9456 9458 AND
2 1 9454 9458 9459 XOR
2 1 9288 80 9460 XOR
2 1 9459 80 9461 XOR
2 1 9460 9459 9462 XOR
2 1 9460 9461 9463 AND
2 1 9459 9463 9464 XOR
2 1 9291 81 9465 XOR
2 1 9464 81 9466 XOR
2 1 9465 9464 9467 XOR
2 1 9465 9466 9468 AND
2 1 9464 9468 9469 XOR
2 1 9294 82 9470 XOR
2 1 9469 82 9471 XOR
2 1 9470 9469 9472 XOR
2 1 9470 9471 9473 AND
2 1 9469 9473 9474 XOR
2 1 9297 83 9475 XOR
2 1 9474 83 9476 XOR
2 1 9475 9474 9477 XOR
2 1 9475 9476 9478 AND
2 1 9474 9478 9479 XOR
2 1 9300 84 9480 XOR
2 1 9479 84 9481 XOR
2 1 9480 9479 9482 XOR
2 1 9480 9481 9483 AND
2 1 9479 9483 9484 XOR
2 1 9303 85 9485 XOR
2 1 9484 85 9486 XOR
2 1 9485 9484 9487 XOR
2 1 9485 9486 9488 AND
2 1 9484 9488 9489 XOR
2 1 9306 86 9490 XOR
2 1 9489 86 9491 XOR
2 1 9490 9489 9492 XOR
2 1 9490 9491 9493 AND
2 1 9489 9493 9494 XOR
2 1 9309 87 9495 XOR
2 1 9494 87 9496 XOR
2 1 9495 9494 9497 XOR
2 1 9495 9496 9498 AND
2 1 9494 9498 9499 XOR
2 1 9312 88 9500 XOR
2 1 9499 88 9501 XOR
2 1 9500 9499 9502 XOR
2 1 9500 9501 9503 AND
2 1 9499 9503 9504 XOR
2 1 9315 89 9505 XOR
2 1 9504 89 9506 XOR
2 1 9505 9504 9507 XOR
2 1 9505 9506 9508 AND
2 1 9504 9508 9509 XOR
2 1 9318 90 9510 XOR
2 1 9509 90 9511 XOR
2 1 9510 9509 9512 XOR
2 1 9510 9511 9513 AND
2 1 9509 9513 9514 XOR
2 1 9321 91 9515 XOR
2 1 9514 91 9516 XOR
2 1 9515 9514 9517 XOR
2 1 9515 9516 9518 AND
2 1 9514 9518 9519 XOR
2 1 9324 92 9520 XOR
2 1 9519 92 9521 XOR
2 1 9520 9519 9522 XOR
2 1 9520 9521 9523 AND
2 1 9519 9523 9524 XOR
2 1 9327 93 9525 XOR
2 1 9524 93 9526 XOR
2 1 9525 9524 9527 XOR
2 1 9525 9526 9528 AND
2 1 9524 9528 9529 XOR
2 1 9330 94 9530 XOR
2 1 9529 94 9531 XOR
2 1 9530 9529 9532 XOR
2 1 9530 9531 9533 AND
2 1 9529 9533 9534 XOR
2 1 9333 95 9535 XOR
2 1 9534 95 9536 XOR
2 1 9535 9534 9537 XOR
2 1 9535 9536 9538 AND
2 1 9534 9538 9539 XOR
2 1 9336 96 9540 XOR
2 1 9539 96 9541 XOR
2 1 9540 9539 9542 XOR
2 1 9540 9541 9543 AND
2 1 9539 9543 9544 XOR
2 1 9339 97 9545 XOR
2 1 9544 97 9546 XOR
2 1 9545 9544 9547 XOR
2 1 9545 9546 9548 AND
2 1 9544 9548 9549 XOR
2 1 9342 98 9550 XOR
2 1 9549 98 9551 XOR
2 1 9550 9549 9552 XOR
2 1 9550 9551 9553 AND
2 1 9549 9553 9554 XOR
2 1 9345 99 9555 XOR
2 1 9554 99 9556 XOR
2 1 9555 9554 9557 XOR
2 1 9555 9556 9558 AND
2 1 9554 9558 9559 XOR
2 1 9348 100 9560 XOR
2 1 9559 100 9561 XOR
2 1 9560 9559 9562 XOR
2 1 9560 9561 9563 AND
2 1 9559 9563 9564 XOR
2 1 9351 101 9565 XOR
2 1 9564 101 9566 XOR
2 1 9565 9564 9567 XOR
2 1 9565 9566 9568 AND
2 1 9564 9568 9569 XOR
2 1 9354 102 9570 XOR
2 1 9569 102 9571 XOR
2 1 9570 9569 9572 XOR
2 1 9570 9571 9573 AND
2 1 9569 9573 9574 XOR
2 1 9357 103 9575 XOR
2 1 9574 103 9576 XOR
2 1 9575 9574 9577 XOR
2 1 9575 9576 9578 AND
2 1 9574 9578 9579 XOR
2 1 9360 104 9580 XOR
2 1 9579 104 9581 XOR
2 1 9580 9579 9582 XOR
2 1 9580 9581 9583 AND
2 1 9579 9583 9584 XOR
2 1 9363 105 9585 XOR
2 1 9584 105 9586 XOR
2 1 9585 9584 9587 XOR
2 1 9585 9586 9588 AND
2 1 9584 9588 9589 XOR
2 1 9366 106 9590 XOR
2 1 9589 106 9591 XOR
2 1 9590 9589 9592 XOR
2 1 9590 9591 9593 AND
2 1 9589 9593 9594 XOR
2 1 9369 107 9595 XOR
2 1 9594 107 9596 XOR
2 1 9595 9594 9597 XOR
2 1 9595 9596 9598 AND
2 1 9594 9598 9599 XOR
2 1 9372 108 9600 XOR
2 1 9599 108 9601 XOR
2 1 9600 9599 9602 XOR
2 1 9600 9601 9603 AND
2 1 9599 9603 9604 XOR
2 1 9375 109 9605 XOR
2 1 9604 109 9606 XOR
2 1 9605 9604 9607 XOR
2 1 9605 9606 9608 AND
2 1 9604 9608 9609 XOR
2 1 9378 110 9610 XOR
2 1 9609 110 9611 XOR
2 1 9610 9609 9612 XOR
2 1 9610 9611 9613 AND
2 1 9609 9613 9614 XOR
2 1 9381 111 9615 XOR
2 1 9614 111 9616 XOR
2 1 9615 9614 9617 XOR
2 1 9615 9616 9618 AND
2 1 9614 9618 9619 XOR
2 1 9619 172 9620 XOR
2 1 9619 172 9621 AND
2 1 9620 9621 9622 XOR
2 1 17 9383 9623 XOR
2 1 9622 9623 9624 AND
2 1 9624 9383 9625 XOR
2 1 9243 9387 9626 XOR
2 1 9622 9626 9627 AND
2 1 9627 9387 9628 XOR
2 1 9246 9392 9629 XOR
2 1 9622 9629 9630 AND
2 1 9630 9392 9631 XOR
2 1 9249 9397 9632 XOR
2 1 9622 9632 9633 AND
2 1 9633 9397 9634 XOR
2 1 9252 9402 9635 XOR
2 1 9622 9635 9636 AND
2 1 9636 9402 9637 XOR
2 1 9255 9407 9638 XOR
2 1 9622 9638 9639 AND
2 1 9639 9407 9640 XOR
2 1 9258 9412 9641 XOR
2 1 9622 9641 9642 AND
2 1 9642 9412 9643 XOR
2 1 9261 9417 9644 XOR
2 1 9622 9644 9645 AND
2 1 9645 9417 9646 XOR
2 1 9264 9422 9647 XOR
2 1 9622 9647 9648 AND
2 1 9648 9422 9649 XOR
2 1 9267 9427 9650 XOR
2 1 9622 9650 9651 AND
2 1 9651 9427 9652 XOR
2 1 9270 9432 9653 XOR
2 1 9622 9653 9654 AND
2 1 9654 9432 9655 XOR
2 1 9273 9437 9656 XOR
2 1 9622 9656 9657 AND
2 1 9657 9437 9658 XOR
2 1 9276 9442 9659 XOR
2 1 9622 9659 9660 AND
2 1 9660 9442 9661 XOR
2 1 9279 9447 9662 XOR
2 1 9622 9662 9663 AND
2 1 9663 9447 9664 XOR
2 1 9282 9452 9665 XOR
2 1 9622 9665 9666 AND
2 1 9666 9452 9667 XOR
2 1 9285 9457 9668 XOR
2 1 9622 9668 9669 AND
2 1 9669 9457 9670 XOR
2 1 9288 9462 9671 XOR
2 1 9622 9671 9672 AND
2 1 9672 9462 9673 XOR
2 1 9291 9467 9674 XOR
2 1 9622 9674 9675 AND
2 1 9675 9467 9676 XOR
2 1 9294 9472 9677 XOR
2 1 9622 9677 9678 AND
2 1 9678 9472 9679 XOR
2 1 9297 9477 9680 XOR
2 1 9622 9680 9681 AND
2 1 9681 9477 9682 XOR
2 1 9300 9482 9683 XOR
2 1 9622 9683 9684 AND
2 1 9684 9482 9685 XOR
2 1 9303 9487 9686 XOR
2 1 9622 9686 9687 AND
2 1 9687 9487 9688 XOR
2 1 9306 9492 9689 XOR
2 1 9622 9689 9690 AND
2 1 9690 9492 9691 XOR
2 1 9309 9497 9692 XOR
2 1 9622 9692 9693 AND
2 1 9693 9497 9694 XOR
2 1 9312 9502 9695 XOR
2 1 9622 9695 9696 AND
2 1 9696 9502 9697 XOR
2 1 9315 9507 9698 XOR
2 1 9622 9698 9699 AND
2 1 9699 9507 9700 XOR
2 1 9318 9512 9701 XOR
2 1 9622 9701 9702 AND
2 1 9702 9512 9703 XOR
2 1 9321 9517 9704 XOR
2 1 9622 9704 9705 AND
2 1 9705 9517 9706 XOR
2 1 9324 9522 9707 XOR
2 1 9622 9707 9708 AND
2 1 9708 9522 9709 XOR
2 1 9327 9527 9710 XOR
2 1 9622 9710 9711 AND
2 1 9711 9527 9712 XOR
2 1 9330 9532 9713 XOR
2 1 9622 9713 9714 AND
2 1 9714 9532 9715 XOR
2 1 9333 9537 9716 XOR
2 1 9622 9716 9717 AND
2 1 9717 9537 9718 XOR
2 1 9336 9542 9719 XOR
2 1 9622 9719 9720 AND
2 1 9720 9542 9721 XOR
2 1 9339 9547 9722 XOR
2 1 9622 9722 9723 AND
2 1 9723 9547 9724 XOR
2 1 9342 9552 9725 XOR
2 1 9622 9725 9726 AND
2 1 9726 9552 9727 XOR
2 1 9345 9557 9728 XOR
2 1 9622 9728 9729 AND
2 1 9729 9557 9730 XOR
2 1 9348 9562 9731 XOR
2 1 9622 9731 9732 AND
2 1 9732 9562 9733 XOR
2 1 9351 9567 9734 XOR
2 1 9622 9734 9735 AND
2 1 9735 9567 9736 XOR
2 1 9354 9572 9737 XOR
2 1 9622 9737 9738 AND
2 1 9738 9572 9739 XOR
2 1 9357 9577 9740 XOR
2 1 9622 9740 9741 AND
2 1 9741 9577 9742 XOR
2 1 9360 9582 9743 XOR
2 1 9622 9743 9744 AND
2 1 9744 9582 9745 XOR
2 1 9363 9587 9746 XOR
2 1 9622 9746 9747 AND
2 1 9747 9587 9748 XOR
2 1 9366 9592 9749 XOR
2 1 9622 9749 9750 AND
2 1 9750 9592 9751 XOR
2 1 9369 9597 9752 XOR
2 1 9622 9752 9753 AND
2 1 9753 9597 9754 XOR
2 1 9372 9602 9755 XOR
2 1 9622 9755 9756 AND
2 1 9756 9602 9757 XOR
2 1 9375 9607 9758 XOR
2 1 9622 9758 9759 AND
2 1 9759 9607 9760 XOR
2 1 9378 9612 9761 XOR
2 1 9622 9761 9762 AND
2 1 9762 9612 9763 XOR
2 1 9381 9617 9764 XOR
2 1 9622 9764 9765 AND
2 1 9765 9617 9766 XOR
1 1 9622 9767 INV
2 1 16 64 9768 XOR
2 1 9768 64 9769 AND
2 1 9625 65 9770 XOR
2 1 9769 65 9771 XOR
2 1 9770 9769 9772 XOR
2 1 9770 9771 9773 AND
2 1 9769 9773 9774 XOR
2 1 9628 66 9775 XOR
2 1 9774 66 9776 XOR
2 1 9775 9774 9777 XOR
2 1 9775 9776 9778 AND
2 1 9774 9778 9779 XOR
2 1 9631 67 9780 XOR
2 1 9779 67 9781 XOR
2 1 9780 9779 9782 XOR
2 1 9780 9781 9783 AND
2 1 9779 9783 9784 XOR
2 1 9634 68 9785 XOR
2 1 9784 68 9786 XOR
2 1 9785 9784 9787 XOR
2 1 9785 9786 9788 AND
2 1 9784 9788 9789 XOR
2 1 9637 69 9790 XOR
2 1 9789 69 9791 XOR
2 1 9790 9789 9792 XOR
2 1 9790 9791 9793 AND
2 1 9789 9793 9794 XOR
2 1 9640 70 9795 XOR
2 1 9794 70 9796 XOR
2 1 9795 9794 9797 XOR
2 1 9795 9796 9798 AND
2 1 9794 9798 9799 XOR
2 1 9643 71 9800 XOR
2 1 9799 71 9801 XOR
2 1 9800 9799 9802 XOR
2 1 9800 9801 9803 AND
2 1 9799 9803 9804 XOR
2 1 9646 72 9805 XOR
2 1 9804 72 9806 XOR
2 1 9805 9804 9807 XOR
2 1 9805 9806 9808 AND
2 1 9804 9808 9809 XOR
2 1 9649 73 9810 XOR
2 1 9809 73 9811 XOR
2 1 9810 9809 9812 XOR
2 1 9810 9811 9813 AND
2 1 9809 9813 9814 XOR
2 1 9652 74 9815 XOR
2 1 9814 74 9816 XOR
2 1 9815 9814 9817 XOR
2 1 9815 9816 9818 AND
2 1 9814 9818 9819 XOR
2 1 9655 75 9820 XOR
2 1 9819 75 9821 XOR
2 1 9820 9819 9822 XOR
2 1 9820 9821 9823 AND
2 1 9819 9823 9824 XOR
2 1 9658 76 9825 XOR
2 1 9824 76 9826 XOR
2 1 9825 9824 9827 XOR
2 1 9825 9826 9828 AND
2 1 9824 9828 9829 XOR
2 1 9661 77 9830 XOR
2 1 9829 77 9831 XOR
2 1 9830 9829 9832 XOR
2 1 9830 9831 9833 AND
2 1 9829 9833 9834 XOR
2 1 9664 78 9835 XOR
2 1 9834 78 9836 XOR
2 1 9835 9834 9837 XOR
2 1 9835 9836 9838 AND
2 1 9834 9838 9839 XOR
2 1 9667 79 9840 XOR
2 1 9839 79 9841 XOR
2 1 9840 9839 9842 XOR
2 1 9840 9841 9843 AND
2 1 9839 9843 9844 XOR
2 1 9670 80 9845 XOR
2 1 9844 80 9846 XOR
2 1 9845 9844 9847 XOR
2 1 9845 9846 9848 AND
2 1 9844 9848 9849 XOR
2 1 9673 81 9850 XOR
2 1 9849 81 9851 XOR
2 1 9850 9849 9852 XOR
2 1 9850 9851 9853 AND
2 1 9849 9853 9854 XOR
2 1 9676 82 9855 XOR
2 1 9854 82 9856 XOR
2 1 9855 9854 9857 XOR
2 1 9855 9856 9858 AND
2 1 9854 9858 9859 XOR
2 1 9679 83 9860 XOR
2 1 9859 83 9861 XOR
2 1 9860 9859 9862 XOR
2 1 9860 9861 9863 AND
2 1 9859 9863 9864 XOR
2 1 9682 84 9865 XOR
2 1 9864 84 9866 XOR
2 1 9865 9864 9867 XOR
2 1 9865 9866 9868 AND
2 1 9864 9868 9869 XOR
2 1 9685 85 9870 XOR
2 1 9869 85 9871 XOR
2 1 9870 9869 9872 XOR
2 1 9870 9871 9873 AND
2 1 9869 9873 9874 XOR
2 1 9688 86 9875 XOR
2 1 9874 86 9876 XOR
2 1 9875 9874 9877 XOR
2 1 9875 9876 9878 AND
2 1 9874 9878 9879 XOR
2 1 9691 87 9880 XOR
2 1 9879 87 9881 XOR
2 1 9880 9879 9882 XOR
2 1 9880 9881 9883 AND
2 1 9879 9883 9884 XOR
2 1 9694 88 9885 XOR
2 1 9884 88 9886 XOR
2 1 9885 9884 9887 XOR
2 1 9885 9886 9888 AND
2 1 9884 9888 9889 XOR
2 1 9697 89 9890 XOR
2 1 9889 89 9891 XOR
2 1 9890 9889 9892 XOR
2 1 9890 9891 9893 AND
2 1 9889 9893 9894 XOR
2 1 9700 90 9895 XOR
2 1 9894 90 9896 XOR
2 1 9895 9894 9897 XOR
2 1 9895 9896 9898 AND
2 1 9894 9898 9899 XOR
2 1 9703 91 9900 XOR
2 1 9899 91 9901 XOR
2 1 9900 9899 9902 XOR
2 1 9900 9901 9903 AND
2 1 9899 9903 9904 XOR
2 1 9706 92 9905 XOR
2 1 9904 92 9906 XOR
2 1 9905 9904 9907 XOR
2 1 9905 9906 9908 AND
2 1 9904 9908 9909 XOR
2 1 9709 93 9910 XOR
2 1 9909 93 9911 XOR
2 1 9910 9909 9912 XOR
2 1 9910 9911 9913 AND
2 1 9909 9913 9914 XOR
2 1 9712 94 9915 XOR
2 1 9914 94 9916 XOR
2 1 9915 9914 9917 XOR
2 1 9915 9916 9918 AND
2 1 9914 9918 9919 XOR
2 1 9715 95 9920 XOR
2 1 9919 95 9921 XOR
2 1 9920 9919 9922 XOR
2 1 9920 9921 9923 AND
2 1 9919 9923 9924 XOR
2 1 9718 96 9925 XOR
2 1 9924 96 9926 XOR
2 1 9925 9924 9927 XOR
2 1 9925 9926 9928 AND
2 1 9924 9928 9929 XOR
2 1 9721 97 9930 XOR
2 1 9929 97 9931 XOR
2 1 9930 9929 9932 XOR
2 1 9930 9931 9933 AND
2 1 9929 9933 9934 XOR
2 1 9724 98 9935 XOR
2 1 9934 98 9936 XOR
2 1 9935 9934 9937 XOR
2 1 9935 9936 9938 AND
2 1 9934 9938 9939 XOR
2 1 9727 99 9940 XOR
2 1 9939 99 9941 XOR
2 1 9940 9939 9942 XOR
2 1 9940 9941 9943 AND
2 1 9939 9943 9944 XOR
2 1 9730 100 9945 XOR
2 1 9944 100 9946 XOR
2 1 9945 9944 9947 XOR
2 1 9945 9946 9948 AND
2 1 9944 9948 9949 XOR
2 1 9733 101 9950 XOR
2 1 9949 101 9951 XOR
2 1 9950 9949 9952 XOR
2 1 9950 9951 9953 AND
2 1 9949 9953 9954 XOR
2 1 9736 102 9955 XOR
2 1 9954 102 9956 XOR
2 1 9955 9954 9957 XOR
2 1 9955 9956 9958 AND
2 1 9954 9958 9959 XOR
2 1 9739 103 9960 XOR
2 1 9959 103 9961 XOR
2 1 9960 9959 9962 XOR
2 1 9960 9961 9963 AND
2 1 9959 9963 9964 XOR
2 1 9742 104 9965 XOR
2 1 9964 104 9966 XOR
2 1 9965 9964 9967 XOR
2 1 9965 9966 9968 AND
2 1 9964 9968 9969 XOR
2 1 9745 105 9970 XOR
2 1 9969 105 9971 XOR
2 1 9970 9969 9972 XOR
2 1 9970 9971 9973 AND
2 1 9969 9973 9974 XOR
2 1 9748 106 9975 XOR
2 1 9974 106 9976 XOR
2 1 9975 9974 9977 XOR
2 1 9975 9976 9978 AND
2 1 9974 9978 9979 XOR
2 1 9751 107 9980 XOR
2 1 9979 107 9981 XOR
2 1 9980 9979 9982 XOR
2 1 9980 9981 9983 AND
2 1 9979 9983 9984 XOR
2 1 9754 108 9985 XOR
2 1 9984 108 9986 XOR
2 1 9985 9984 9987 XOR
2 1 9985 9986 9988 AND
2 1 9984 9988 9989 XOR
2 1 9757 109 9990 XOR
2 1 9989 109 9991 XOR
2 1 9990 9989 9992 XOR
2 1 9990 9991 9993 AND
2 1 9989 9993 9994 XOR
2 1 9760 110 9995 XOR
2 1 9994 110 9996 XOR
2 1 9995 9994 9997 XOR
2 1 9995 9996 9998 AND
2 1 9994 9998 9999 XOR
2 1 9763 111 10000 XOR
2 1 9999 111 10001 XOR
2 1 10000 9999 10002 XOR
2 1 10000 10001 10003 AND
2 1 9999 10003 10004 XOR
2 1 9766 112 10005 XOR
2 1 10004 112 10006 XOR
2 1 10005 10004 10007 XOR
2 1 10005 10006 10008 AND
2 1 10004 10008 10009 XOR
2 1 10009 169 10010 XOR
2 1 10009 169 10011 AND
2 1 10010 10011 10012 XOR
2 1 16 9768 10013 XOR
2 1 10012 10013 10014 AND
2 1 10014 9768 10015 XOR
2 1 9625 9772 10016 XOR
2 1 10012 10016 10017 AND
2 1 10017 9772 10018 XOR
2 1 9628 9777 10019 XOR
2 1 10012 10019 10020 AND
2 1 10020 9777 10021 XOR
2 1 9631 9782 10022 XOR
2 1 10012 10022 10023 AND
2 1 10023 9782 10024 XOR
2 1 9634 9787 10025 XOR
2 1 10012 10025 10026 AND
2 1 10026 9787 10027 XOR
2 1 9637 9792 10028 XOR
2 1 10012 10028 10029 AND
2 1 10029 9792 10030 XOR
2 1 9640 9797 10031 XOR
2 1 10012 10031 10032 AND
2 1 10032 9797 10033 XOR
2 1 9643 9802 10034 XOR
2 1 10012 10034 10035 AND
2 1 10035 9802 10036 XOR
2 1 9646 9807 10037 XOR
2 1 10012 10037 10038 AND
2 1 10038 9807 10039 XOR
2 1 9649 9812 10040 XOR
2 1 10012 10040 10041 AND
2 1 10041 9812 10042 XOR
2 1 9652 9817 10043 XOR
2 1 10012 10043 10044 AND
2 1 10044 9817 10045 XOR
2 1 9655 9822 10046 XOR
2 1 10012 10046 10047 AND
2 1 10047 9822 10048 XOR
2 1 9658 9827 10049 XOR
2 1 10012 10049 10050 AND
2 1 10050 9827 10051 XOR
2 1 9661 9832 10052 XOR
2 1 10012 10052 10053 AND
2 1 10053 9832 10054 XOR
2 1 9664 9837 10055 XOR
2 1 10012 10055 10056 AND
2 1 10056 9837 10057 XOR
2 1 9667 9842 10058 XOR
2 1 10012 10058 10059 AND
2 1 10059 9842 10060 XOR
2 1 9670 9847 10061 XOR
2 1 10012 10061 10062 AND
2 1 10062 9847 10063 XOR
2 1 9673 9852 10064 XOR
2 1 10012 10064 10065 AND
2 1 10065 9852 10066 XOR
2 1 9676 9857 10067 XOR
2 1 10012 10067 10068 AND
2 1 10068 9857 10069 XOR
2 1 9679 9862 10070 XOR
2 1 10012 10070 10071 AND
2 1 10071 9862 10072 XOR
2 1 9682 9867 10073 XOR
2 1 10012 10073 10074 AND
2 1 10074 9867 10075 XOR
2 1 9685 9872 10076 XOR
2 1 10012 10076 10077 AND
2 1 10077 9872 10078 XOR
2 1 9688 9877 10079 XOR
2 1 10012 10079 10080 AND
2 1 10080 9877 10081 XOR
2 1 9691 9882 10082 XOR
2 1 10012 10082 10083 AND
2 1 10083 9882 10084 XOR
2 1 9694 9887 10085 XOR
2 1 10012 10085 10086 AND
2 1 10086 9887 10087 XOR
2 1 9697 9892 10088 XOR
2 1 10012 10088 10089 AND
2 1 10089 9892 10090 XOR
2 1 9700 9897 10091 XOR
2 1 10012 10091 10092 AND
2 1 10092 9897 10093 XOR
2 1 9703 9902 10094 XOR
2 1 10012 10094 10095 AND
2 1 10095 9902 10096 XOR
2 1 9706 9907 10097 XOR
2 1 10012 10097 10098 AND
2 1 10098 9907 10099 XOR
2 1 9709 9912 10100 XOR
2 1 10012 10100 10101 AND
2 1 10101 9912 10102 XOR
2 1 9712 9917 10103 XOR
2 1 10012 10103 10104 AND
2 1 10104 9917 10105 XOR
2 1 9715 9922 10106 XOR
2 1 10012 10106 10107 AND
2 1 10107 9922 10108 XOR
2 1 9718 9927 10109 XOR
2 1 10012 10109 10110 AND
2 1 10110 9927 10111 XOR
2 1 9721 9932 10112 XOR
2 1 10012 10112 10113 AND
2 1 10113 9932 10114 XOR
2 1 9724 9937 10115 XOR
2 1 10012 10115 10116 AND
2 1 10116 9937 10117 XOR
2 1 9727 9942 10118 XOR
2 1 10012 10118 10119 AND
2 1 10119 9942 10120 XOR
2 1 9730 9947 10121 XOR
2 1 10012 10121 10122 AND
2 1 10122 9947 10123 XOR
2 1 9733 9952 10124 XOR
2 1 10012 10124 10125 AND
2 1 10125 9952 10126 XOR
2 1 9736 9957 10127 XOR
2 1 10012 10127 10128 AND
2 1 10128 9957 10129 XOR
2 1 9739 9962 10130 XOR
2 1 10012 10130 10131 AND
2 1 10131 9962 10132 XOR
2 1 9742 9967 10133 XOR
2 1 10012 10133 10134 AND
2 1 10134 9967 10135 XOR
2 1 9745 9972 10136 XOR
2 1 10012 10136 10137 AND
2 1 10137 9972 10138 XOR
2 1 9748 9977 10139 XOR
2 1 10012 10139 10140 AND
2 1 10140 9977 10141 XOR
2 1 9751 9982 10142 XOR
2 1 10012 10142 10143 AND
2 1 10143 9982 10144 XOR
2 1 9754 9987 10145 XOR
2 1 10012 10145 10146 AND
2 1 10146 9987 10147 XOR
2 1 9757 9992 10148 XOR
2 1 10012 10148 10149 AND
2 1 10149 9992 10150 XOR
2 1 9760 9997 10151 XOR
2 1 10012 10151 10152 AND
2 1 10152 9997 10153 XOR
2 1 9763 10002 10154 XOR
2 1 10012 10154 10155 AND
2 1 10155 10002 10156 XOR
2 1 9766 10007 10157 XOR
2 1 10012 10157 10158 AND
2 1 10158 10007 10159 XOR
1 1 10012 10160 INV
2 1 15 64 10161 XOR
2 1 10161 64 10162 AND
2 1 10015 65 10163 XOR
2 1 10162 65 10164 XOR
2 1 10163 10162 10165 XOR
2 1 10163 10164 10166 AND
2 1 10162 10166 10167 XOR
2 1 10018 66 10168 XOR
2 1 10167 66 10169 XOR
2 1 10168 10167 10170 XOR
2 1 10168 10169 10171 AND
2 1 10167 10171 10172 XOR
2 1 10021 67 10173 XOR
2 1 10172 67 10174 XOR
2 1 10173 10172 10175 XOR
2 1 10173 10174 10176 AND
2 1 10172 10176 10177 XOR
2 1 10024 68 10178 XOR
2 1 10177 68 10179 XOR
2 1 10178 10177 10180 XOR
2 1 10178 10179 10181 AND
2 1 10177 10181 10182 XOR
2 1 10027 69 10183 XOR
2 1 10182 69 10184 XOR
2 1 10183 10182 10185 XOR
2 1 10183 10184 10186 AND
2 1 10182 10186 10187 XOR
2 1 10030 70 10188 XOR
2 1 10187 70 10189 XOR
2 1 10188 10187 10190 XOR
2 1 10188 10189 10191 AND
2 1 10187 10191 10192 XOR
2 1 10033 71 10193 XOR
2 1 10192 71 10194 XOR
2 1 10193 10192 10195 XOR
2 1 10193 10194 10196 AND
2 1 10192 10196 10197 XOR
2 1 10036 72 10198 XOR
2 1 10197 72 10199 XOR
2 1 10198 10197 10200 XOR
2 1 10198 10199 10201 AND
2 1 10197 10201 10202 XOR
2 1 10039 73 10203 XOR
2 1 10202 73 10204 XOR
2 1 10203 10202 10205 XOR
2 1 10203 10204 10206 AND
2 1 10202 10206 10207 XOR
2 1 10042 74 10208 XOR
2 1 10207 74 10209 XOR
2 1 10208 10207 10210 XOR
2 1 10208 10209 10211 AND
2 1 10207 10211 10212 XOR
2 1 10045 75 10213 XOR
2 1 10212 75 10214 XOR
2 1 10213 10212 10215 XOR
2 1 10213 10214 10216 AND
2 1 10212 10216 10217 XOR
2 1 10048 76 10218 XOR
2 1 10217 76 10219 XOR
2 1 10218 10217 10220 XOR
2 1 10218 10219 10221 AND
2 1 10217 10221 10222 XOR
2 1 10051 77 10223 XOR
2 1 10222 77 10224 XOR
2 1 10223 10222 10225 XOR
2 1 10223 10224 10226 AND
2 1 10222 10226 10227 XOR
2 1 10054 78 10228 XOR
2 1 10227 78 10229 XOR
2 1 10228 10227 10230 XOR
2 1 10228 10229 10231 AND
2 1 10227 10231 10232 XOR
2 1 10057 79 10233 XOR
2 1 10232 79 10234 XOR
2 1 10233 10232 10235 XOR
2 1 10233 10234 10236 AND
2 1 10232 10236 10237 XOR
2 1 10060 80 10238 XOR
2 1 10237 80 10239 XOR
2 1 10238 10237 10240 XOR
2 1 10238 10239 10241 AND
2 1 10237 10241 10242 XOR
2 1 10063 81 10243 XOR
2 1 10242 81 10244 XOR
2 1 10243 10242 10245 XOR
2 1 10243 10244 10246 AND
2 1 10242 10246 10247 XOR
2 1 10066 82 10248 XOR
2 1 10247 82 10249 XOR
2 1 10248 10247 10250 XOR
2 1 10248 10249 10251 AND
2 1 10247 10251 10252 XOR
2 1 10069 83 10253 XOR
2 1 10252 83 10254 XOR
2 1 10253 10252 10255 XOR
2 1 10253 10254 10256 AND
2 1 10252 10256 10257 XOR
2 1 10072 84 10258 XOR
2 1 10257 84 10259 XOR
2 1 10258 10257 10260 XOR
2 1 10258 10259 10261 AND
2 1 10257 10261 10262 XOR
2 1 10075 85 10263 XOR
2 1 10262 85 10264 XOR
2 1 10263 10262 10265 XOR
2 1 10263 10264 10266 AND
2 1 10262 10266 10267 XOR
2 1 10078 86 10268 XOR
2 1 10267 86 10269 XOR
2 1 10268 10267 10270 XOR
2 1 10268 10269 10271 AND
2 1 10267 10271 10272 XOR
2 1 10081 87 10273 XOR
2 1 10272 87 10274 XOR
2 1 10273 10272 10275 XOR
2 1 10273 10274 10276 AND
2 1 10272 10276 10277 XOR
2 1 10084 88 10278 XOR
2 1 10277 88 10279 XOR
2 1 10278 10277 10280 XOR
2 1 10278 10279 10281 AND
2 1 10277 10281 10282 XOR
2 1 10087 89 10283 XOR
2 1 10282 89 10284 XOR
2 1 10283 10282 10285 XOR
2 1 10283 10284 10286 AND
2 1 10282 10286 10287 XOR
2 1 10090 90 10288 XOR
2 1 10287 90 10289 XOR
2 1 10288 10287 10290 XOR
2 1 10288 10289 10291 AND
2 1 10287 10291 10292 XOR
2 1 10093 91 10293 XOR
2 1 10292 91 10294 XOR
2 1 10293 10292 10295 XOR
2 1 10293 10294 10296 AND
2 1 10292 10296 10297 XOR
2 1 10096 92 10298 XOR
2 1 10297 92 10299 XOR
2 1 10298 10297 10300 XOR
2 1 10298 10299 10301 AND
2 1 10297 10301 10302 XOR
2 1 10099 93 10303 XOR
2 1 10302 93 10304 XOR
2 1 10303 10302 10305 XOR
2 1 10303 10304 10306 AND
2 1 10302 10306 10307 XOR
2 1 10102 94 10308 XOR
2 1 10307 94 10309 XOR
2 1 10308 10307 10310 XOR
2 1 10308 10309 10311 AND
2 1 10307 10311 10312 XOR
2 1 10105 95 10313 XOR
2 1 10312 95 10314 XOR
2 1 10313 10312 10315 XOR
2 1 10313 10314 10316 AND
2 1 10312 10316 10317 XOR
2 1 10108 96 10318 XOR
2 1 10317 96 10319 XOR
2 1 10318 10317 10320 XOR
2 1 10318 10319 10321 AND
2 1 10317 10321 10322 XOR
2 1 10111 97 10323 XOR
2 1 10322 97 10324 XOR
2 1 10323 10322 10325 XOR
2 1 10323 10324 10326 AND
2 1 10322 10326 10327 XOR
2 1 10114 98 10328 XOR
2 1 10327 98 10329 XOR
2 1 10328 10327 10330 XOR
2 1 10328 10329 10331 AND
2 1 10327 10331 10332 XOR
2 1 10117 99 10333 XOR
2 1 10332 99 10334 XOR
2 1 10333 10332 10335 XOR
2 1 10333 10334 10336 AND
2 1 10332 10336 10337 XOR
2 1 10120 100 10338 XOR
2 1 10337 100 10339 XOR
2 1 10338 10337 10340 XOR
2 1 10338 10339 10341 AND
2 1 10337 10341 10342 XOR
2 1 10123 101 10343 XOR
2 1 10342 101 10344 XOR
2 1 10343 10342 10345 XOR
2 1 10343 10344 10346 AND
2 1 10342 10346 10347 XOR
2 1 10126 102 10348 XOR
2 1 10347 102 10349 XOR
2 1 10348 10347 10350 XOR
2 1 10348 10349 10351 AND
2 1 10347 10351 10352 XOR
2 1 10129 103 10353 XOR
2 1 10352 103 10354 XOR
2 1 10353 10352 10355 XOR
2 1 10353 10354 10356 AND
2 1 10352 10356 10357 XOR
2 1 10132 104 10358 XOR
2 1 10357 104 10359 XOR
2 1 10358 10357 10360 XOR
2 1 10358 10359 10361 AND
2 1 10357 10361 10362 XOR
2 1 10135 105 10363 XOR
2 1 10362 105 10364 XOR
2 1 10363 10362 10365 XOR
2 1 10363 10364 10366 AND
2 1 10362 10366 10367 XOR
2 1 10138 106 10368 XOR
2 1 10367 106 10369 XOR
2 1 10368 10367 10370 XOR
2 1 10368 10369 10371 AND
2 1 10367 10371 10372 XOR
2 1 10141 107 10373 XOR
2 1 10372 107 10374 XOR
2 1 10373 10372 10375 XOR
2 1 10373 10374 10376 AND
2 1 10372 10376 10377 XOR
2 1 10144 108 10378 XOR
2 1 10377 108 10379 XOR
2 1 10378 10377 10380 XOR
2 1 10378 10379 10381 AND
2 1 10377 10381 10382 XOR
2 1 10147 109 10383 XOR
2 1 10382 109 10384 XOR
2 1 10383 10382 10385 XOR
2 1 10383 10384 10386 AND
2 1 10382 10386 10387 XOR
2 1 10150 110 10388 XOR
2 1 10387 110 10389 XOR
2 1 10388 10387 10390 XOR
2 1 10388 10389 10391 AND
2 1 10387 10391 10392 XOR
2 1 10153 111 10393 XOR
2 1 10392 111 10394 XOR
2 1 10393 10392 10395 XOR
2 1 10393 10394 10396 AND
2 1 10392 10396 10397 XOR
2 1 10156 112 10398 XOR
2 1 10397 112 10399 XOR
2 1 10398 10397 10400 XOR
2 1 10398 10399 10401 AND
2 1 10397 10401 10402 XOR
2 1 10159 113 10403 XOR
2 1 10402 113 10404 XOR
2 1 10403 10402 10405 XOR
2 1 10403 10404 10406 AND
2 1 10402 10406 10407 XOR
2 1 10407 166 10408 XOR
2 1 10407 166 10409 AND
2 1 10408 10409 10410 XOR
2 1 15 10161 10411 XOR
2 1 10410 10411 10412 AND
2 1 10412 10161 10413 XOR
2 1 10015 10165 10414 XOR
2 1 10410 10414 10415 AND
2 1 10415 10165 10416 XOR
2 1 10018 10170 10417 XOR
2 1 10410 10417 10418 AND
2 1 10418 10170 10419 XOR
2 1 10021 10175 10420 XOR
2 1 10410 10420 10421 AND
2 1 10421 10175 10422 XOR
2 1 10024 10180 10423 XOR
2 1 10410 10423 10424 AND
2 1 10424 10180 10425 XOR
2 1 10027 10185 10426 XOR
2 1 10410 10426 10427 AND
2 1 10427 10185 10428 XOR
2 1 10030 10190 10429 XOR
2 1 10410 10429 10430 AND
2 1 10430 10190 10431 XOR
2 1 10033 10195 10432 XOR
2 1 10410 10432 10433 AND
2 1 10433 10195 10434 XOR
2 1 10036 10200 10435 XOR
2 1 10410 10435 10436 AND
2 1 10436 10200 10437 XOR
2 1 10039 10205 10438 XOR
2 1 10410 10438 10439 AND
2 1 10439 10205 10440 XOR
2 1 10042 10210 10441 XOR
2 1 10410 10441 10442 AND
2 1 10442 10210 10443 XOR
2 1 10045 10215 10444 XOR
2 1 10410 10444 10445 AND
2 1 10445 10215 10446 XOR
2 1 10048 10220 10447 XOR
2 1 10410 10447 10448 AND
2 1 10448 10220 10449 XOR
2 1 10051 10225 10450 XOR
2 1 10410 10450 10451 AND
2 1 10451 10225 10452 XOR
2 1 10054 10230 10453 XOR
2 1 10410 10453 10454 AND
2 1 10454 10230 10455 XOR
2 1 10057 10235 10456 XOR
2 1 10410 10456 10457 AND
2 1 10457 10235 10458 XOR
2 1 10060 10240 10459 XOR
2 1 10410 10459 10460 AND
2 1 10460 10240 10461 XOR
2 1 10063 10245 10462 XOR
2 1 10410 10462 10463 AND
2 1 10463 10245 10464 XOR
2 1 10066 10250 10465 XOR
2 1 10410 10465 10466 AND
2 1 10466 10250 10467 XOR
2 1 10069 10255 10468 XOR
2 1 10410 10468 10469 AND
2 1 10469 10255 10470 XOR
2 1 10072 10260 10471 XOR
2 1 10410 10471 10472 AND
2 1 10472 10260 10473 XOR
2 1 10075 10265 10474 XOR
2 1 10410 10474 10475 AND
2 1 10475 10265 10476 XOR
2 1 10078 10270 10477 XOR
2 1 10410 10477 10478 AND
2 1 10478 10270 10479 XOR
2 1 10081 10275 10480 XOR
2 1 10410 10480 10481 AND
2 1 10481 10275 10482 XOR
2 1 10084 10280 10483 XOR
2 1 10410 10483 10484 AND
2 1 10484 10280 10485 XOR
2 1 10087 10285 10486 XOR
2 1 10410 10486 10487 AND
2 1 10487 10285 10488 XOR
2 1 10090 10290 10489 XOR
2 1 10410 10489 10490 AND
2 1 10490 10290 10491 XOR
2 1 10093 10295 10492 XOR
2 1 10410 10492 10493 AND
2 1 10493 10295 10494 XOR
2 1 10096 10300 10495 XOR
2 1 10410 10495 10496 AND
2 1 10496 10300 10497 XOR
2 1 10099 10305 10498 XOR
2 1 10410 10498 10499 AND
2 1 10499 10305 10500 XOR
2 1 10102 10310 10501 XOR
2 1 10410 10501 10502 AND
2 1 10502 10310 10503 XOR
2 1 10105 10315 10504 XOR
2 1 10410 10504 10505 AND
2 1 10505 10315 10506 XOR
2 1 10108 10320 10507 XOR
2 1 10410 10507 10508 AND
2 1 10508 10320 10509 XOR
2 1 10111 10325 10510 XOR
2 1 10410 10510 10511 AND
2 1 10511 10325 10512 XOR
2 1 10114 10330 10513 XOR
2 1 10410 10513 10514 AND
2 1 10514 10330 10515 XOR
2 1 10117 10335 10516 XOR
2 1 10410 10516 10517 AND
2 1 10517 10335 10518 XOR
2 1 10120 10340 10519 XOR
2 1 10410 10519 10520 AND
2 1 10520 10340 10521 XOR
2 1 10123 10345 10522 XOR
2 1 10410 10522 10523 AND
2 1 10523 10345 10524 XOR
2 1 10126 10350 10525 XOR
2 1 10410 10525 10526 AND
2 1 10526 10350 10527 XOR
2 1 10129 10355 10528 XOR
2 1 10410 10528 10529 AND
2 1 10529 10355 10530 XOR
2 1 10132 10360 10531 XOR
2 1 10410 10531 10532 AND
2 1 10532 10360 10533 XOR
2 1 10135 10365 10534 XOR
2 1 10410 10534 10535 AND
2 1 10535 10365 10536 XOR
2 1 10138 10370 10537 XOR
2 1 10410 10537 10538 AND
2 1 10538 10370 10539 XOR
2 1 10141 10375 10540 XOR
2 1 10410 10540 10541 AND
2 1 10541 10375 10542 XOR
2 1 10144 10380 10543 XOR
2 1 10410 10543 10544 AND
2 1 10544 10380 10545 XOR
2 1 10147 10385 10546 XOR
2 1 10410 10546 10547 AND
2 1 10547 10385 10548 XOR
2 1 10150 10390 10549 XOR
2 1 10410 10549 10550 AND
2 1 10550 10390 10551 XOR
2 1 10153 10395 10552 XOR
2 1 10410 10552 10553 AND
2 1 10553 10395 10554 XOR
2 1 10156 10400 10555 XOR
2 1 10410 10555 10556 AND
2 1 10556 10400 10557 XOR
2 1 10159 10405 10558 XOR
2 1 10410 10558 10559 AND
2 1 10559 10405 10560 XOR
1 1 10410 10561 INV
2 1 14 64 10562 XOR
2 1 10562 64 10563 AND
2 1 10413 65 10564 XOR
2 1 10563 65 10565 XOR
2 1 10564 10563 10566 XOR
2 1 10564 10565 10567 AND
2 1 10563 10567 10568 XOR
2 1 10416 66 10569 XOR
2 1 10568 66 10570 XOR
2 1 10569 10568 10571 XOR
2 1 10569 10570 10572 AND
2 1 10568 10572 10573 XOR
2 1 10419 67 10574 XOR
2 1 10573 67 10575 XOR
2 1 10574 10573 10576 XOR
2 1 10574 10575 10577 AND
2 1 10573 10577 10578 XOR
2 1 10422 68 10579 XOR
2 1 10578 68 10580 XOR
2 1 10579 10578 10581 XOR
2 1 10579 10580 10582 AND
2 1 10578 10582 10583 XOR
2 1 10425 69 10584 XOR
2 1 10583 69 10585 XOR
2 1 10584 10583 10586 XOR
2 1 10584 10585 10587 AND
2 1 10583 10587 10588 XOR
2 1 10428 70 10589 XOR
2 1 10588 70 10590 XOR
2 1 10589 10588 10591 XOR
2 1 10589 10590 10592 AND
2 1 10588 10592 10593 XOR
2 1 10431 71 10594 XOR
2 1 10593 71 10595 XOR
2 1 10594 10593 10596 XOR
2 1 10594 10595 10597 AND
2 1 10593 10597 10598 XOR
2 1 10434 72 10599 XOR
2 1 10598 72 10600 XOR
2 1 10599 10598 10601 XOR
2 1 10599 10600 10602 AND
2 1 10598 10602 10603 XOR
2 1 10437 73 10604 XOR
2 1 10603 73 10605 XOR
2 1 10604 10603 10606 XOR
2 1 10604 10605 10607 AND
2 1 10603 10607 10608 XOR
2 1 10440 74 10609 XOR
2 1 10608 74 10610 XOR
2 1 10609 10608 10611 XOR
2 1 10609 10610 10612 AND
2 1 10608 10612 10613 XOR
2 1 10443 75 10614 XOR
2 1 10613 75 10615 XOR
2 1 10614 10613 10616 XOR
2 1 10614 10615 10617 AND
2 1 10613 10617 10618 XOR
2 1 10446 76 10619 XOR
2 1 10618 76 10620 XOR
2 1 10619 10618 10621 XOR
2 1 10619 10620 10622 AND
2 1 10618 10622 10623 XOR
2 1 10449 77 10624 XOR
2 1 10623 77 10625 XOR
2 1 10624 10623 10626 XOR
2 1 10624 10625 10627 AND
2 1 10623 10627 10628 XOR
2 1 10452 78 10629 XOR
2 1 10628 78 10630 XOR
2 1 10629 10628 10631 XOR
2 1 10629 10630 10632 AND
2 1 10628 10632 10633 XOR
2 1 10455 79 10634 XOR
2 1 10633 79 10635 XOR
2 1 10634 10633 10636 XOR
2 1 10634 10635 10637 AND
2 1 10633 10637 10638 XOR
2 1 10458 80 10639 XOR
2 1 10638 80 10640 XOR
2 1 10639 10638 10641 XOR
2 1 10639 10640 10642 AND
2 1 10638 10642 10643 XOR
2 1 10461 81 10644 XOR
2 1 10643 81 10645 XOR
2 1 10644 10643 10646 XOR
2 1 10644 10645 10647 AND
2 1 10643 10647 10648 XOR
2 1 10464 82 10649 XOR
2 1 10648 82 10650 XOR
2 1 10649 10648 10651 XOR
2 1 10649 10650 10652 AND
2 1 10648 10652 10653 XOR
2 1 10467 83 10654 XOR
2 1 10653 83 10655 XOR
2 1 10654 10653 10656 XOR
2 1 10654 10655 10657 AND
2 1 10653 10657 10658 XOR
2 1 10470 84 10659 XOR
2 1 10658 84 10660 XOR
2 1 10659 10658 10661 XOR
2 1 10659 10660 10662 AND
2 1 10658 10662 10663 XOR
2 1 10473 85 10664 XOR
2 1 10663 85 10665 XOR
2 1 10664 10663 10666 XOR
2 1 10664 10665 10667 AND
2 1 10663 10667 10668 XOR
2 1 10476 86 10669 XOR
2 1 10668 86 10670 XOR
2 1 10669 10668 10671 XOR
2 1 10669 10670 10672 AND
2 1 10668 10672 10673 XOR
2 1 10479 87 10674 XOR
2 1 10673 87 10675 XOR
2 1 10674 10673 10676 XOR
2 1 10674 10675 10677 AND
2 1 10673 10677 10678 XOR
2 1 10482 88 10679 XOR
2 1 10678 88 10680 XOR
2 1 10679 10678 10681 XOR
2 1 10679 10680 10682 AND
2 1 10678 10682 10683 XOR
2 1 10485 89 10684 XOR
2 1 10683 89 10685 XOR
2 1 10684 10683 10686 XOR
2 1 10684 10685 10687 AND
2 1 10683 10687 10688 XOR
2 1 10488 90 10689 XOR
2 1 10688 90 10690 XOR
2 1 10689 10688 10691 XOR
2 1 10689 10690 10692 AND
2 1 10688 10692 10693 XOR
2 1 10491 91 10694 XOR
2 1 10693 91 10695 XOR
2 1 10694 10693 10696 XOR
2 1 10694 10695 10697 AND
2 1 10693 10697 10698 XOR
2 1 10494 92 10699 XOR
2 1 10698 92 10700 XOR
2 1 10699 10698 10701 XOR
2 1 10699 10700 10702 AND
2 1 10698 10702 10703 XOR
2 1 10497 93 10704 XOR
2 1 10703 93 10705 XOR
2 1 10704 10703 10706 XOR
2 1 10704 10705 10707 AND
2 1 10703 10707 10708 XOR
2 1 10500 94 10709 XOR
2 1 10708 94 10710 XOR
2 1 10709 10708 10711 XOR
2 1 10709 10710 10712 AND
2 1 10708 10712 10713 XOR
2 1 10503 95 10714 XOR
2 1 10713 95 10715 XOR
2 1 10714 10713 10716 XOR
2 1 10714 10715 10717 AND
2 1 10713 10717 10718 XOR
2 1 10506 96 10719 XOR
2 1 10718 96 10720 XOR
2 1 10719 10718 10721 XOR
2 1 10719 10720 10722 AND
2 1 10718 10722 10723 XOR
2 1 10509 97 10724 XOR
2 1 10723 97 10725 XOR
2 1 10724 10723 10726 XOR
2 1 10724 10725 10727 AND
2 1 10723 10727 10728 XOR
2 1 10512 98 10729 XOR
2 1 10728 98 10730 XOR
2 1 10729 10728 10731 XOR
2 1 10729 10730 10732 AND
2 1 10728 10732 10733 XOR
2 1 10515 99 10734 XOR
2 1 10733 99 10735 XOR
2 1 10734 10733 10736 XOR
2 1 10734 10735 10737 AND
2 1 10733 10737 10738 XOR
2 1 10518 100 10739 XOR
2 1 10738 100 10740 XOR
2 1 10739 10738 10741 XOR
2 1 10739 10740 10742 AND
2 1 10738 10742 10743 XOR
2 1 10521 101 10744 XOR
2 1 10743 101 10745 XOR
2 1 10744 10743 10746 XOR
2 1 10744 10745 10747 AND
2 1 10743 10747 10748 XOR
2 1 10524 102 10749 XOR
2 1 10748 102 10750 XOR
2 1 10749 10748 10751 XOR
2 1 10749 10750 10752 AND
2 1 10748 10752 10753 XOR
2 1 10527 103 10754 XOR
2 1 10753 103 10755 XOR
2 1 10754 10753 10756 XOR
2 1 10754 10755 10757 AND
2 1 10753 10757 10758 XOR
2 1 10530 104 10759 XOR
2 1 10758 104 10760 XOR
2 1 10759 10758 10761 XOR
2 1 10759 10760 10762 AND
2 1 10758 10762 10763 XOR
2 1 10533 105 10764 XOR
2 1 10763 105 10765 XOR
2 1 10764 10763 10766 XOR
2 1 10764 10765 10767 AND
2 1 10763 10767 10768 XOR
2 1 10536 106 10769 XOR
2 1 10768 106 10770 XOR
2 1 10769 10768 10771 XOR
2 1 10769 10770 10772 AND
2 1 10768 10772 10773 XOR
2 1 10539 107 10774 XOR
2 1 10773 107 10775 XOR
2 1 10774 10773 10776 XOR
2 1 10774 10775 10777 AND
2 1 10773 10777 10778 XOR
2 1 10542 108 10779 XOR
2 1 10778 108 10780 XOR
2 1 10779 10778 10781 XOR
2 1 10779 10780 10782 AND
2 1 10778 10782 10783 XOR
2 1 10545 109 10784 XOR
2 1 10783 109 10785 XOR
2 1 10784 10783 10786 XOR
2 1 10784 10785 10787 AND
2 1 10783 10787 10788 XOR
2 1 10548 110 10789 XOR
2 1 10788 110 10790 XOR
2 1 10789 10788 10791 XOR
2 1 10789 10790 10792 AND
2 1 10788 10792 10793 XOR
2 1 10551 111 10794 XOR
2 1 10793 111 10795 XOR
2 1 10794 10793 10796 XOR
2 1 10794 10795 10797 AND
2 1 10793 10797 10798 XOR
2 1 10554 112 10799 XOR
2 1 10798 112 10800 XOR
2 1 10799 10798 10801 XOR
2 1 10799 10800 10802 AND
2 1 10798 10802 10803 XOR
2 1 10557 113 10804 XOR
2 1 10803 113 10805 XOR
2 1 10804 10803 10806 XOR
2 1 10804 10805 10807 AND
2 1 10803 10807 10808 XOR
2 1 10560 114 10809 XOR
2 1 10808 114 10810 XOR
2 1 10809 10808 10811 XOR
2 1 10809 10810 10812 AND
2 1 10808 10812 10813 XOR
2 1 10813 163 10814 XOR
2 1 10813 163 10815 AND
2 1 10814 10815 10816 XOR
2 1 14 10562 10817 XOR
2 1 10816 10817 10818 AND
2 1 10818 10562 10819 XOR
2 1 10413 10566 10820 XOR
2 1 10816 10820 10821 AND
2 1 10821 10566 10822 XOR
2 1 10416 10571 10823 XOR
2 1 10816 10823 10824 AND
2 1 10824 10571 10825 XOR
2 1 10419 10576 10826 XOR
2 1 10816 10826 10827 AND
2 1 10827 10576 10828 XOR
2 1 10422 10581 10829 XOR
2 1 10816 10829 10830 AND
2 1 10830 10581 10831 XOR
2 1 10425 10586 10832 XOR
2 1 10816 10832 10833 AND
2 1 10833 10586 10834 XOR
2 1 10428 10591 10835 XOR
2 1 10816 10835 10836 AND
2 1 10836 10591 10837 XOR
2 1 10431 10596 10838 XOR
2 1 10816 10838 10839 AND
2 1 10839 10596 10840 XOR
2 1 10434 10601 10841 XOR
2 1 10816 10841 10842 AND
2 1 10842 10601 10843 XOR
2 1 10437 10606 10844 XOR
2 1 10816 10844 10845 AND
2 1 10845 10606 10846 XOR
2 1 10440 10611 10847 XOR
2 1 10816 10847 10848 AND
2 1 10848 10611 10849 XOR
2 1 10443 10616 10850 XOR
2 1 10816 10850 10851 AND
2 1 10851 10616 10852 XOR
2 1 10446 10621 10853 XOR
2 1 10816 10853 10854 AND
2 1 10854 10621 10855 XOR
2 1 10449 10626 10856 XOR
2 1 10816 10856 10857 AND
2 1 10857 10626 10858 XOR
2 1 10452 10631 10859 XOR
2 1 10816 10859 10860 AND
2 1 10860 10631 10861 XOR
2 1 10455 10636 10862 XOR
2 1 10816 10862 10863 AND
2 1 10863 10636 10864 XOR
2 1 10458 10641 10865 XOR
2 1 10816 10865 10866 AND
2 1 10866 10641 10867 XOR
2 1 10461 10646 10868 XOR
2 1 10816 10868 10869 AND
2 1 10869 10646 10870 XOR
2 1 10464 10651 10871 XOR
2 1 10816 10871 10872 AND
2 1 10872 10651 10873 XOR
2 1 10467 10656 10874 XOR
2 1 10816 10874 10875 AND
2 1 10875 10656 10876 XOR
2 1 10470 10661 10877 XOR
2 1 10816 10877 10878 AND
2 1 10878 10661 10879 XOR
2 1 10473 10666 10880 XOR
2 1 10816 10880 10881 AND
2 1 10881 10666 10882 XOR
2 1 10476 10671 10883 XOR
2 1 10816 10883 10884 AND
2 1 10884 10671 10885 XOR
2 1 10479 10676 10886 XOR
2 1 10816 10886 10887 AND
2 1 10887 10676 10888 XOR
2 1 10482 10681 10889 XOR
2 1 10816 10889 10890 AND
2 1 10890 10681 10891 XOR
2 1 10485 10686 10892 XOR
2 1 10816 10892 10893 AND
2 1 10893 10686 10894 XOR
2 1 10488 10691 10895 XOR
2 1 10816 10895 10896 AND
2 1 10896 10691 10897 XOR
2 1 10491 10696 10898 XOR
2 1 10816 10898 10899 AND
2 1 10899 10696 10900 XOR
2 1 10494 10701 10901 XOR
2 1 10816 10901 10902 AND
2 1 10902 10701 10903 XOR
2 1 10497 10706 10904 XOR
2 1 10816 10904 10905 AND
2 1 10905 10706 10906 XOR
2 1 10500 10711 10907 XOR
2 1 10816 10907 10908 AND
2 1 10908 10711 10909 XOR
2 1 10503 10716 10910 XOR
2 1 10816 10910 10911 AND
2 1 10911 10716 10912 XOR
2 1 10506 10721 10913 XOR
2 1 10816 10913 10914 AND
2 1 10914 10721 10915 XOR
2 1 10509 10726 10916 XOR
2 1 10816 10916 10917 AND
2 1 10917 10726 10918 XOR
2 1 10512 10731 10919 XOR
2 1 10816 10919 10920 AND
2 1 10920 10731 10921 XOR
2 1 10515 10736 10922 XOR
2 1 10816 10922 10923 AND
2 1 10923 10736 10924 XOR
2 1 10518 10741 10925 XOR
2 1 10816 10925 10926 AND
2 1 10926 10741 10927 XOR
2 1 10521 10746 10928 XOR
2 1 10816 10928 10929 AND
2 1 10929 10746 10930 XOR
2 1 10524 10751 10931 XOR
2 1 10816 10931 10932 AND
2 1 10932 10751 10933 XOR
2 1 10527 10756 10934 XOR
2 1 10816 10934 10935 AND
2 1 10935 10756 10936 XOR
2 1 10530 10761 10937 XOR
2 1 10816 10937 10938 AND
2 1 10938 10761 10939 XOR
2 1 10533 10766 10940 XOR
2 1 10816 10940 10941 AND
2 1 10941 10766 10942 XOR
2 1 10536 10771 10943 XOR
2 1 10816 10943 10944 AND
2 1 10944 10771 10945 XOR
2 1 10539 10776 10946 XOR
2 1 10816 10946 10947 AND
2 1 10947 10776 10948 XOR
2 1 10542 10781 10949 XOR
2 1 10816 10949 10950 AND
2 1 10950 10781 10951 XOR
2 1 10545 10786 10952 XOR
2 1 10816 10952 10953 AND
2 1 10953 10786 10954 XOR
2 1 10548 10791 10955 XOR
2 1 10816 10955 10956 AND
2 1 10956 10791 10957 XOR
2 1 10551 10796 10958 XOR
2 1 10816 10958 10959 AND
2 1 10959 10796 10960 XOR
2 1 10554 10801 10961 XOR
2 1 10816 10961 10962 AND
2 1 10962 10801 10963 XOR
2 1 10557 10806 10964 XOR
2 1 10816 10964 10965 AND
2 1 10965 10806 10966 XOR
2 1 10560 10811 10967 XOR
2 1 10816 10967 10968 AND
2 1 10968 10811 10969 XOR
1 1 10816 10970 INV
2 1 13 64 10971 XOR
2 1 10971 64 10972 AND
2 1 10819 65 10973 XOR
2 1 10972 65 10974 XOR
2 1 10973 10972 10975 XOR
2 1 10973 10974 10976 AND
2 1 10972 10976 10977 XOR
2 1 10822 66 10978 XOR
2 1 10977 66 10979 XOR
2 1 10978 10977 10980 XOR
2 1 10978 10979 10981 AND
2 1 10977 10981 10982 XOR
2 1 10825 67 10983 XOR
2 1 10982 67 10984 XOR
2 1 10983 10982 10985 XOR
2 1 10983 10984 10986 AND
2 1 10982 10986 10987 XOR
2 1 10828 68 10988 XOR
2 1 10987 68 10989 XOR
2 1 10988 10987 10990 XOR
2 1 10988 10989 10991 AND
2 1 10987 10991 10992 XOR
2 1 10831 69 10993 XOR
2 1 10992 69 10994 XOR
2 1 10993 10992 10995 XOR
2 1 10993 10994 10996 AND
2 1 10992 10996 10997 XOR
2 1 10834 70 10998 XOR
2 1 10997 70 10999 XOR
2 1 10998 10997 11000 XOR
2 1 10998 10999 11001 AND
2 1 10997 11001 11002 XOR
2 1 10837 71 11003 XOR
2 1 11002 71 11004 XOR
2 1 11003 11002 11005 XOR
2 1 11003 11004 11006 AND
2 1 11002 11006 11007 XOR
2 1 10840 72 11008 XOR
2 1 11007 72 11009 XOR
2 1 11008 11007 11010 XOR
2 1 11008 11009 11011 AND
2 1 11007 11011 11012 XOR
2 1 10843 73 11013 XOR
2 1 11012 73 11014 XOR
2 1 11013 11012 11015 XOR
2 1 11013 11014 11016 AND
2 1 11012 11016 11017 XOR
2 1 10846 74 11018 XOR
2 1 11017 74 11019 XOR
2 1 11018 11017 11020 XOR
2 1 11018 11019 11021 AND
2 1 11017 11021 11022 XOR
2 1 10849 75 11023 XOR
2 1 11022 75 11024 XOR
2 1 11023 11022 11025 XOR
2 1 11023 11024 11026 AND
2 1 11022 11026 11027 XOR
2 1 10852 76 11028 XOR
2 1 11027 76 11029 XOR
2 1 11028 11027 11030 XOR
2 1 11028 11029 11031 AND
2 1 11027 11031 11032 XOR
2 1 10855 77 11033 XOR
2 1 11032 77 11034 XOR
2 1 11033 11032 11035 XOR
2 1 11033 11034 11036 AND
2 1 11032 11036 11037 XOR
2 1 10858 78 11038 XOR
2 1 11037 78 11039 XOR
2 1 11038 11037 11040 XOR
2 1 11038 11039 11041 AND
2 1 11037 11041 11042 XOR
2 1 10861 79 11043 XOR
2 1 11042 79 11044 XOR
2 1 11043 11042 11045 XOR
2 1 11043 11044 11046 AND
2 1 11042 11046 11047 XOR
2 1 10864 80 11048 XOR
2 1 11047 80 11049 XOR
2 1 11048 11047 11050 XOR
2 1 11048 11049 11051 AND
2 1 11047 11051 11052 XOR
2 1 10867 81 11053 XOR
2 1 11052 81 11054 XOR
2 1 11053 11052 11055 XOR
2 1 11053 11054 11056 AND
2 1 11052 11056 11057 XOR
2 1 10870 82 11058 XOR
2 1 11057 82 11059 XOR
2 1 11058 11057 11060 XOR
2 1 11058 11059 11061 AND
2 1 11057 11061 11062 XOR
2 1 10873 83 11063 XOR
2 1 11062 83 11064 XOR
2 1 11063 11062 11065 XOR
2 1 11063 11064 11066 AND
2 1 11062 11066 11067 XOR
2 1 10876 84 11068 XOR
2 1 11067 84 11069 XOR
2 1 11068 11067 11070 XOR
2 1 11068 11069 11071 AND
2 1 11067 11071 11072 XOR
2 1 10879 85 11073 XOR
2 1 11072 85 11074 XOR
2 1 11073 11072 11075 XOR
2 1 11073 11074 11076 AND
2 1 11072 11076 11077 XOR
2 1 10882 86 11078 XOR
2 1 11077 86 11079 XOR
2 1 11078 11077 11080 XOR
2 1 11078 11079 11081 AND
2 1 11077 11081 11082 XOR
2 1 10885 87 11083 XOR
2 1 11082 87 11084 XOR
2 1 11083 11082 11085 XOR
2 1 11083 11084 11086 AND
2 1 11082 11086 11087 XOR
2 1 10888 88 11088 XOR
2 1 11087 88 11089 XOR
2 1 11088 11087 11090 XOR
2 1 11088 11089 11091 AND
2 1 11087 11091 11092 XOR
2 1 10891 89 11093 XOR
2 1 11092 89 11094 XOR
2 1 11093 11092 11095 XOR
2 1 11093 11094 11096 AND
2 1 11092 11096 11097 XOR
2 1 10894 90 11098 XOR
2 1 11097 90 11099 XOR
2 1 11098 11097 11100 XOR
2 1 11098 11099 11101 AND
2 1 11097 11101 11102 XOR
2 1 10897 91 11103 XOR
2 1 11102 91 11104 XOR
2 1 11103 11102 11105 XOR
2 1 11103 11104 11106 AND
2 1 11102 11106 11107 XOR
2 1 10900 92 11108 XOR
2 1 11107 92 11109 XOR
2 1 11108 11107 11110 XOR
2 1 11108 11109 11111 AND
2 1 11107 11111 11112 XOR
2 1 10903 93 11113 XOR
2 1 11112 93 11114 XOR
2 1 11113 11112 11115 XOR
2 1 11113 11114 11116 AND
2 1 11112 11116 11117 XOR
2 1 10906 94 11118 XOR
2 1 11117 94 11119 XOR
2 1 11118 11117 11120 XOR
2 1 11118 11119 11121 AND
2 1 11117 11121 11122 XOR
2 1 10909 95 11123 XOR
2 1 11122 95 11124 XOR
2 1 11123 11122 11125 XOR
2 1 11123 11124 11126 AND
2 1 11122 11126 11127 XOR
2 1 10912 96 11128 XOR
2 1 11127 96 11129 XOR
2 1 11128 11127 11130 XOR
2 1 11128 11129 11131 AND
2 1 11127 11131 11132 XOR
2 1 10915 97 11133 XOR
2 1 11132 97 11134 XOR
2 1 11133 11132 11135 XOR
2 1 11133 11134 11136 AND
2 1 11132 11136 11137 XOR
2 1 10918 98 11138 XOR
2 1 11137 98 11139 XOR
2 1 11138 11137 11140 XOR
2 1 11138 11139 11141 AND
2 1 11137 11141 11142 XOR
2 1 10921 99 11143 XOR
2 1 11142 99 11144 XOR
2 1 11143 11142 11145 XOR
2 1 11143 11144 11146 AND
2 1 11142 11146 11147 XOR
2 1 10924 100 11148 XOR
2 1 11147 100 11149 XOR
2 1 11148 11147 11150 XOR
2 1 11148 11149 11151 AND
2 1 11147 11151 11152 XOR
2 1 10927 101 11153 XOR
2 1 11152 101 11154 XOR
2 1 11153 11152 11155 XOR
2 1 11153 11154 11156 AND
2 1 11152 11156 11157 XOR
2 1 10930 102 11158 XOR
2 1 11157 102 11159 XOR
2 1 11158 11157 11160 XOR
2 1 11158 11159 11161 AND
2 1 11157 11161 11162 XOR
2 1 10933 103 11163 XOR
2 1 11162 103 11164 XOR
2 1 11163 11162 11165 XOR
2 1 11163 11164 11166 AND
2 1 11162 11166 11167 XOR
2 1 10936 104 11168 XOR
2 1 11167 104 11169 XOR
2 1 11168 11167 11170 XOR
2 1 11168 11169 11171 AND
2 1 11167 11171 11172 XOR
2 1 10939 105 11173 XOR
2 1 11172 105 11174 XOR
2 1 11173 11172 11175 XOR
2 1 11173 11174 11176 AND
2 1 11172 11176 11177 XOR
2 1 10942 106 11178 XOR
2 1 11177 106 11179 XOR
2 1 11178 11177 11180 XOR
2 1 11178 11179 11181 AND
2 1 11177 11181 11182 XOR
2 1 10945 107 11183 XOR
2 1 11182 107 11184 XOR
2 1 11183 11182 11185 XOR
2 1 11183 11184 11186 AND
2 1 11182 11186 11187 XOR
2 1 10948 108 11188 XOR
2 1 11187 108 11189 XOR
2 1 11188 11187 11190 XOR
2 1 11188 11189 11191 AND
2 1 11187 11191 11192 XOR
2 1 10951 109 11193 XOR
2 1 11192 109 11194 XOR
2 1 11193 11192 11195 XOR
2 1 11193 11194 11196 AND
2 1 11192 11196 11197 XOR
2 1 10954 110 11198 XOR
2 1 11197 110 11199 XOR
2 1 11198 11197 11200 XOR
2 1 11198 11199 11201 AND
2 1 11197 11201 11202 XOR
2 1 10957 111 11203 XOR
2 1 11202 111 11204 XOR
2 1 11203 11202 11205 XOR
2 1 11203 11204 11206 AND
2 1 11202 11206 11207 XOR
2 1 10960 112 11208 XOR
2 1 11207 112 11209 XOR
2 1 11208 11207 11210 XOR
2 1 11208 11209 11211 AND
2 1 11207 11211 11212 XOR
2 1 10963 113 11213 XOR
2 1 11212 113 11214 XOR
2 1 11213 11212 11215 XOR
2 1 11213 11214 11216 AND
2 1 11212 11216 11217 XOR
2 1 10966 114 11218 XOR
2 1 11217 114 11219 XOR
2 1 11218 11217 11220 XOR
2 1 11218 11219 11221 AND
2 1 11217 11221 11222 XOR
2 1 10969 115 11223 XOR
2 1 11222 115 11224 XOR
2 1 11223 11222 11225 XOR
2 1 11223 11224 11226 AND
2 1 11222 11226 11227 XOR
2 1 11227 160 11228 XOR
2 1 11227 160 11229 AND
2 1 11228 11229 11230 XOR
2 1 13 10971 11231 XOR
2 1 11230 11231 11232 AND
2 1 11232 10971 11233 XOR
2 1 10819 10975 11234 XOR
2 1 11230 11234 11235 AND
2 1 11235 10975 11236 XOR
2 1 10822 10980 11237 XOR
2 1 11230 11237 11238 AND
2 1 11238 10980 11239 XOR
2 1 10825 10985 11240 XOR
2 1 11230 11240 11241 AND
2 1 11241 10985 11242 XOR
2 1 10828 10990 11243 XOR
2 1 11230 11243 11244 AND
2 1 11244 10990 11245 XOR
2 1 10831 10995 11246 XOR
2 1 11230 11246 11247 AND
2 1 11247 10995 11248 XOR
2 1 10834 11000 11249 XOR
2 1 11230 11249 11250 AND
2 1 11250 11000 11251 XOR
2 1 10837 11005 11252 XOR
2 1 11230 11252 11253 AND
2 1 11253 11005 11254 XOR
2 1 10840 11010 11255 XOR
2 1 11230 11255 11256 AND
2 1 11256 11010 11257 XOR
2 1 10843 11015 11258 XOR
2 1 11230 11258 11259 AND
2 1 11259 11015 11260 XOR
2 1 10846 11020 11261 XOR
2 1 11230 11261 11262 AND
2 1 11262 11020 11263 XOR
2 1 10849 11025 11264 XOR
2 1 11230 11264 11265 AND
2 1 11265 11025 11266 XOR
2 1 10852 11030 11267 XOR
2 1 11230 11267 11268 AND
2 1 11268 11030 11269 XOR
2 1 10855 11035 11270 XOR
2 1 11230 11270 11271 AND
2 1 11271 11035 11272 XOR
2 1 10858 11040 11273 XOR
2 1 11230 11273 11274 AND
2 1 11274 11040 11275 XOR
2 1 10861 11045 11276 XOR
2 1 11230 11276 11277 AND
2 1 11277 11045 11278 XOR
2 1 10864 11050 11279 XOR
2 1 11230 11279 11280 AND
2 1 11280 11050 11281 XOR
2 1 10867 11055 11282 XOR
2 1 11230 11282 11283 AND
2 1 11283 11055 11284 XOR
2 1 10870 11060 11285 XOR
2 1 11230 11285 11286 AND
2 1 11286 11060 11287 XOR
2 1 10873 11065 11288 XOR
2 1 11230 11288 11289 AND
2 1 11289 11065 11290 XOR
2 1 10876 11070 11291 XOR
2 1 11230 11291 11292 AND
2 1 11292 11070 11293 XOR
2 1 10879 11075 11294 XOR
2 1 11230 11294 11295 AND
2 1 11295 11075 11296 XOR
2 1 10882 11080 11297 XOR
2 1 11230 11297 11298 AND
2 1 11298 11080 11299 XOR
2 1 10885 11085 11300 XOR
2 1 11230 11300 11301 AND
2 1 11301 11085 11302 XOR
2 1 10888 11090 11303 XOR
2 1 11230 11303 11304 AND
2 1 11304 11090 11305 XOR
2 1 10891 11095 11306 XOR
2 1 11230 11306 11307 AND
2 1 11307 11095 11308 XOR
2 1 10894 11100 11309 XOR
2 1 11230 11309 11310 AND
2 1 11310 11100 11311 XOR
2 1 10897 11105 11312 XOR
2 1 11230 11312 11313 AND
2 1 11313 11105 11314 XOR
2 1 10900 11110 11315 XOR
2 1 11230 11315 11316 AND
2 1 11316 11110 11317 XOR
2 1 10903 11115 11318 XOR
2 1 11230 11318 11319 AND
2 1 11319 11115 11320 XOR
2 1 10906 11120 11321 XOR
2 1 11230 11321 11322 AND
2 1 11322 11120 11323 XOR
2 1 10909 11125 11324 XOR
2 1 11230 11324 11325 AND
2 1 11325 11125 11326 XOR
2 1 10912 11130 11327 XOR
2 1 11230 11327 11328 AND
2 1 11328 11130 11329 XOR
2 1 10915 11135 11330 XOR
2 1 11230 11330 11331 AND
2 1 11331 11135 11332 XOR
2 1 10918 11140 11333 XOR
2 1 11230 11333 11334 AND
2 1 11334 11140 11335 XOR
2 1 10921 11145 11336 XOR
2 1 11230 11336 11337 AND
2 1 11337 11145 11338 XOR
2 1 10924 11150 11339 XOR
2 1 11230 11339 11340 AND
2 1 11340 11150 11341 XOR
2 1 10927 11155 11342 XOR
2 1 11230 11342 11343 AND
2 1 11343 11155 11344 XOR
2 1 10930 11160 11345 XOR
2 1 11230 11345 11346 AND
2 1 11346 11160 11347 XOR
2 1 10933 11165 11348 XOR
2 1 11230 11348 11349 AND
2 1 11349 11165 11350 XOR
2 1 10936 11170 11351 XOR
2 1 11230 11351 11352 AND
2 1 11352 11170 11353 XOR
2 1 10939 11175 11354 XOR
2 1 11230 11354 11355 AND
2 1 11355 11175 11356 XOR
2 1 10942 11180 11357 XOR
2 1 11230 11357 11358 AND
2 1 11358 11180 11359 XOR
2 1 10945 11185 11360 XOR
2 1 11230 11360 11361 AND
2 1 11361 11185 11362 XOR
2 1 10948 11190 11363 XOR
2 1 11230 11363 11364 AND
2 1 11364 11190 11365 XOR
2 1 10951 11195 11366 XOR
2 1 11230 11366 11367 AND
2 1 11367 11195 11368 XOR
2 1 10954 11200 11369 XOR
2 1 11230 11369 11370 AND
2 1 11370 11200 11371 XOR
2 1 10957 11205 11372 XOR
2 1 11230 11372 11373 AND
2 1 11373 11205 11374 XOR
2 1 10960 11210 11375 XOR
2 1 11230 11375 11376 AND
2 1 11376 11210 11377 XOR
2 1 10963 11215 11378 XOR
2 1 11230 11378 11379 AND
2 1 11379 11215 11380 XOR
2 1 10966 11220 11381 XOR
2 1 11230 11381 11382 AND
2 1 11382 11220 11383 XOR
2 1 10969 11225 11384 XOR
2 1 11230 11384 11385 AND
2 1 11385 11225 11386 XOR
1 1 11230 11387 INV
2 1 12 64 11388 XOR
2 1 11388 64 11389 AND
2 1 11233 65 11390 XOR
2 1 11389 65 11391 XOR
2 1 11390 11389 11392 XOR
2 1 11390 11391 11393 AND
2 1 11389 11393 11394 XOR
2 1 11236 66 11395 XOR
2 1 11394 66 11396 XOR
2 1 11395 11394 11397 XOR
2 1 11395 11396 11398 AND
2 1 11394 11398 11399 XOR
2 1 11239 67 11400 XOR
2 1 11399 67 11401 XOR
2 1 11400 11399 11402 XOR
2 1 11400 11401 11403 AND
2 1 11399 11403 11404 XOR
2 1 11242 68 11405 XOR
2 1 11404 68 11406 XOR
2 1 11405 11404 11407 XOR
2 1 11405 11406 11408 AND
2 1 11404 11408 11409 XOR
2 1 11245 69 11410 XOR
2 1 11409 69 11411 XOR
2 1 11410 11409 11412 XOR
2 1 11410 11411 11413 AND
2 1 11409 11413 11414 XOR
2 1 11248 70 11415 XOR
2 1 11414 70 11416 XOR
2 1 11415 11414 11417 XOR
2 1 11415 11416 11418 AND
2 1 11414 11418 11419 XOR
2 1 11251 71 11420 XOR
2 1 11419 71 11421 XOR
2 1 11420 11419 11422 XOR
2 1 11420 11421 11423 AND
2 1 11419 11423 11424 XOR
2 1 11254 72 11425 XOR
2 1 11424 72 11426 XOR
2 1 11425 11424 11427 XOR
2 1 11425 11426 11428 AND
2 1 11424 11428 11429 XOR
2 1 11257 73 11430 XOR
2 1 11429 73 11431 XOR
2 1 11430 11429 11432 XOR
2 1 11430 11431 11433 AND
2 1 11429 11433 11434 XOR
2 1 11260 74 11435 XOR
2 1 11434 74 11436 XOR
2 1 11435 11434 11437 XOR
2 1 11435 11436 11438 AND
2 1 11434 11438 11439 XOR
2 1 11263 75 11440 XOR
2 1 11439 75 11441 XOR
2 1 11440 11439 11442 XOR
2 1 11440 11441 11443 AND
2 1 11439 11443 11444 XOR
2 1 11266 76 11445 XOR
2 1 11444 76 11446 XOR
2 1 11445 11444 11447 XOR
2 1 11445 11446 11448 AND
2 1 11444 11448 11449 XOR
2 1 11269 77 11450 XOR
2 1 11449 77 11451 XOR
2 1 11450 11449 11452 XOR
2 1 11450 11451 11453 AND
2 1 11449 11453 11454 XOR
2 1 11272 78 11455 XOR
2 1 11454 78 11456 XOR
2 1 11455 11454 11457 XOR
2 1 11455 11456 11458 AND
2 1 11454 11458 11459 XOR
2 1 11275 79 11460 XOR
2 1 11459 79 11461 XOR
2 1 11460 11459 11462 XOR
2 1 11460 11461 11463 AND
2 1 11459 11463 11464 XOR
2 1 11278 80 11465 XOR
2 1 11464 80 11466 XOR
2 1 11465 11464 11467 XOR
2 1 11465 11466 11468 AND
2 1 11464 11468 11469 XOR
2 1 11281 81 11470 XOR
2 1 11469 81 11471 XOR
2 1 11470 11469 11472 XOR
2 1 11470 11471 11473 AND
2 1 11469 11473 11474 XOR
2 1 11284 82 11475 XOR
2 1 11474 82 11476 XOR
2 1 11475 11474 11477 XOR
2 1 11475 11476 11478 AND
2 1 11474 11478 11479 XOR
2 1 11287 83 11480 XOR
2 1 11479 83 11481 XOR
2 1 11480 11479 11482 XOR
2 1 11480 11481 11483 AND
2 1 11479 11483 11484 XOR
2 1 11290 84 11485 XOR
2 1 11484 84 11486 XOR
2 1 11485 11484 11487 XOR
2 1 11485 11486 11488 AND
2 1 11484 11488 11489 XOR
2 1 11293 85 11490 XOR
2 1 11489 85 11491 XOR
2 1 11490 11489 11492 XOR
2 1 11490 11491 11493 AND
2 1 11489 11493 11494 XOR
2 1 11296 86 11495 XOR
2 1 11494 86 11496 XOR
2 1 11495 11494 11497 XOR
2 1 11495 11496 11498 AND
2 1 11494 11498 11499 XOR
2 1 11299 87 11500 XOR
2 1 11499 87 11501 XOR
2 1 11500 11499 11502 XOR
2 1 11500 11501 11503 AND
2 1 11499 11503 11504 XOR
2 1 11302 88 11505 XOR
2 1 11504 88 11506 XOR
2 1 11505 11504 11507 XOR
2 1 11505 11506 11508 AND
2 1 11504 11508 11509 XOR
2 1 11305 89 11510 XOR
2 1 11509 89 11511 XOR
2 1 11510 11509 11512 XOR
2 1 11510 11511 11513 AND
2 1 11509 11513 11514 XOR
2 1 11308 90 11515 XOR
2 1 11514 90 11516 XOR
2 1 11515 11514 11517 XOR
2 1 11515 11516 11518 AND
2 1 11514 11518 11519 XOR
2 1 11311 91 11520 XOR
2 1 11519 91 11521 XOR
2 1 11520 11519 11522 XOR
2 1 11520 11521 11523 AND
2 1 11519 11523 11524 XOR
2 1 11314 92 11525 XOR
2 1 11524 92 11526 XOR
2 1 11525 11524 11527 XOR
2 1 11525 11526 11528 AND
2 1 11524 11528 11529 XOR
2 1 11317 93 11530 XOR
2 1 11529 93 11531 XOR
2 1 11530 11529 11532 XOR
2 1 11530 11531 11533 AND
2 1 11529 11533 11534 XOR
2 1 11320 94 11535 XOR
2 1 11534 94 11536 XOR
2 1 11535 11534 11537 XOR
2 1 11535 11536 11538 AND
2 1 11534 11538 11539 XOR
2 1 11323 95 11540 XOR
2 1 11539 95 11541 XOR
2 1 11540 11539 11542 XOR
2 1 11540 11541 11543 AND
2 1 11539 11543 11544 XOR
2 1 11326 96 11545 XOR
2 1 11544 96 11546 XOR
2 1 11545 11544 11547 XOR
2 1 11545 11546 11548 AND
2 1 11544 11548 11549 XOR
2 1 11329 97 11550 XOR
2 1 11549 97 11551 XOR
2 1 11550 11549 11552 XOR
2 1 11550 11551 11553 AND
2 1 11549 11553 11554 XOR
2 1 11332 98 11555 XOR
2 1 11554 98 11556 XOR
2 1 11555 11554 11557 XOR
2 1 11555 11556 11558 AND
2 1 11554 11558 11559 XOR
2 1 11335 99 11560 XOR
2 1 11559 99 11561 XOR
2 1 11560 11559 11562 XOR
2 1 11560 11561 11563 AND
2 1 11559 11563 11564 XOR
2 1 11338 100 11565 XOR
2 1 11564 100 11566 XOR
2 1 11565 11564 11567 XOR
2 1 11565 11566 11568 AND
2 1 11564 11568 11569 XOR
2 1 11341 101 11570 XOR
2 1 11569 101 11571 XOR
2 1 11570 11569 11572 XOR
2 1 11570 11571 11573 AND
2 1 11569 11573 11574 XOR
2 1 11344 102 11575 XOR
2 1 11574 102 11576 XOR
2 1 11575 11574 11577 XOR
2 1 11575 11576 11578 AND
2 1 11574 11578 11579 XOR
2 1 11347 103 11580 XOR
2 1 11579 103 11581 XOR
2 1 11580 11579 11582 XOR
2 1 11580 11581 11583 AND
2 1 11579 11583 11584 XOR
2 1 11350 104 11585 XOR
2 1 11584 104 11586 XOR
2 1 11585 11584 11587 XOR
2 1 11585 11586 11588 AND
2 1 11584 11588 11589 XOR
2 1 11353 105 11590 XOR
2 1 11589 105 11591 XOR
2 1 11590 11589 11592 XOR
2 1 11590 11591 11593 AND
2 1 11589 11593 11594 XOR
2 1 11356 106 11595 XOR
2 1 11594 106 11596 XOR
2 1 11595 11594 11597 XOR
2 1 11595 11596 11598 AND
2 1 11594 11598 11599 XOR
2 1 11359 107 11600 XOR
2 1 11599 107 11601 XOR
2 1 11600 11599 11602 XOR
2 1 11600 11601 11603 AND
2 1 11599 11603 11604 XOR
2 1 11362 108 11605 XOR
2 1 11604 108 11606 XOR
2 1 11605 11604 11607 XOR
2 1 11605 11606 11608 AND
2 1 11604 11608 11609 XOR
2 1 11365 109 11610 XOR
2 1 11609 109 11611 XOR
2 1 11610 11609 11612 XOR
2 1 11610 11611 11613 AND
2 1 11609 11613 11614 XOR
2 1 11368 110 11615 XOR
2 1 11614 110 11616 XOR
2 1 11615 11614 11617 XOR
2 1 11615 11616 11618 AND
2 1 11614 11618 11619 XOR
2 1 11371 111 11620 XOR
2 1 11619 111 11621 XOR
2 1 11620 11619 11622 XOR
2 1 11620 11621 11623 AND
2 1 11619 11623 11624 XOR
2 1 11374 112 11625 XOR
2 1 11624 112 11626 XOR
2 1 11625 11624 11627 XOR
2 1 11625 11626 11628 AND
2 1 11624 11628 11629 XOR
2 1 11377 113 11630 XOR
2 1 11629 113 11631 XOR
2 1 11630 11629 11632 XOR
2 1 11630 11631 11633 AND
2 1 11629 11633 11634 XOR
2 1 11380 114 11635 XOR
2 1 11634 114 11636 XOR
2 1 11635 11634 11637 XOR
2 1 11635 11636 11638 AND
2 1 11634 11638 11639 XOR
2 1 11383 115 11640 XOR
2 1 11639 115 11641 XOR
2 1 11640 11639 11642 XOR
2 1 11640 11641 11643 AND
2 1 11639 11643 11644 XOR
2 1 11386 116 11645 XOR
2 1 11644 116 11646 XOR
2 1 11645 11644 11647 XOR
2 1 11645 11646 11648 AND
2 1 11644 11648 11649 XOR
2 1 11649 157 11650 XOR
2 1 11649 157 11651 AND
2 1 11650 11651 11652 XOR
2 1 12 11388 11653 XOR
2 1 11652 11653 11654 AND
2 1 11654 11388 11655 XOR
2 1 11233 11392 11656 XOR
2 1 11652 11656 11657 AND
2 1 11657 11392 11658 XOR
2 1 11236 11397 11659 XOR
2 1 11652 11659 11660 AND
2 1 11660 11397 11661 XOR
2 1 11239 11402 11662 XOR
2 1 11652 11662 11663 AND
2 1 11663 11402 11664 XOR
2 1 11242 11407 11665 XOR
2 1 11652 11665 11666 AND
2 1 11666 11407 11667 XOR
2 1 11245 11412 11668 XOR
2 1 11652 11668 11669 AND
2 1 11669 11412 11670 XOR
2 1 11248 11417 11671 XOR
2 1 11652 11671 11672 AND
2 1 11672 11417 11673 XOR
2 1 11251 11422 11674 XOR
2 1 11652 11674 11675 AND
2 1 11675 11422 11676 XOR
2 1 11254 11427 11677 XOR
2 1 11652 11677 11678 AND
2 1 11678 11427 11679 XOR
2 1 11257 11432 11680 XOR
2 1 11652 11680 11681 AND
2 1 11681 11432 11682 XOR
2 1 11260 11437 11683 XOR
2 1 11652 11683 11684 AND
2 1 11684 11437 11685 XOR
2 1 11263 11442 11686 XOR
2 1 11652 11686 11687 AND
2 1 11687 11442 11688 XOR
2 1 11266 11447 11689 XOR
2 1 11652 11689 11690 AND
2 1 11690 11447 11691 XOR
2 1 11269 11452 11692 XOR
2 1 11652 11692 11693 AND
2 1 11693 11452 11694 XOR
2 1 11272 11457 11695 XOR
2 1 11652 11695 11696 AND
2 1 11696 11457 11697 XOR
2 1 11275 11462 11698 XOR
2 1 11652 11698 11699 AND
2 1 11699 11462 11700 XOR
2 1 11278 11467 11701 XOR
2 1 11652 11701 11702 AND
2 1 11702 11467 11703 XOR
2 1 11281 11472 11704 XOR
2 1 11652 11704 11705 AND
2 1 11705 11472 11706 XOR
2 1 11284 11477 11707 XOR
2 1 11652 11707 11708 AND
2 1 11708 11477 11709 XOR
2 1 11287 11482 11710 XOR
2 1 11652 11710 11711 AND
2 1 11711 11482 11712 XOR
2 1 11290 11487 11713 XOR
2 1 11652 11713 11714 AND
2 1 11714 11487 11715 XOR
2 1 11293 11492 11716 XOR
2 1 11652 11716 11717 AND
2 1 11717 11492 11718 XOR
2 1 11296 11497 11719 XOR
2 1 11652 11719 11720 AND
2 1 11720 11497 11721 XOR
2 1 11299 11502 11722 XOR
2 1 11652 11722 11723 AND
2 1 11723 11502 11724 XOR
2 1 11302 11507 11725 XOR
2 1 11652 11725 11726 AND
2 1 11726 11507 11727 XOR
2 1 11305 11512 11728 XOR
2 1 11652 11728 11729 AND
2 1 11729 11512 11730 XOR
2 1 11308 11517 11731 XOR
2 1 11652 11731 11732 AND
2 1 11732 11517 11733 XOR
2 1 11311 11522 11734 XOR
2 1 11652 11734 11735 AND
2 1 11735 11522 11736 XOR
2 1 11314 11527 11737 XOR
2 1 11652 11737 11738 AND
2 1 11738 11527 11739 XOR
2 1 11317 11532 11740 XOR
2 1 11652 11740 11741 AND
2 1 11741 11532 11742 XOR
2 1 11320 11537 11743 XOR
2 1 11652 11743 11744 AND
2 1 11744 11537 11745 XOR
2 1 11323 11542 11746 XOR
2 1 11652 11746 11747 AND
2 1 11747 11542 11748 XOR
2 1 11326 11547 11749 XOR
2 1 11652 11749 11750 AND
2 1 11750 11547 11751 XOR
2 1 11329 11552 11752 XOR
2 1 11652 11752 11753 AND
2 1 11753 11552 11754 XOR
2 1 11332 11557 11755 XOR
2 1 11652 11755 11756 AND
2 1 11756 11557 11757 XOR
2 1 11335 11562 11758 XOR
2 1 11652 11758 11759 AND
2 1 11759 11562 11760 XOR
2 1 11338 11567 11761 XOR
2 1 11652 11761 11762 AND
2 1 11762 11567 11763 XOR
2 1 11341 11572 11764 XOR
2 1 11652 11764 11765 AND
2 1 11765 11572 11766 XOR
2 1 11344 11577 11767 XOR
2 1 11652 11767 11768 AND
2 1 11768 11577 11769 XOR
2 1 11347 11582 11770 XOR
2 1 11652 11770 11771 AND
2 1 11771 11582 11772 XOR
2 1 11350 11587 11773 XOR
2 1 11652 11773 11774 AND
2 1 11774 11587 11775 XOR
2 1 11353 11592 11776 XOR
2 1 11652 11776 11777 AND
2 1 11777 11592 11778 XOR
2 1 11356 11597 11779 XOR
2 1 11652 11779 11780 AND
2 1 11780 11597 11781 XOR
2 1 11359 11602 11782 XOR
2 1 11652 11782 11783 AND
2 1 11783 11602 11784 XOR
2 1 11362 11607 11785 XOR
2 1 11652 11785 11786 AND
2 1 11786 11607 11787 XOR
2 1 11365 11612 11788 XOR
2 1 11652 11788 11789 AND
2 1 11789 11612 11790 XOR
2 1 11368 11617 11791 XOR
2 1 11652 11791 11792 AND
2 1 11792 11617 11793 XOR
2 1 11371 11622 11794 XOR
2 1 11652 11794 11795 AND
2 1 11795 11622 11796 XOR
2 1 11374 11627 11797 XOR
2 1 11652 11797 11798 AND
2 1 11798 11627 11799 XOR
2 1 11377 11632 11800 XOR
2 1 11652 11800 11801 AND
2 1 11801 11632 11802 XOR
2 1 11380 11637 11803 XOR
2 1 11652 11803 11804 AND
2 1 11804 11637 11805 XOR
2 1 11383 11642 11806 XOR
2 1 11652 11806 11807 AND
2 1 11807 11642 11808 XOR
2 1 11386 11647 11809 XOR
2 1 11652 11809 11810 AND
2 1 11810 11647 11811 XOR
1 1 11652 11812 INV
2 1 11 64 11813 XOR
2 1 11813 64 11814 AND
2 1 11655 65 11815 XOR
2 1 11814 65 11816 XOR
2 1 11815 11814 11817 XOR
2 1 11815 11816 11818 AND
2 1 11814 11818 11819 XOR
2 1 11658 66 11820 XOR
2 1 11819 66 11821 XOR
2 1 11820 11819 11822 XOR
2 1 11820 11821 11823 AND
2 1 11819 11823 11824 XOR
2 1 11661 67 11825 XOR
2 1 11824 67 11826 XOR
2 1 11825 11824 11827 XOR
2 1 11825 11826 11828 AND
2 1 11824 11828 11829 XOR
2 1 11664 68 11830 XOR
2 1 11829 68 11831 XOR
2 1 11830 11829 11832 XOR
2 1 11830 11831 11833 AND
2 1 11829 11833 11834 XOR
2 1 11667 69 11835 XOR
2 1 11834 69 11836 XOR
2 1 11835 11834 11837 XOR
2 1 11835 11836 11838 AND
2 1 11834 11838 11839 XOR
2 1 11670 70 11840 XOR
2 1 11839 70 11841 XOR
2 1 11840 11839 11842 XOR
2 1 11840 11841 11843 AND
2 1 11839 11843 11844 XOR
2 1 11673 71 11845 XOR
2 1 11844 71 11846 XOR
2 1 11845 11844 11847 XOR
2 1 11845 11846 11848 AND
2 1 11844 11848 11849 XOR
2 1 11676 72 11850 XOR
2 1 11849 72 11851 XOR
2 1 11850 11849 11852 XOR
2 1 11850 11851 11853 AND
2 1 11849 11853 11854 XOR
2 1 11679 73 11855 XOR
2 1 11854 73 11856 XOR
2 1 11855 11854 11857 XOR
2 1 11855 11856 11858 AND
2 1 11854 11858 11859 XOR
2 1 11682 74 11860 XOR
2 1 11859 74 11861 XOR
2 1 11860 11859 11862 XOR
2 1 11860 11861 11863 AND
2 1 11859 11863 11864 XOR
2 1 11685 75 11865 XOR
2 1 11864 75 11866 XOR
2 1 11865 11864 11867 XOR
2 1 11865 11866 11868 AND
2 1 11864 11868 11869 XOR
2 1 11688 76 11870 XOR
2 1 11869 76 11871 XOR
2 1 11870 11869 11872 XOR
2 1 11870 11871 11873 AND
2 1 11869 11873 11874 XOR
2 1 11691 77 11875 XOR
2 1 11874 77 11876 XOR
2 1 11875 11874 11877 XOR
2 1 11875 11876 11878 AND
2 1 11874 11878 11879 XOR
2 1 11694 78 11880 XOR
2 1 11879 78 11881 XOR
2 1 11880 11879 11882 XOR
2 1 11880 11881 11883 AND
2 1 11879 11883 11884 XOR
2 1 11697 79 11885 XOR
2 1 11884 79 11886 XOR
2 1 11885 11884 11887 XOR
2 1 11885 11886 11888 AND
2 1 11884 11888 11889 XOR
2 1 11700 80 11890 XOR
2 1 11889 80 11891 XOR
2 1 11890 11889 11892 XOR
2 1 11890 11891 11893 AND
2 1 11889 11893 11894 XOR
2 1 11703 81 11895 XOR
2 1 11894 81 11896 XOR
2 1 11895 11894 11897 XOR
2 1 11895 11896 11898 AND
2 1 11894 11898 11899 XOR
2 1 11706 82 11900 XOR
2 1 11899 82 11901 XOR
2 1 11900 11899 11902 XOR
2 1 11900 11901 11903 AND
2 1 11899 11903 11904 XOR
2 1 11709 83 11905 XOR
2 1 11904 83 11906 XOR
2 1 11905 11904 11907 XOR
2 1 11905 11906 11908 AND
2 1 11904 11908 11909 XOR
2 1 11712 84 11910 XOR
2 1 11909 84 11911 XOR
2 1 11910 11909 11912 XOR
2 1 11910 11911 11913 AND
2 1 11909 11913 11914 XOR
2 1 11715 85 11915 XOR
2 1 11914 85 11916 XOR
2 1 11915 11914 11917 XOR
2 1 11915 11916 11918 AND
2 1 11914 11918 11919 XOR
2 1 11718 86 11920 XOR
2 1 11919 86 11921 XOR
2 1 11920 11919 11922 XOR
2 1 11920 11921 11923 AND
2 1 11919 11923 11924 XOR
2 1 11721 87 11925 XOR
2 1 11924 87 11926 XOR
2 1 11925 11924 11927 XOR
2 1 11925 11926 11928 AND
2 1 11924 11928 11929 XOR
2 1 11724 88 11930 XOR
2 1 11929 88 11931 XOR
2 1 11930 11929 11932 XOR
2 1 11930 11931 11933 AND
2 1 11929 11933 11934 XOR
2 1 11727 89 11935 XOR
2 1 11934 89 11936 XOR
2 1 11935 11934 11937 XOR
2 1 11935 11936 11938 AND
2 1 11934 11938 11939 XOR
2 1 11730 90 11940 XOR
2 1 11939 90 11941 XOR
2 1 11940 11939 11942 XOR
2 1 11940 11941 11943 AND
2 1 11939 11943 11944 XOR
2 1 11733 91 11945 XOR
2 1 11944 91 11946 XOR
2 1 11945 11944 11947 XOR
2 1 11945 11946 11948 AND
2 1 11944 11948 11949 XOR
2 1 11736 92 11950 XOR
2 1 11949 92 11951 XOR
2 1 11950 11949 11952 XOR
2 1 11950 11951 11953 AND
2 1 11949 11953 11954 XOR
2 1 11739 93 11955 XOR
2 1 11954 93 11956 XOR
2 1 11955 11954 11957 XOR
2 1 11955 11956 11958 AND
2 1 11954 11958 11959 XOR
2 1 11742 94 11960 XOR
2 1 11959 94 11961 XOR
2 1 11960 11959 11962 XOR
2 1 11960 11961 11963 AND
2 1 11959 11963 11964 XOR
2 1 11745 95 11965 XOR
2 1 11964 95 11966 XOR
2 1 11965 11964 11967 XOR
2 1 11965 11966 11968 AND
2 1 11964 11968 11969 XOR
2 1 11748 96 11970 XOR
2 1 11969 96 11971 XOR
2 1 11970 11969 11972 XOR
2 1 11970 11971 11973 AND
2 1 11969 11973 11974 XOR
2 1 11751 97 11975 XOR
2 1 11974 97 11976 XOR
2 1 11975 11974 11977 XOR
2 1 11975 11976 11978 AND
2 1 11974 11978 11979 XOR
2 1 11754 98 11980 XOR
2 1 11979 98 11981 XOR
2 1 11980 11979 11982 XOR
2 1 11980 11981 11983 AND
2 1 11979 11983 11984 XOR
2 1 11757 99 11985 XOR
2 1 11984 99 11986 XOR
2 1 11985 11984 11987 XOR
2 1 11985 11986 11988 AND
2 1 11984 11988 11989 XOR
2 1 11760 100 11990 XOR
2 1 11989 100 11991 XOR
2 1 11990 11989 11992 XOR
2 1 11990 11991 11993 AND
2 1 11989 11993 11994 XOR
2 1 11763 101 11995 XOR
2 1 11994 101 11996 XOR
2 1 11995 11994 11997 XOR
2 1 11995 11996 11998 AND
2 1 11994 11998 11999 XOR
2 1 11766 102 12000 XOR
2 1 11999 102 12001 XOR
2 1 12000 11999 12002 XOR
2 1 12000 12001 12003 AND
2 1 11999 12003 12004 XOR
2 1 11769 103 12005 XOR
2 1 12004 103 12006 XOR
2 1 12005 12004 12007 XOR
2 1 12005 12006 12008 AND
2 1 12004 12008 12009 XOR
2 1 11772 104 12010 XOR
2 1 12009 104 12011 XOR
2 1 12010 12009 12012 XOR
2 1 12010 12011 12013 AND
2 1 12009 12013 12014 XOR
2 1 11775 105 12015 XOR
2 1 12014 105 12016 XOR
2 1 12015 12014 12017 XOR
2 1 12015 12016 12018 AND
2 1 12014 12018 12019 XOR
2 1 11778 106 12020 XOR
2 1 12019 106 12021 XOR
2 1 12020 12019 12022 XOR
2 1 12020 12021 12023 AND
2 1 12019 12023 12024 XOR
2 1 11781 107 12025 XOR
2 1 12024 107 12026 XOR
2 1 12025 12024 12027 XOR
2 1 12025 12026 12028 AND
2 1 12024 12028 12029 XOR
2 1 11784 108 12030 XOR
2 1 12029 108 12031 XOR
2 1 12030 12029 12032 XOR
2 1 12030 12031 12033 AND
2 1 12029 12033 12034 XOR
2 1 11787 109 12035 XOR
2 1 12034 109 12036 XOR
2 1 12035 12034 12037 XOR
2 1 12035 12036 12038 AND
2 1 12034 12038 12039 XOR
2 1 11790 110 12040 XOR
2 1 12039 110 12041 XOR
2 1 12040 12039 12042 XOR
2 1 12040 12041 12043 AND
2 1 12039 12043 12044 XOR
2 1 11793 111 12045 XOR
2 1 12044 111 12046 XOR
2 1 12045 12044 12047 XOR
2 1 12045 12046 12048 AND
2 1 12044 12048 12049 XOR
2 1 11796 112 12050 XOR
2 1 12049 112 12051 XOR
2 1 12050 12049 12052 XOR
2 1 12050 12051 12053 AND
2 1 12049 12053 12054 XOR
2 1 11799 113 12055 XOR
2 1 12054 113 12056 XOR
2 1 12055 12054 12057 XOR
2 1 12055 12056 12058 AND
2 1 12054 12058 12059 XOR
2 1 11802 114 12060 XOR
2 1 12059 114 12061 XOR
2 1 12060 12059 12062 XOR
2 1 12060 12061 12063 AND
2 1 12059 12063 12064 XOR
2 1 11805 115 12065 XOR
2 1 12064 115 12066 XOR
2 1 12065 12064 12067 XOR
2 1 12065 12066 12068 AND
2 1 12064 12068 12069 XOR
2 1 11808 116 12070 XOR
2 1 12069 116 12071 XOR
2 1 12070 12069 12072 XOR
2 1 12070 12071 12073 AND
2 1 12069 12073 12074 XOR
2 1 11811 117 12075 XOR
2 1 12074 117 12076 XOR
2 1 12075 12074 12077 XOR
2 1 12075 12076 12078 AND
2 1 12074 12078 12079 XOR
2 1 12079 154 12080 XOR
2 1 12079 154 12081 AND
2 1 12080 12081 12082 XOR
2 1 11 11813 12083 XOR
2 1 12082 12083 12084 AND
2 1 12084 11813 12085 XOR
2 1 11655 11817 12086 XOR
2 1 12082 12086 12087 AND
2 1 12087 11817 12088 XOR
2 1 11658 11822 12089 XOR
2 1 12082 12089 12090 AND
2 1 12090 11822 12091 XOR
2 1 11661 11827 12092 XOR
2 1 12082 12092 12093 AND
2 1 12093 11827 12094 XOR
2 1 11664 11832 12095 XOR
2 1 12082 12095 12096 AND
2 1 12096 11832 12097 XOR
2 1 11667 11837 12098 XOR
2 1 12082 12098 12099 AND
2 1 12099 11837 12100 XOR
2 1 11670 11842 12101 XOR
2 1 12082 12101 12102 AND
2 1 12102 11842 12103 XOR
2 1 11673 11847 12104 XOR
2 1 12082 12104 12105 AND
2 1 12105 11847 12106 XOR
2 1 11676 11852 12107 XOR
2 1 12082 12107 12108 AND
2 1 12108 11852 12109 XOR
2 1 11679 11857 12110 XOR
2 1 12082 12110 12111 AND
2 1 12111 11857 12112 XOR
2 1 11682 11862 12113 XOR
2 1 12082 12113 12114 AND
2 1 12114 11862 12115 XOR
2 1 11685 11867 12116 XOR
2 1 12082 12116 12117 AND
2 1 12117 11867 12118 XOR
2 1 11688 11872 12119 XOR
2 1 12082 12119 12120 AND
2 1 12120 11872 12121 XOR
2 1 11691 11877 12122 XOR
2 1 12082 12122 12123 AND
2 1 12123 11877 12124 XOR
2 1 11694 11882 12125 XOR
2 1 12082 12125 12126 AND
2 1 12126 11882 12127 XOR
2 1 11697 11887 12128 XOR
2 1 12082 12128 12129 AND
2 1 12129 11887 12130 XOR
2 1 11700 11892 12131 XOR
2 1 12082 12131 12132 AND
2 1 12132 11892 12133 XOR
2 1 11703 11897 12134 XOR
2 1 12082 12134 12135 AND
2 1 12135 11897 12136 XOR
2 1 11706 11902 12137 XOR
2 1 12082 12137 12138 AND
2 1 12138 11902 12139 XOR
2 1 11709 11907 12140 XOR
2 1 12082 12140 12141 AND
2 1 12141 11907 12142 XOR
2 1 11712 11912 12143 XOR
2 1 12082 12143 12144 AND
2 1 12144 11912 12145 XOR
2 1 11715 11917 12146 XOR
2 1 12082 12146 12147 AND
2 1 12147 11917 12148 XOR
2 1 11718 11922 12149 XOR
2 1 12082 12149 12150 AND
2 1 12150 11922 12151 XOR
2 1 11721 11927 12152 XOR
2 1 12082 12152 12153 AND
2 1 12153 11927 12154 XOR
2 1 11724 11932 12155 XOR
2 1 12082 12155 12156 AND
2 1 12156 11932 12157 XOR
2 1 11727 11937 12158 XOR
2 1 12082 12158 12159 AND
2 1 12159 11937 12160 XOR
2 1 11730 11942 12161 XOR
2 1 12082 12161 12162 AND
2 1 12162 11942 12163 XOR
2 1 11733 11947 12164 XOR
2 1 12082 12164 12165 AND
2 1 12165 11947 12166 XOR
2 1 11736 11952 12167 XOR
2 1 12082 12167 12168 AND
2 1 12168 11952 12169 XOR
2 1 11739 11957 12170 XOR
2 1 12082 12170 12171 AND
2 1 12171 11957 12172 XOR
2 1 11742 11962 12173 XOR
2 1 12082 12173 12174 AND
2 1 12174 11962 12175 XOR
2 1 11745 11967 12176 XOR
2 1 12082 12176 12177 AND
2 1 12177 11967 12178 XOR
2 1 11748 11972 12179 XOR
2 1 12082 12179 12180 AND
2 1 12180 11972 12181 XOR
2 1 11751 11977 12182 XOR
2 1 12082 12182 12183 AND
2 1 12183 11977 12184 XOR
2 1 11754 11982 12185 XOR
2 1 12082 12185 12186 AND
2 1 12186 11982 12187 XOR
2 1 11757 11987 12188 XOR
2 1 12082 12188 12189 AND
2 1 12189 11987 12190 XOR
2 1 11760 11992 12191 XOR
2 1 12082 12191 12192 AND
2 1 12192 11992 12193 XOR
2 1 11763 11997 12194 XOR
2 1 12082 12194 12195 AND
2 1 12195 11997 12196 XOR
2 1 11766 12002 12197 XOR
2 1 12082 12197 12198 AND
2 1 12198 12002 12199 XOR
2 1 11769 12007 12200 XOR
2 1 12082 12200 12201 AND
2 1 12201 12007 12202 XOR
2 1 11772 12012 12203 XOR
2 1 12082 12203 12204 AND
2 1 12204 12012 12205 XOR
2 1 11775 12017 12206 XOR
2 1 12082 12206 12207 AND
2 1 12207 12017 12208 XOR
2 1 11778 12022 12209 XOR
2 1 12082 12209 12210 AND
2 1 12210 12022 12211 XOR
2 1 11781 12027 12212 XOR
2 1 12082 12212 12213 AND
2 1 12213 12027 12214 XOR
2 1 11784 12032 12215 XOR
2 1 12082 12215 12216 AND
2 1 12216 12032 12217 XOR
2 1 11787 12037 12218 XOR
2 1 12082 12218 12219 AND
2 1 12219 12037 12220 XOR
2 1 11790 12042 12221 XOR
2 1 12082 12221 12222 AND
2 1 12222 12042 12223 XOR
2 1 11793 12047 12224 XOR
2 1 12082 12224 12225 AND
2 1 12225 12047 12226 XOR
2 1 11796 12052 12227 XOR
2 1 12082 12227 12228 AND
2 1 12228 12052 12229 XOR
2 1 11799 12057 12230 XOR
2 1 12082 12230 12231 AND
2 1 12231 12057 12232 XOR
2 1 11802 12062 12233 XOR
2 1 12082 12233 12234 AND
2 1 12234 12062 12235 XOR
2 1 11805 12067 12236 XOR
2 1 12082 12236 12237 AND
2 1 12237 12067 12238 XOR
2 1 11808 12072 12239 XOR
2 1 12082 12239 12240 AND
2 1 12240 12072 12241 XOR
2 1 11811 12077 12242 XOR
2 1 12082 12242 12243 AND
2 1 12243 12077 12244 XOR
1 1 12082 12245 INV
2 1 10 64 12246 XOR
2 1 12246 64 12247 AND
2 1 12085 65 12248 XOR
2 1 12247 65 12249 XOR
2 1 12248 12247 12250 XOR
2 1 12248 12249 12251 AND
2 1 12247 12251 12252 XOR
2 1 12088 66 12253 XOR
2 1 12252 66 12254 XOR
2 1 12253 12252 12255 XOR
2 1 12253 12254 12256 AND
2 1 12252 12256 12257 XOR
2 1 12091 67 12258 XOR
2 1 12257 67 12259 XOR
2 1 12258 12257 12260 XOR
2 1 12258 12259 12261 AND
2 1 12257 12261 12262 XOR
2 1 12094 68 12263 XOR
2 1 12262 68 12264 XOR
2 1 12263 12262 12265 XOR
2 1 12263 12264 12266 AND
2 1 12262 12266 12267 XOR
2 1 12097 69 12268 XOR
2 1 12267 69 12269 XOR
2 1 12268 12267 12270 XOR
2 1 12268 12269 12271 AND
2 1 12267 12271 12272 XOR
2 1 12100 70 12273 XOR
2 1 12272 70 12274 XOR
2 1 12273 12272 12275 XOR
2 1 12273 12274 12276 AND
2 1 12272 12276 12277 XOR
2 1 12103 71 12278 XOR
2 1 12277 71 12279 XOR
2 1 12278 12277 12280 XOR
2 1 12278 12279 12281 AND
2 1 12277 12281 12282 XOR
2 1 12106 72 12283 XOR
2 1 12282 72 12284 XOR
2 1 12283 12282 12285 XOR
2 1 12283 12284 12286 AND
2 1 12282 12286 12287 XOR
2 1 12109 73 12288 XOR
2 1 12287 73 12289 XOR
2 1 12288 12287 12290 XOR
2 1 12288 12289 12291 AND
2 1 12287 12291 12292 XOR
2 1 12112 74 12293 XOR
2 1 12292 74 12294 XOR
2 1 12293 12292 12295 XOR
2 1 12293 12294 12296 AND
2 1 12292 12296 12297 XOR
2 1 12115 75 12298 XOR
2 1 12297 75 12299 XOR
2 1 12298 12297 12300 XOR
2 1 12298 12299 12301 AND
2 1 12297 12301 12302 XOR
2 1 12118 76 12303 XOR
2 1 12302 76 12304 XOR
2 1 12303 12302 12305 XOR
2 1 12303 12304 12306 AND
2 1 12302 12306 12307 XOR
2 1 12121 77 12308 XOR
2 1 12307 77 12309 XOR
2 1 12308 12307 12310 XOR
2 1 12308 12309 12311 AND
2 1 12307 12311 12312 XOR
2 1 12124 78 12313 XOR
2 1 12312 78 12314 XOR
2 1 12313 12312 12315 XOR
2 1 12313 12314 12316 AND
2 1 12312 12316 12317 XOR
2 1 12127 79 12318 XOR
2 1 12317 79 12319 XOR
2 1 12318 12317 12320 XOR
2 1 12318 12319 12321 AND
2 1 12317 12321 12322 XOR
2 1 12130 80 12323 XOR
2 1 12322 80 12324 XOR
2 1 12323 12322 12325 XOR
2 1 12323 12324 12326 AND
2 1 12322 12326 12327 XOR
2 1 12133 81 12328 XOR
2 1 12327 81 12329 XOR
2 1 12328 12327 12330 XOR
2 1 12328 12329 12331 AND
2 1 12327 12331 12332 XOR
2 1 12136 82 12333 XOR
2 1 12332 82 12334 XOR
2 1 12333 12332 12335 XOR
2 1 12333 12334 12336 AND
2 1 12332 12336 12337 XOR
2 1 12139 83 12338 XOR
2 1 12337 83 12339 XOR
2 1 12338 12337 12340 XOR
2 1 12338 12339 12341 AND
2 1 12337 12341 12342 XOR
2 1 12142 84 12343 XOR
2 1 12342 84 12344 XOR
2 1 12343 12342 12345 XOR
2 1 12343 12344 12346 AND
2 1 12342 12346 12347 XOR
2 1 12145 85 12348 XOR
2 1 12347 85 12349 XOR
2 1 12348 12347 12350 XOR
2 1 12348 12349 12351 AND
2 1 12347 12351 12352 XOR
2 1 12148 86 12353 XOR
2 1 12352 86 12354 XOR
2 1 12353 12352 12355 XOR
2 1 12353 12354 12356 AND
2 1 12352 12356 12357 XOR
2 1 12151 87 12358 XOR
2 1 12357 87 12359 XOR
2 1 12358 12357 12360 XOR
2 1 12358 12359 12361 AND
2 1 12357 12361 12362 XOR
2 1 12154 88 12363 XOR
2 1 12362 88 12364 XOR
2 1 12363 12362 12365 XOR
2 1 12363 12364 12366 AND
2 1 12362 12366 12367 XOR
2 1 12157 89 12368 XOR
2 1 12367 89 12369 XOR
2 1 12368 12367 12370 XOR
2 1 12368 12369 12371 AND
2 1 12367 12371 12372 XOR
2 1 12160 90 12373 XOR
2 1 12372 90 12374 XOR
2 1 12373 12372 12375 XOR
2 1 12373 12374 12376 AND
2 1 12372 12376 12377 XOR
2 1 12163 91 12378 XOR
2 1 12377 91 12379 XOR
2 1 12378 12377 12380 XOR
2 1 12378 12379 12381 AND
2 1 12377 12381 12382 XOR
2 1 12166 92 12383 XOR
2 1 12382 92 12384 XOR
2 1 12383 12382 12385 XOR
2 1 12383 12384 12386 AND
2 1 12382 12386 12387 XOR
2 1 12169 93 12388 XOR
2 1 12387 93 12389 XOR
2 1 12388 12387 12390 XOR
2 1 12388 12389 12391 AND
2 1 12387 12391 12392 XOR
2 1 12172 94 12393 XOR
2 1 12392 94 12394 XOR
2 1 12393 12392 12395 XOR
2 1 12393 12394 12396 AND
2 1 12392 12396 12397 XOR
2 1 12175 95 12398 XOR
2 1 12397 95 12399 XOR
2 1 12398 12397 12400 XOR
2 1 12398 12399 12401 AND
2 1 12397 12401 12402 XOR
2 1 12178 96 12403 XOR
2 1 12402 96 12404 XOR
2 1 12403 12402 12405 XOR
2 1 12403 12404 12406 AND
2 1 12402 12406 12407 XOR
2 1 12181 97 12408 XOR
2 1 12407 97 12409 XOR
2 1 12408 12407 12410 XOR
2 1 12408 12409 12411 AND
2 1 12407 12411 12412 XOR
2 1 12184 98 12413 XOR
2 1 12412 98 12414 XOR
2 1 12413 12412 12415 XOR
2 1 12413 12414 12416 AND
2 1 12412 12416 12417 XOR
2 1 12187 99 12418 XOR
2 1 12417 99 12419 XOR
2 1 12418 12417 12420 XOR
2 1 12418 12419 12421 AND
2 1 12417 12421 12422 XOR
2 1 12190 100 12423 XOR
2 1 12422 100 12424 XOR
2 1 12423 12422 12425 XOR
2 1 12423 12424 12426 AND
2 1 12422 12426 12427 XOR
2 1 12193 101 12428 XOR
2 1 12427 101 12429 XOR
2 1 12428 12427 12430 XOR
2 1 12428 12429 12431 AND
2 1 12427 12431 12432 XOR
2 1 12196 102 12433 XOR
2 1 12432 102 12434 XOR
2 1 12433 12432 12435 XOR
2 1 12433 12434 12436 AND
2 1 12432 12436 12437 XOR
2 1 12199 103 12438 XOR
2 1 12437 103 12439 XOR
2 1 12438 12437 12440 XOR
2 1 12438 12439 12441 AND
2 1 12437 12441 12442 XOR
2 1 12202 104 12443 XOR
2 1 12442 104 12444 XOR
2 1 12443 12442 12445 XOR
2 1 12443 12444 12446 AND
2 1 12442 12446 12447 XOR
2 1 12205 105 12448 XOR
2 1 12447 105 12449 XOR
2 1 12448 12447 12450 XOR
2 1 12448 12449 12451 AND
2 1 12447 12451 12452 XOR
2 1 12208 106 12453 XOR
2 1 12452 106 12454 XOR
2 1 12453 12452 12455 XOR
2 1 12453 12454 12456 AND
2 1 12452 12456 12457 XOR
2 1 12211 107 12458 XOR
2 1 12457 107 12459 XOR
2 1 12458 12457 12460 XOR
2 1 12458 12459 12461 AND
2 1 12457 12461 12462 XOR
2 1 12214 108 12463 XOR
2 1 12462 108 12464 XOR
2 1 12463 12462 12465 XOR
2 1 12463 12464 12466 AND
2 1 12462 12466 12467 XOR
2 1 12217 109 12468 XOR
2 1 12467 109 12469 XOR
2 1 12468 12467 12470 XOR
2 1 12468 12469 12471 AND
2 1 12467 12471 12472 XOR
2 1 12220 110 12473 XOR
2 1 12472 110 12474 XOR
2 1 12473 12472 12475 XOR
2 1 12473 12474 12476 AND
2 1 12472 12476 12477 XOR
2 1 12223 111 12478 XOR
2 1 12477 111 12479 XOR
2 1 12478 12477 12480 XOR
2 1 12478 12479 12481 AND
2 1 12477 12481 12482 XOR
2 1 12226 112 12483 XOR
2 1 12482 112 12484 XOR
2 1 12483 12482 12485 XOR
2 1 12483 12484 12486 AND
2 1 12482 12486 12487 XOR
2 1 12229 113 12488 XOR
2 1 12487 113 12489 XOR
2 1 12488 12487 12490 XOR
2 1 12488 12489 12491 AND
2 1 12487 12491 12492 XOR
2 1 12232 114 12493 XOR
2 1 12492 114 12494 XOR
2 1 12493 12492 12495 XOR
2 1 12493 12494 12496 AND
2 1 12492 12496 12497 XOR
2 1 12235 115 12498 XOR
2 1 12497 115 12499 XOR
2 1 12498 12497 12500 XOR
2 1 12498 12499 12501 AND
2 1 12497 12501 12502 XOR
2 1 12238 116 12503 XOR
2 1 12502 116 12504 XOR
2 1 12503 12502 12505 XOR
2 1 12503 12504 12506 AND
2 1 12502 12506 12507 XOR
2 1 12241 117 12508 XOR
2 1 12507 117 12509 XOR
2 1 12508 12507 12510 XOR
2 1 12508 12509 12511 AND
2 1 12507 12511 12512 XOR
2 1 12244 118 12513 XOR
2 1 12512 118 12514 XOR
2 1 12513 12512 12515 XOR
2 1 12513 12514 12516 AND
2 1 12512 12516 12517 XOR
2 1 12517 151 12518 XOR
2 1 12517 151 12519 AND
2 1 12518 12519 12520 XOR
2 1 10 12246 12521 XOR
2 1 12520 12521 12522 AND
2 1 12522 12246 12523 XOR
2 1 12085 12250 12524 XOR
2 1 12520 12524 12525 AND
2 1 12525 12250 12526 XOR
2 1 12088 12255 12527 XOR
2 1 12520 12527 12528 AND
2 1 12528 12255 12529 XOR
2 1 12091 12260 12530 XOR
2 1 12520 12530 12531 AND
2 1 12531 12260 12532 XOR
2 1 12094 12265 12533 XOR
2 1 12520 12533 12534 AND
2 1 12534 12265 12535 XOR
2 1 12097 12270 12536 XOR
2 1 12520 12536 12537 AND
2 1 12537 12270 12538 XOR
2 1 12100 12275 12539 XOR
2 1 12520 12539 12540 AND
2 1 12540 12275 12541 XOR
2 1 12103 12280 12542 XOR
2 1 12520 12542 12543 AND
2 1 12543 12280 12544 XOR
2 1 12106 12285 12545 XOR
2 1 12520 12545 12546 AND
2 1 12546 12285 12547 XOR
2 1 12109 12290 12548 XOR
2 1 12520 12548 12549 AND
2 1 12549 12290 12550 XOR
2 1 12112 12295 12551 XOR
2 1 12520 12551 12552 AND
2 1 12552 12295 12553 XOR
2 1 12115 12300 12554 XOR
2 1 12520 12554 12555 AND
2 1 12555 12300 12556 XOR
2 1 12118 12305 12557 XOR
2 1 12520 12557 12558 AND
2 1 12558 12305 12559 XOR
2 1 12121 12310 12560 XOR
2 1 12520 12560 12561 AND
2 1 12561 12310 12562 XOR
2 1 12124 12315 12563 XOR
2 1 12520 12563 12564 AND
2 1 12564 12315 12565 XOR
2 1 12127 12320 12566 XOR
2 1 12520 12566 12567 AND
2 1 12567 12320 12568 XOR
2 1 12130 12325 12569 XOR
2 1 12520 12569 12570 AND
2 1 12570 12325 12571 XOR
2 1 12133 12330 12572 XOR
2 1 12520 12572 12573 AND
2 1 12573 12330 12574 XOR
2 1 12136 12335 12575 XOR
2 1 12520 12575 12576 AND
2 1 12576 12335 12577 XOR
2 1 12139 12340 12578 XOR
2 1 12520 12578 12579 AND
2 1 12579 12340 12580 XOR
2 1 12142 12345 12581 XOR
2 1 12520 12581 12582 AND
2 1 12582 12345 12583 XOR
2 1 12145 12350 12584 XOR
2 1 12520 12584 12585 AND
2 1 12585 12350 12586 XOR
2 1 12148 12355 12587 XOR
2 1 12520 12587 12588 AND
2 1 12588 12355 12589 XOR
2 1 12151 12360 12590 XOR
2 1 12520 12590 12591 AND
2 1 12591 12360 12592 XOR
2 1 12154 12365 12593 XOR
2 1 12520 12593 12594 AND
2 1 12594 12365 12595 XOR
2 1 12157 12370 12596 XOR
2 1 12520 12596 12597 AND
2 1 12597 12370 12598 XOR
2 1 12160 12375 12599 XOR
2 1 12520 12599 12600 AND
2 1 12600 12375 12601 XOR
2 1 12163 12380 12602 XOR
2 1 12520 12602 12603 AND
2 1 12603 12380 12604 XOR
2 1 12166 12385 12605 XOR
2 1 12520 12605 12606 AND
2 1 12606 12385 12607 XOR
2 1 12169 12390 12608 XOR
2 1 12520 12608 12609 AND
2 1 12609 12390 12610 XOR
2 1 12172 12395 12611 XOR
2 1 12520 12611 12612 AND
2 1 12612 12395 12613 XOR
2 1 12175 12400 12614 XOR
2 1 12520 12614 12615 AND
2 1 12615 12400 12616 XOR
2 1 12178 12405 12617 XOR
2 1 12520 12617 12618 AND
2 1 12618 12405 12619 XOR
2 1 12181 12410 12620 XOR
2 1 12520 12620 12621 AND
2 1 12621 12410 12622 XOR
2 1 12184 12415 12623 XOR
2 1 12520 12623 12624 AND
2 1 12624 12415 12625 XOR
2 1 12187 12420 12626 XOR
2 1 12520 12626 12627 AND
2 1 12627 12420 12628 XOR
2 1 12190 12425 12629 XOR
2 1 12520 12629 12630 AND
2 1 12630 12425 12631 XOR
2 1 12193 12430 12632 XOR
2 1 12520 12632 12633 AND
2 1 12633 12430 12634 XOR
2 1 12196 12435 12635 XOR
2 1 12520 12635 12636 AND
2 1 12636 12435 12637 XOR
2 1 12199 12440 12638 XOR
2 1 12520 12638 12639 AND
2 1 12639 12440 12640 XOR
2 1 12202 12445 12641 XOR
2 1 12520 12641 12642 AND
2 1 12642 12445 12643 XOR
2 1 12205 12450 12644 XOR
2 1 12520 12644 12645 AND
2 1 12645 12450 12646 XOR
2 1 12208 12455 12647 XOR
2 1 12520 12647 12648 AND
2 1 12648 12455 12649 XOR
2 1 12211 12460 12650 XOR
2 1 12520 12650 12651 AND
2 1 12651 12460 12652 XOR
2 1 12214 12465 12653 XOR
2 1 12520 12653 12654 AND
2 1 12654 12465 12655 XOR
2 1 12217 12470 12656 XOR
2 1 12520 12656 12657 AND
2 1 12657 12470 12658 XOR
2 1 12220 12475 12659 XOR
2 1 12520 12659 12660 AND
2 1 12660 12475 12661 XOR
2 1 12223 12480 12662 XOR
2 1 12520 12662 12663 AND
2 1 12663 12480 12664 XOR
2 1 12226 12485 12665 XOR
2 1 12520 12665 12666 AND
2 1 12666 12485 12667 XOR
2 1 12229 12490 12668 XOR
2 1 12520 12668 12669 AND
2 1 12669 12490 12670 XOR
2 1 12232 12495 12671 XOR
2 1 12520 12671 12672 AND
2 1 12672 12495 12673 XOR
2 1 12235 12500 12674 XOR
2 1 12520 12674 12675 AND
2 1 12675 12500 12676 XOR
2 1 12238 12505 12677 XOR
2 1 12520 12677 12678 AND
2 1 12678 12505 12679 XOR
2 1 12241 12510 12680 XOR
2 1 12520 12680 12681 AND
2 1 12681 12510 12682 XOR
2 1 12244 12515 12683 XOR
2 1 12520 12683 12684 AND
2 1 12684 12515 12685 XOR
1 1 12520 12686 INV
2 1 9 64 12687 XOR
2 1 12687 64 12688 AND
2 1 12523 65 12689 XOR
2 1 12688 65 12690 XOR
2 1 12689 12688 12691 XOR
2 1 12689 12690 12692 AND
2 1 12688 12692 12693 XOR
2 1 12526 66 12694 XOR
2 1 12693 66 12695 XOR
2 1 12694 12693 12696 XOR
2 1 12694 12695 12697 AND
2 1 12693 12697 12698 XOR
2 1 12529 67 12699 XOR
2 1 12698 67 12700 XOR
2 1 12699 12698 12701 XOR
2 1 12699 12700 12702 AND
2 1 12698 12702 12703 XOR
2 1 12532 68 12704 XOR
2 1 12703 68 12705 XOR
2 1 12704 12703 12706 XOR
2 1 12704 12705 12707 AND
2 1 12703 12707 12708 XOR
2 1 12535 69 12709 XOR
2 1 12708 69 12710 XOR
2 1 12709 12708 12711 XOR
2 1 12709 12710 12712 AND
2 1 12708 12712 12713 XOR
2 1 12538 70 12714 XOR
2 1 12713 70 12715 XOR
2 1 12714 12713 12716 XOR
2 1 12714 12715 12717 AND
2 1 12713 12717 12718 XOR
2 1 12541 71 12719 XOR
2 1 12718 71 12720 XOR
2 1 12719 12718 12721 XOR
2 1 12719 12720 12722 AND
2 1 12718 12722 12723 XOR
2 1 12544 72 12724 XOR
2 1 12723 72 12725 XOR
2 1 12724 12723 12726 XOR
2 1 12724 12725 12727 AND
2 1 12723 12727 12728 XOR
2 1 12547 73 12729 XOR
2 1 12728 73 12730 XOR
2 1 12729 12728 12731 XOR
2 1 12729 12730 12732 AND
2 1 12728 12732 12733 XOR
2 1 12550 74 12734 XOR
2 1 12733 74 12735 XOR
2 1 12734 12733 12736 XOR
2 1 12734 12735 12737 AND
2 1 12733 12737 12738 XOR
2 1 12553 75 12739 XOR
2 1 12738 75 12740 XOR
2 1 12739 12738 12741 XOR
2 1 12739 12740 12742 AND
2 1 12738 12742 12743 XOR
2 1 12556 76 12744 XOR
2 1 12743 76 12745 XOR
2 1 12744 12743 12746 XOR
2 1 12744 12745 12747 AND
2 1 12743 12747 12748 XOR
2 1 12559 77 12749 XOR
2 1 12748 77 12750 XOR
2 1 12749 12748 12751 XOR
2 1 12749 12750 12752 AND
2 1 12748 12752 12753 XOR
2 1 12562 78 12754 XOR
2 1 12753 78 12755 XOR
2 1 12754 12753 12756 XOR
2 1 12754 12755 12757 AND
2 1 12753 12757 12758 XOR
2 1 12565 79 12759 XOR
2 1 12758 79 12760 XOR
2 1 12759 12758 12761 XOR
2 1 12759 12760 12762 AND
2 1 12758 12762 12763 XOR
2 1 12568 80 12764 XOR
2 1 12763 80 12765 XOR
2 1 12764 12763 12766 XOR
2 1 12764 12765 12767 AND
2 1 12763 12767 12768 XOR
2 1 12571 81 12769 XOR
2 1 12768 81 12770 XOR
2 1 12769 12768 12771 XOR
2 1 12769 12770 12772 AND
2 1 12768 12772 12773 XOR
2 1 12574 82 12774 XOR
2 1 12773 82 12775 XOR
2 1 12774 12773 12776 XOR
2 1 12774 12775 12777 AND
2 1 12773 12777 12778 XOR
2 1 12577 83 12779 XOR
2 1 12778 83 12780 XOR
2 1 12779 12778 12781 XOR
2 1 12779 12780 12782 AND
2 1 12778 12782 12783 XOR
2 1 12580 84 12784 XOR
2 1 12783 84 12785 XOR
2 1 12784 12783 12786 XOR
2 1 12784 12785 12787 AND
2 1 12783 12787 12788 XOR
2 1 12583 85 12789 XOR
2 1 12788 85 12790 XOR
2 1 12789 12788 12791 XOR
2 1 12789 12790 12792 AND
2 1 12788 12792 12793 XOR
2 1 12586 86 12794 XOR
2 1 12793 86 12795 XOR
2 1 12794 12793 12796 XOR
2 1 12794 12795 12797 AND
2 1 12793 12797 12798 XOR
2 1 12589 87 12799 XOR
2 1 12798 87 12800 XOR
2 1 12799 12798 12801 XOR
2 1 12799 12800 12802 AND
2 1 12798 12802 12803 XOR
2 1 12592 88 12804 XOR
2 1 12803 88 12805 XOR
2 1 12804 12803 12806 XOR
2 1 12804 12805 12807 AND
2 1 12803 12807 12808 XOR
2 1 12595 89 12809 XOR
2 1 12808 89 12810 XOR
2 1 12809 12808 12811 XOR
2 1 12809 12810 12812 AND
2 1 12808 12812 12813 XOR
2 1 12598 90 12814 XOR
2 1 12813 90 12815 XOR
2 1 12814 12813 12816 XOR
2 1 12814 12815 12817 AND
2 1 12813 12817 12818 XOR
2 1 12601 91 12819 XOR
2 1 12818 91 12820 XOR
2 1 12819 12818 12821 XOR
2 1 12819 12820 12822 AND
2 1 12818 12822 12823 XOR
2 1 12604 92 12824 XOR
2 1 12823 92 12825 XOR
2 1 12824 12823 12826 XOR
2 1 12824 12825 12827 AND
2 1 12823 12827 12828 XOR
2 1 12607 93 12829 XOR
2 1 12828 93 12830 XOR
2 1 12829 12828 12831 XOR
2 1 12829 12830 12832 AND
2 1 12828 12832 12833 XOR
2 1 12610 94 12834 XOR
2 1 12833 94 12835 XOR
2 1 12834 12833 12836 XOR
2 1 12834 12835 12837 AND
2 1 12833 12837 12838 XOR
2 1 12613 95 12839 XOR
2 1 12838 95 12840 XOR
2 1 12839 12838 12841 XOR
2 1 12839 12840 12842 AND
2 1 12838 12842 12843 XOR
2 1 12616 96 12844 XOR
2 1 12843 96 12845 XOR
2 1 12844 12843 12846 XOR
2 1 12844 12845 12847 AND
2 1 12843 12847 12848 XOR
2 1 12619 97 12849 XOR
2 1 12848 97 12850 XOR
2 1 12849 12848 12851 XOR
2 1 12849 12850 12852 AND
2 1 12848 12852 12853 XOR
2 1 12622 98 12854 XOR
2 1 12853 98 12855 XOR
2 1 12854 12853 12856 XOR
2 1 12854 12855 12857 AND
2 1 12853 12857 12858 XOR
2 1 12625 99 12859 XOR
2 1 12858 99 12860 XOR
2 1 12859 12858 12861 XOR
2 1 12859 12860 12862 AND
2 1 12858 12862 12863 XOR
2 1 12628 100 12864 XOR
2 1 12863 100 12865 XOR
2 1 12864 12863 12866 XOR
2 1 12864 12865 12867 AND
2 1 12863 12867 12868 XOR
2 1 12631 101 12869 XOR
2 1 12868 101 12870 XOR
2 1 12869 12868 12871 XOR
2 1 12869 12870 12872 AND
2 1 12868 12872 12873 XOR
2 1 12634 102 12874 XOR
2 1 12873 102 12875 XOR
2 1 12874 12873 12876 XOR
2 1 12874 12875 12877 AND
2 1 12873 12877 12878 XOR
2 1 12637 103 12879 XOR
2 1 12878 103 12880 XOR
2 1 12879 12878 12881 XOR
2 1 12879 12880 12882 AND
2 1 12878 12882 12883 XOR
2 1 12640 104 12884 XOR
2 1 12883 104 12885 XOR
2 1 12884 12883 12886 XOR
2 1 12884 12885 12887 AND
2 1 12883 12887 12888 XOR
2 1 12643 105 12889 XOR
2 1 12888 105 12890 XOR
2 1 12889 12888 12891 XOR
2 1 12889 12890 12892 AND
2 1 12888 12892 12893 XOR
2 1 12646 106 12894 XOR
2 1 12893 106 12895 XOR
2 1 12894 12893 12896 XOR
2 1 12894 12895 12897 AND
2 1 12893 12897 12898 XOR
2 1 12649 107 12899 XOR
2 1 12898 107 12900 XOR
2 1 12899 12898 12901 XOR
2 1 12899 12900 12902 AND
2 1 12898 12902 12903 XOR
2 1 12652 108 12904 XOR
2 1 12903 108 12905 XOR
2 1 12904 12903 12906 XOR
2 1 12904 12905 12907 AND
2 1 12903 12907 12908 XOR
2 1 12655 109 12909 XOR
2 1 12908 109 12910 XOR
2 1 12909 12908 12911 XOR
2 1 12909 12910 12912 AND
2 1 12908 12912 12913 XOR
2 1 12658 110 12914 XOR
2 1 12913 110 12915 XOR
2 1 12914 12913 12916 XOR
2 1 12914 12915 12917 AND
2 1 12913 12917 12918 XOR
2 1 12661 111 12919 XOR
2 1 12918 111 12920 XOR
2 1 12919 12918 12921 XOR
2 1 12919 12920 12922 AND
2 1 12918 12922 12923 XOR
2 1 12664 112 12924 XOR
2 1 12923 112 12925 XOR
2 1 12924 12923 12926 XOR
2 1 12924 12925 12927 AND
2 1 12923 12927 12928 XOR
2 1 12667 113 12929 XOR
2 1 12928 113 12930 XOR
2 1 12929 12928 12931 XOR
2 1 12929 12930 12932 AND
2 1 12928 12932 12933 XOR
2 1 12670 114 12934 XOR
2 1 12933 114 12935 XOR
2 1 12934 12933 12936 XOR
2 1 12934 12935 12937 AND
2 1 12933 12937 12938 XOR
2 1 12673 115 12939 XOR
2 1 12938 115 12940 XOR
2 1 12939 12938 12941 XOR
2 1 12939 12940 12942 AND
2 1 12938 12942 12943 XOR
2 1 12676 116 12944 XOR
2 1 12943 116 12945 XOR
2 1 12944 12943 12946 XOR
2 1 12944 12945 12947 AND
2 1 12943 12947 12948 XOR
2 1 12679 117 12949 XOR
2 1 12948 117 12950 XOR
2 1 12949 12948 12951 XOR
2 1 12949 12950 12952 AND
2 1 12948 12952 12953 XOR
2 1 12682 118 12954 XOR
2 1 12953 118 12955 XOR
2 1 12954 12953 12956 XOR
2 1 12954 12955 12957 AND
2 1 12953 12957 12958 XOR
2 1 12685 119 12959 XOR
2 1 12958 119 12960 XOR
2 1 12959 12958 12961 XOR
2 1 12959 12960 12962 AND
2 1 12958 12962 12963 XOR
2 1 12963 148 12964 XOR
2 1 12963 148 12965 AND
2 1 12964 12965 12966 XOR
2 1 9 12687 12967 XOR
2 1 12966 12967 12968 AND
2 1 12968 12687 12969 XOR
2 1 12523 12691 12970 XOR
2 1 12966 12970 12971 AND
2 1 12971 12691 12972 XOR
2 1 12526 12696 12973 XOR
2 1 12966 12973 12974 AND
2 1 12974 12696 12975 XOR
2 1 12529 12701 12976 XOR
2 1 12966 12976 12977 AND
2 1 12977 12701 12978 XOR
2 1 12532 12706 12979 XOR
2 1 12966 12979 12980 AND
2 1 12980 12706 12981 XOR
2 1 12535 12711 12982 XOR
2 1 12966 12982 12983 AND
2 1 12983 12711 12984 XOR
2 1 12538 12716 12985 XOR
2 1 12966 12985 12986 AND
2 1 12986 12716 12987 XOR
2 1 12541 12721 12988 XOR
2 1 12966 12988 12989 AND
2 1 12989 12721 12990 XOR
2 1 12544 12726 12991 XOR
2 1 12966 12991 12992 AND
2 1 12992 12726 12993 XOR
2 1 12547 12731 12994 XOR
2 1 12966 12994 12995 AND
2 1 12995 12731 12996 XOR
2 1 12550 12736 12997 XOR
2 1 12966 12997 12998 AND
2 1 12998 12736 12999 XOR
2 1 12553 12741 13000 XOR
2 1 12966 13000 13001 AND
2 1 13001 12741 13002 XOR
2 1 12556 12746 13003 XOR
2 1 12966 13003 13004 AND
2 1 13004 12746 13005 XOR
2 1 12559 12751 13006 XOR
2 1 12966 13006 13007 AND
2 1 13007 12751 13008 XOR
2 1 12562 12756 13009 XOR
2 1 12966 13009 13010 AND
2 1 13010 12756 13011 XOR
2 1 12565 12761 13012 XOR
2 1 12966 13012 13013 AND
2 1 13013 12761 13014 XOR
2 1 12568 12766 13015 XOR
2 1 12966 13015 13016 AND
2 1 13016 12766 13017 XOR
2 1 12571 12771 13018 XOR
2 1 12966 13018 13019 AND
2 1 13019 12771 13020 XOR
2 1 12574 12776 13021 XOR
2 1 12966 13021 13022 AND
2 1 13022 12776 13023 XOR
2 1 12577 12781 13024 XOR
2 1 12966 13024 13025 AND
2 1 13025 12781 13026 XOR
2 1 12580 12786 13027 XOR
2 1 12966 13027 13028 AND
2 1 13028 12786 13029 XOR
2 1 12583 12791 13030 XOR
2 1 12966 13030 13031 AND
2 1 13031 12791 13032 XOR
2 1 12586 12796 13033 XOR
2 1 12966 13033 13034 AND
2 1 13034 12796 13035 XOR
2 1 12589 12801 13036 XOR
2 1 12966 13036 13037 AND
2 1 13037 12801 13038 XOR
2 1 12592 12806 13039 XOR
2 1 12966 13039 13040 AND
2 1 13040 12806 13041 XOR
2 1 12595 12811 13042 XOR
2 1 12966 13042 13043 AND
2 1 13043 12811 13044 XOR
2 1 12598 12816 13045 XOR
2 1 12966 13045 13046 AND
2 1 13046 12816 13047 XOR
2 1 12601 12821 13048 XOR
2 1 12966 13048 13049 AND
2 1 13049 12821 13050 XOR
2 1 12604 12826 13051 XOR
2 1 12966 13051 13052 AND
2 1 13052 12826 13053 XOR
2 1 12607 12831 13054 XOR
2 1 12966 13054 13055 AND
2 1 13055 12831 13056 XOR
2 1 12610 12836 13057 XOR
2 1 12966 13057 13058 AND
2 1 13058 12836 13059 XOR
2 1 12613 12841 13060 XOR
2 1 12966 13060 13061 AND
2 1 13061 12841 13062 XOR
2 1 12616 12846 13063 XOR
2 1 12966 13063 13064 AND
2 1 13064 12846 13065 XOR
2 1 12619 12851 13066 XOR
2 1 12966 13066 13067 AND
2 1 13067 12851 13068 XOR
2 1 12622 12856 13069 XOR
2 1 12966 13069 13070 AND
2 1 13070 12856 13071 XOR
2 1 12625 12861 13072 XOR
2 1 12966 13072 13073 AND
2 1 13073 12861 13074 XOR
2 1 12628 12866 13075 XOR
2 1 12966 13075 13076 AND
2 1 13076 12866 13077 XOR
2 1 12631 12871 13078 XOR
2 1 12966 13078 13079 AND
2 1 13079 12871 13080 XOR
2 1 12634 12876 13081 XOR
2 1 12966 13081 13082 AND
2 1 13082 12876 13083 XOR
2 1 12637 12881 13084 XOR
2 1 12966 13084 13085 AND
2 1 13085 12881 13086 XOR
2 1 12640 12886 13087 XOR
2 1 12966 13087 13088 AND
2 1 13088 12886 13089 XOR
2 1 12643 12891 13090 XOR
2 1 12966 13090 13091 AND
2 1 13091 12891 13092 XOR
2 1 12646 12896 13093 XOR
2 1 12966 13093 13094 AND
2 1 13094 12896 13095 XOR
2 1 12649 12901 13096 XOR
2 1 12966 13096 13097 AND
2 1 13097 12901 13098 XOR
2 1 12652 12906 13099 XOR
2 1 12966 13099 13100 AND
2 1 13100 12906 13101 XOR
2 1 12655 12911 13102 XOR
2 1 12966 13102 13103 AND
2 1 13103 12911 13104 XOR
2 1 12658 12916 13105 XOR
2 1 12966 13105 13106 AND
2 1 13106 12916 13107 XOR
2 1 12661 12921 13108 XOR
2 1 12966 13108 13109 AND
2 1 13109 12921 13110 XOR
2 1 12664 12926 13111 XOR
2 1 12966 13111 13112 AND
2 1 13112 12926 13113 XOR
2 1 12667 12931 13114 XOR
2 1 12966 13114 13115 AND
2 1 13115 12931 13116 XOR
2 1 12670 12936 13117 XOR
2 1 12966 13117 13118 AND
2 1 13118 12936 13119 XOR
2 1 12673 12941 13120 XOR
2 1 12966 13120 13121 AND
2 1 13121 12941 13122 XOR
2 1 12676 12946 13123 XOR
2 1 12966 13123 13124 AND
2 1 13124 12946 13125 XOR
2 1 12679 12951 13126 XOR
2 1 12966 13126 13127 AND
2 1 13127 12951 13128 XOR
2 1 12682 12956 13129 XOR
2 1 12966 13129 13130 AND
2 1 13130 12956 13131 XOR
2 1 12685 12961 13132 XOR
2 1 12966 13132 13133 AND
2 1 13133 12961 13134 XOR
1 1 12966 13135 INV
2 1 8 64 13136 XOR
2 1 13136 64 13137 AND
2 1 12969 65 13138 XOR
2 1 13137 65 13139 XOR
2 1 13138 13137 13140 XOR
2 1 13138 13139 13141 AND
2 1 13137 13141 13142 XOR
2 1 12972 66 13143 XOR
2 1 13142 66 13144 XOR
2 1 13143 13142 13145 XOR
2 1 13143 13144 13146 AND
2 1 13142 13146 13147 XOR
2 1 12975 67 13148 XOR
2 1 13147 67 13149 XOR
2 1 13148 13147 13150 XOR
2 1 13148 13149 13151 AND
2 1 13147 13151 13152 XOR
2 1 12978 68 13153 XOR
2 1 13152 68 13154 XOR
2 1 13153 13152 13155 XOR
2 1 13153 13154 13156 AND
2 1 13152 13156 13157 XOR
2 1 12981 69 13158 XOR
2 1 13157 69 13159 XOR
2 1 13158 13157 13160 XOR
2 1 13158 13159 13161 AND
2 1 13157 13161 13162 XOR
2 1 12984 70 13163 XOR
2 1 13162 70 13164 XOR
2 1 13163 13162 13165 XOR
2 1 13163 13164 13166 AND
2 1 13162 13166 13167 XOR
2 1 12987 71 13168 XOR
2 1 13167 71 13169 XOR
2 1 13168 13167 13170 XOR
2 1 13168 13169 13171 AND
2 1 13167 13171 13172 XOR
2 1 12990 72 13173 XOR
2 1 13172 72 13174 XOR
2 1 13173 13172 13175 XOR
2 1 13173 13174 13176 AND
2 1 13172 13176 13177 XOR
2 1 12993 73 13178 XOR
2 1 13177 73 13179 XOR
2 1 13178 13177 13180 XOR
2 1 13178 13179 13181 AND
2 1 13177 13181 13182 XOR
2 1 12996 74 13183 XOR
2 1 13182 74 13184 XOR
2 1 13183 13182 13185 XOR
2 1 13183 13184 13186 AND
2 1 13182 13186 13187 XOR
2 1 12999 75 13188 XOR
2 1 13187 75 13189 XOR
2 1 13188 13187 13190 XOR
2 1 13188 13189 13191 AND
2 1 13187 13191 13192 XOR
2 1 13002 76 13193 XOR
2 1 13192 76 13194 XOR
2 1 13193 13192 13195 XOR
2 1 13193 13194 13196 AND
2 1 13192 13196 13197 XOR
2 1 13005 77 13198 XOR
2 1 13197 77 13199 XOR
2 1 13198 13197 13200 XOR
2 1 13198 13199 13201 AND
2 1 13197 13201 13202 XOR
2 1 13008 78 13203 XOR
2 1 13202 78 13204 XOR
2 1 13203 13202 13205 XOR
2 1 13203 13204 13206 AND
2 1 13202 13206 13207 XOR
2 1 13011 79 13208 XOR
2 1 13207 79 13209 XOR
2 1 13208 13207 13210 XOR
2 1 13208 13209 13211 AND
2 1 13207 13211 13212 XOR
2 1 13014 80 13213 XOR
2 1 13212 80 13214 XOR
2 1 13213 13212 13215 XOR
2 1 13213 13214 13216 AND
2 1 13212 13216 13217 XOR
2 1 13017 81 13218 XOR
2 1 13217 81 13219 XOR
2 1 13218 13217 13220 XOR
2 1 13218 13219 13221 AND
2 1 13217 13221 13222 XOR
2 1 13020 82 13223 XOR
2 1 13222 82 13224 XOR
2 1 13223 13222 13225 XOR
2 1 13223 13224 13226 AND
2 1 13222 13226 13227 XOR
2 1 13023 83 13228 XOR
2 1 13227 83 13229 XOR
2 1 13228 13227 13230 XOR
2 1 13228 13229 13231 AND
2 1 13227 13231 13232 XOR
2 1 13026 84 13233 XOR
2 1 13232 84 13234 XOR
2 1 13233 13232 13235 XOR
2 1 13233 13234 13236 AND
2 1 13232 13236 13237 XOR
2 1 13029 85 13238 XOR
2 1 13237 85 13239 XOR
2 1 13238 13237 13240 XOR
2 1 13238 13239 13241 AND
2 1 13237 13241 13242 XOR
2 1 13032 86 13243 XOR
2 1 13242 86 13244 XOR
2 1 13243 13242 13245 XOR
2 1 13243 13244 13246 AND
2 1 13242 13246 13247 XOR
2 1 13035 87 13248 XOR
2 1 13247 87 13249 XOR
2 1 13248 13247 13250 XOR
2 1 13248 13249 13251 AND
2 1 13247 13251 13252 XOR
2 1 13038 88 13253 XOR
2 1 13252 88 13254 XOR
2 1 13253 13252 13255 XOR
2 1 13253 13254 13256 AND
2 1 13252 13256 13257 XOR
2 1 13041 89 13258 XOR
2 1 13257 89 13259 XOR
2 1 13258 13257 13260 XOR
2 1 13258 13259 13261 AND
2 1 13257 13261 13262 XOR
2 1 13044 90 13263 XOR
2 1 13262 90 13264 XOR
2 1 13263 13262 13265 XOR
2 1 13263 13264 13266 AND
2 1 13262 13266 13267 XOR
2 1 13047 91 13268 XOR
2 1 13267 91 13269 XOR
2 1 13268 13267 13270 XOR
2 1 13268 13269 13271 AND
2 1 13267 13271 13272 XOR
2 1 13050 92 13273 XOR
2 1 13272 92 13274 XOR
2 1 13273 13272 13275 XOR
2 1 13273 13274 13276 AND
2 1 13272 13276 13277 XOR
2 1 13053 93 13278 XOR
2 1 13277 93 13279 XOR
2 1 13278 13277 13280 XOR
2 1 13278 13279 13281 AND
2 1 13277 13281 13282 XOR
2 1 13056 94 13283 XOR
2 1 13282 94 13284 XOR
2 1 13283 13282 13285 XOR
2 1 13283 13284 13286 AND
2 1 13282 13286 13287 XOR
2 1 13059 95 13288 XOR
2 1 13287 95 13289 XOR
2 1 13288 13287 13290 XOR
2 1 13288 13289 13291 AND
2 1 13287 13291 13292 XOR
2 1 13062 96 13293 XOR
2 1 13292 96 13294 XOR
2 1 13293 13292 13295 XOR
2 1 13293 13294 13296 AND
2 1 13292 13296 13297 XOR
2 1 13065 97 13298 XOR
2 1 13297 97 13299 XOR
2 1 13298 13297 13300 XOR
2 1 13298 13299 13301 AND
2 1 13297 13301 13302 XOR
2 1 13068 98 13303 XOR
2 1 13302 98 13304 XOR
2 1 13303 13302 13305 XOR
2 1 13303 13304 13306 AND
2 1 13302 13306 13307 XOR
2 1 13071 99 13308 XOR
2 1 13307 99 13309 XOR
2 1 13308 13307 13310 XOR
2 1 13308 13309 13311 AND
2 1 13307 13311 13312 XOR
2 1 13074 100 13313 XOR
2 1 13312 100 13314 XOR
2 1 13313 13312 13315 XOR
2 1 13313 13314 13316 AND
2 1 13312 13316 13317 XOR
2 1 13077 101 13318 XOR
2 1 13317 101 13319 XOR
2 1 13318 13317 13320 XOR
2 1 13318 13319 13321 AND
2 1 13317 13321 13322 XOR
2 1 13080 102 13323 XOR
2 1 13322 102 13324 XOR
2 1 13323 13322 13325 XOR
2 1 13323 13324 13326 AND
2 1 13322 13326 13327 XOR
2 1 13083 103 13328 XOR
2 1 13327 103 13329 XOR
2 1 13328 13327 13330 XOR
2 1 13328 13329 13331 AND
2 1 13327 13331 13332 XOR
2 1 13086 104 13333 XOR
2 1 13332 104 13334 XOR
2 1 13333 13332 13335 XOR
2 1 13333 13334 13336 AND
2 1 13332 13336 13337 XOR
2 1 13089 105 13338 XOR
2 1 13337 105 13339 XOR
2 1 13338 13337 13340 XOR
2 1 13338 13339 13341 AND
2 1 13337 13341 13342 XOR
2 1 13092 106 13343 XOR
2 1 13342 106 13344 XOR
2 1 13343 13342 13345 XOR
2 1 13343 13344 13346 AND
2 1 13342 13346 13347 XOR
2 1 13095 107 13348 XOR
2 1 13347 107 13349 XOR
2 1 13348 13347 13350 XOR
2 1 13348 13349 13351 AND
2 1 13347 13351 13352 XOR
2 1 13098 108 13353 XOR
2 1 13352 108 13354 XOR
2 1 13353 13352 13355 XOR
2 1 13353 13354 13356 AND
2 1 13352 13356 13357 XOR
2 1 13101 109 13358 XOR
2 1 13357 109 13359 XOR
2 1 13358 13357 13360 XOR
2 1 13358 13359 13361 AND
2 1 13357 13361 13362 XOR
2 1 13104 110 13363 XOR
2 1 13362 110 13364 XOR
2 1 13363 13362 13365 XOR
2 1 13363 13364 13366 AND
2 1 13362 13366 13367 XOR
2 1 13107 111 13368 XOR
2 1 13367 111 13369 XOR
2 1 13368 13367 13370 XOR
2 1 13368 13369 13371 AND
2 1 13367 13371 13372 XOR
2 1 13110 112 13373 XOR
2 1 13372 112 13374 XOR
2 1 13373 13372 13375 XOR
2 1 13373 13374 13376 AND
2 1 13372 13376 13377 XOR
2 1 13113 113 13378 XOR
2 1 13377 113 13379 XOR
2 1 13378 13377 13380 XOR
2 1 13378 13379 13381 AND
2 1 13377 13381 13382 XOR
2 1 13116 114 13383 XOR
2 1 13382 114 13384 XOR
2 1 13383 13382 13385 XOR
2 1 13383 13384 13386 AND
2 1 13382 13386 13387 XOR
2 1 13119 115 13388 XOR
2 1 13387 115 13389 XOR
2 1 13388 13387 13390 XOR
2 1 13388 13389 13391 AND
2 1 13387 13391 13392 XOR
2 1 13122 116 13393 XOR
2 1 13392 116 13394 XOR
2 1 13393 13392 13395 XOR
2 1 13393 13394 13396 AND
2 1 13392 13396 13397 XOR
2 1 13125 117 13398 XOR
2 1 13397 117 13399 XOR
2 1 13398 13397 13400 XOR
2 1 13398 13399 13401 AND
2 1 13397 13401 13402 XOR
2 1 13128 118 13403 XOR
2 1 13402 118 13404 XOR
2 1 13403 13402 13405 XOR
2 1 13403 13404 13406 AND
2 1 13402 13406 13407 XOR
2 1 13131 119 13408 XOR
2 1 13407 119 13409 XOR
2 1 13408 13407 13410 XOR
2 1 13408 13409 13411 AND
2 1 13407 13411 13412 XOR
2 1 13134 120 13413 XOR
2 1 13412 120 13414 XOR
2 1 13413 13412 13415 XOR
2 1 13413 13414 13416 AND
2 1 13412 13416 13417 XOR
2 1 13417 145 13418 XOR
2 1 13417 145 13419 AND
2 1 13418 13419 13420 XOR
2 1 8 13136 13421 XOR
2 1 13420 13421 13422 AND
2 1 13422 13136 13423 XOR
2 1 12969 13140 13424 XOR
2 1 13420 13424 13425 AND
2 1 13425 13140 13426 XOR
2 1 12972 13145 13427 XOR
2 1 13420 13427 13428 AND
2 1 13428 13145 13429 XOR
2 1 12975 13150 13430 XOR
2 1 13420 13430 13431 AND
2 1 13431 13150 13432 XOR
2 1 12978 13155 13433 XOR
2 1 13420 13433 13434 AND
2 1 13434 13155 13435 XOR
2 1 12981 13160 13436 XOR
2 1 13420 13436 13437 AND
2 1 13437 13160 13438 XOR
2 1 12984 13165 13439 XOR
2 1 13420 13439 13440 AND
2 1 13440 13165 13441 XOR
2 1 12987 13170 13442 XOR
2 1 13420 13442 13443 AND
2 1 13443 13170 13444 XOR
2 1 12990 13175 13445 XOR
2 1 13420 13445 13446 AND
2 1 13446 13175 13447 XOR
2 1 12993 13180 13448 XOR
2 1 13420 13448 13449 AND
2 1 13449 13180 13450 XOR
2 1 12996 13185 13451 XOR
2 1 13420 13451 13452 AND
2 1 13452 13185 13453 XOR
2 1 12999 13190 13454 XOR
2 1 13420 13454 13455 AND
2 1 13455 13190 13456 XOR
2 1 13002 13195 13457 XOR
2 1 13420 13457 13458 AND
2 1 13458 13195 13459 XOR
2 1 13005 13200 13460 XOR
2 1 13420 13460 13461 AND
2 1 13461 13200 13462 XOR
2 1 13008 13205 13463 XOR
2 1 13420 13463 13464 AND
2 1 13464 13205 13465 XOR
2 1 13011 13210 13466 XOR
2 1 13420 13466 13467 AND
2 1 13467 13210 13468 XOR
2 1 13014 13215 13469 XOR
2 1 13420 13469 13470 AND
2 1 13470 13215 13471 XOR
2 1 13017 13220 13472 XOR
2 1 13420 13472 13473 AND
2 1 13473 13220 13474 XOR
2 1 13020 13225 13475 XOR
2 1 13420 13475 13476 AND
2 1 13476 13225 13477 XOR
2 1 13023 13230 13478 XOR
2 1 13420 13478 13479 AND
2 1 13479 13230 13480 XOR
2 1 13026 13235 13481 XOR
2 1 13420 13481 13482 AND
2 1 13482 13235 13483 XOR
2 1 13029 13240 13484 XOR
2 1 13420 13484 13485 AND
2 1 13485 13240 13486 XOR
2 1 13032 13245 13487 XOR
2 1 13420 13487 13488 AND
2 1 13488 13245 13489 XOR
2 1 13035 13250 13490 XOR
2 1 13420 13490 13491 AND
2 1 13491 13250 13492 XOR
2 1 13038 13255 13493 XOR
2 1 13420 13493 13494 AND
2 1 13494 13255 13495 XOR
2 1 13041 13260 13496 XOR
2 1 13420 13496 13497 AND
2 1 13497 13260 13498 XOR
2 1 13044 13265 13499 XOR
2 1 13420 13499 13500 AND
2 1 13500 13265 13501 XOR
2 1 13047 13270 13502 XOR
2 1 13420 13502 13503 AND
2 1 13503 13270 13504 XOR
2 1 13050 13275 13505 XOR
2 1 13420 13505 13506 AND
2 1 13506 13275 13507 XOR
2 1 13053 13280 13508 XOR
2 1 13420 13508 13509 AND
2 1 13509 13280 13510 XOR
2 1 13056 13285 13511 XOR
2 1 13420 13511 13512 AND
2 1 13512 13285 13513 XOR
2 1 13059 13290 13514 XOR
2 1 13420 13514 13515 AND
2 1 13515 13290 13516 XOR
2 1 13062 13295 13517 XOR
2 1 13420 13517 13518 AND
2 1 13518 13295 13519 XOR
2 1 13065 13300 13520 XOR
2 1 13420 13520 13521 AND
2 1 13521 13300 13522 XOR
2 1 13068 13305 13523 XOR
2 1 13420 13523 13524 AND
2 1 13524 13305 13525 XOR
2 1 13071 13310 13526 XOR
2 1 13420 13526 13527 AND
2 1 13527 13310 13528 XOR
2 1 13074 13315 13529 XOR
2 1 13420 13529 13530 AND
2 1 13530 13315 13531 XOR
2 1 13077 13320 13532 XOR
2 1 13420 13532 13533 AND
2 1 13533 13320 13534 XOR
2 1 13080 13325 13535 XOR
2 1 13420 13535 13536 AND
2 1 13536 13325 13537 XOR
2 1 13083 13330 13538 XOR
2 1 13420 13538 13539 AND
2 1 13539 13330 13540 XOR
2 1 13086 13335 13541 XOR
2 1 13420 13541 13542 AND
2 1 13542 13335 13543 XOR
2 1 13089 13340 13544 XOR
2 1 13420 13544 13545 AND
2 1 13545 13340 13546 XOR
2 1 13092 13345 13547 XOR
2 1 13420 13547 13548 AND
2 1 13548 13345 13549 XOR
2 1 13095 13350 13550 XOR
2 1 13420 13550 13551 AND
2 1 13551 13350 13552 XOR
2 1 13098 13355 13553 XOR
2 1 13420 13553 13554 AND
2 1 13554 13355 13555 XOR
2 1 13101 13360 13556 XOR
2 1 13420 13556 13557 AND
2 1 13557 13360 13558 XOR
2 1 13104 13365 13559 XOR
2 1 13420 13559 13560 AND
2 1 13560 13365 13561 XOR
2 1 13107 13370 13562 XOR
2 1 13420 13562 13563 AND
2 1 13563 13370 13564 XOR
2 1 13110 13375 13565 XOR
2 1 13420 13565 13566 AND
2 1 13566 13375 13567 XOR
2 1 13113 13380 13568 XOR
2 1 13420 13568 13569 AND
2 1 13569 13380 13570 XOR
2 1 13116 13385 13571 XOR
2 1 13420 13571 13572 AND
2 1 13572 13385 13573 XOR
2 1 13119 13390 13574 XOR
2 1 13420 13574 13575 AND
2 1 13575 13390 13576 XOR
2 1 13122 13395 13577 XOR
2 1 13420 13577 13578 AND
2 1 13578 13395 13579 XOR
2 1 13125 13400 13580 XOR
2 1 13420 13580 13581 AND
2 1 13581 13400 13582 XOR
2 1 13128 13405 13583 XOR
2 1 13420 13583 13584 AND
2 1 13584 13405 13585 XOR
2 1 13131 13410 13586 XOR
2 1 13420 13586 13587 AND
2 1 13587 13410 13588 XOR
2 1 13134 13415 13589 XOR
2 1 13420 13589 13590 AND
2 1 13590 13415 13591 XOR
1 1 13420 13592 INV
2 1 7 64 13593 XOR
2 1 13593 64 13594 AND
2 1 13423 65 13595 XOR
2 1 13594 65 13596 XOR
2 1 13595 13594 13597 XOR
2 1 13595 13596 13598 AND
2 1 13594 13598 13599 XOR
2 1 13426 66 13600 XOR
2 1 13599 66 13601 XOR
2 1 13600 13599 13602 XOR
2 1 13600 13601 13603 AND
2 1 13599 13603 13604 XOR
2 1 13429 67 13605 XOR
2 1 13604 67 13606 XOR
2 1 13605 13604 13607 XOR
2 1 13605 13606 13608 AND
2 1 13604 13608 13609 XOR
2 1 13432 68 13610 XOR
2 1 13609 68 13611 XOR
2 1 13610 13609 13612 XOR
2 1 13610 13611 13613 AND
2 1 13609 13613 13614 XOR
2 1 13435 69 13615 XOR
2 1 13614 69 13616 XOR
2 1 13615 13614 13617 XOR
2 1 13615 13616 13618 AND
2 1 13614 13618 13619 XOR
2 1 13438 70 13620 XOR
2 1 13619 70 13621 XOR
2 1 13620 13619 13622 XOR
2 1 13620 13621 13623 AND
2 1 13619 13623 13624 XOR
2 1 13441 71 13625 XOR
2 1 13624 71 13626 XOR
2 1 13625 13624 13627 XOR
2 1 13625 13626 13628 AND
2 1 13624 13628 13629 XOR
2 1 13444 72 13630 XOR
2 1 13629 72 13631 XOR
2 1 13630 13629 13632 XOR
2 1 13630 13631 13633 AND
2 1 13629 13633 13634 XOR
2 1 13447 73 13635 XOR
2 1 13634 73 13636 XOR
2 1 13635 13634 13637 XOR
2 1 13635 13636 13638 AND
2 1 13634 13638 13639 XOR
2 1 13450 74 13640 XOR
2 1 13639 74 13641 XOR
2 1 13640 13639 13642 XOR
2 1 13640 13641 13643 AND
2 1 13639 13643 13644 XOR
2 1 13453 75 13645 XOR
2 1 13644 75 13646 XOR
2 1 13645 13644 13647 XOR
2 1 13645 13646 13648 AND
2 1 13644 13648 13649 XOR
2 1 13456 76 13650 XOR
2 1 13649 76 13651 XOR
2 1 13650 13649 13652 XOR
2 1 13650 13651 13653 AND
2 1 13649 13653 13654 XOR
2 1 13459 77 13655 XOR
2 1 13654 77 13656 XOR
2 1 13655 13654 13657 XOR
2 1 13655 13656 13658 AND
2 1 13654 13658 13659 XOR
2 1 13462 78 13660 XOR
2 1 13659 78 13661 XOR
2 1 13660 13659 13662 XOR
2 1 13660 13661 13663 AND
2 1 13659 13663 13664 XOR
2 1 13465 79 13665 XOR
2 1 13664 79 13666 XOR
2 1 13665 13664 13667 XOR
2 1 13665 13666 13668 AND
2 1 13664 13668 13669 XOR
2 1 13468 80 13670 XOR
2 1 13669 80 13671 XOR
2 1 13670 13669 13672 XOR
2 1 13670 13671 13673 AND
2 1 13669 13673 13674 XOR
2 1 13471 81 13675 XOR
2 1 13674 81 13676 XOR
2 1 13675 13674 13677 XOR
2 1 13675 13676 13678 AND
2 1 13674 13678 13679 XOR
2 1 13474 82 13680 XOR
2 1 13679 82 13681 XOR
2 1 13680 13679 13682 XOR
2 1 13680 13681 13683 AND
2 1 13679 13683 13684 XOR
2 1 13477 83 13685 XOR
2 1 13684 83 13686 XOR
2 1 13685 13684 13687 XOR
2 1 13685 13686 13688 AND
2 1 13684 13688 13689 XOR
2 1 13480 84 13690 XOR
2 1 13689 84 13691 XOR
2 1 13690 13689 13692 XOR
2 1 13690 13691 13693 AND
2 1 13689 13693 13694 XOR
2 1 13483 85 13695 XOR
2 1 13694 85 13696 XOR
2 1 13695 13694 13697 XOR
2 1 13695 13696 13698 AND
2 1 13694 13698 13699 XOR
2 1 13486 86 13700 XOR
2 1 13699 86 13701 XOR
2 1 13700 13699 13702 XOR
2 1 13700 13701 13703 AND
2 1 13699 13703 13704 XOR
2 1 13489 87 13705 XOR
2 1 13704 87 13706 XOR
2 1 13705 13704 13707 XOR
2 1 13705 13706 13708 AND
2 1 13704 13708 13709 XOR
2 1 13492 88 13710 XOR
2 1 13709 88 13711 XOR
2 1 13710 13709 13712 XOR
2 1 13710 13711 13713 AND
2 1 13709 13713 13714 XOR
2 1 13495 89 13715 XOR
2 1 13714 89 13716 XOR
2 1 13715 13714 13717 XOR
2 1 13715 13716 13718 AND
2 1 13714 13718 13719 XOR
2 1 13498 90 13720 XOR
2 1 13719 90 13721 XOR
2 1 13720 13719 13722 XOR
2 1 13720 13721 13723 AND
2 1 13719 13723 13724 XOR
2 1 13501 91 13725 XOR
2 1 13724 91 13726 XOR
2 1 13725 13724 13727 XOR
2 1 13725 13726 13728 AND
2 1 13724 13728 13729 XOR
2 1 13504 92 13730 XOR
2 1 13729 92 13731 XOR
2 1 13730 13729 13732 XOR
2 1 13730 13731 13733 AND
2 1 13729 13733 13734 XOR
2 1 13507 93 13735 XOR
2 1 13734 93 13736 XOR
2 1 13735 13734 13737 XOR
2 1 13735 13736 13738 AND
2 1 13734 13738 13739 XOR
2 1 13510 94 13740 XOR
2 1 13739 94 13741 XOR
2 1 13740 13739 13742 XOR
2 1 13740 13741 13743 AND
2 1 13739 13743 13744 XOR
2 1 13513 95 13745 XOR
2 1 13744 95 13746 XOR
2 1 13745 13744 13747 XOR
2 1 13745 13746 13748 AND
2 1 13744 13748 13749 XOR
2 1 13516 96 13750 XOR
2 1 13749 96 13751 XOR
2 1 13750 13749 13752 XOR
2 1 13750 13751 13753 AND
2 1 13749 13753 13754 XOR
2 1 13519 97 13755 XOR
2 1 13754 97 13756 XOR
2 1 13755 13754 13757 XOR
2 1 13755 13756 13758 AND
2 1 13754 13758 13759 XOR
2 1 13522 98 13760 XOR
2 1 13759 98 13761 XOR
2 1 13760 13759 13762 XOR
2 1 13760 13761 13763 AND
2 1 13759 13763 13764 XOR
2 1 13525 99 13765 XOR
2 1 13764 99 13766 XOR
2 1 13765 13764 13767 XOR
2 1 13765 13766 13768 AND
2 1 13764 13768 13769 XOR
2 1 13528 100 13770 XOR
2 1 13769 100 13771 XOR
2 1 13770 13769 13772 XOR
2 1 13770 13771 13773 AND
2 1 13769 13773 13774 XOR
2 1 13531 101 13775 XOR
2 1 13774 101 13776 XOR
2 1 13775 13774 13777 XOR
2 1 13775 13776 13778 AND
2 1 13774 13778 13779 XOR
2 1 13534 102 13780 XOR
2 1 13779 102 13781 XOR
2 1 13780 13779 13782 XOR
2 1 13780 13781 13783 AND
2 1 13779 13783 13784 XOR
2 1 13537 103 13785 XOR
2 1 13784 103 13786 XOR
2 1 13785 13784 13787 XOR
2 1 13785 13786 13788 AND
2 1 13784 13788 13789 XOR
2 1 13540 104 13790 XOR
2 1 13789 104 13791 XOR
2 1 13790 13789 13792 XOR
2 1 13790 13791 13793 AND
2 1 13789 13793 13794 XOR
2 1 13543 105 13795 XOR
2 1 13794 105 13796 XOR
2 1 13795 13794 13797 XOR
2 1 13795 13796 13798 AND
2 1 13794 13798 13799 XOR
2 1 13546 106 13800 XOR
2 1 13799 106 13801 XOR
2 1 13800 13799 13802 XOR
2 1 13800 13801 13803 AND
2 1 13799 13803 13804 XOR
2 1 13549 107 13805 XOR
2 1 13804 107 13806 XOR
2 1 13805 13804 13807 XOR
2 1 13805 13806 13808 AND
2 1 13804 13808 13809 XOR
2 1 13552 108 13810 XOR
2 1 13809 108 13811 XOR
2 1 13810 13809 13812 XOR
2 1 13810 13811 13813 AND
2 1 13809 13813 13814 XOR
2 1 13555 109 13815 XOR
2 1 13814 109 13816 XOR
2 1 13815 13814 13817 XOR
2 1 13815 13816 13818 AND
2 1 13814 13818 13819 XOR
2 1 13558 110 13820 XOR
2 1 13819 110 13821 XOR
2 1 13820 13819 13822 XOR
2 1 13820 13821 13823 AND
2 1 13819 13823 13824 XOR
2 1 13561 111 13825 XOR
2 1 13824 111 13826 XOR
2 1 13825 13824 13827 XOR
2 1 13825 13826 13828 AND
2 1 13824 13828 13829 XOR
2 1 13564 112 13830 XOR
2 1 13829 112 13831 XOR
2 1 13830 13829 13832 XOR
2 1 13830 13831 13833 AND
2 1 13829 13833 13834 XOR
2 1 13567 113 13835 XOR
2 1 13834 113 13836 XOR
2 1 13835 13834 13837 XOR
2 1 13835 13836 13838 AND
2 1 13834 13838 13839 XOR
2 1 13570 114 13840 XOR
2 1 13839 114 13841 XOR
2 1 13840 13839 13842 XOR
2 1 13840 13841 13843 AND
2 1 13839 13843 13844 XOR
2 1 13573 115 13845 XOR
2 1 13844 115 13846 XOR
2 1 13845 13844 13847 XOR
2 1 13845 13846 13848 AND
2 1 13844 13848 13849 XOR
2 1 13576 116 13850 XOR
2 1 13849 116 13851 XOR
2 1 13850 13849 13852 XOR
2 1 13850 13851 13853 AND
2 1 13849 13853 13854 XOR
2 1 13579 117 13855 XOR
2 1 13854 117 13856 XOR
2 1 13855 13854 13857 XOR
2 1 13855 13856 13858 AND
2 1 13854 13858 13859 XOR
2 1 13582 118 13860 XOR
2 1 13859 118 13861 XOR
2 1 13860 13859 13862 XOR
2 1 13860 13861 13863 AND
2 1 13859 13863 13864 XOR
2 1 13585 119 13865 XOR
2 1 13864 119 13866 XOR
2 1 13865 13864 13867 XOR
2 1 13865 13866 13868 AND
2 1 13864 13868 13869 XOR
2 1 13588 120 13870 XOR
2 1 13869 120 13871 XOR
2 1 13870 13869 13872 XOR
2 1 13870 13871 13873 AND
2 1 13869 13873 13874 XOR
2 1 13591 121 13875 XOR
2 1 13874 121 13876 XOR
2 1 13875 13874 13877 XOR
2 1 13875 13876 13878 AND
2 1 13874 13878 13879 XOR
2 1 13879 142 13880 XOR
2 1 13879 142 13881 AND
2 1 13880 13881 13882 XOR
2 1 7 13593 13883 XOR
2 1 13882 13883 13884 AND
2 1 13884 13593 13885 XOR
2 1 13423 13597 13886 XOR
2 1 13882 13886 13887 AND
2 1 13887 13597 13888 XOR
2 1 13426 13602 13889 XOR
2 1 13882 13889 13890 AND
2 1 13890 13602 13891 XOR
2 1 13429 13607 13892 XOR
2 1 13882 13892 13893 AND
2 1 13893 13607 13894 XOR
2 1 13432 13612 13895 XOR
2 1 13882 13895 13896 AND
2 1 13896 13612 13897 XOR
2 1 13435 13617 13898 XOR
2 1 13882 13898 13899 AND
2 1 13899 13617 13900 XOR
2 1 13438 13622 13901 XOR
2 1 13882 13901 13902 AND
2 1 13902 13622 13903 XOR
2 1 13441 13627 13904 XOR
2 1 13882 13904 13905 AND
2 1 13905 13627 13906 XOR
2 1 13444 13632 13907 XOR
2 1 13882 13907 13908 AND
2 1 13908 13632 13909 XOR
2 1 13447 13637 13910 XOR
2 1 13882 13910 13911 AND
2 1 13911 13637 13912 XOR
2 1 13450 13642 13913 XOR
2 1 13882 13913 13914 AND
2 1 13914 13642 13915 XOR
2 1 13453 13647 13916 XOR
2 1 13882 13916 13917 AND
2 1 13917 13647 13918 XOR
2 1 13456 13652 13919 XOR
2 1 13882 13919 13920 AND
2 1 13920 13652 13921 XOR
2 1 13459 13657 13922 XOR
2 1 13882 13922 13923 AND
2 1 13923 13657 13924 XOR
2 1 13462 13662 13925 XOR
2 1 13882 13925 13926 AND
2 1 13926 13662 13927 XOR
2 1 13465 13667 13928 XOR
2 1 13882 13928 13929 AND
2 1 13929 13667 13930 XOR
2 1 13468 13672 13931 XOR
2 1 13882 13931 13932 AND
2 1 13932 13672 13933 XOR
2 1 13471 13677 13934 XOR
2 1 13882 13934 13935 AND
2 1 13935 13677 13936 XOR
2 1 13474 13682 13937 XOR
2 1 13882 13937 13938 AND
2 1 13938 13682 13939 XOR
2 1 13477 13687 13940 XOR
2 1 13882 13940 13941 AND
2 1 13941 13687 13942 XOR
2 1 13480 13692 13943 XOR
2 1 13882 13943 13944 AND
2 1 13944 13692 13945 XOR
2 1 13483 13697 13946 XOR
2 1 13882 13946 13947 AND
2 1 13947 13697 13948 XOR
2 1 13486 13702 13949 XOR
2 1 13882 13949 13950 AND
2 1 13950 13702 13951 XOR
2 1 13489 13707 13952 XOR
2 1 13882 13952 13953 AND
2 1 13953 13707 13954 XOR
2 1 13492 13712 13955 XOR
2 1 13882 13955 13956 AND
2 1 13956 13712 13957 XOR
2 1 13495 13717 13958 XOR
2 1 13882 13958 13959 AND
2 1 13959 13717 13960 XOR
2 1 13498 13722 13961 XOR
2 1 13882 13961 13962 AND
2 1 13962 13722 13963 XOR
2 1 13501 13727 13964 XOR
2 1 13882 13964 13965 AND
2 1 13965 13727 13966 XOR
2 1 13504 13732 13967 XOR
2 1 13882 13967 13968 AND
2 1 13968 13732 13969 XOR
2 1 13507 13737 13970 XOR
2 1 13882 13970 13971 AND
2 1 13971 13737 13972 XOR
2 1 13510 13742 13973 XOR
2 1 13882 13973 13974 AND
2 1 13974 13742 13975 XOR
2 1 13513 13747 13976 XOR
2 1 13882 13976 13977 AND
2 1 13977 13747 13978 XOR
2 1 13516 13752 13979 XOR
2 1 13882 13979 13980 AND
2 1 13980 13752 13981 XOR
2 1 13519 13757 13982 XOR
2 1 13882 13982 13983 AND
2 1 13983 13757 13984 XOR
2 1 13522 13762 13985 XOR
2 1 13882 13985 13986 AND
2 1 13986 13762 13987 XOR
2 1 13525 13767 13988 XOR
2 1 13882 13988 13989 AND
2 1 13989 13767 13990 XOR
2 1 13528 13772 13991 XOR
2 1 13882 13991 13992 AND
2 1 13992 13772 13993 XOR
2 1 13531 13777 13994 XOR
2 1 13882 13994 13995 AND
2 1 13995 13777 13996 XOR
2 1 13534 13782 13997 XOR
2 1 13882 13997 13998 AND
2 1 13998 13782 13999 XOR
2 1 13537 13787 14000 XOR
2 1 13882 14000 14001 AND
2 1 14001 13787 14002 XOR
2 1 13540 13792 14003 XOR
2 1 13882 14003 14004 AND
2 1 14004 13792 14005 XOR
2 1 13543 13797 14006 XOR
2 1 13882 14006 14007 AND
2 1 14007 13797 14008 XOR
2 1 13546 13802 14009 XOR
2 1 13882 14009 14010 AND
2 1 14010 13802 14011 XOR
2 1 13549 13807 14012 XOR
2 1 13882 14012 14013 AND
2 1 14013 13807 14014 XOR
2 1 13552 13812 14015 XOR
2 1 13882 14015 14016 AND
2 1 14016 13812 14017 XOR
2 1 13555 13817 14018 XOR
2 1 13882 14018 14019 AND
2 1 14019 13817 14020 XOR
2 1 13558 13822 14021 XOR
2 1 13882 14021 14022 AND
2 1 14022 13822 14023 XOR
2 1 13561 13827 14024 XOR
2 1 13882 14024 14025 AND
2 1 14025 13827 14026 XOR
2 1 13564 13832 14027 XOR
2 1 13882 14027 14028 AND
2 1 14028 13832 14029 XOR
2 1 13567 13837 14030 XOR
2 1 13882 14030 14031 AND
2 1 14031 13837 14032 XOR
2 1 13570 13842 14033 XOR
2 1 13882 14033 14034 AND
2 1 14034 13842 14035 XOR
2 1 13573 13847 14036 XOR
2 1 13882 14036 14037 AND
2 1 14037 13847 14038 XOR
2 1 13576 13852 14039 XOR
2 1 13882 14039 14040 AND
2 1 14040 13852 14041 XOR
2 1 13579 13857 14042 XOR
2 1 13882 14042 14043 AND
2 1 14043 13857 14044 XOR
2 1 13582 13862 14045 XOR
2 1 13882 14045 14046 AND
2 1 14046 13862 14047 XOR
2 1 13585 13867 14048 XOR
2 1 13882 14048 14049 AND
2 1 14049 13867 14050 XOR
2 1 13588 13872 14051 XOR
2 1 13882 14051 14052 AND
2 1 14052 13872 14053 XOR
2 1 13591 13877 14054 XOR
2 1 13882 14054 14055 AND
2 1 14055 13877 14056 XOR
1 1 13882 14057 INV
2 1 6 64 14058 XOR
2 1 14058 64 14059 AND
2 1 13885 65 14060 XOR
2 1 14059 65 14061 XOR
2 1 14060 14059 14062 XOR
2 1 14060 14061 14063 AND
2 1 14059 14063 14064 XOR
2 1 13888 66 14065 XOR
2 1 14064 66 14066 XOR
2 1 14065 14064 14067 XOR
2 1 14065 14066 14068 AND
2 1 14064 14068 14069 XOR
2 1 13891 67 14070 XOR
2 1 14069 67 14071 XOR
2 1 14070 14069 14072 XOR
2 1 14070 14071 14073 AND
2 1 14069 14073 14074 XOR
2 1 13894 68 14075 XOR
2 1 14074 68 14076 XOR
2 1 14075 14074 14077 XOR
2 1 14075 14076 14078 AND
2 1 14074 14078 14079 XOR
2 1 13897 69 14080 XOR
2 1 14079 69 14081 XOR
2 1 14080 14079 14082 XOR
2 1 14080 14081 14083 AND
2 1 14079 14083 14084 XOR
2 1 13900 70 14085 XOR
2 1 14084 70 14086 XOR
2 1 14085 14084 14087 XOR
2 1 14085 14086 14088 AND
2 1 14084 14088 14089 XOR
2 1 13903 71 14090 XOR
2 1 14089 71 14091 XOR
2 1 14090 14089 14092 XOR
2 1 14090 14091 14093 AND
2 1 14089 14093 14094 XOR
2 1 13906 72 14095 XOR
2 1 14094 72 14096 XOR
2 1 14095 14094 14097 XOR
2 1 14095 14096 14098 AND
2 1 14094 14098 14099 XOR
2 1 13909 73 14100 XOR
2 1 14099 73 14101 XOR
2 1 14100 14099 14102 XOR
2 1 14100 14101 14103 AND
2 1 14099 14103 14104 XOR
2 1 13912 74 14105 XOR
2 1 14104 74 14106 XOR
2 1 14105 14104 14107 XOR
2 1 14105 14106 14108 AND
2 1 14104 14108 14109 XOR
2 1 13915 75 14110 XOR
2 1 14109 75 14111 XOR
2 1 14110 14109 14112 XOR
2 1 14110 14111 14113 AND
2 1 14109 14113 14114 XOR
2 1 13918 76 14115 XOR
2 1 14114 76 14116 XOR
2 1 14115 14114 14117 XOR
2 1 14115 14116 14118 AND
2 1 14114 14118 14119 XOR
2 1 13921 77 14120 XOR
2 1 14119 77 14121 XOR
2 1 14120 14119 14122 XOR
2 1 14120 14121 14123 AND
2 1 14119 14123 14124 XOR
2 1 13924 78 14125 XOR
2 1 14124 78 14126 XOR
2 1 14125 14124 14127 XOR
2 1 14125 14126 14128 AND
2 1 14124 14128 14129 XOR
2 1 13927 79 14130 XOR
2 1 14129 79 14131 XOR
2 1 14130 14129 14132 XOR
2 1 14130 14131 14133 AND
2 1 14129 14133 14134 XOR
2 1 13930 80 14135 XOR
2 1 14134 80 14136 XOR
2 1 14135 14134 14137 XOR
2 1 14135 14136 14138 AND
2 1 14134 14138 14139 XOR
2 1 13933 81 14140 XOR
2 1 14139 81 14141 XOR
2 1 14140 14139 14142 XOR
2 1 14140 14141 14143 AND
2 1 14139 14143 14144 XOR
2 1 13936 82 14145 XOR
2 1 14144 82 14146 XOR
2 1 14145 14144 14147 XOR
2 1 14145 14146 14148 AND
2 1 14144 14148 14149 XOR
2 1 13939 83 14150 XOR
2 1 14149 83 14151 XOR
2 1 14150 14149 14152 XOR
2 1 14150 14151 14153 AND
2 1 14149 14153 14154 XOR
2 1 13942 84 14155 XOR
2 1 14154 84 14156 XOR
2 1 14155 14154 14157 XOR
2 1 14155 14156 14158 AND
2 1 14154 14158 14159 XOR
2 1 13945 85 14160 XOR
2 1 14159 85 14161 XOR
2 1 14160 14159 14162 XOR
2 1 14160 14161 14163 AND
2 1 14159 14163 14164 XOR
2 1 13948 86 14165 XOR
2 1 14164 86 14166 XOR
2 1 14165 14164 14167 XOR
2 1 14165 14166 14168 AND
2 1 14164 14168 14169 XOR
2 1 13951 87 14170 XOR
2 1 14169 87 14171 XOR
2 1 14170 14169 14172 XOR
2 1 14170 14171 14173 AND
2 1 14169 14173 14174 XOR
2 1 13954 88 14175 XOR
2 1 14174 88 14176 XOR
2 1 14175 14174 14177 XOR
2 1 14175 14176 14178 AND
2 1 14174 14178 14179 XOR
2 1 13957 89 14180 XOR
2 1 14179 89 14181 XOR
2 1 14180 14179 14182 XOR
2 1 14180 14181 14183 AND
2 1 14179 14183 14184 XOR
2 1 13960 90 14185 XOR
2 1 14184 90 14186 XOR
2 1 14185 14184 14187 XOR
2 1 14185 14186 14188 AND
2 1 14184 14188 14189 XOR
2 1 13963 91 14190 XOR
2 1 14189 91 14191 XOR
2 1 14190 14189 14192 XOR
2 1 14190 14191 14193 AND
2 1 14189 14193 14194 XOR
2 1 13966 92 14195 XOR
2 1 14194 92 14196 XOR
2 1 14195 14194 14197 XOR
2 1 14195 14196 14198 AND
2 1 14194 14198 14199 XOR
2 1 13969 93 14200 XOR
2 1 14199 93 14201 XOR
2 1 14200 14199 14202 XOR
2 1 14200 14201 14203 AND
2 1 14199 14203 14204 XOR
2 1 13972 94 14205 XOR
2 1 14204 94 14206 XOR
2 1 14205 14204 14207 XOR
2 1 14205 14206 14208 AND
2 1 14204 14208 14209 XOR
2 1 13975 95 14210 XOR
2 1 14209 95 14211 XOR
2 1 14210 14209 14212 XOR
2 1 14210 14211 14213 AND
2 1 14209 14213 14214 XOR
2 1 13978 96 14215 XOR
2 1 14214 96 14216 XOR
2 1 14215 14214 14217 XOR
2 1 14215 14216 14218 AND
2 1 14214 14218 14219 XOR
2 1 13981 97 14220 XOR
2 1 14219 97 14221 XOR
2 1 14220 14219 14222 XOR
2 1 14220 14221 14223 AND
2 1 14219 14223 14224 XOR
2 1 13984 98 14225 XOR
2 1 14224 98 14226 XOR
2 1 14225 14224 14227 XOR
2 1 14225 14226 14228 AND
2 1 14224 14228 14229 XOR
2 1 13987 99 14230 XOR
2 1 14229 99 14231 XOR
2 1 14230 14229 14232 XOR
2 1 14230 14231 14233 AND
2 1 14229 14233 14234 XOR
2 1 13990 100 14235 XOR
2 1 14234 100 14236 XOR
2 1 14235 14234 14237 XOR
2 1 14235 14236 14238 AND
2 1 14234 14238 14239 XOR
2 1 13993 101 14240 XOR
2 1 14239 101 14241 XOR
2 1 14240 14239 14242 XOR
2 1 14240 14241 14243 AND
2 1 14239 14243 14244 XOR
2 1 13996 102 14245 XOR
2 1 14244 102 14246 XOR
2 1 14245 14244 14247 XOR
2 1 14245 14246 14248 AND
2 1 14244 14248 14249 XOR
2 1 13999 103 14250 XOR
2 1 14249 103 14251 XOR
2 1 14250 14249 14252 XOR
2 1 14250 14251 14253 AND
2 1 14249 14253 14254 XOR
2 1 14002 104 14255 XOR
2 1 14254 104 14256 XOR
2 1 14255 14254 14257 XOR
2 1 14255 14256 14258 AND
2 1 14254 14258 14259 XOR
2 1 14005 105 14260 XOR
2 1 14259 105 14261 XOR
2 1 14260 14259 14262 XOR
2 1 14260 14261 14263 AND
2 1 14259 14263 14264 XOR
2 1 14008 106 14265 XOR
2 1 14264 106 14266 XOR
2 1 14265 14264 14267 XOR
2 1 14265 14266 14268 AND
2 1 14264 14268 14269 XOR
2 1 14011 107 14270 XOR
2 1 14269 107 14271 XOR
2 1 14270 14269 14272 XOR
2 1 14270 14271 14273 AND
2 1 14269 14273 14274 XOR
2 1 14014 108 14275 XOR
2 1 14274 108 14276 XOR
2 1 14275 14274 14277 XOR
2 1 14275 14276 14278 AND
2 1 14274 14278 14279 XOR
2 1 14017 109 14280 XOR
2 1 14279 109 14281 XOR
2 1 14280 14279 14282 XOR
2 1 14280 14281 14283 AND
2 1 14279 14283 14284 XOR
2 1 14020 110 14285 XOR
2 1 14284 110 14286 XOR
2 1 14285 14284 14287 XOR
2 1 14285 14286 14288 AND
2 1 14284 14288 14289 XOR
2 1 14023 111 14290 XOR
2 1 14289 111 14291 XOR
2 1 14290 14289 14292 XOR
2 1 14290 14291 14293 AND
2 1 14289 14293 14294 XOR
2 1 14026 112 14295 XOR
2 1 14294 112 14296 XOR
2 1 14295 14294 14297 XOR
2 1 14295 14296 14298 AND
2 1 14294 14298 14299 XOR
2 1 14029 113 14300 XOR
2 1 14299 113 14301 XOR
2 1 14300 14299 14302 XOR
2 1 14300 14301 14303 AND
2 1 14299 14303 14304 XOR
2 1 14032 114 14305 XOR
2 1 14304 114 14306 XOR
2 1 14305 14304 14307 XOR
2 1 14305 14306 14308 AND
2 1 14304 14308 14309 XOR
2 1 14035 115 14310 XOR
2 1 14309 115 14311 XOR
2 1 14310 14309 14312 XOR
2 1 14310 14311 14313 AND
2 1 14309 14313 14314 XOR
2 1 14038 116 14315 XOR
2 1 14314 116 14316 XOR
2 1 14315 14314 14317 XOR
2 1 14315 14316 14318 AND
2 1 14314 14318 14319 XOR
2 1 14041 117 14320 XOR
2 1 14319 117 14321 XOR
2 1 14320 14319 14322 XOR
2 1 14320 14321 14323 AND
2 1 14319 14323 14324 XOR
2 1 14044 118 14325 XOR
2 1 14324 118 14326 XOR
2 1 14325 14324 14327 XOR
2 1 14325 14326 14328 AND
2 1 14324 14328 14329 XOR
2 1 14047 119 14330 XOR
2 1 14329 119 14331 XOR
2 1 14330 14329 14332 XOR
2 1 14330 14331 14333 AND
2 1 14329 14333 14334 XOR
2 1 14050 120 14335 XOR
2 1 14334 120 14336 XOR
2 1 14335 14334 14337 XOR
2 1 14335 14336 14338 AND
2 1 14334 14338 14339 XOR
2 1 14053 121 14340 XOR
2 1 14339 121 14341 XOR
2 1 14340 14339 14342 XOR
2 1 14340 14341 14343 AND
2 1 14339 14343 14344 XOR
2 1 14056 122 14345 XOR
2 1 14344 122 14346 XOR
2 1 14345 14344 14347 XOR
2 1 14345 14346 14348 AND
2 1 14344 14348 14349 XOR
2 1 14349 139 14350 XOR
2 1 14349 139 14351 AND
2 1 14350 14351 14352 XOR
2 1 6 14058 14353 XOR
2 1 14352 14353 14354 AND
2 1 14354 14058 14355 XOR
2 1 13885 14062 14356 XOR
2 1 14352 14356 14357 AND
2 1 14357 14062 14358 XOR
2 1 13888 14067 14359 XOR
2 1 14352 14359 14360 AND
2 1 14360 14067 14361 XOR
2 1 13891 14072 14362 XOR
2 1 14352 14362 14363 AND
2 1 14363 14072 14364 XOR
2 1 13894 14077 14365 XOR
2 1 14352 14365 14366 AND
2 1 14366 14077 14367 XOR
2 1 13897 14082 14368 XOR
2 1 14352 14368 14369 AND
2 1 14369 14082 14370 XOR
2 1 13900 14087 14371 XOR
2 1 14352 14371 14372 AND
2 1 14372 14087 14373 XOR
2 1 13903 14092 14374 XOR
2 1 14352 14374 14375 AND
2 1 14375 14092 14376 XOR
2 1 13906 14097 14377 XOR
2 1 14352 14377 14378 AND
2 1 14378 14097 14379 XOR
2 1 13909 14102 14380 XOR
2 1 14352 14380 14381 AND
2 1 14381 14102 14382 XOR
2 1 13912 14107 14383 XOR
2 1 14352 14383 14384 AND
2 1 14384 14107 14385 XOR
2 1 13915 14112 14386 XOR
2 1 14352 14386 14387 AND
2 1 14387 14112 14388 XOR
2 1 13918 14117 14389 XOR
2 1 14352 14389 14390 AND
2 1 14390 14117 14391 XOR
2 1 13921 14122 14392 XOR
2 1 14352 14392 14393 AND
2 1 14393 14122 14394 XOR
2 1 13924 14127 14395 XOR
2 1 14352 14395 14396 AND
2 1 14396 14127 14397 XOR
2 1 13927 14132 14398 XOR
2 1 14352 14398 14399 AND
2 1 14399 14132 14400 XOR
2 1 13930 14137 14401 XOR
2 1 14352 14401 14402 AND
2 1 14402 14137 14403 XOR
2 1 13933 14142 14404 XOR
2 1 14352 14404 14405 AND
2 1 14405 14142 14406 XOR
2 1 13936 14147 14407 XOR
2 1 14352 14407 14408 AND
2 1 14408 14147 14409 XOR
2 1 13939 14152 14410 XOR
2 1 14352 14410 14411 AND
2 1 14411 14152 14412 XOR
2 1 13942 14157 14413 XOR
2 1 14352 14413 14414 AND
2 1 14414 14157 14415 XOR
2 1 13945 14162 14416 XOR
2 1 14352 14416 14417 AND
2 1 14417 14162 14418 XOR
2 1 13948 14167 14419 XOR
2 1 14352 14419 14420 AND
2 1 14420 14167 14421 XOR
2 1 13951 14172 14422 XOR
2 1 14352 14422 14423 AND
2 1 14423 14172 14424 XOR
2 1 13954 14177 14425 XOR
2 1 14352 14425 14426 AND
2 1 14426 14177 14427 XOR
2 1 13957 14182 14428 XOR
2 1 14352 14428 14429 AND
2 1 14429 14182 14430 XOR
2 1 13960 14187 14431 XOR
2 1 14352 14431 14432 AND
2 1 14432 14187 14433 XOR
2 1 13963 14192 14434 XOR
2 1 14352 14434 14435 AND
2 1 14435 14192 14436 XOR
2 1 13966 14197 14437 XOR
2 1 14352 14437 14438 AND
2 1 14438 14197 14439 XOR
2 1 13969 14202 14440 XOR
2 1 14352 14440 14441 AND
2 1 14441 14202 14442 XOR
2 1 13972 14207 14443 XOR
2 1 14352 14443 14444 AND
2 1 14444 14207 14445 XOR
2 1 13975 14212 14446 XOR
2 1 14352 14446 14447 AND
2 1 14447 14212 14448 XOR
2 1 13978 14217 14449 XOR
2 1 14352 14449 14450 AND
2 1 14450 14217 14451 XOR
2 1 13981 14222 14452 XOR
2 1 14352 14452 14453 AND
2 1 14453 14222 14454 XOR
2 1 13984 14227 14455 XOR
2 1 14352 14455 14456 AND
2 1 14456 14227 14457 XOR
2 1 13987 14232 14458 XOR
2 1 14352 14458 14459 AND
2 1 14459 14232 14460 XOR
2 1 13990 14237 14461 XOR
2 1 14352 14461 14462 AND
2 1 14462 14237 14463 XOR
2 1 13993 14242 14464 XOR
2 1 14352 14464 14465 AND
2 1 14465 14242 14466 XOR
2 1 13996 14247 14467 XOR
2 1 14352 14467 14468 AND
2 1 14468 14247 14469 XOR
2 1 13999 14252 14470 XOR
2 1 14352 14470 14471 AND
2 1 14471 14252 14472 XOR
2 1 14002 14257 14473 XOR
2 1 14352 14473 14474 AND
2 1 14474 14257 14475 XOR
2 1 14005 14262 14476 XOR
2 1 14352 14476 14477 AND
2 1 14477 14262 14478 XOR
2 1 14008 14267 14479 XOR
2 1 14352 14479 14480 AND
2 1 14480 14267 14481 XOR
2 1 14011 14272 14482 XOR
2 1 14352 14482 14483 AND
2 1 14483 14272 14484 XOR
2 1 14014 14277 14485 XOR
2 1 14352 14485 14486 AND
2 1 14486 14277 14487 XOR
2 1 14017 14282 14488 XOR
2 1 14352 14488 14489 AND
2 1 14489 14282 14490 XOR
2 1 14020 14287 14491 XOR
2 1 14352 14491 14492 AND
2 1 14492 14287 14493 XOR
2 1 14023 14292 14494 XOR
2 1 14352 14494 14495 AND
2 1 14495 14292 14496 XOR
2 1 14026 14297 14497 XOR
2 1 14352 14497 14498 AND
2 1 14498 14297 14499 XOR
2 1 14029 14302 14500 XOR
2 1 14352 14500 14501 AND
2 1 14501 14302 14502 XOR
2 1 14032 14307 14503 XOR
2 1 14352 14503 14504 AND
2 1 14504 14307 14505 XOR
2 1 14035 14312 14506 XOR
2 1 14352 14506 14507 AND
2 1 14507 14312 14508 XOR
2 1 14038 14317 14509 XOR
2 1 14352 14509 14510 AND
2 1 14510 14317 14511 XOR
2 1 14041 14322 14512 XOR
2 1 14352 14512 14513 AND
2 1 14513 14322 14514 XOR
2 1 14044 14327 14515 XOR
2 1 14352 14515 14516 AND
2 1 14516 14327 14517 XOR
2 1 14047 14332 14518 XOR
2 1 14352 14518 14519 AND
2 1 14519 14332 14520 XOR
2 1 14050 14337 14521 XOR
2 1 14352 14521 14522 AND
2 1 14522 14337 14523 XOR
2 1 14053 14342 14524 XOR
2 1 14352 14524 14525 AND
2 1 14525 14342 14526 XOR
2 1 14056 14347 14527 XOR
2 1 14352 14527 14528 AND
2 1 14528 14347 14529 XOR
1 1 14352 14530 INV
2 1 5 64 14531 XOR
2 1 14531 64 14532 AND
2 1 14355 65 14533 XOR
2 1 14532 65 14534 XOR
2 1 14533 14532 14535 XOR
2 1 14533 14534 14536 AND
2 1 14532 14536 14537 XOR
2 1 14358 66 14538 XOR
2 1 14537 66 14539 XOR
2 1 14538 14537 14540 XOR
2 1 14538 14539 14541 AND
2 1 14537 14541 14542 XOR
2 1 14361 67 14543 XOR
2 1 14542 67 14544 XOR
2 1 14543 14542 14545 XOR
2 1 14543 14544 14546 AND
2 1 14542 14546 14547 XOR
2 1 14364 68 14548 XOR
2 1 14547 68 14549 XOR
2 1 14548 14547 14550 XOR
2 1 14548 14549 14551 AND
2 1 14547 14551 14552 XOR
2 1 14367 69 14553 XOR
2 1 14552 69 14554 XOR
2 1 14553 14552 14555 XOR
2 1 14553 14554 14556 AND
2 1 14552 14556 14557 XOR
2 1 14370 70 14558 XOR
2 1 14557 70 14559 XOR
2 1 14558 14557 14560 XOR
2 1 14558 14559 14561 AND
2 1 14557 14561 14562 XOR
2 1 14373 71 14563 XOR
2 1 14562 71 14564 XOR
2 1 14563 14562 14565 XOR
2 1 14563 14564 14566 AND
2 1 14562 14566 14567 XOR
2 1 14376 72 14568 XOR
2 1 14567 72 14569 XOR
2 1 14568 14567 14570 XOR
2 1 14568 14569 14571 AND
2 1 14567 14571 14572 XOR
2 1 14379 73 14573 XOR
2 1 14572 73 14574 XOR
2 1 14573 14572 14575 XOR
2 1 14573 14574 14576 AND
2 1 14572 14576 14577 XOR
2 1 14382 74 14578 XOR
2 1 14577 74 14579 XOR
2 1 14578 14577 14580 XOR
2 1 14578 14579 14581 AND
2 1 14577 14581 14582 XOR
2 1 14385 75 14583 XOR
2 1 14582 75 14584 XOR
2 1 14583 14582 14585 XOR
2 1 14583 14584 14586 AND
2 1 14582 14586 14587 XOR
2 1 14388 76 14588 XOR
2 1 14587 76 14589 XOR
2 1 14588 14587 14590 XOR
2 1 14588 14589 14591 AND
2 1 14587 14591 14592 XOR
2 1 14391 77 14593 XOR
2 1 14592 77 14594 XOR
2 1 14593 14592 14595 XOR
2 1 14593 14594 14596 AND
2 1 14592 14596 14597 XOR
2 1 14394 78 14598 XOR
2 1 14597 78 14599 XOR
2 1 14598 14597 14600 XOR
2 1 14598 14599 14601 AND
2 1 14597 14601 14602 XOR
2 1 14397 79 14603 XOR
2 1 14602 79 14604 XOR
2 1 14603 14602 14605 XOR
2 1 14603 14604 14606 AND
2 1 14602 14606 14607 XOR
2 1 14400 80 14608 XOR
2 1 14607 80 14609 XOR
2 1 14608 14607 14610 XOR
2 1 14608 14609 14611 AND
2 1 14607 14611 14612 XOR
2 1 14403 81 14613 XOR
2 1 14612 81 14614 XOR
2 1 14613 14612 14615 XOR
2 1 14613 14614 14616 AND
2 1 14612 14616 14617 XOR
2 1 14406 82 14618 XOR
2 1 14617 82 14619 XOR
2 1 14618 14617 14620 XOR
2 1 14618 14619 14621 AND
2 1 14617 14621 14622 XOR
2 1 14409 83 14623 XOR
2 1 14622 83 14624 XOR
2 1 14623 14622 14625 XOR
2 1 14623 14624 14626 AND
2 1 14622 14626 14627 XOR
2 1 14412 84 14628 XOR
2 1 14627 84 14629 XOR
2 1 14628 14627 14630 XOR
2 1 14628 14629 14631 AND
2 1 14627 14631 14632 XOR
2 1 14415 85 14633 XOR
2 1 14632 85 14634 XOR
2 1 14633 14632 14635 XOR
2 1 14633 14634 14636 AND
2 1 14632 14636 14637 XOR
2 1 14418 86 14638 XOR
2 1 14637 86 14639 XOR
2 1 14638 14637 14640 XOR
2 1 14638 14639 14641 AND
2 1 14637 14641 14642 XOR
2 1 14421 87 14643 XOR
2 1 14642 87 14644 XOR
2 1 14643 14642 14645 XOR
2 1 14643 14644 14646 AND
2 1 14642 14646 14647 XOR
2 1 14424 88 14648 XOR
2 1 14647 88 14649 XOR
2 1 14648 14647 14650 XOR
2 1 14648 14649 14651 AND
2 1 14647 14651 14652 XOR
2 1 14427 89 14653 XOR
2 1 14652 89 14654 XOR
2 1 14653 14652 14655 XOR
2 1 14653 14654 14656 AND
2 1 14652 14656 14657 XOR
2 1 14430 90 14658 XOR
2 1 14657 90 14659 XOR
2 1 14658 14657 14660 XOR
2 1 14658 14659 14661 AND
2 1 14657 14661 14662 XOR
2 1 14433 91 14663 XOR
2 1 14662 91 14664 XOR
2 1 14663 14662 14665 XOR
2 1 14663 14664 14666 AND
2 1 14662 14666 14667 XOR
2 1 14436 92 14668 XOR
2 1 14667 92 14669 XOR
2 1 14668 14667 14670 XOR
2 1 14668 14669 14671 AND
2 1 14667 14671 14672 XOR
2 1 14439 93 14673 XOR
2 1 14672 93 14674 XOR
2 1 14673 14672 14675 XOR
2 1 14673 14674 14676 AND
2 1 14672 14676 14677 XOR
2 1 14442 94 14678 XOR
2 1 14677 94 14679 XOR
2 1 14678 14677 14680 XOR
2 1 14678 14679 14681 AND
2 1 14677 14681 14682 XOR
2 1 14445 95 14683 XOR
2 1 14682 95 14684 XOR
2 1 14683 14682 14685 XOR
2 1 14683 14684 14686 AND
2 1 14682 14686 14687 XOR
2 1 14448 96 14688 XOR
2 1 14687 96 14689 XOR
2 1 14688 14687 14690 XOR
2 1 14688 14689 14691 AND
2 1 14687 14691 14692 XOR
2 1 14451 97 14693 XOR
2 1 14692 97 14694 XOR
2 1 14693 14692 14695 XOR
2 1 14693 14694 14696 AND
2 1 14692 14696 14697 XOR
2 1 14454 98 14698 XOR
2 1 14697 98 14699 XOR
2 1 14698 14697 14700 XOR
2 1 14698 14699 14701 AND
2 1 14697 14701 14702 XOR
2 1 14457 99 14703 XOR
2 1 14702 99 14704 XOR
2 1 14703 14702 14705 XOR
2 1 14703 14704 14706 AND
2 1 14702 14706 14707 XOR
2 1 14460 100 14708 XOR
2 1 14707 100 14709 XOR
2 1 14708 14707 14710 XOR
2 1 14708 14709 14711 AND
2 1 14707 14711 14712 XOR
2 1 14463 101 14713 XOR
2 1 14712 101 14714 XOR
2 1 14713 14712 14715 XOR
2 1 14713 14714 14716 AND
2 1 14712 14716 14717 XOR
2 1 14466 102 14718 XOR
2 1 14717 102 14719 XOR
2 1 14718 14717 14720 XOR
2 1 14718 14719 14721 AND
2 1 14717 14721 14722 XOR
2 1 14469 103 14723 XOR
2 1 14722 103 14724 XOR
2 1 14723 14722 14725 XOR
2 1 14723 14724 14726 AND
2 1 14722 14726 14727 XOR
2 1 14472 104 14728 XOR
2 1 14727 104 14729 XOR
2 1 14728 14727 14730 XOR
2 1 14728 14729 14731 AND
2 1 14727 14731 14732 XOR
2 1 14475 105 14733 XOR
2 1 14732 105 14734 XOR
2 1 14733 14732 14735 XOR
2 1 14733 14734 14736 AND
2 1 14732 14736 14737 XOR
2 1 14478 106 14738 XOR
2 1 14737 106 14739 XOR
2 1 14738 14737 14740 XOR
2 1 14738 14739 14741 AND
2 1 14737 14741 14742 XOR
2 1 14481 107 14743 XOR
2 1 14742 107 14744 XOR
2 1 14743 14742 14745 XOR
2 1 14743 14744 14746 AND
2 1 14742 14746 14747 XOR
2 1 14484 108 14748 XOR
2 1 14747 108 14749 XOR
2 1 14748 14747 14750 XOR
2 1 14748 14749 14751 AND
2 1 14747 14751 14752 XOR
2 1 14487 109 14753 XOR
2 1 14752 109 14754 XOR
2 1 14753 14752 14755 XOR
2 1 14753 14754 14756 AND
2 1 14752 14756 14757 XOR
2 1 14490 110 14758 XOR
2 1 14757 110 14759 XOR
2 1 14758 14757 14760 XOR
2 1 14758 14759 14761 AND
2 1 14757 14761 14762 XOR
2 1 14493 111 14763 XOR
2 1 14762 111 14764 XOR
2 1 14763 14762 14765 XOR
2 1 14763 14764 14766 AND
2 1 14762 14766 14767 XOR
2 1 14496 112 14768 XOR
2 1 14767 112 14769 XOR
2 1 14768 14767 14770 XOR
2 1 14768 14769 14771 AND
2 1 14767 14771 14772 XOR
2 1 14499 113 14773 XOR
2 1 14772 113 14774 XOR
2 1 14773 14772 14775 XOR
2 1 14773 14774 14776 AND
2 1 14772 14776 14777 XOR
2 1 14502 114 14778 XOR
2 1 14777 114 14779 XOR
2 1 14778 14777 14780 XOR
2 1 14778 14779 14781 AND
2 1 14777 14781 14782 XOR
2 1 14505 115 14783 XOR
2 1 14782 115 14784 XOR
2 1 14783 14782 14785 XOR
2 1 14783 14784 14786 AND
2 1 14782 14786 14787 XOR
2 1 14508 116 14788 XOR
2 1 14787 116 14789 XOR
2 1 14788 14787 14790 XOR
2 1 14788 14789 14791 AND
2 1 14787 14791 14792 XOR
2 1 14511 117 14793 XOR
2 1 14792 117 14794 XOR
2 1 14793 14792 14795 XOR
2 1 14793 14794 14796 AND
2 1 14792 14796 14797 XOR
2 1 14514 118 14798 XOR
2 1 14797 118 14799 XOR
2 1 14798 14797 14800 XOR
2 1 14798 14799 14801 AND
2 1 14797 14801 14802 XOR
2 1 14517 119 14803 XOR
2 1 14802 119 14804 XOR
2 1 14803 14802 14805 XOR
2 1 14803 14804 14806 AND
2 1 14802 14806 14807 XOR
2 1 14520 120 14808 XOR
2 1 14807 120 14809 XOR
2 1 14808 14807 14810 XOR
2 1 14808 14809 14811 AND
2 1 14807 14811 14812 XOR
2 1 14523 121 14813 XOR
2 1 14812 121 14814 XOR
2 1 14813 14812 14815 XOR
2 1 14813 14814 14816 AND
2 1 14812 14816 14817 XOR
2 1 14526 122 14818 XOR
2 1 14817 122 14819 XOR
2 1 14818 14817 14820 XOR
2 1 14818 14819 14821 AND
2 1 14817 14821 14822 XOR
2 1 14529 123 14823 XOR
2 1 14822 123 14824 XOR
2 1 14823 14822 14825 XOR
2 1 14823 14824 14826 AND
2 1 14822 14826 14827 XOR
2 1 14827 136 14828 XOR
2 1 14827 136 14829 AND
2 1 14828 14829 14830 XOR
2 1 5 14531 14831 XOR
2 1 14830 14831 14832 AND
2 1 14832 14531 14833 XOR
2 1 14355 14535 14834 XOR
2 1 14830 14834 14835 AND
2 1 14835 14535 14836 XOR
2 1 14358 14540 14837 XOR
2 1 14830 14837 14838 AND
2 1 14838 14540 14839 XOR
2 1 14361 14545 14840 XOR
2 1 14830 14840 14841 AND
2 1 14841 14545 14842 XOR
2 1 14364 14550 14843 XOR
2 1 14830 14843 14844 AND
2 1 14844 14550 14845 XOR
2 1 14367 14555 14846 XOR
2 1 14830 14846 14847 AND
2 1 14847 14555 14848 XOR
2 1 14370 14560 14849 XOR
2 1 14830 14849 14850 AND
2 1 14850 14560 14851 XOR
2 1 14373 14565 14852 XOR
2 1 14830 14852 14853 AND
2 1 14853 14565 14854 XOR
2 1 14376 14570 14855 XOR
2 1 14830 14855 14856 AND
2 1 14856 14570 14857 XOR
2 1 14379 14575 14858 XOR
2 1 14830 14858 14859 AND
2 1 14859 14575 14860 XOR
2 1 14382 14580 14861 XOR
2 1 14830 14861 14862 AND
2 1 14862 14580 14863 XOR
2 1 14385 14585 14864 XOR
2 1 14830 14864 14865 AND
2 1 14865 14585 14866 XOR
2 1 14388 14590 14867 XOR
2 1 14830 14867 14868 AND
2 1 14868 14590 14869 XOR
2 1 14391 14595 14870 XOR
2 1 14830 14870 14871 AND
2 1 14871 14595 14872 XOR
2 1 14394 14600 14873 XOR
2 1 14830 14873 14874 AND
2 1 14874 14600 14875 XOR
2 1 14397 14605 14876 XOR
2 1 14830 14876 14877 AND
2 1 14877 14605 14878 XOR
2 1 14400 14610 14879 XOR
2 1 14830 14879 14880 AND
2 1 14880 14610 14881 XOR
2 1 14403 14615 14882 XOR
2 1 14830 14882 14883 AND
2 1 14883 14615 14884 XOR
2 1 14406 14620 14885 XOR
2 1 14830 14885 14886 AND
2 1 14886 14620 14887 XOR
2 1 14409 14625 14888 XOR
2 1 14830 14888 14889 AND
2 1 14889 14625 14890 XOR
2 1 14412 14630 14891 XOR
2 1 14830 14891 14892 AND
2 1 14892 14630 14893 XOR
2 1 14415 14635 14894 XOR
2 1 14830 14894 14895 AND
2 1 14895 14635 14896 XOR
2 1 14418 14640 14897 XOR
2 1 14830 14897 14898 AND
2 1 14898 14640 14899 XOR
2 1 14421 14645 14900 XOR
2 1 14830 14900 14901 AND
2 1 14901 14645 14902 XOR
2 1 14424 14650 14903 XOR
2 1 14830 14903 14904 AND
2 1 14904 14650 14905 XOR
2 1 14427 14655 14906 XOR
2 1 14830 14906 14907 AND
2 1 14907 14655 14908 XOR
2 1 14430 14660 14909 XOR
2 1 14830 14909 14910 AND
2 1 14910 14660 14911 XOR
2 1 14433 14665 14912 XOR
2 1 14830 14912 14913 AND
2 1 14913 14665 14914 XOR
2 1 14436 14670 14915 XOR
2 1 14830 14915 14916 AND
2 1 14916 14670 14917 XOR
2 1 14439 14675 14918 XOR
2 1 14830 14918 14919 AND
2 1 14919 14675 14920 XOR
2 1 14442 14680 14921 XOR
2 1 14830 14921 14922 AND
2 1 14922 14680 14923 XOR
2 1 14445 14685 14924 XOR
2 1 14830 14924 14925 AND
2 1 14925 14685 14926 XOR
2 1 14448 14690 14927 XOR
2 1 14830 14927 14928 AND
2 1 14928 14690 14929 XOR
2 1 14451 14695 14930 XOR
2 1 14830 14930 14931 AND
2 1 14931 14695 14932 XOR
2 1 14454 14700 14933 XOR
2 1 14830 14933 14934 AND
2 1 14934 14700 14935 XOR
2 1 14457 14705 14936 XOR
2 1 14830 14936 14937 AND
2 1 14937 14705 14938 XOR
2 1 14460 14710 14939 XOR
2 1 14830 14939 14940 AND
2 1 14940 14710 14941 XOR
2 1 14463 14715 14942 XOR
2 1 14830 14942 14943 AND
2 1 14943 14715 14944 XOR
2 1 14466 14720 14945 XOR
2 1 14830 14945 14946 AND
2 1 14946 14720 14947 XOR
2 1 14469 14725 14948 XOR
2 1 14830 14948 14949 AND
2 1 14949 14725 14950 XOR
2 1 14472 14730 14951 XOR
2 1 14830 14951 14952 AND
2 1 14952 14730 14953 XOR
2 1 14475 14735 14954 XOR
2 1 14830 14954 14955 AND
2 1 14955 14735 14956 XOR
2 1 14478 14740 14957 XOR
2 1 14830 14957 14958 AND
2 1 14958 14740 14959 XOR
2 1 14481 14745 14960 XOR
2 1 14830 14960 14961 AND
2 1 14961 14745 14962 XOR
2 1 14484 14750 14963 XOR
2 1 14830 14963 14964 AND
2 1 14964 14750 14965 XOR
2 1 14487 14755 14966 XOR
2 1 14830 14966 14967 AND
2 1 14967 14755 14968 XOR
2 1 14490 14760 14969 XOR
2 1 14830 14969 14970 AND
2 1 14970 14760 14971 XOR
2 1 14493 14765 14972 XOR
2 1 14830 14972 14973 AND
2 1 14973 14765 14974 XOR
2 1 14496 14770 14975 XOR
2 1 14830 14975 14976 AND
2 1 14976 14770 14977 XOR
2 1 14499 14775 14978 XOR
2 1 14830 14978 14979 AND
2 1 14979 14775 14980 XOR
2 1 14502 14780 14981 XOR
2 1 14830 14981 14982 AND
2 1 14982 14780 14983 XOR
2 1 14505 14785 14984 XOR
2 1 14830 14984 14985 AND
2 1 14985 14785 14986 XOR
2 1 14508 14790 14987 XOR
2 1 14830 14987 14988 AND
2 1 14988 14790 14989 XOR
2 1 14511 14795 14990 XOR
2 1 14830 14990 14991 AND
2 1 14991 14795 14992 XOR
2 1 14514 14800 14993 XOR
2 1 14830 14993 14994 AND
2 1 14994 14800 14995 XOR
2 1 14517 14805 14996 XOR
2 1 14830 14996 14997 AND
2 1 14997 14805 14998 XOR
2 1 14520 14810 14999 XOR
2 1 14830 14999 15000 AND
2 1 15000 14810 15001 XOR
2 1 14523 14815 15002 XOR
2 1 14830 15002 15003 AND
2 1 15003 14815 15004 XOR
2 1 14526 14820 15005 XOR
2 1 14830 15005 15006 AND
2 1 15006 14820 15007 XOR
2 1 14529 14825 15008 XOR
2 1 14830 15008 15009 AND
2 1 15009 14825 15010 XOR
1 1 14830 15011 INV
2 1 4 64 15012 XOR
2 1 15012 64 15013 AND
2 1 14833 65 15014 XOR
2 1 15013 65 15015 XOR
2 1 15014 15013 15016 XOR
2 1 15014 15015 15017 AND
2 1 15013 15017 15018 XOR
2 1 14836 66 15019 XOR
2 1 15018 66 15020 XOR
2 1 15019 15018 15021 XOR
2 1 15019 15020 15022 AND
2 1 15018 15022 15023 XOR
2 1 14839 67 15024 XOR
2 1 15023 67 15025 XOR
2 1 15024 15023 15026 XOR
2 1 15024 15025 15027 AND
2 1 15023 15027 15028 XOR
2 1 14842 68 15029 XOR
2 1 15028 68 15030 XOR
2 1 15029 15028 15031 XOR
2 1 15029 15030 15032 AND
2 1 15028 15032 15033 XOR
2 1 14845 69 15034 XOR
2 1 15033 69 15035 XOR
2 1 15034 15033 15036 XOR
2 1 15034 15035 15037 AND
2 1 15033 15037 15038 XOR
2 1 14848 70 15039 XOR
2 1 15038 70 15040 XOR
2 1 15039 15038 15041 XOR
2 1 15039 15040 15042 AND
2 1 15038 15042 15043 XOR
2 1 14851 71 15044 XOR
2 1 15043 71 15045 XOR
2 1 15044 15043 15046 XOR
2 1 15044 15045 15047 AND
2 1 15043 15047 15048 XOR
2 1 14854 72 15049 XOR
2 1 15048 72 15050 XOR
2 1 15049 15048 15051 XOR
2 1 15049 15050 15052 AND
2 1 15048 15052 15053 XOR
2 1 14857 73 15054 XOR
2 1 15053 73 15055 XOR
2 1 15054 15053 15056 XOR
2 1 15054 15055 15057 AND
2 1 15053 15057 15058 XOR
2 1 14860 74 15059 XOR
2 1 15058 74 15060 XOR
2 1 15059 15058 15061 XOR
2 1 15059 15060 15062 AND
2 1 15058 15062 15063 XOR
2 1 14863 75 15064 XOR
2 1 15063 75 15065 XOR
2 1 15064 15063 15066 XOR
2 1 15064 15065 15067 AND
2 1 15063 15067 15068 XOR
2 1 14866 76 15069 XOR
2 1 15068 76 15070 XOR
2 1 15069 15068 15071 XOR
2 1 15069 15070 15072 AND
2 1 15068 15072 15073 XOR
2 1 14869 77 15074 XOR
2 1 15073 77 15075 XOR
2 1 15074 15073 15076 XOR
2 1 15074 15075 15077 AND
2 1 15073 15077 15078 XOR
2 1 14872 78 15079 XOR
2 1 15078 78 15080 XOR
2 1 15079 15078 15081 XOR
2 1 15079 15080 15082 AND
2 1 15078 15082 15083 XOR
2 1 14875 79 15084 XOR
2 1 15083 79 15085 XOR
2 1 15084 15083 15086 XOR
2 1 15084 15085 15087 AND
2 1 15083 15087 15088 XOR
2 1 14878 80 15089 XOR
2 1 15088 80 15090 XOR
2 1 15089 15088 15091 XOR
2 1 15089 15090 15092 AND
2 1 15088 15092 15093 XOR
2 1 14881 81 15094 XOR
2 1 15093 81 15095 XOR
2 1 15094 15093 15096 XOR
2 1 15094 15095 15097 AND
2 1 15093 15097 15098 XOR
2 1 14884 82 15099 XOR
2 1 15098 82 15100 XOR
2 1 15099 15098 15101 XOR
2 1 15099 15100 15102 AND
2 1 15098 15102 15103 XOR
2 1 14887 83 15104 XOR
2 1 15103 83 15105 XOR
2 1 15104 15103 15106 XOR
2 1 15104 15105 15107 AND
2 1 15103 15107 15108 XOR
2 1 14890 84 15109 XOR
2 1 15108 84 15110 XOR
2 1 15109 15108 15111 XOR
2 1 15109 15110 15112 AND
2 1 15108 15112 15113 XOR
2 1 14893 85 15114 XOR
2 1 15113 85 15115 XOR
2 1 15114 15113 15116 XOR
2 1 15114 15115 15117 AND
2 1 15113 15117 15118 XOR
2 1 14896 86 15119 XOR
2 1 15118 86 15120 XOR
2 1 15119 15118 15121 XOR
2 1 15119 15120 15122 AND
2 1 15118 15122 15123 XOR
2 1 14899 87 15124 XOR
2 1 15123 87 15125 XOR
2 1 15124 15123 15126 XOR
2 1 15124 15125 15127 AND
2 1 15123 15127 15128 XOR
2 1 14902 88 15129 XOR
2 1 15128 88 15130 XOR
2 1 15129 15128 15131 XOR
2 1 15129 15130 15132 AND
2 1 15128 15132 15133 XOR
2 1 14905 89 15134 XOR
2 1 15133 89 15135 XOR
2 1 15134 15133 15136 XOR
2 1 15134 15135 15137 AND
2 1 15133 15137 15138 XOR
2 1 14908 90 15139 XOR
2 1 15138 90 15140 XOR
2 1 15139 15138 15141 XOR
2 1 15139 15140 15142 AND
2 1 15138 15142 15143 XOR
2 1 14911 91 15144 XOR
2 1 15143 91 15145 XOR
2 1 15144 15143 15146 XOR
2 1 15144 15145 15147 AND
2 1 15143 15147 15148 XOR
2 1 14914 92 15149 XOR
2 1 15148 92 15150 XOR
2 1 15149 15148 15151 XOR
2 1 15149 15150 15152 AND
2 1 15148 15152 15153 XOR
2 1 14917 93 15154 XOR
2 1 15153 93 15155 XOR
2 1 15154 15153 15156 XOR
2 1 15154 15155 15157 AND
2 1 15153 15157 15158 XOR
2 1 14920 94 15159 XOR
2 1 15158 94 15160 XOR
2 1 15159 15158 15161 XOR
2 1 15159 15160 15162 AND
2 1 15158 15162 15163 XOR
2 1 14923 95 15164 XOR
2 1 15163 95 15165 XOR
2 1 15164 15163 15166 XOR
2 1 15164 15165 15167 AND
2 1 15163 15167 15168 XOR
2 1 14926 96 15169 XOR
2 1 15168 96 15170 XOR
2 1 15169 15168 15171 XOR
2 1 15169 15170 15172 AND
2 1 15168 15172 15173 XOR
2 1 14929 97 15174 XOR
2 1 15173 97 15175 XOR
2 1 15174 15173 15176 XOR
2 1 15174 15175 15177 AND
2 1 15173 15177 15178 XOR
2 1 14932 98 15179 XOR
2 1 15178 98 15180 XOR
2 1 15179 15178 15181 XOR
2 1 15179 15180 15182 AND
2 1 15178 15182 15183 XOR
2 1 14935 99 15184 XOR
2 1 15183 99 15185 XOR
2 1 15184 15183 15186 XOR
2 1 15184 15185 15187 AND
2 1 15183 15187 15188 XOR
2 1 14938 100 15189 XOR
2 1 15188 100 15190 XOR
2 1 15189 15188 15191 XOR
2 1 15189 15190 15192 AND
2 1 15188 15192 15193 XOR
2 1 14941 101 15194 XOR
2 1 15193 101 15195 XOR
2 1 15194 15193 15196 XOR
2 1 15194 15195 15197 AND
2 1 15193 15197 15198 XOR
2 1 14944 102 15199 XOR
2 1 15198 102 15200 XOR
2 1 15199 15198 15201 XOR
2 1 15199 15200 15202 AND
2 1 15198 15202 15203 XOR
2 1 14947 103 15204 XOR
2 1 15203 103 15205 XOR
2 1 15204 15203 15206 XOR
2 1 15204 15205 15207 AND
2 1 15203 15207 15208 XOR
2 1 14950 104 15209 XOR
2 1 15208 104 15210 XOR
2 1 15209 15208 15211 XOR
2 1 15209 15210 15212 AND
2 1 15208 15212 15213 XOR
2 1 14953 105 15214 XOR
2 1 15213 105 15215 XOR
2 1 15214 15213 15216 XOR
2 1 15214 15215 15217 AND
2 1 15213 15217 15218 XOR
2 1 14956 106 15219 XOR
2 1 15218 106 15220 XOR
2 1 15219 15218 15221 XOR
2 1 15219 15220 15222 AND
2 1 15218 15222 15223 XOR
2 1 14959 107 15224 XOR
2 1 15223 107 15225 XOR
2 1 15224 15223 15226 XOR
2 1 15224 15225 15227 AND
2 1 15223 15227 15228 XOR
2 1 14962 108 15229 XOR
2 1 15228 108 15230 XOR
2 1 15229 15228 15231 XOR
2 1 15229 15230 15232 AND
2 1 15228 15232 15233 XOR
2 1 14965 109 15234 XOR
2 1 15233 109 15235 XOR
2 1 15234 15233 15236 XOR
2 1 15234 15235 15237 AND
2 1 15233 15237 15238 XOR
2 1 14968 110 15239 XOR
2 1 15238 110 15240 XOR
2 1 15239 15238 15241 XOR
2 1 15239 15240 15242 AND
2 1 15238 15242 15243 XOR
2 1 14971 111 15244 XOR
2 1 15243 111 15245 XOR
2 1 15244 15243 15246 XOR
2 1 15244 15245 15247 AND
2 1 15243 15247 15248 XOR
2 1 14974 112 15249 XOR
2 1 15248 112 15250 XOR
2 1 15249 15248 15251 XOR
2 1 15249 15250 15252 AND
2 1 15248 15252 15253 XOR
2 1 14977 113 15254 XOR
2 1 15253 113 15255 XOR
2 1 15254 15253 15256 XOR
2 1 15254 15255 15257 AND
2 1 15253 15257 15258 XOR
2 1 14980 114 15259 XOR
2 1 15258 114 15260 XOR
2 1 15259 15258 15261 XOR
2 1 15259 15260 15262 AND
2 1 15258 15262 15263 XOR
2 1 14983 115 15264 XOR
2 1 15263 115 15265 XOR
2 1 15264 15263 15266 XOR
2 1 15264 15265 15267 AND
2 1 15263 15267 15268 XOR
2 1 14986 116 15269 XOR
2 1 15268 116 15270 XOR
2 1 15269 15268 15271 XOR
2 1 15269 15270 15272 AND
2 1 15268 15272 15273 XOR
2 1 14989 117 15274 XOR
2 1 15273 117 15275 XOR
2 1 15274 15273 15276 XOR
2 1 15274 15275 15277 AND
2 1 15273 15277 15278 XOR
2 1 14992 118 15279 XOR
2 1 15278 118 15280 XOR
2 1 15279 15278 15281 XOR
2 1 15279 15280 15282 AND
2 1 15278 15282 15283 XOR
2 1 14995 119 15284 XOR
2 1 15283 119 15285 XOR
2 1 15284 15283 15286 XOR
2 1 15284 15285 15287 AND
2 1 15283 15287 15288 XOR
2 1 14998 120 15289 XOR
2 1 15288 120 15290 XOR
2 1 15289 15288 15291 XOR
2 1 15289 15290 15292 AND
2 1 15288 15292 15293 XOR
2 1 15001 121 15294 XOR
2 1 15293 121 15295 XOR
2 1 15294 15293 15296 XOR
2 1 15294 15295 15297 AND
2 1 15293 15297 15298 XOR
2 1 15004 122 15299 XOR
2 1 15298 122 15300 XOR
2 1 15299 15298 15301 XOR
2 1 15299 15300 15302 AND
2 1 15298 15302 15303 XOR
2 1 15007 123 15304 XOR
2 1 15303 123 15305 XOR
2 1 15304 15303 15306 XOR
2 1 15304 15305 15307 AND
2 1 15303 15307 15308 XOR
2 1 15010 124 15309 XOR
2 1 15308 124 15310 XOR
2 1 15309 15308 15311 XOR
2 1 15309 15310 15312 AND
2 1 15308 15312 15313 XOR
2 1 15313 133 15314 XOR
2 1 15313 133 15315 AND
2 1 15314 15315 15316 XOR
2 1 4 15012 15317 XOR
2 1 15316 15317 15318 AND
2 1 15318 15012 15319 XOR
2 1 14833 15016 15320 XOR
2 1 15316 15320 15321 AND
2 1 15321 15016 15322 XOR
2 1 14836 15021 15323 XOR
2 1 15316 15323 15324 AND
2 1 15324 15021 15325 XOR
2 1 14839 15026 15326 XOR
2 1 15316 15326 15327 AND
2 1 15327 15026 15328 XOR
2 1 14842 15031 15329 XOR
2 1 15316 15329 15330 AND
2 1 15330 15031 15331 XOR
2 1 14845 15036 15332 XOR
2 1 15316 15332 15333 AND
2 1 15333 15036 15334 XOR
2 1 14848 15041 15335 XOR
2 1 15316 15335 15336 AND
2 1 15336 15041 15337 XOR
2 1 14851 15046 15338 XOR
2 1 15316 15338 15339 AND
2 1 15339 15046 15340 XOR
2 1 14854 15051 15341 XOR
2 1 15316 15341 15342 AND
2 1 15342 15051 15343 XOR
2 1 14857 15056 15344 XOR
2 1 15316 15344 15345 AND
2 1 15345 15056 15346 XOR
2 1 14860 15061 15347 XOR
2 1 15316 15347 15348 AND
2 1 15348 15061 15349 XOR
2 1 14863 15066 15350 XOR
2 1 15316 15350 15351 AND
2 1 15351 15066 15352 XOR
2 1 14866 15071 15353 XOR
2 1 15316 15353 15354 AND
2 1 15354 15071 15355 XOR
2 1 14869 15076 15356 XOR
2 1 15316 15356 15357 AND
2 1 15357 15076 15358 XOR
2 1 14872 15081 15359 XOR
2 1 15316 15359 15360 AND
2 1 15360 15081 15361 XOR
2 1 14875 15086 15362 XOR
2 1 15316 15362 15363 AND
2 1 15363 15086 15364 XOR
2 1 14878 15091 15365 XOR
2 1 15316 15365 15366 AND
2 1 15366 15091 15367 XOR
2 1 14881 15096 15368 XOR
2 1 15316 15368 15369 AND
2 1 15369 15096 15370 XOR
2 1 14884 15101 15371 XOR
2 1 15316 15371 15372 AND
2 1 15372 15101 15373 XOR
2 1 14887 15106 15374 XOR
2 1 15316 15374 15375 AND
2 1 15375 15106 15376 XOR
2 1 14890 15111 15377 XOR
2 1 15316 15377 15378 AND
2 1 15378 15111 15379 XOR
2 1 14893 15116 15380 XOR
2 1 15316 15380 15381 AND
2 1 15381 15116 15382 XOR
2 1 14896 15121 15383 XOR
2 1 15316 15383 15384 AND
2 1 15384 15121 15385 XOR
2 1 14899 15126 15386 XOR
2 1 15316 15386 15387 AND
2 1 15387 15126 15388 XOR
2 1 14902 15131 15389 XOR
2 1 15316 15389 15390 AND
2 1 15390 15131 15391 XOR
2 1 14905 15136 15392 XOR
2 1 15316 15392 15393 AND
2 1 15393 15136 15394 XOR
2 1 14908 15141 15395 XOR
2 1 15316 15395 15396 AND
2 1 15396 15141 15397 XOR
2 1 14911 15146 15398 XOR
2 1 15316 15398 15399 AND
2 1 15399 15146 15400 XOR
2 1 14914 15151 15401 XOR
2 1 15316 15401 15402 AND
2 1 15402 15151 15403 XOR
2 1 14917 15156 15404 XOR
2 1 15316 15404 15405 AND
2 1 15405 15156 15406 XOR
2 1 14920 15161 15407 XOR
2 1 15316 15407 15408 AND
2 1 15408 15161 15409 XOR
2 1 14923 15166 15410 XOR
2 1 15316 15410 15411 AND
2 1 15411 15166 15412 XOR
2 1 14926 15171 15413 XOR
2 1 15316 15413 15414 AND
2 1 15414 15171 15415 XOR
2 1 14929 15176 15416 XOR
2 1 15316 15416 15417 AND
2 1 15417 15176 15418 XOR
2 1 14932 15181 15419 XOR
2 1 15316 15419 15420 AND
2 1 15420 15181 15421 XOR
2 1 14935 15186 15422 XOR
2 1 15316 15422 15423 AND
2 1 15423 15186 15424 XOR
2 1 14938 15191 15425 XOR
2 1 15316 15425 15426 AND
2 1 15426 15191 15427 XOR
2 1 14941 15196 15428 XOR
2 1 15316 15428 15429 AND
2 1 15429 15196 15430 XOR
2 1 14944 15201 15431 XOR
2 1 15316 15431 15432 AND
2 1 15432 15201 15433 XOR
2 1 14947 15206 15434 XOR
2 1 15316 15434 15435 AND
2 1 15435 15206 15436 XOR
2 1 14950 15211 15437 XOR
2 1 15316 15437 15438 AND
2 1 15438 15211 15439 XOR
2 1 14953 15216 15440 XOR
2 1 15316 15440 15441 AND
2 1 15441 15216 15442 XOR
2 1 14956 15221 15443 XOR
2 1 15316 15443 15444 AND
2 1 15444 15221 15445 XOR
2 1 14959 15226 15446 XOR
2 1 15316 15446 15447 AND
2 1 15447 15226 15448 XOR
2 1 14962 15231 15449 XOR
2 1 15316 15449 15450 AND
2 1 15450 15231 15451 XOR
2 1 14965 15236 15452 XOR
2 1 15316 15452 15453 AND
2 1 15453 15236 15454 XOR
2 1 14968 15241 15455 XOR
2 1 15316 15455 15456 AND
2 1 15456 15241 15457 XOR
2 1 14971 15246 15458 XOR
2 1 15316 15458 15459 AND
2 1 15459 15246 15460 XOR
2 1 14974 15251 15461 XOR
2 1 15316 15461 15462 AND
2 1 15462 15251 15463 XOR
2 1 14977 15256 15464 XOR
2 1 15316 15464 15465 AND
2 1 15465 15256 15466 XOR
2 1 14980 15261 15467 XOR
2 1 15316 15467 15468 AND
2 1 15468 15261 15469 XOR
2 1 14983 15266 15470 XOR
2 1 15316 15470 15471 AND
2 1 15471 15266 15472 XOR
2 1 14986 15271 15473 XOR
2 1 15316 15473 15474 AND
2 1 15474 15271 15475 XOR
2 1 14989 15276 15476 XOR
2 1 15316 15476 15477 AND
2 1 15477 15276 15478 XOR
2 1 14992 15281 15479 XOR
2 1 15316 15479 15480 AND
2 1 15480 15281 15481 XOR
2 1 14995 15286 15482 XOR
2 1 15316 15482 15483 AND
2 1 15483 15286 15484 XOR
2 1 14998 15291 15485 XOR
2 1 15316 15485 15486 AND
2 1 15486 15291 15487 XOR
2 1 15001 15296 15488 XOR
2 1 15316 15488 15489 AND
2 1 15489 15296 15490 XOR
2 1 15004 15301 15491 XOR
2 1 15316 15491 15492 AND
2 1 15492 15301 15493 XOR
2 1 15007 15306 15494 XOR
2 1 15316 15494 15495 AND
2 1 15495 15306 15496 XOR
2 1 15010 15311 15497 XOR
2 1 15316 15497 15498 AND
2 1 15498 15311 15499 XOR
1 1 15316 15500 INV
2 1 3 64 15501 XOR
2 1 15501 64 15502 AND
2 1 15319 65 15503 XOR
2 1 15502 65 15504 XOR
2 1 15503 15502 15505 XOR
2 1 15503 15504 15506 AND
2 1 15502 15506 15507 XOR
2 1 15322 66 15508 XOR
2 1 15507 66 15509 XOR
2 1 15508 15507 15510 XOR
2 1 15508 15509 15511 AND
2 1 15507 15511 15512 XOR
2 1 15325 67 15513 XOR
2 1 15512 67 15514 XOR
2 1 15513 15512 15515 XOR
2 1 15513 15514 15516 AND
2 1 15512 15516 15517 XOR
2 1 15328 68 15518 XOR
2 1 15517 68 15519 XOR
2 1 15518 15517 15520 XOR
2 1 15518 15519 15521 AND
2 1 15517 15521 15522 XOR
2 1 15331 69 15523 XOR
2 1 15522 69 15524 XOR
2 1 15523 15522 15525 XOR
2 1 15523 15524 15526 AND
2 1 15522 15526 15527 XOR
2 1 15334 70 15528 XOR
2 1 15527 70 15529 XOR
2 1 15528 15527 15530 XOR
2 1 15528 15529 15531 AND
2 1 15527 15531 15532 XOR
2 1 15337 71 15533 XOR
2 1 15532 71 15534 XOR
2 1 15533 15532 15535 XOR
2 1 15533 15534 15536 AND
2 1 15532 15536 15537 XOR
2 1 15340 72 15538 XOR
2 1 15537 72 15539 XOR
2 1 15538 15537 15540 XOR
2 1 15538 15539 15541 AND
2 1 15537 15541 15542 XOR
2 1 15343 73 15543 XOR
2 1 15542 73 15544 XOR
2 1 15543 15542 15545 XOR
2 1 15543 15544 15546 AND
2 1 15542 15546 15547 XOR
2 1 15346 74 15548 XOR
2 1 15547 74 15549 XOR
2 1 15548 15547 15550 XOR
2 1 15548 15549 15551 AND
2 1 15547 15551 15552 XOR
2 1 15349 75 15553 XOR
2 1 15552 75 15554 XOR
2 1 15553 15552 15555 XOR
2 1 15553 15554 15556 AND
2 1 15552 15556 15557 XOR
2 1 15352 76 15558 XOR
2 1 15557 76 15559 XOR
2 1 15558 15557 15560 XOR
2 1 15558 15559 15561 AND
2 1 15557 15561 15562 XOR
2 1 15355 77 15563 XOR
2 1 15562 77 15564 XOR
2 1 15563 15562 15565 XOR
2 1 15563 15564 15566 AND
2 1 15562 15566 15567 XOR
2 1 15358 78 15568 XOR
2 1 15567 78 15569 XOR
2 1 15568 15567 15570 XOR
2 1 15568 15569 15571 AND
2 1 15567 15571 15572 XOR
2 1 15361 79 15573 XOR
2 1 15572 79 15574 XOR
2 1 15573 15572 15575 XOR
2 1 15573 15574 15576 AND
2 1 15572 15576 15577 XOR
2 1 15364 80 15578 XOR
2 1 15577 80 15579 XOR
2 1 15578 15577 15580 XOR
2 1 15578 15579 15581 AND
2 1 15577 15581 15582 XOR
2 1 15367 81 15583 XOR
2 1 15582 81 15584 XOR
2 1 15583 15582 15585 XOR
2 1 15583 15584 15586 AND
2 1 15582 15586 15587 XOR
2 1 15370 82 15588 XOR
2 1 15587 82 15589 XOR
2 1 15588 15587 15590 XOR
2 1 15588 15589 15591 AND
2 1 15587 15591 15592 XOR
2 1 15373 83 15593 XOR
2 1 15592 83 15594 XOR
2 1 15593 15592 15595 XOR
2 1 15593 15594 15596 AND
2 1 15592 15596 15597 XOR
2 1 15376 84 15598 XOR
2 1 15597 84 15599 XOR
2 1 15598 15597 15600 XOR
2 1 15598 15599 15601 AND
2 1 15597 15601 15602 XOR
2 1 15379 85 15603 XOR
2 1 15602 85 15604 XOR
2 1 15603 15602 15605 XOR
2 1 15603 15604 15606 AND
2 1 15602 15606 15607 XOR
2 1 15382 86 15608 XOR
2 1 15607 86 15609 XOR
2 1 15608 15607 15610 XOR
2 1 15608 15609 15611 AND
2 1 15607 15611 15612 XOR
2 1 15385 87 15613 XOR
2 1 15612 87 15614 XOR
2 1 15613 15612 15615 XOR
2 1 15613 15614 15616 AND
2 1 15612 15616 15617 XOR
2 1 15388 88 15618 XOR
2 1 15617 88 15619 XOR
2 1 15618 15617 15620 XOR
2 1 15618 15619 15621 AND
2 1 15617 15621 15622 XOR
2 1 15391 89 15623 XOR
2 1 15622 89 15624 XOR
2 1 15623 15622 15625 XOR
2 1 15623 15624 15626 AND
2 1 15622 15626 15627 XOR
2 1 15394 90 15628 XOR
2 1 15627 90 15629 XOR
2 1 15628 15627 15630 XOR
2 1 15628 15629 15631 AND
2 1 15627 15631 15632 XOR
2 1 15397 91 15633 XOR
2 1 15632 91 15634 XOR
2 1 15633 15632 15635 XOR
2 1 15633 15634 15636 AND
2 1 15632 15636 15637 XOR
2 1 15400 92 15638 XOR
2 1 15637 92 15639 XOR
2 1 15638 15637 15640 XOR
2 1 15638 15639 15641 AND
2 1 15637 15641 15642 XOR
2 1 15403 93 15643 XOR
2 1 15642 93 15644 XOR
2 1 15643 15642 15645 XOR
2 1 15643 15644 15646 AND
2 1 15642 15646 15647 XOR
2 1 15406 94 15648 XOR
2 1 15647 94 15649 XOR
2 1 15648 15647 15650 XOR
2 1 15648 15649 15651 AND
2 1 15647 15651 15652 XOR
2 1 15409 95 15653 XOR
2 1 15652 95 15654 XOR
2 1 15653 15652 15655 XOR
2 1 15653 15654 15656 AND
2 1 15652 15656 15657 XOR
2 1 15412 96 15658 XOR
2 1 15657 96 15659 XOR
2 1 15658 15657 15660 XOR
2 1 15658 15659 15661 AND
2 1 15657 15661 15662 XOR
2 1 15415 97 15663 XOR
2 1 15662 97 15664 XOR
2 1 15663 15662 15665 XOR
2 1 15663 15664 15666 AND
2 1 15662 15666 15667 XOR
2 1 15418 98 15668 XOR
2 1 15667 98 15669 XOR
2 1 15668 15667 15670 XOR
2 1 15668 15669 15671 AND
2 1 15667 15671 15672 XOR
2 1 15421 99 15673 XOR
2 1 15672 99 15674 XOR
2 1 15673 15672 15675 XOR
2 1 15673 15674 15676 AND
2 1 15672 15676 15677 XOR
2 1 15424 100 15678 XOR
2 1 15677 100 15679 XOR
2 1 15678 15677 15680 XOR
2 1 15678 15679 15681 AND
2 1 15677 15681 15682 XOR
2 1 15427 101 15683 XOR
2 1 15682 101 15684 XOR
2 1 15683 15682 15685 XOR
2 1 15683 15684 15686 AND
2 1 15682 15686 15687 XOR
2 1 15430 102 15688 XOR
2 1 15687 102 15689 XOR
2 1 15688 15687 15690 XOR
2 1 15688 15689 15691 AND
2 1 15687 15691 15692 XOR
2 1 15433 103 15693 XOR
2 1 15692 103 15694 XOR
2 1 15693 15692 15695 XOR
2 1 15693 15694 15696 AND
2 1 15692 15696 15697 XOR
2 1 15436 104 15698 XOR
2 1 15697 104 15699 XOR
2 1 15698 15697 15700 XOR
2 1 15698 15699 15701 AND
2 1 15697 15701 15702 XOR
2 1 15439 105 15703 XOR
2 1 15702 105 15704 XOR
2 1 15703 15702 15705 XOR
2 1 15703 15704 15706 AND
2 1 15702 15706 15707 XOR
2 1 15442 106 15708 XOR
2 1 15707 106 15709 XOR
2 1 15708 15707 15710 XOR
2 1 15708 15709 15711 AND
2 1 15707 15711 15712 XOR
2 1 15445 107 15713 XOR
2 1 15712 107 15714 XOR
2 1 15713 15712 15715 XOR
2 1 15713 15714 15716 AND
2 1 15712 15716 15717 XOR
2 1 15448 108 15718 XOR
2 1 15717 108 15719 XOR
2 1 15718 15717 15720 XOR
2 1 15718 15719 15721 AND
2 1 15717 15721 15722 XOR
2 1 15451 109 15723 XOR
2 1 15722 109 15724 XOR
2 1 15723 15722 15725 XOR
2 1 15723 15724 15726 AND
2 1 15722 15726 15727 XOR
2 1 15454 110 15728 XOR
2 1 15727 110 15729 XOR
2 1 15728 15727 15730 XOR
2 1 15728 15729 15731 AND
2 1 15727 15731 15732 XOR
2 1 15457 111 15733 XOR
2 1 15732 111 15734 XOR
2 1 15733 15732 15735 XOR
2 1 15733 15734 15736 AND
2 1 15732 15736 15737 XOR
2 1 15460 112 15738 XOR
2 1 15737 112 15739 XOR
2 1 15738 15737 15740 XOR
2 1 15738 15739 15741 AND
2 1 15737 15741 15742 XOR
2 1 15463 113 15743 XOR
2 1 15742 113 15744 XOR
2 1 15743 15742 15745 XOR
2 1 15743 15744 15746 AND
2 1 15742 15746 15747 XOR
2 1 15466 114 15748 XOR
2 1 15747 114 15749 XOR
2 1 15748 15747 15750 XOR
2 1 15748 15749 15751 AND
2 1 15747 15751 15752 XOR
2 1 15469 115 15753 XOR
2 1 15752 115 15754 XOR
2 1 15753 15752 15755 XOR
2 1 15753 15754 15756 AND
2 1 15752 15756 15757 XOR
2 1 15472 116 15758 XOR
2 1 15757 116 15759 XOR
2 1 15758 15757 15760 XOR
2 1 15758 15759 15761 AND
2 1 15757 15761 15762 XOR
2 1 15475 117 15763 XOR
2 1 15762 117 15764 XOR
2 1 15763 15762 15765 XOR
2 1 15763 15764 15766 AND
2 1 15762 15766 15767 XOR
2 1 15478 118 15768 XOR
2 1 15767 118 15769 XOR
2 1 15768 15767 15770 XOR
2 1 15768 15769 15771 AND
2 1 15767 15771 15772 XOR
2 1 15481 119 15773 XOR
2 1 15772 119 15774 XOR
2 1 15773 15772 15775 XOR
2 1 15773 15774 15776 AND
2 1 15772 15776 15777 XOR
2 1 15484 120 15778 XOR
2 1 15777 120 15779 XOR
2 1 15778 15777 15780 XOR
2 1 15778 15779 15781 AND
2 1 15777 15781 15782 XOR
2 1 15487 121 15783 XOR
2 1 15782 121 15784 XOR
2 1 15783 15782 15785 XOR
2 1 15783 15784 15786 AND
2 1 15782 15786 15787 XOR
2 1 15490 122 15788 XOR
2 1 15787 122 15789 XOR
2 1 15788 15787 15790 XOR
2 1 15788 15789 15791 AND
2 1 15787 15791 15792 XOR
2 1 15493 123 15793 XOR
2 1 15792 123 15794 XOR
2 1 15793 15792 15795 XOR
2 1 15793 15794 15796 AND
2 1 15792 15796 15797 XOR
2 1 15496 124 15798 XOR
2 1 15797 124 15799 XOR
2 1 15798 15797 15800 XOR
2 1 15798 15799 15801 AND
2 1 15797 15801 15802 XOR
2 1 15499 125 15803 XOR
2 1 15802 125 15804 XOR
2 1 15803 15802 15805 XOR
2 1 15803 15804 15806 AND
2 1 15802 15806 15807 XOR
2 1 15807 130 15808 XOR
2 1 15807 130 15809 AND
2 1 15808 15809 15810 XOR
2 1 3 15501 15811 XOR
2 1 15810 15811 15812 AND
2 1 15812 15501 15813 XOR
2 1 15319 15505 15814 XOR
2 1 15810 15814 15815 AND
2 1 15815 15505 15816 XOR
2 1 15322 15510 15817 XOR
2 1 15810 15817 15818 AND
2 1 15818 15510 15819 XOR
2 1 15325 15515 15820 XOR
2 1 15810 15820 15821 AND
2 1 15821 15515 15822 XOR
2 1 15328 15520 15823 XOR
2 1 15810 15823 15824 AND
2 1 15824 15520 15825 XOR
2 1 15331 15525 15826 XOR
2 1 15810 15826 15827 AND
2 1 15827 15525 15828 XOR
2 1 15334 15530 15829 XOR
2 1 15810 15829 15830 AND
2 1 15830 15530 15831 XOR
2 1 15337 15535 15832 XOR
2 1 15810 15832 15833 AND
2 1 15833 15535 15834 XOR
2 1 15340 15540 15835 XOR
2 1 15810 15835 15836 AND
2 1 15836 15540 15837 XOR
2 1 15343 15545 15838 XOR
2 1 15810 15838 15839 AND
2 1 15839 15545 15840 XOR
2 1 15346 15550 15841 XOR
2 1 15810 15841 15842 AND
2 1 15842 15550 15843 XOR
2 1 15349 15555 15844 XOR
2 1 15810 15844 15845 AND
2 1 15845 15555 15846 XOR
2 1 15352 15560 15847 XOR
2 1 15810 15847 15848 AND
2 1 15848 15560 15849 XOR
2 1 15355 15565 15850 XOR
2 1 15810 15850 15851 AND
2 1 15851 15565 15852 XOR
2 1 15358 15570 15853 XOR
2 1 15810 15853 15854 AND
2 1 15854 15570 15855 XOR
2 1 15361 15575 15856 XOR
2 1 15810 15856 15857 AND
2 1 15857 15575 15858 XOR
2 1 15364 15580 15859 XOR
2 1 15810 15859 15860 AND
2 1 15860 15580 15861 XOR
2 1 15367 15585 15862 XOR
2 1 15810 15862 15863 AND
2 1 15863 15585 15864 XOR
2 1 15370 15590 15865 XOR
2 1 15810 15865 15866 AND
2 1 15866 15590 15867 XOR
2 1 15373 15595 15868 XOR
2 1 15810 15868 15869 AND
2 1 15869 15595 15870 XOR
2 1 15376 15600 15871 XOR
2 1 15810 15871 15872 AND
2 1 15872 15600 15873 XOR
2 1 15379 15605 15874 XOR
2 1 15810 15874 15875 AND
2 1 15875 15605 15876 XOR
2 1 15382 15610 15877 XOR
2 1 15810 15877 15878 AND
2 1 15878 15610 15879 XOR
2 1 15385 15615 15880 XOR
2 1 15810 15880 15881 AND
2 1 15881 15615 15882 XOR
2 1 15388 15620 15883 XOR
2 1 15810 15883 15884 AND
2 1 15884 15620 15885 XOR
2 1 15391 15625 15886 XOR
2 1 15810 15886 15887 AND
2 1 15887 15625 15888 XOR
2 1 15394 15630 15889 XOR
2 1 15810 15889 15890 AND
2 1 15890 15630 15891 XOR
2 1 15397 15635 15892 XOR
2 1 15810 15892 15893 AND
2 1 15893 15635 15894 XOR
2 1 15400 15640 15895 XOR
2 1 15810 15895 15896 AND
2 1 15896 15640 15897 XOR
2 1 15403 15645 15898 XOR
2 1 15810 15898 15899 AND
2 1 15899 15645 15900 XOR
2 1 15406 15650 15901 XOR
2 1 15810 15901 15902 AND
2 1 15902 15650 15903 XOR
2 1 15409 15655 15904 XOR
2 1 15810 15904 15905 AND
2 1 15905 15655 15906 XOR
2 1 15412 15660 15907 XOR
2 1 15810 15907 15908 AND
2 1 15908 15660 15909 XOR
2 1 15415 15665 15910 XOR
2 1 15810 15910 15911 AND
2 1 15911 15665 15912 XOR
2 1 15418 15670 15913 XOR
2 1 15810 15913 15914 AND
2 1 15914 15670 15915 XOR
2 1 15421 15675 15916 XOR
2 1 15810 15916 15917 AND
2 1 15917 15675 15918 XOR
2 1 15424 15680 15919 XOR
2 1 15810 15919 15920 AND
2 1 15920 15680 15921 XOR
2 1 15427 15685 15922 XOR
2 1 15810 15922 15923 AND
2 1 15923 15685 15924 XOR
2 1 15430 15690 15925 XOR
2 1 15810 15925 15926 AND
2 1 15926 15690 15927 XOR
2 1 15433 15695 15928 XOR
2 1 15810 15928 15929 AND
2 1 15929 15695 15930 XOR
2 1 15436 15700 15931 XOR
2 1 15810 15931 15932 AND
2 1 15932 15700 15933 XOR
2 1 15439 15705 15934 XOR
2 1 15810 15934 15935 AND
2 1 15935 15705 15936 XOR
2 1 15442 15710 15937 XOR
2 1 15810 15937 15938 AND
2 1 15938 15710 15939 XOR
2 1 15445 15715 15940 XOR
2 1 15810 15940 15941 AND
2 1 15941 15715 15942 XOR
2 1 15448 15720 15943 XOR
2 1 15810 15943 15944 AND
2 1 15944 15720 15945 XOR
2 1 15451 15725 15946 XOR
2 1 15810 15946 15947 AND
2 1 15947 15725 15948 XOR
2 1 15454 15730 15949 XOR
2 1 15810 15949 15950 AND
2 1 15950 15730 15951 XOR
2 1 15457 15735 15952 XOR
2 1 15810 15952 15953 AND
2 1 15953 15735 15954 XOR
2 1 15460 15740 15955 XOR
2 1 15810 15955 15956 AND
2 1 15956 15740 15957 XOR
2 1 15463 15745 15958 XOR
2 1 15810 15958 15959 AND
2 1 15959 15745 15960 XOR
2 1 15466 15750 15961 XOR
2 1 15810 15961 15962 AND
2 1 15962 15750 15963 XOR
2 1 15469 15755 15964 XOR
2 1 15810 15964 15965 AND
2 1 15965 15755 15966 XOR
2 1 15472 15760 15967 XOR
2 1 15810 15967 15968 AND
2 1 15968 15760 15969 XOR
2 1 15475 15765 15970 XOR
2 1 15810 15970 15971 AND
2 1 15971 15765 15972 XOR
2 1 15478 15770 15973 XOR
2 1 15810 15973 15974 AND
2 1 15974 15770 15975 XOR
2 1 15481 15775 15976 XOR
2 1 15810 15976 15977 AND
2 1 15977 15775 15978 XOR
2 1 15484 15780 15979 XOR
2 1 15810 15979 15980 AND
2 1 15980 15780 15981 XOR
2 1 15487 15785 15982 XOR
2 1 15810 15982 15983 AND
2 1 15983 15785 15984 XOR
2 1 15490 15790 15985 XOR
2 1 15810 15985 15986 AND
2 1 15986 15790 15987 XOR
2 1 15493 15795 15988 XOR
2 1 15810 15988 15989 AND
2 1 15989 15795 15990 XOR
2 1 15496 15800 15991 XOR
2 1 15810 15991 15992 AND
2 1 15992 15800 15993 XOR
2 1 15499 15805 15994 XOR
2 1 15810 15994 15995 AND
2 1 15995 15805 15996 XOR
1 1 15810 15997 INV
2 1 2 64 15998 XOR
2 1 15998 64 15999 AND
2 1 15813 65 16000 XOR
2 1 15999 65 16001 XOR
2 1 16000 15999 16002 XOR
2 1 16000 16001 16003 AND
2 1 15999 16003 16004 XOR
2 1 15816 66 16005 XOR
2 1 16004 66 16006 XOR
2 1 16005 16004 16007 XOR
2 1 16005 16006 16008 AND
2 1 16004 16008 16009 XOR
2 1 15819 67 16010 XOR
2 1 16009 67 16011 XOR
2 1 16010 16009 16012 XOR
2 1 16010 16011 16013 AND
2 1 16009 16013 16014 XOR
2 1 15822 68 16015 XOR
2 1 16014 68 16016 XOR
2 1 16015 16014 16017 XOR
2 1 16015 16016 16018 AND
2 1 16014 16018 16019 XOR
2 1 15825 69 16020 XOR
2 1 16019 69 16021 XOR
2 1 16020 16019 16022 XOR
2 1 16020 16021 16023 AND
2 1 16019 16023 16024 XOR
2 1 15828 70 16025 XOR
2 1 16024 70 16026 XOR
2 1 16025 16024 16027 XOR
2 1 16025 16026 16028 AND
2 1 16024 16028 16029 XOR
2 1 15831 71 16030 XOR
2 1 16029 71 16031 XOR
2 1 16030 16029 16032 XOR
2 1 16030 16031 16033 AND
2 1 16029 16033 16034 XOR
2 1 15834 72 16035 XOR
2 1 16034 72 16036 XOR
2 1 16035 16034 16037 XOR
2 1 16035 16036 16038 AND
2 1 16034 16038 16039 XOR
2 1 15837 73 16040 XOR
2 1 16039 73 16041 XOR
2 1 16040 16039 16042 XOR
2 1 16040 16041 16043 AND
2 1 16039 16043 16044 XOR
2 1 15840 74 16045 XOR
2 1 16044 74 16046 XOR
2 1 16045 16044 16047 XOR
2 1 16045 16046 16048 AND
2 1 16044 16048 16049 XOR
2 1 15843 75 16050 XOR
2 1 16049 75 16051 XOR
2 1 16050 16049 16052 XOR
2 1 16050 16051 16053 AND
2 1 16049 16053 16054 XOR
2 1 15846 76 16055 XOR
2 1 16054 76 16056 XOR
2 1 16055 16054 16057 XOR
2 1 16055 16056 16058 AND
2 1 16054 16058 16059 XOR
2 1 15849 77 16060 XOR
2 1 16059 77 16061 XOR
2 1 16060 16059 16062 XOR
2 1 16060 16061 16063 AND
2 1 16059 16063 16064 XOR
2 1 15852 78 16065 XOR
2 1 16064 78 16066 XOR
2 1 16065 16064 16067 XOR
2 1 16065 16066 16068 AND
2 1 16064 16068 16069 XOR
2 1 15855 79 16070 XOR
2 1 16069 79 16071 XOR
2 1 16070 16069 16072 XOR
2 1 16070 16071 16073 AND
2 1 16069 16073 16074 XOR
2 1 15858 80 16075 XOR
2 1 16074 80 16076 XOR
2 1 16075 16074 16077 XOR
2 1 16075 16076 16078 AND
2 1 16074 16078 16079 XOR
2 1 15861 81 16080 XOR
2 1 16079 81 16081 XOR
2 1 16080 16079 16082 XOR
2 1 16080 16081 16083 AND
2 1 16079 16083 16084 XOR
2 1 15864 82 16085 XOR
2 1 16084 82 16086 XOR
2 1 16085 16084 16087 XOR
2 1 16085 16086 16088 AND
2 1 16084 16088 16089 XOR
2 1 15867 83 16090 XOR
2 1 16089 83 16091 XOR
2 1 16090 16089 16092 XOR
2 1 16090 16091 16093 AND
2 1 16089 16093 16094 XOR
2 1 15870 84 16095 XOR
2 1 16094 84 16096 XOR
2 1 16095 16094 16097 XOR
2 1 16095 16096 16098 AND
2 1 16094 16098 16099 XOR
2 1 15873 85 16100 XOR
2 1 16099 85 16101 XOR
2 1 16100 16099 16102 XOR
2 1 16100 16101 16103 AND
2 1 16099 16103 16104 XOR
2 1 15876 86 16105 XOR
2 1 16104 86 16106 XOR
2 1 16105 16104 16107 XOR
2 1 16105 16106 16108 AND
2 1 16104 16108 16109 XOR
2 1 15879 87 16110 XOR
2 1 16109 87 16111 XOR
2 1 16110 16109 16112 XOR
2 1 16110 16111 16113 AND
2 1 16109 16113 16114 XOR
2 1 15882 88 16115 XOR
2 1 16114 88 16116 XOR
2 1 16115 16114 16117 XOR
2 1 16115 16116 16118 AND
2 1 16114 16118 16119 XOR
2 1 15885 89 16120 XOR
2 1 16119 89 16121 XOR
2 1 16120 16119 16122 XOR
2 1 16120 16121 16123 AND
2 1 16119 16123 16124 XOR
2 1 15888 90 16125 XOR
2 1 16124 90 16126 XOR
2 1 16125 16124 16127 XOR
2 1 16125 16126 16128 AND
2 1 16124 16128 16129 XOR
2 1 15891 91 16130 XOR
2 1 16129 91 16131 XOR
2 1 16130 16129 16132 XOR
2 1 16130 16131 16133 AND
2 1 16129 16133 16134 XOR
2 1 15894 92 16135 XOR
2 1 16134 92 16136 XOR
2 1 16135 16134 16137 XOR
2 1 16135 16136 16138 AND
2 1 16134 16138 16139 XOR
2 1 15897 93 16140 XOR
2 1 16139 93 16141 XOR
2 1 16140 16139 16142 XOR
2 1 16140 16141 16143 AND
2 1 16139 16143 16144 XOR
2 1 15900 94 16145 XOR
2 1 16144 94 16146 XOR
2 1 16145 16144 16147 XOR
2 1 16145 16146 16148 AND
2 1 16144 16148 16149 XOR
2 1 15903 95 16150 XOR
2 1 16149 95 16151 XOR
2 1 16150 16149 16152 XOR
2 1 16150 16151 16153 AND
2 1 16149 16153 16154 XOR
2 1 15906 96 16155 XOR
2 1 16154 96 16156 XOR
2 1 16155 16154 16157 XOR
2 1 16155 16156 16158 AND
2 1 16154 16158 16159 XOR
2 1 15909 97 16160 XOR
2 1 16159 97 16161 XOR
2 1 16160 16159 16162 XOR
2 1 16160 16161 16163 AND
2 1 16159 16163 16164 XOR
2 1 15912 98 16165 XOR
2 1 16164 98 16166 XOR
2 1 16165 16164 16167 XOR
2 1 16165 16166 16168 AND
2 1 16164 16168 16169 XOR
2 1 15915 99 16170 XOR
2 1 16169 99 16171 XOR
2 1 16170 16169 16172 XOR
2 1 16170 16171 16173 AND
2 1 16169 16173 16174 XOR
2 1 15918 100 16175 XOR
2 1 16174 100 16176 XOR
2 1 16175 16174 16177 XOR
2 1 16175 16176 16178 AND
2 1 16174 16178 16179 XOR
2 1 15921 101 16180 XOR
2 1 16179 101 16181 XOR
2 1 16180 16179 16182 XOR
2 1 16180 16181 16183 AND
2 1 16179 16183 16184 XOR
2 1 15924 102 16185 XOR
2 1 16184 102 16186 XOR
2 1 16185 16184 16187 XOR
2 1 16185 16186 16188 AND
2 1 16184 16188 16189 XOR
2 1 15927 103 16190 XOR
2 1 16189 103 16191 XOR
2 1 16190 16189 16192 XOR
2 1 16190 16191 16193 AND
2 1 16189 16193 16194 XOR
2 1 15930 104 16195 XOR
2 1 16194 104 16196 XOR
2 1 16195 16194 16197 XOR
2 1 16195 16196 16198 AND
2 1 16194 16198 16199 XOR
2 1 15933 105 16200 XOR
2 1 16199 105 16201 XOR
2 1 16200 16199 16202 XOR
2 1 16200 16201 16203 AND
2 1 16199 16203 16204 XOR
2 1 15936 106 16205 XOR
2 1 16204 106 16206 XOR
2 1 16205 16204 16207 XOR
2 1 16205 16206 16208 AND
2 1 16204 16208 16209 XOR
2 1 15939 107 16210 XOR
2 1 16209 107 16211 XOR
2 1 16210 16209 16212 XOR
2 1 16210 16211 16213 AND
2 1 16209 16213 16214 XOR
2 1 15942 108 16215 XOR
2 1 16214 108 16216 XOR
2 1 16215 16214 16217 XOR
2 1 16215 16216 16218 AND
2 1 16214 16218 16219 XOR
2 1 15945 109 16220 XOR
2 1 16219 109 16221 XOR
2 1 16220 16219 16222 XOR
2 1 16220 16221 16223 AND
2 1 16219 16223 16224 XOR
2 1 15948 110 16225 XOR
2 1 16224 110 16226 XOR
2 1 16225 16224 16227 XOR
2 1 16225 16226 16228 AND
2 1 16224 16228 16229 XOR
2 1 15951 111 16230 XOR
2 1 16229 111 16231 XOR
2 1 16230 16229 16232 XOR
2 1 16230 16231 16233 AND
2 1 16229 16233 16234 XOR
2 1 15954 112 16235 XOR
2 1 16234 112 16236 XOR
2 1 16235 16234 16237 XOR
2 1 16235 16236 16238 AND
2 1 16234 16238 16239 XOR
2 1 15957 113 16240 XOR
2 1 16239 113 16241 XOR
2 1 16240 16239 16242 XOR
2 1 16240 16241 16243 AND
2 1 16239 16243 16244 XOR
2 1 15960 114 16245 XOR
2 1 16244 114 16246 XOR
2 1 16245 16244 16247 XOR
2 1 16245 16246 16248 AND
2 1 16244 16248 16249 XOR
2 1 15963 115 16250 XOR
2 1 16249 115 16251 XOR
2 1 16250 16249 16252 XOR
2 1 16250 16251 16253 AND
2 1 16249 16253 16254 XOR
2 1 15966 116 16255 XOR
2 1 16254 116 16256 XOR
2 1 16255 16254 16257 XOR
2 1 16255 16256 16258 AND
2 1 16254 16258 16259 XOR
2 1 15969 117 16260 XOR
2 1 16259 117 16261 XOR
2 1 16260 16259 16262 XOR
2 1 16260 16261 16263 AND
2 1 16259 16263 16264 XOR
2 1 15972 118 16265 XOR
2 1 16264 118 16266 XOR
2 1 16265 16264 16267 XOR
2 1 16265 16266 16268 AND
2 1 16264 16268 16269 XOR
2 1 15975 119 16270 XOR
2 1 16269 119 16271 XOR
2 1 16270 16269 16272 XOR
2 1 16270 16271 16273 AND
2 1 16269 16273 16274 XOR
2 1 15978 120 16275 XOR
2 1 16274 120 16276 XOR
2 1 16275 16274 16277 XOR
2 1 16275 16276 16278 AND
2 1 16274 16278 16279 XOR
2 1 15981 121 16280 XOR
2 1 16279 121 16281 XOR
2 1 16280 16279 16282 XOR
2 1 16280 16281 16283 AND
2 1 16279 16283 16284 XOR
2 1 15984 122 16285 XOR
2 1 16284 122 16286 XOR
2 1 16285 16284 16287 XOR
2 1 16285 16286 16288 AND
2 1 16284 16288 16289 XOR
2 1 15987 123 16290 XOR
2 1 16289 123 16291 XOR
2 1 16290 16289 16292 XOR
2 1 16290 16291 16293 AND
2 1 16289 16293 16294 XOR
2 1 15990 124 16295 XOR
2 1 16294 124 16296 XOR
2 1 16295 16294 16297 XOR
2 1 16295 16296 16298 AND
2 1 16294 16298 16299 XOR
2 1 15993 125 16300 XOR
2 1 16299 125 16301 XOR
2 1 16300 16299 16302 XOR
2 1 16300 16301 16303 AND
2 1 16299 16303 16304 XOR
2 1 15996 126 16305 XOR
2 1 16304 126 16306 XOR
2 1 16305 16304 16307 XOR
2 1 16305 16306 16308 AND
2 1 16304 16308 16309 XOR
2 1 16309 127 16310 XOR
2 1 16309 127 16311 AND
2 1 16310 16311 16312 XOR
2 1 2 15998 16313 XOR
2 1 16312 16313 16314 AND
2 1 16314 15998 16315 XOR
2 1 15813 16002 16316 XOR
2 1 16312 16316 16317 AND
2 1 16317 16002 16318 XOR
2 1 15816 16007 16319 XOR
2 1 16312 16319 16320 AND
2 1 16320 16007 16321 XOR
2 1 15819 16012 16322 XOR
2 1 16312 16322 16323 AND
2 1 16323 16012 16324 XOR
2 1 15822 16017 16325 XOR
2 1 16312 16325 16326 AND
2 1 16326 16017 16327 XOR
2 1 15825 16022 16328 XOR
2 1 16312 16328 16329 AND
2 1 16329 16022 16330 XOR
2 1 15828 16027 16331 XOR
2 1 16312 16331 16332 AND
2 1 16332 16027 16333 XOR
2 1 15831 16032 16334 XOR
2 1 16312 16334 16335 AND
2 1 16335 16032 16336 XOR
2 1 15834 16037 16337 XOR
2 1 16312 16337 16338 AND
2 1 16338 16037 16339 XOR
2 1 15837 16042 16340 XOR
2 1 16312 16340 16341 AND
2 1 16341 16042 16342 XOR
2 1 15840 16047 16343 XOR
2 1 16312 16343 16344 AND
2 1 16344 16047 16345 XOR
2 1 15843 16052 16346 XOR
2 1 16312 16346 16347 AND
2 1 16347 16052 16348 XOR
2 1 15846 16057 16349 XOR
2 1 16312 16349 16350 AND
2 1 16350 16057 16351 XOR
2 1 15849 16062 16352 XOR
2 1 16312 16352 16353 AND
2 1 16353 16062 16354 XOR
2 1 15852 16067 16355 XOR
2 1 16312 16355 16356 AND
2 1 16356 16067 16357 XOR
2 1 15855 16072 16358 XOR
2 1 16312 16358 16359 AND
2 1 16359 16072 16360 XOR
2 1 15858 16077 16361 XOR
2 1 16312 16361 16362 AND
2 1 16362 16077 16363 XOR
2 1 15861 16082 16364 XOR
2 1 16312 16364 16365 AND
2 1 16365 16082 16366 XOR
2 1 15864 16087 16367 XOR
2 1 16312 16367 16368 AND
2 1 16368 16087 16369 XOR
2 1 15867 16092 16370 XOR
2 1 16312 16370 16371 AND
2 1 16371 16092 16372 XOR
2 1 15870 16097 16373 XOR
2 1 16312 16373 16374 AND
2 1 16374 16097 16375 XOR
2 1 15873 16102 16376 XOR
2 1 16312 16376 16377 AND
2 1 16377 16102 16378 XOR
2 1 15876 16107 16379 XOR
2 1 16312 16379 16380 AND
2 1 16380 16107 16381 XOR
2 1 15879 16112 16382 XOR
2 1 16312 16382 16383 AND
2 1 16383 16112 16384 XOR
2 1 15882 16117 16385 XOR
2 1 16312 16385 16386 AND
2 1 16386 16117 16387 XOR
2 1 15885 16122 16388 XOR
2 1 16312 16388 16389 AND
2 1 16389 16122 16390 XOR
2 1 15888 16127 16391 XOR
2 1 16312 16391 16392 AND
2 1 16392 16127 16393 XOR
2 1 15891 16132 16394 XOR
2 1 16312 16394 16395 AND
2 1 16395 16132 16396 XOR
2 1 15894 16137 16397 XOR
2 1 16312 16397 16398 AND
2 1 16398 16137 16399 XOR
2 1 15897 16142 16400 XOR
2 1 16312 16400 16401 AND
2 1 16401 16142 16402 XOR
2 1 15900 16147 16403 XOR
2 1 16312 16403 16404 AND
2 1 16404 16147 16405 XOR
2 1 15903 16152 16406 XOR
2 1 16312 16406 16407 AND
2 1 16407 16152 16408 XOR
2 1 15906 16157 16409 XOR
2 1 16312 16409 16410 AND
2 1 16410 16157 16411 XOR
2 1 15909 16162 16412 XOR
2 1 16312 16412 16413 AND
2 1 16413 16162 16414 XOR
2 1 15912 16167 16415 XOR
2 1 16312 16415 16416 AND
2 1 16416 16167 16417 XOR
2 1 15915 16172 16418 XOR
2 1 16312 16418 16419 AND
2 1 16419 16172 16420 XOR
2 1 15918 16177 16421 XOR
2 1 16312 16421 16422 AND
2 1 16422 16177 16423 XOR
2 1 15921 16182 16424 XOR
2 1 16312 16424 16425 AND
2 1 16425 16182 16426 XOR
2 1 15924 16187 16427 XOR
2 1 16312 16427 16428 AND
2 1 16428 16187 16429 XOR
2 1 15927 16192 16430 XOR
2 1 16312 16430 16431 AND
2 1 16431 16192 16432 XOR
2 1 15930 16197 16433 XOR
2 1 16312 16433 16434 AND
2 1 16434 16197 16435 XOR
2 1 15933 16202 16436 XOR
2 1 16312 16436 16437 AND
2 1 16437 16202 16438 XOR
2 1 15936 16207 16439 XOR
2 1 16312 16439 16440 AND
2 1 16440 16207 16441 XOR
2 1 15939 16212 16442 XOR
2 1 16312 16442 16443 AND
2 1 16443 16212 16444 XOR
2 1 15942 16217 16445 XOR
2 1 16312 16445 16446 AND
2 1 16446 16217 16447 XOR
2 1 15945 16222 16448 XOR
2 1 16312 16448 16449 AND
2 1 16449 16222 16450 XOR
2 1 15948 16227 16451 XOR
2 1 16312 16451 16452 AND
2 1 16452 16227 16453 XOR
2 1 15951 16232 16454 XOR
2 1 16312 16454 16455 AND
2 1 16455 16232 16456 XOR
2 1 15954 16237 16457 XOR
2 1 16312 16457 16458 AND
2 1 16458 16237 16459 XOR
2 1 15957 16242 16460 XOR
2 1 16312 16460 16461 AND
2 1 16461 16242 16462 XOR
2 1 15960 16247 16463 XOR
2 1 16312 16463 16464 AND
2 1 16464 16247 16465 XOR
2 1 15963 16252 16466 XOR
2 1 16312 16466 16467 AND
2 1 16467 16252 16468 XOR
2 1 15966 16257 16469 XOR
2 1 16312 16469 16470 AND
2 1 16470 16257 16471 XOR
2 1 15969 16262 16472 XOR
2 1 16312 16472 16473 AND
2 1 16473 16262 16474 XOR
2 1 15972 16267 16475 XOR
2 1 16312 16475 16476 AND
2 1 16476 16267 16477 XOR
2 1 15975 16272 16478 XOR
2 1 16312 16478 16479 AND
2 1 16479 16272 16480 XOR
2 1 15978 16277 16481 XOR
2 1 16312 16481 16482 AND
2 1 16482 16277 16483 XOR
2 1 15981 16282 16484 XOR
2 1 16312 16484 16485 AND
2 1 16485 16282 16486 XOR
2 1 15984 16287 16487 XOR
2 1 16312 16487 16488 AND
2 1 16488 16287 16489 XOR
2 1 15987 16292 16490 XOR
2 1 16312 16490 16491 AND
2 1 16491 16292 16492 XOR
2 1 15990 16297 16493 XOR
2 1 16312 16493 16494 AND
2 1 16494 16297 16495 XOR
2 1 15993 16302 16496 XOR
2 1 16312 16496 16497 AND
2 1 16497 16302 16498 XOR
2 1 15996 16307 16499 XOR
2 1 16312 16499 16500 AND
2 1 16500 16307 16501 XOR
1 1 16312 16502 INV
2 1 1 64 16503 XOR
2 1 16503 64 16504 AND
2 1 16315 65 16505 XOR
2 1 16504 65 16506 XOR
2 1 16505 16504 16507 XOR
2 1 16505 16506 16508 AND
2 1 16504 16508 16509 XOR
2 1 16318 66 16510 XOR
2 1 16509 66 16511 XOR
2 1 16510 16509 16512 XOR
2 1 16510 16511 16513 AND
2 1 16509 16513 16514 XOR
2 1 16321 67 16515 XOR
2 1 16514 67 16516 XOR
2 1 16515 16514 16517 XOR
2 1 16515 16516 16518 AND
2 1 16514 16518 16519 XOR
2 1 16324 68 16520 XOR
2 1 16519 68 16521 XOR
2 1 16520 16519 16522 XOR
2 1 16520 16521 16523 AND
2 1 16519 16523 16524 XOR
2 1 16327 69 16525 XOR
2 1 16524 69 16526 XOR
2 1 16525 16524 16527 XOR
2 1 16525 16526 16528 AND
2 1 16524 16528 16529 XOR
2 1 16330 70 16530 XOR
2 1 16529 70 16531 XOR
2 1 16530 16529 16532 XOR
2 1 16530 16531 16533 AND
2 1 16529 16533 16534 XOR
2 1 16333 71 16535 XOR
2 1 16534 71 16536 XOR
2 1 16535 16534 16537 XOR
2 1 16535 16536 16538 AND
2 1 16534 16538 16539 XOR
2 1 16336 72 16540 XOR
2 1 16539 72 16541 XOR
2 1 16540 16539 16542 XOR
2 1 16540 16541 16543 AND
2 1 16539 16543 16544 XOR
2 1 16339 73 16545 XOR
2 1 16544 73 16546 XOR
2 1 16545 16544 16547 XOR
2 1 16545 16546 16548 AND
2 1 16544 16548 16549 XOR
2 1 16342 74 16550 XOR
2 1 16549 74 16551 XOR
2 1 16550 16549 16552 XOR
2 1 16550 16551 16553 AND
2 1 16549 16553 16554 XOR
2 1 16345 75 16555 XOR
2 1 16554 75 16556 XOR
2 1 16555 16554 16557 XOR
2 1 16555 16556 16558 AND
2 1 16554 16558 16559 XOR
2 1 16348 76 16560 XOR
2 1 16559 76 16561 XOR
2 1 16560 16559 16562 XOR
2 1 16560 16561 16563 AND
2 1 16559 16563 16564 XOR
2 1 16351 77 16565 XOR
2 1 16564 77 16566 XOR
2 1 16565 16564 16567 XOR
2 1 16565 16566 16568 AND
2 1 16564 16568 16569 XOR
2 1 16354 78 16570 XOR
2 1 16569 78 16571 XOR
2 1 16570 16569 16572 XOR
2 1 16570 16571 16573 AND
2 1 16569 16573 16574 XOR
2 1 16357 79 16575 XOR
2 1 16574 79 16576 XOR
2 1 16575 16574 16577 XOR
2 1 16575 16576 16578 AND
2 1 16574 16578 16579 XOR
2 1 16360 80 16580 XOR
2 1 16579 80 16581 XOR
2 1 16580 16579 16582 XOR
2 1 16580 16581 16583 AND
2 1 16579 16583 16584 XOR
2 1 16363 81 16585 XOR
2 1 16584 81 16586 XOR
2 1 16585 16584 16587 XOR
2 1 16585 16586 16588 AND
2 1 16584 16588 16589 XOR
2 1 16366 82 16590 XOR
2 1 16589 82 16591 XOR
2 1 16590 16589 16592 XOR
2 1 16590 16591 16593 AND
2 1 16589 16593 16594 XOR
2 1 16369 83 16595 XOR
2 1 16594 83 16596 XOR
2 1 16595 16594 16597 XOR
2 1 16595 16596 16598 AND
2 1 16594 16598 16599 XOR
2 1 16372 84 16600 XOR
2 1 16599 84 16601 XOR
2 1 16600 16599 16602 XOR
2 1 16600 16601 16603 AND
2 1 16599 16603 16604 XOR
2 1 16375 85 16605 XOR
2 1 16604 85 16606 XOR
2 1 16605 16604 16607 XOR
2 1 16605 16606 16608 AND
2 1 16604 16608 16609 XOR
2 1 16378 86 16610 XOR
2 1 16609 86 16611 XOR
2 1 16610 16609 16612 XOR
2 1 16610 16611 16613 AND
2 1 16609 16613 16614 XOR
2 1 16381 87 16615 XOR
2 1 16614 87 16616 XOR
2 1 16615 16614 16617 XOR
2 1 16615 16616 16618 AND
2 1 16614 16618 16619 XOR
2 1 16384 88 16620 XOR
2 1 16619 88 16621 XOR
2 1 16620 16619 16622 XOR
2 1 16620 16621 16623 AND
2 1 16619 16623 16624 XOR
2 1 16387 89 16625 XOR
2 1 16624 89 16626 XOR
2 1 16625 16624 16627 XOR
2 1 16625 16626 16628 AND
2 1 16624 16628 16629 XOR
2 1 16390 90 16630 XOR
2 1 16629 90 16631 XOR
2 1 16630 16629 16632 XOR
2 1 16630 16631 16633 AND
2 1 16629 16633 16634 XOR
2 1 16393 91 16635 XOR
2 1 16634 91 16636 XOR
2 1 16635 16634 16637 XOR
2 1 16635 16636 16638 AND
2 1 16634 16638 16639 XOR
2 1 16396 92 16640 XOR
2 1 16639 92 16641 XOR
2 1 16640 16639 16642 XOR
2 1 16640 16641 16643 AND
2 1 16639 16643 16644 XOR
2 1 16399 93 16645 XOR
2 1 16644 93 16646 XOR
2 1 16645 16644 16647 XOR
2 1 16645 16646 16648 AND
2 1 16644 16648 16649 XOR
2 1 16402 94 16650 XOR
2 1 16649 94 16651 XOR
2 1 16650 16649 16652 XOR
2 1 16650 16651 16653 AND
2 1 16649 16653 16654 XOR
2 1 16405 95 16655 XOR
2 1 16654 95 16656 XOR
2 1 16655 16654 16657 XOR
2 1 16655 16656 16658 AND
2 1 16654 16658 16659 XOR
2 1 16408 96 16660 XOR
2 1 16659 96 16661 XOR
2 1 16660 16659 16662 XOR
2 1 16660 16661 16663 AND
2 1 16659 16663 16664 XOR
2 1 16411 97 16665 XOR
2 1 16664 97 16666 XOR
2 1 16665 16664 16667 XOR
2 1 16665 16666 16668 AND
2 1 16664 16668 16669 XOR
2 1 16414 98 16670 XOR
2 1 16669 98 16671 XOR
2 1 16670 16669 16672 XOR
2 1 16670 16671 16673 AND
2 1 16669 16673 16674 XOR
2 1 16417 99 16675 XOR
2 1 16674 99 16676 XOR
2 1 16675 16674 16677 XOR
2 1 16675 16676 16678 AND
2 1 16674 16678 16679 XOR
2 1 16420 100 16680 XOR
2 1 16679 100 16681 XOR
2 1 16680 16679 16682 XOR
2 1 16680 16681 16683 AND
2 1 16679 16683 16684 XOR
2 1 16423 101 16685 XOR
2 1 16684 101 16686 XOR
2 1 16685 16684 16687 XOR
2 1 16685 16686 16688 AND
2 1 16684 16688 16689 XOR
2 1 16426 102 16690 XOR
2 1 16689 102 16691 XOR
2 1 16690 16689 16692 XOR
2 1 16690 16691 16693 AND
2 1 16689 16693 16694 XOR
2 1 16429 103 16695 XOR
2 1 16694 103 16696 XOR
2 1 16695 16694 16697 XOR
2 1 16695 16696 16698 AND
2 1 16694 16698 16699 XOR
2 1 16432 104 16700 XOR
2 1 16699 104 16701 XOR
2 1 16700 16699 16702 XOR
2 1 16700 16701 16703 AND
2 1 16699 16703 16704 XOR
2 1 16435 105 16705 XOR
2 1 16704 105 16706 XOR
2 1 16705 16704 16707 XOR
2 1 16705 16706 16708 AND
2 1 16704 16708 16709 XOR
2 1 16438 106 16710 XOR
2 1 16709 106 16711 XOR
2 1 16710 16709 16712 XOR
2 1 16710 16711 16713 AND
2 1 16709 16713 16714 XOR
2 1 16441 107 16715 XOR
2 1 16714 107 16716 XOR
2 1 16715 16714 16717 XOR
2 1 16715 16716 16718 AND
2 1 16714 16718 16719 XOR
2 1 16444 108 16720 XOR
2 1 16719 108 16721 XOR
2 1 16720 16719 16722 XOR
2 1 16720 16721 16723 AND
2 1 16719 16723 16724 XOR
2 1 16447 109 16725 XOR
2 1 16724 109 16726 XOR
2 1 16725 16724 16727 XOR
2 1 16725 16726 16728 AND
2 1 16724 16728 16729 XOR
2 1 16450 110 16730 XOR
2 1 16729 110 16731 XOR
2 1 16730 16729 16732 XOR
2 1 16730 16731 16733 AND
2 1 16729 16733 16734 XOR
2 1 16453 111 16735 XOR
2 1 16734 111 16736 XOR
2 1 16735 16734 16737 XOR
2 1 16735 16736 16738 AND
2 1 16734 16738 16739 XOR
2 1 16456 112 16740 XOR
2 1 16739 112 16741 XOR
2 1 16740 16739 16742 XOR
2 1 16740 16741 16743 AND
2 1 16739 16743 16744 XOR
2 1 16459 113 16745 XOR
2 1 16744 113 16746 XOR
2 1 16745 16744 16747 XOR
2 1 16745 16746 16748 AND
2 1 16744 16748 16749 XOR
2 1 16462 114 16750 XOR
2 1 16749 114 16751 XOR
2 1 16750 16749 16752 XOR
2 1 16750 16751 16753 AND
2 1 16749 16753 16754 XOR
2 1 16465 115 16755 XOR
2 1 16754 115 16756 XOR
2 1 16755 16754 16757 XOR
2 1 16755 16756 16758 AND
2 1 16754 16758 16759 XOR
2 1 16468 116 16760 XOR
2 1 16759 116 16761 XOR
2 1 16760 16759 16762 XOR
2 1 16760 16761 16763 AND
2 1 16759 16763 16764 XOR
2 1 16471 117 16765 XOR
2 1 16764 117 16766 XOR
2 1 16765 16764 16767 XOR
2 1 16765 16766 16768 AND
2 1 16764 16768 16769 XOR
2 1 16474 118 16770 XOR
2 1 16769 118 16771 XOR
2 1 16770 16769 16772 XOR
2 1 16770 16771 16773 AND
2 1 16769 16773 16774 XOR
2 1 16477 119 16775 XOR
2 1 16774 119 16776 XOR
2 1 16775 16774 16777 XOR
2 1 16775 16776 16778 AND
2 1 16774 16778 16779 XOR
2 1 16480 120 16780 XOR
2 1 16779 120 16781 XOR
2 1 16780 16779 16782 XOR
2 1 16780 16781 16783 AND
2 1 16779 16783 16784 XOR
2 1 16483 121 16785 XOR
2 1 16784 121 16786 XOR
2 1 16785 16784 16787 XOR
2 1 16785 16786 16788 AND
2 1 16784 16788 16789 XOR
2 1 16486 122 16790 XOR
2 1 16789 122 16791 XOR
2 1 16790 16789 16792 XOR
2 1 16790 16791 16793 AND
2 1 16789 16793 16794 XOR
2 1 16489 123 16795 XOR
2 1 16794 123 16796 XOR
2 1 16795 16794 16797 XOR
2 1 16795 16796 16798 AND
2 1 16794 16798 16799 XOR
2 1 16492 124 16800 XOR
2 1 16799 124 16801 XOR
2 1 16800 16799 16802 XOR
2 1 16800 16801 16803 AND
2 1 16799 16803 16804 XOR
2 1 16495 125 16805 XOR
2 1 16804 125 16806 XOR
2 1 16805 16804 16807 XOR
2 1 16805 16806 16808 AND
2 1 16804 16808 16809 XOR
2 1 16498 126 16810 XOR
2 1 16809 126 16811 XOR
2 1 16810 16809 16812 XOR
2 1 16810 16811 16813 AND
2 1 16809 16813 16814 XOR
2 1 16501 127 16815 XOR
2 1 16814 127 16816 XOR
2 1 16815 16814 16817 XOR
2 1 16815 16816 16818 AND
2 1 16814 16818 16819 XOR
2 1 1 16503 16820 XOR
2 1 16819 16820 16821 AND
2 1 16821 16503 16822 XOR
2 1 16315 16507 16823 XOR
2 1 16819 16823 16824 AND
2 1 16824 16507 16825 XOR
2 1 16318 16512 16826 XOR
2 1 16819 16826 16827 AND
2 1 16827 16512 16828 XOR
2 1 16321 16517 16829 XOR
2 1 16819 16829 16830 AND
2 1 16830 16517 16831 XOR
2 1 16324 16522 16832 XOR
2 1 16819 16832 16833 AND
2 1 16833 16522 16834 XOR
2 1 16327 16527 16835 XOR
2 1 16819 16835 16836 AND
2 1 16836 16527 16837 XOR
2 1 16330 16532 16838 XOR
2 1 16819 16838 16839 AND
2 1 16839 16532 16840 XOR
2 1 16333 16537 16841 XOR
2 1 16819 16841 16842 AND
2 1 16842 16537 16843 XOR
2 1 16336 16542 16844 XOR
2 1 16819 16844 16845 AND
2 1 16845 16542 16846 XOR
2 1 16339 16547 16847 XOR
2 1 16819 16847 16848 AND
2 1 16848 16547 16849 XOR
2 1 16342 16552 16850 XOR
2 1 16819 16850 16851 AND
2 1 16851 16552 16852 XOR
2 1 16345 16557 16853 XOR
2 1 16819 16853 16854 AND
2 1 16854 16557 16855 XOR
2 1 16348 16562 16856 XOR
2 1 16819 16856 16857 AND
2 1 16857 16562 16858 XOR
2 1 16351 16567 16859 XOR
2 1 16819 16859 16860 AND
2 1 16860 16567 16861 XOR
2 1 16354 16572 16862 XOR
2 1 16819 16862 16863 AND
2 1 16863 16572 16864 XOR
2 1 16357 16577 16865 XOR
2 1 16819 16865 16866 AND
2 1 16866 16577 16867 XOR
2 1 16360 16582 16868 XOR
2 1 16819 16868 16869 AND
2 1 16869 16582 16870 XOR
2 1 16363 16587 16871 XOR
2 1 16819 16871 16872 AND
2 1 16872 16587 16873 XOR
2 1 16366 16592 16874 XOR
2 1 16819 16874 16875 AND
2 1 16875 16592 16876 XOR
2 1 16369 16597 16877 XOR
2 1 16819 16877 16878 AND
2 1 16878 16597 16879 XOR
2 1 16372 16602 16880 XOR
2 1 16819 16880 16881 AND
2 1 16881 16602 16882 XOR
2 1 16375 16607 16883 XOR
2 1 16819 16883 16884 AND
2 1 16884 16607 16885 XOR
2 1 16378 16612 16886 XOR
2 1 16819 16886 16887 AND
2 1 16887 16612 16888 XOR
2 1 16381 16617 16889 XOR
2 1 16819 16889 16890 AND
2 1 16890 16617 16891 XOR
2 1 16384 16622 16892 XOR
2 1 16819 16892 16893 AND
2 1 16893 16622 16894 XOR
2 1 16387 16627 16895 XOR
2 1 16819 16895 16896 AND
2 1 16896 16627 16897 XOR
2 1 16390 16632 16898 XOR
2 1 16819 16898 16899 AND
2 1 16899 16632 16900 XOR
2 1 16393 16637 16901 XOR
2 1 16819 16901 16902 AND
2 1 16902 16637 16903 XOR
2 1 16396 16642 16904 XOR
2 1 16819 16904 16905 AND
2 1 16905 16642 16906 XOR
2 1 16399 16647 16907 XOR
2 1 16819 16907 16908 AND
2 1 16908 16647 16909 XOR
2 1 16402 16652 16910 XOR
2 1 16819 16910 16911 AND
2 1 16911 16652 16912 XOR
2 1 16405 16657 16913 XOR
2 1 16819 16913 16914 AND
2 1 16914 16657 16915 XOR
2 1 16408 16662 16916 XOR
2 1 16819 16916 16917 AND
2 1 16917 16662 16918 XOR
2 1 16411 16667 16919 XOR
2 1 16819 16919 16920 AND
2 1 16920 16667 16921 XOR
2 1 16414 16672 16922 XOR
2 1 16819 16922 16923 AND
2 1 16923 16672 16924 XOR
2 1 16417 16677 16925 XOR
2 1 16819 16925 16926 AND
2 1 16926 16677 16927 XOR
2 1 16420 16682 16928 XOR
2 1 16819 16928 16929 AND
2 1 16929 16682 16930 XOR
2 1 16423 16687 16931 XOR
2 1 16819 16931 16932 AND
2 1 16932 16687 16933 XOR
2 1 16426 16692 16934 XOR
2 1 16819 16934 16935 AND
2 1 16935 16692 16936 XOR
2 1 16429 16697 16937 XOR
2 1 16819 16937 16938 AND
2 1 16938 16697 16939 XOR
2 1 16432 16702 16940 XOR
2 1 16819 16940 16941 AND
2 1 16941 16702 16942 XOR
2 1 16435 16707 16943 XOR
2 1 16819 16943 16944 AND
2 1 16944 16707 16945 XOR
2 1 16438 16712 16946 XOR
2 1 16819 16946 16947 AND
2 1 16947 16712 16948 XOR
2 1 16441 16717 16949 XOR
2 1 16819 16949 16950 AND
2 1 16950 16717 16951 XOR
2 1 16444 16722 16952 XOR
2 1 16819 16952 16953 AND
2 1 16953 16722 16954 XOR
2 1 16447 16727 16955 XOR
2 1 16819 16955 16956 AND
2 1 16956 16727 16957 XOR
2 1 16450 16732 16958 XOR
2 1 16819 16958 16959 AND
2 1 16959 16732 16960 XOR
2 1 16453 16737 16961 XOR
2 1 16819 16961 16962 AND
2 1 16962 16737 16963 XOR
2 1 16456 16742 16964 XOR
2 1 16819 16964 16965 AND
2 1 16965 16742 16966 XOR
2 1 16459 16747 16967 XOR
2 1 16819 16967 16968 AND
2 1 16968 16747 16969 XOR
2 1 16462 16752 16970 XOR
2 1 16819 16970 16971 AND
2 1 16971 16752 16972 XOR
2 1 16465 16757 16973 XOR
2 1 16819 16973 16974 AND
2 1 16974 16757 16975 XOR
2 1 16468 16762 16976 XOR
2 1 16819 16976 16977 AND
2 1 16977 16762 16978 XOR
2 1 16471 16767 16979 XOR
2 1 16819 16979 16980 AND
2 1 16980 16767 16981 XOR
2 1 16474 16772 16982 XOR
2 1 16819 16982 16983 AND
2 1 16983 16772 16984 XOR
2 1 16477 16777 16985 XOR
2 1 16819 16985 16986 AND
2 1 16986 16777 16987 XOR
2 1 16480 16782 16988 XOR
2 1 16819 16988 16989 AND
2 1 16989 16782 16990 XOR
2 1 16483 16787 16991 XOR
2 1 16819 16991 16992 AND
2 1 16992 16787 16993 XOR
2 1 16486 16792 16994 XOR
2 1 16819 16994 16995 AND
2 1 16995 16792 16996 XOR
2 1 16489 16797 16997 XOR
2 1 16819 16997 16998 AND
2 1 16998 16797 16999 XOR
2 1 16492 16802 17000 XOR
2 1 16819 17000 17001 AND
2 1 17001 16802 17002 XOR
2 1 16495 16807 17003 XOR
2 1 16819 17003 17004 AND
2 1 17004 16807 17005 XOR
2 1 16498 16812 17006 XOR
2 1 16819 17006 17007 AND
2 1 17007 16812 17008 XOR
2 1 16501 16817 17009 XOR
2 1 16819 17009 17010 AND
2 1 17010 16817 17011 XOR
1 1 16819 17012 INV
2 1 0 64 17013 XOR
2 1 17013 64 17014 AND
2 1 16822 65 17015 XOR
2 1 17014 65 17016 XOR
2 1 17015 17014 17017 XOR
2 1 17015 17016 17018 AND
2 1 17014 17018 17019 XOR
2 1 16825 66 17020 XOR
2 1 17019 66 17021 XOR
2 1 17020 17019 17022 XOR
2 1 17020 17021 17023 AND
2 1 17019 17023 17024 XOR
2 1 16828 67 17025 XOR
2 1 17024 67 17026 XOR
2 1 17025 17024 17027 XOR
2 1 17025 17026 17028 AND
2 1 17024 17028 17029 XOR
2 1 16831 68 17030 XOR
2 1 17029 68 17031 XOR
2 1 17030 17029 17032 XOR
2 1 17030 17031 17033 AND
2 1 17029 17033 17034 XOR
2 1 16834 69 17035 XOR
2 1 17034 69 17036 XOR
2 1 17035 17034 17037 XOR
2 1 17035 17036 17038 AND
2 1 17034 17038 17039 XOR
2 1 16837 70 17040 XOR
2 1 17039 70 17041 XOR
2 1 17040 17039 17042 XOR
2 1 17040 17041 17043 AND
2 1 17039 17043 17044 XOR
2 1 16840 71 17045 XOR
2 1 17044 71 17046 XOR
2 1 17045 17044 17047 XOR
2 1 17045 17046 17048 AND
2 1 17044 17048 17049 XOR
2 1 16843 72 17050 XOR
2 1 17049 72 17051 XOR
2 1 17050 17049 17052 XOR
2 1 17050 17051 17053 AND
2 1 17049 17053 17054 XOR
2 1 16846 73 17055 XOR
2 1 17054 73 17056 XOR
2 1 17055 17054 17057 XOR
2 1 17055 17056 17058 AND
2 1 17054 17058 17059 XOR
2 1 16849 74 17060 XOR
2 1 17059 74 17061 XOR
2 1 17060 17059 17062 XOR
2 1 17060 17061 17063 AND
2 1 17059 17063 17064 XOR
2 1 16852 75 17065 XOR
2 1 17064 75 17066 XOR
2 1 17065 17064 17067 XOR
2 1 17065 17066 17068 AND
2 1 17064 17068 17069 XOR
2 1 16855 76 17070 XOR
2 1 17069 76 17071 XOR
2 1 17070 17069 17072 XOR
2 1 17070 17071 17073 AND
2 1 17069 17073 17074 XOR
2 1 16858 77 17075 XOR
2 1 17074 77 17076 XOR
2 1 17075 17074 17077 XOR
2 1 17075 17076 17078 AND
2 1 17074 17078 17079 XOR
2 1 16861 78 17080 XOR
2 1 17079 78 17081 XOR
2 1 17080 17079 17082 XOR
2 1 17080 17081 17083 AND
2 1 17079 17083 17084 XOR
2 1 16864 79 17085 XOR
2 1 17084 79 17086 XOR
2 1 17085 17084 17087 XOR
2 1 17085 17086 17088 AND
2 1 17084 17088 17089 XOR
2 1 16867 80 17090 XOR
2 1 17089 80 17091 XOR
2 1 17090 17089 17092 XOR
2 1 17090 17091 17093 AND
2 1 17089 17093 17094 XOR
2 1 16870 81 17095 XOR
2 1 17094 81 17096 XOR
2 1 17095 17094 17097 XOR
2 1 17095 17096 17098 AND
2 1 17094 17098 17099 XOR
2 1 16873 82 17100 XOR
2 1 17099 82 17101 XOR
2 1 17100 17099 17102 XOR
2 1 17100 17101 17103 AND
2 1 17099 17103 17104 XOR
2 1 16876 83 17105 XOR
2 1 17104 83 17106 XOR
2 1 17105 17104 17107 XOR
2 1 17105 17106 17108 AND
2 1 17104 17108 17109 XOR
2 1 16879 84 17110 XOR
2 1 17109 84 17111 XOR
2 1 17110 17109 17112 XOR
2 1 17110 17111 17113 AND
2 1 17109 17113 17114 XOR
2 1 16882 85 17115 XOR
2 1 17114 85 17116 XOR
2 1 17115 17114 17117 XOR
2 1 17115 17116 17118 AND
2 1 17114 17118 17119 XOR
2 1 16885 86 17120 XOR
2 1 17119 86 17121 XOR
2 1 17120 17119 17122 XOR
2 1 17120 17121 17123 AND
2 1 17119 17123 17124 XOR
2 1 16888 87 17125 XOR
2 1 17124 87 17126 XOR
2 1 17125 17124 17127 XOR
2 1 17125 17126 17128 AND
2 1 17124 17128 17129 XOR
2 1 16891 88 17130 XOR
2 1 17129 88 17131 XOR
2 1 17130 17129 17132 XOR
2 1 17130 17131 17133 AND
2 1 17129 17133 17134 XOR
2 1 16894 89 17135 XOR
2 1 17134 89 17136 XOR
2 1 17135 17134 17137 XOR
2 1 17135 17136 17138 AND
2 1 17134 17138 17139 XOR
2 1 16897 90 17140 XOR
2 1 17139 90 17141 XOR
2 1 17140 17139 17142 XOR
2 1 17140 17141 17143 AND
2 1 17139 17143 17144 XOR
2 1 16900 91 17145 XOR
2 1 17144 91 17146 XOR
2 1 17145 17144 17147 XOR
2 1 17145 17146 17148 AND
2 1 17144 17148 17149 XOR
2 1 16903 92 17150 XOR
2 1 17149 92 17151 XOR
2 1 17150 17149 17152 XOR
2 1 17150 17151 17153 AND
2 1 17149 17153 17154 XOR
2 1 16906 93 17155 XOR
2 1 17154 93 17156 XOR
2 1 17155 17154 17157 XOR
2 1 17155 17156 17158 AND
2 1 17154 17158 17159 XOR
2 1 16909 94 17160 XOR
2 1 17159 94 17161 XOR
2 1 17160 17159 17162 XOR
2 1 17160 17161 17163 AND
2 1 17159 17163 17164 XOR
2 1 16912 95 17165 XOR
2 1 17164 95 17166 XOR
2 1 17165 17164 17167 XOR
2 1 17165 17166 17168 AND
2 1 17164 17168 17169 XOR
2 1 16915 96 17170 XOR
2 1 17169 96 17171 XOR
2 1 17170 17169 17172 XOR
2 1 17170 17171 17173 AND
2 1 17169 17173 17174 XOR
2 1 16918 97 17175 XOR
2 1 17174 97 17176 XOR
2 1 17175 17174 17177 XOR
2 1 17175 17176 17178 AND
2 1 17174 17178 17179 XOR
2 1 16921 98 17180 XOR
2 1 17179 98 17181 XOR
2 1 17180 17179 17182 XOR
2 1 17180 17181 17183 AND
2 1 17179 17183 17184 XOR
2 1 16924 99 17185 XOR
2 1 17184 99 17186 XOR
2 1 17185 17184 17187 XOR
2 1 17185 17186 17188 AND
2 1 17184 17188 17189 XOR
2 1 16927 100 17190 XOR
2 1 17189 100 17191 XOR
2 1 17190 17189 17192 XOR
2 1 17190 17191 17193 AND
2 1 17189 17193 17194 XOR
2 1 16930 101 17195 XOR
2 1 17194 101 17196 XOR
2 1 17195 17194 17197 XOR
2 1 17195 17196 17198 AND
2 1 17194 17198 17199 XOR
2 1 16933 102 17200 XOR
2 1 17199 102 17201 XOR
2 1 17200 17199 17202 XOR
2 1 17200 17201 17203 AND
2 1 17199 17203 17204 XOR
2 1 16936 103 17205 XOR
2 1 17204 103 17206 XOR
2 1 17205 17204 17207 XOR
2 1 17205 17206 17208 AND
2 1 17204 17208 17209 XOR
2 1 16939 104 17210 XOR
2 1 17209 104 17211 XOR
2 1 17210 17209 17212 XOR
2 1 17210 17211 17213 AND
2 1 17209 17213 17214 XOR
2 1 16942 105 17215 XOR
2 1 17214 105 17216 XOR
2 1 17215 17214 17217 XOR
2 1 17215 17216 17218 AND
2 1 17214 17218 17219 XOR
2 1 16945 106 17220 XOR
2 1 17219 106 17221 XOR
2 1 17220 17219 17222 XOR
2 1 17220 17221 17223 AND
2 1 17219 17223 17224 XOR
2 1 16948 107 17225 XOR
2 1 17224 107 17226 XOR
2 1 17225 17224 17227 XOR
2 1 17225 17226 17228 AND
2 1 17224 17228 17229 XOR
2 1 16951 108 17230 XOR
2 1 17229 108 17231 XOR
2 1 17230 17229 17232 XOR
2 1 17230 17231 17233 AND
2 1 17229 17233 17234 XOR
2 1 16954 109 17235 XOR
2 1 17234 109 17236 XOR
2 1 17235 17234 17237 XOR
2 1 17235 17236 17238 AND
2 1 17234 17238 17239 XOR
2 1 16957 110 17240 XOR
2 1 17239 110 17241 XOR
2 1 17240 17239 17242 XOR
2 1 17240 17241 17243 AND
2 1 17239 17243 17244 XOR
2 1 16960 111 17245 XOR
2 1 17244 111 17246 XOR
2 1 17245 17244 17247 XOR
2 1 17245 17246 17248 AND
2 1 17244 17248 17249 XOR
2 1 16963 112 17250 XOR
2 1 17249 112 17251 XOR
2 1 17250 17249 17252 XOR
2 1 17250 17251 17253 AND
2 1 17249 17253 17254 XOR
2 1 16966 113 17255 XOR
2 1 17254 113 17256 XOR
2 1 17255 17254 17257 XOR
2 1 17255 17256 17258 AND
2 1 17254 17258 17259 XOR
2 1 16969 114 17260 XOR
2 1 17259 114 17261 XOR
2 1 17260 17259 17262 XOR
2 1 17260 17261 17263 AND
2 1 17259 17263 17264 XOR
2 1 16972 115 17265 XOR
2 1 17264 115 17266 XOR
2 1 17265 17264 17267 XOR
2 1 17265 17266 17268 AND
2 1 17264 17268 17269 XOR
2 1 16975 116 17270 XOR
2 1 17269 116 17271 XOR
2 1 17270 17269 17272 XOR
2 1 17270 17271 17273 AND
2 1 17269 17273 17274 XOR
2 1 16978 117 17275 XOR
2 1 17274 117 17276 XOR
2 1 17275 17274 17277 XOR
2 1 17275 17276 17278 AND
2 1 17274 17278 17279 XOR
2 1 16981 118 17280 XOR
2 1 17279 118 17281 XOR
2 1 17280 17279 17282 XOR
2 1 17280 17281 17283 AND
2 1 17279 17283 17284 XOR
2 1 16984 119 17285 XOR
2 1 17284 119 17286 XOR
2 1 17285 17284 17287 XOR
2 1 17285 17286 17288 AND
2 1 17284 17288 17289 XOR
2 1 16987 120 17290 XOR
2 1 17289 120 17291 XOR
2 1 17290 17289 17292 XOR
2 1 17290 17291 17293 AND
2 1 17289 17293 17294 XOR
2 1 16990 121 17295 XOR
2 1 17294 121 17296 XOR
2 1 17295 17294 17297 XOR
2 1 17295 17296 17298 AND
2 1 17294 17298 17299 XOR
2 1 16993 122 17300 XOR
2 1 17299 122 17301 XOR
2 1 17300 17299 17302 XOR
2 1 17300 17301 17303 AND
2 1 17299 17303 17304 XOR
2 1 16996 123 17305 XOR
2 1 17304 123 17306 XOR
2 1 17305 17304 17307 XOR
2 1 17305 17306 17308 AND
2 1 17304 17308 17309 XOR
2 1 16999 124 17310 XOR
2 1 17309 124 17311 XOR
2 1 17310 17309 17312 XOR
2 1 17310 17311 17313 AND
2 1 17309 17313 17314 XOR
2 1 17002 125 17315 XOR
2 1 17314 125 17316 XOR
2 1 17315 17314 17317 XOR
2 1 17315 17316 17318 AND
2 1 17314 17318 17319 XOR
2 1 17005 126 17320 XOR
2 1 17319 126 17321 XOR
2 1 17320 17319 17322 XOR
2 1 17320 17321 17323 AND
2 1 17319 17323 17324 XOR
2 1 17008 127 17325 XOR
2 1 17324 127 17326 XOR
2 1 17325 17324 17327 XOR
2 1 17325 17326 17328 AND
2 1 17324 17328 17329 XOR
2 1 17011 17329 17330 XOR
2 1 17011 17329 17331 AND
2 1 17329 17331 17332 XOR
2 1 0 17013 17333 XOR
2 1 17332 17333 17334 AND
2 1 17334 17013 17335 XOR
2 1 16822 17017 17336 XOR
2 1 17332 17336 17337 AND
2 1 17337 17017 17338 XOR
2 1 16825 17022 17339 XOR
2 1 17332 17339 17340 AND
2 1 17340 17022 17341 XOR
2 1 16828 17027 17342 XOR
2 1 17332 17342 17343 AND
2 1 17343 17027 17344 XOR
2 1 16831 17032 17345 XOR
2 1 17332 17345 17346 AND
2 1 17346 17032 17347 XOR
2 1 16834 17037 17348 XOR
2 1 17332 17348 17349 AND
2 1 17349 17037 17350 XOR
2 1 16837 17042 17351 XOR
2 1 17332 17351 17352 AND
2 1 17352 17042 17353 XOR
2 1 16840 17047 17354 XOR
2 1 17332 17354 17355 AND
2 1 17355 17047 17356 XOR
2 1 16843 17052 17357 XOR
2 1 17332 17357 17358 AND
2 1 17358 17052 17359 XOR
2 1 16846 17057 17360 XOR
2 1 17332 17360 17361 AND
2 1 17361 17057 17362 XOR
2 1 16849 17062 17363 XOR
2 1 17332 17363 17364 AND
2 1 17364 17062 17365 XOR
2 1 16852 17067 17366 XOR
2 1 17332 17366 17367 AND
2 1 17367 17067 17368 XOR
2 1 16855 17072 17369 XOR
2 1 17332 17369 17370 AND
2 1 17370 17072 17371 XOR
2 1 16858 17077 17372 XOR
2 1 17332 17372 17373 AND
2 1 17373 17077 17374 XOR
2 1 16861 17082 17375 XOR
2 1 17332 17375 17376 AND
2 1 17376 17082 17377 XOR
2 1 16864 17087 17378 XOR
2 1 17332 17378 17379 AND
2 1 17379 17087 17380 XOR
2 1 16867 17092 17381 XOR
2 1 17332 17381 17382 AND
2 1 17382 17092 17383 XOR
2 1 16870 17097 17384 XOR
2 1 17332 17384 17385 AND
2 1 17385 17097 17386 XOR
2 1 16873 17102 17387 XOR
2 1 17332 17387 17388 AND
2 1 17388 17102 17389 XOR
2 1 16876 17107 17390 XOR
2 1 17332 17390 17391 AND
2 1 17391 17107 17392 XOR
2 1 16879 17112 17393 XOR
2 1 17332 17393 17394 AND
2 1 17394 17112 17395 XOR
2 1 16882 17117 17396 XOR
2 1 17332 17396 17397 AND
2 1 17397 17117 17398 XOR
2 1 16885 17122 17399 XOR
2 1 17332 17399 17400 AND
2 1 17400 17122 17401 XOR
2 1 16888 17127 17402 XOR
2 1 17332 17402 17403 AND
2 1 17403 17127 17404 XOR
2 1 16891 17132 17405 XOR
2 1 17332 17405 17406 AND
2 1 17406 17132 17407 XOR
2 1 16894 17137 17408 XOR
2 1 17332 17408 17409 AND
2 1 17409 17137 17410 XOR
2 1 16897 17142 17411 XOR
2 1 17332 17411 17412 AND
2 1 17412 17142 17413 XOR
2 1 16900 17147 17414 XOR
2 1 17332 17414 17415 AND
2 1 17415 17147 17416 XOR
2 1 16903 17152 17417 XOR
2 1 17332 17417 17418 AND
2 1 17418 17152 17419 XOR
2 1 16906 17157 17420 XOR
2 1 17332 17420 17421 AND
2 1 17421 17157 17422 XOR
2 1 16909 17162 17423 XOR
2 1 17332 17423 17424 AND
2 1 17424 17162 17425 XOR
2 1 16912 17167 17426 XOR
2 1 17332 17426 17427 AND
2 1 17427 17167 17428 XOR
2 1 16915 17172 17429 XOR
2 1 17332 17429 17430 AND
2 1 17430 17172 17431 XOR
2 1 16918 17177 17432 XOR
2 1 17332 17432 17433 AND
2 1 17433 17177 17434 XOR
2 1 16921 17182 17435 XOR
2 1 17332 17435 17436 AND
2 1 17436 17182 17437 XOR
2 1 16924 17187 17438 XOR
2 1 17332 17438 17439 AND
2 1 17439 17187 17440 XOR
2 1 16927 17192 17441 XOR
2 1 17332 17441 17442 AND
2 1 17442 17192 17443 XOR
2 1 16930 17197 17444 XOR
2 1 17332 17444 17445 AND
2 1 17445 17197 17446 XOR
2 1 16933 17202 17447 XOR
2 1 17332 17447 17448 AND
2 1 17448 17202 17449 XOR
2 1 16936 17207 17450 XOR
2 1 17332 17450 17451 AND
2 1 17451 17207 17452 XOR
2 1 16939 17212 17453 XOR
2 1 17332 17453 17454 AND
2 1 17454 17212 17455 XOR
2 1 16942 17217 17456 XOR
2 1 17332 17456 17457 AND
2 1 17457 17217 17458 XOR
2 1 16945 17222 17459 XOR
2 1 17332 17459 17460 AND
2 1 17460 17222 17461 XOR
2 1 16948 17227 17462 XOR
2 1 17332 17462 17463 AND
2 1 17463 17227 17464 XOR
2 1 16951 17232 17465 XOR
2 1 17332 17465 17466 AND
2 1 17466 17232 17467 XOR
2 1 16954 17237 17468 XOR
2 1 17332 17468 17469 AND
2 1 17469 17237 17470 XOR
2 1 16957 17242 17471 XOR
2 1 17332 17471 17472 AND
2 1 17472 17242 17473 XOR
2 1 16960 17247 17474 XOR
2 1 17332 17474 17475 AND
2 1 17475 17247 17476 XOR
2 1 16963 17252 17477 XOR
2 1 17332 17477 17478 AND
2 1 17478 17252 17479 XOR
2 1 16966 17257 17480 XOR
2 1 17332 17480 17481 AND
2 1 17481 17257 17482 XOR
2 1 16969 17262 17483 XOR
2 1 17332 17483 17484 AND
2 1 17484 17262 17485 XOR
2 1 16972 17267 17486 XOR
2 1 17332 17486 17487 AND
2 1 17487 17267 17488 XOR
2 1 16975 17272 17489 XOR
2 1 17332 17489 17490 AND
2 1 17490 17272 17491 XOR
2 1 16978 17277 17492 XOR
2 1 17332 17492 17493 AND
2 1 17493 17277 17494 XOR
2 1 16981 17282 17495 XOR
2 1 17332 17495 17496 AND
2 1 17496 17282 17497 XOR
2 1 16984 17287 17498 XOR
2 1 17332 17498 17499 AND
2 1 17499 17287 17500 XOR
2 1 16987 17292 17501 XOR
2 1 17332 17501 17502 AND
2 1 17502 17292 17503 XOR
2 1 16990 17297 17504 XOR
2 1 17332 17504 17505 AND
2 1 17505 17297 17506 XOR
2 1 16993 17302 17507 XOR
2 1 17332 17507 17508 AND
2 1 17508 17302 17509 XOR
2 1 16996 17307 17510 XOR
2 1 17332 17510 17511 AND
2 1 17511 17307 17512 XOR
2 1 16999 17312 17513 XOR
2 1 17332 17513 17514 AND
2 1 17514 17312 17515 XOR
2 1 17002 17317 17516 XOR
2 1 17332 17516 17517 AND
2 1 17517 17317 17518 XOR
2 1 17005 17322 17519 XOR
2 1 17332 17519 17520 AND
2 1 17520 17322 17521 XOR
2 1 17008 17327 17522 XOR
2 1 17332 17522 17523 AND
2 1 17523 17327 17524 XOR
2 1 17011 17330 17525 XOR
2 1 17332 17525 17526 AND
2 1 17526 17330 17527 XOR
1 1 17332 17528 INV
2 1 0 0 17529 XOR
2 1 17529 17335 17530 XOR
2 1 17529 17338 17531 XOR
2 1 17529 17341 17532 XOR
2 1 17529 17344 17533 XOR
2 1 17529 17347 17534 XOR
2 1 17529 17350 17535 XOR
2 1 17529 17353 17536 XOR
2 1 17529 17356 17537 XOR
2 1 17529 17359 17538 XOR
2 1 17529 17362 17539 XOR
2 1 17529 17365 17540 XOR
2 1 17529 17368 17541 XOR
2 1 17529 17371 17542 XOR
2 1 17529 17374 17543 XOR
2 1 17529 17377 17544 XOR
2 1 17529 17380 17545 XOR
2 1 17529 17383 17546 XOR
2 1 17529 17386 17547 XOR
2 1 17529 17389 17548 XOR
2 1 17529 17392 17549 XOR
2 1 17529 17395 17550 XOR
2 1 17529 17398 17551 XOR
2 1 17529 17401 17552 XOR
2 1 17529 17404 17553 XOR
2 1 17529 17407 17554 XOR
2 1 17529 17410 17555 XOR
2 1 17529 17413 17556 XOR
2 1 17529 17416 17557 XOR
2 1 17529 17419 17558 XOR
2 1 17529 17422 17559 XOR
2 1 17529 17425 17560 XOR
2 1 17529 17428 17561 XOR
2 1 17529 17431 17562 XOR
2 1 17529 17434 17563 XOR
2 1 17529 17437 17564 XOR
2 1 17529 17440 17565 XOR
2 1 17529 17443 17566 XOR
2 1 17529 17446 17567 XOR
2 1 17529 17449 17568 XOR
2 1 17529 17452 17569 XOR
2 1 17529 17455 17570 XOR
2 1 17529 17458 17571 XOR
2 1 17529 17461 17572 XOR
2 1 17529 17464 17573 XOR
2 1 17529 17467 17574 XOR
2 1 17529 17470 17575 XOR
2 1 17529 17473 17576 XOR
2 1 17529 17476 17577 XOR
2 1 17529 17479 17578 XOR
2 1 17529 17482 17579 XOR
2 1 17529 17485 17580 XOR
2 1 17529 17488 17581 XOR
2 1 17529 17491 17582 XOR
2 1 17529 17494 17583 XOR
2 1 17529 17497 17584 XOR
2 1 17529 17500 17585 XOR
2 1 17529 17503 17586 XOR
2 1 17529 17506 17587 XOR
2 1 17529 17509 17588 XOR
2 1 17529 17512 17589 XOR
2 1 17529 17515 17590 XOR
2 1 17529 17518 17591 XOR
2 1 17529 17521 17592 XOR
2 1 17529 17524 17593 XOR
